condition,outer_fold,group_id,subject_id,target,selected_mean,random_mean,enrichment,status,n_blocks,scalar_count,n_repeats,n_targets,target_set,is_synthetic,synthetic_notice,protocol_id
non_speaking,0,MOCK_G01,MOCK_S01,jaw,-0.00015895445438008897,-7.15794678745601e-05,-8.737498650552887e-05,evaluable,3.0,20.0,1000.0,,,True,MOCK DATA / NOT A SCIENTIFIC RESULT,displacement-report-draft-v1
non_speaking,0,MOCK_G01,MOCK_S01,left_brow,4.1612675602966665e-05,0.00025359668296193806,-0.0002119840073589714,evaluable,3.0,20.0,1000.0,,,True,MOCK DATA / NOT A SCIENTIFIC RESULT,displacement-report-draft-v1
non_speaking,0,MOCK_G01,MOCK_S01,left_cheek,-0.00021207154303093333,-0.00013359389999926998,-7.847764303166335e-05,evaluable,3.0,14.0,1000.0,,,True,MOCK DATA / NOT A SCIENTIFIC RESULT,displacement-report-draft-v1
non_speaking,0,MOCK_G01,MOCK_S01,left_eyelid,-0.0008585979278566332,-0.0004917807903365254,-0.0003668171375201078,evaluable,3.0,20.0,1000.0,,,True,MOCK DATA / NOT A SCIENTIFIC RESULT,displacement-report-draft-v1
non_speaking,0,MOCK_G01,MOCK_S01,mouth,-5.655801138723334e-05,-0.00014313876452653858,8.658075313930523e-05,evaluable,3.0,18.0,1000.0,,,True,MOCK DATA / NOT A SCIENTIFIC RESULT,displacement-report-draft-v1
non_speaking,0,MOCK_G01,MOCK_S01,right_brow,-0.00015820174680114115,-0.00048128610062720767,0.0003230843538260665,evaluable,3.0,20.0,1000.0,,,True,MOCK DATA / NOT A SCIENTIFIC RESULT,displacement-report-draft-v1
non_speaking,0,MOCK_G01,MOCK_S01,right_cheek,-0.0007584570887419333,-0.0006066941351105036,-0.00015176295363142974,evaluable,3.0,38.0,1000.0,,,True,MOCK DATA / NOT A SCIENTIFIC RESULT,displacement-report-draft-v1
non_speaking,0,MOCK_G01,MOCK_S01,right_eyelid,0.00022923559482533737,0.00010685093298608102,0.00012238466183925635,evaluable,3.0,24.0,1000.0,,,True,MOCK DATA / NOT A SCIENTIFIC RESULT,displacement-report-draft-v1
non_speaking,0,MOCK_G01,MOCK_S02,jaw,-7.702296111899088e-05,-0.00010319920947702649,2.617624835803561e-05,evaluable,3.0,20.0,1000.0,,,True,MOCK DATA / NOT A SCIENTIFIC RESULT,displacement-report-draft-v1
non_speaking,0,MOCK_G01,MOCK_S02,left_brow,9.278291885239994e-05,0.00026564154535734186,-0.0001728586265049419,evaluable,3.0,20.0,1000.0,,,True,MOCK DATA / NOT A SCIENTIFIC RESULT,displacement-report-draft-v1
non_speaking,0,MOCK_G01,MOCK_S02,left_cheek,-0.0003867578508516712,-0.00024786000122928726,-0.00013889784962238392,evaluable,3.0,14.0,1000.0,,,True,MOCK DATA / NOT A SCIENTIFIC RESULT,displacement-report-draft-v1
non_speaking,0,MOCK_G01,MOCK_S02,left_eyelid,-0.0007669950713880667,-0.0003888040304138662,-0.0003781910409742005,evaluable,3.0,20.0,1000.0,,,True,MOCK DATA / NOT A SCIENTIFIC RESULT,displacement-report-draft-v1
non_speaking,0,MOCK_G01,MOCK_S02,mouth,9.556625319396667e-05,5.611193555495337e-06,8.995505963847134e-05,evaluable,3.0,18.0,1000.0,,,True,MOCK DATA / NOT A SCIENTIFIC RESULT,displacement-report-draft-v1
non_speaking,0,MOCK_G01,MOCK_S02,right_brow,-0.0003260256761272,-0.0005295090165714797,0.00020348334044427972,evaluable,3.0,20.0,1000.0,,,True,MOCK DATA / NOT A SCIENTIFIC RESULT,displacement-report-draft-v1
non_speaking,0,MOCK_G01,MOCK_S02,right_cheek,-0.000710522150852,-0.0005373973649953756,-0.00017312478585662444,evaluable,3.0,38.0,1000.0,,,True,MOCK DATA / NOT A SCIENTIFIC RESULT,displacement-report-draft-v1
non_speaking,0,MOCK_G01,MOCK_S02,right_eyelid,0.00030503467467862854,6.624965230219653e-05,0.00023878502237643202,evaluable,3.0,24.0,1000.0,,,True,MOCK DATA / NOT A SCIENTIFIC RESULT,displacement-report-draft-v1
non_speaking,0,MOCK_G02,MOCK_S03,jaw,-5.183303815925092e-05,-0.00016337162269325253,0.00011153858453400161,evaluable,3.0,20.0,1000.0,,,True,MOCK DATA / NOT A SCIENTIFIC RESULT,displacement-report-draft-v1
non_speaking,0,MOCK_G02,MOCK_S03,left_brow,8.616681009830001e-05,0.00023384686151394074,-0.00014768005141564073,evaluable,3.0,20.0,1000.0,,,True,MOCK DATA / NOT A SCIENTIFIC RESULT,displacement-report-draft-v1
non_speaking,0,MOCK_G02,MOCK_S03,left_cheek,-0.0005610839987836334,-0.0003461092043443693,-0.00021497479443926404,evaluable,3.0,14.0,1000.0,,,True,MOCK DATA / NOT A SCIENTIFIC RESULT,displacement-report-draft-v1
non_speaking,0,MOCK_G02,MOCK_S03,left_eyelid,-0.0006289265527195,-0.0002623640314504069,-0.00036656252126909307,evaluable,3.0,20.0,1000.0,,,True,MOCK DATA / NOT A SCIENTIFIC RESULT,displacement-report-draft-v1
non_speaking,0,MOCK_G02,MOCK_S03,mouth,0.00020028341312733336,0.00012040328081572773,7.988013231160563e-05,evaluable,3.0,18.0,1000.0,,,True,MOCK DATA / NOT A SCIENTIFIC RESULT,displacement-report-draft-v1
non_speaking,0,MOCK_G02,MOCK_S03,right_brow,-0.00047109467127763333,-0.000546484832174523,7.539016089688972e-05,evaluable,3.0,20.0,1000.0,,,True,MOCK DATA / NOT A SCIENTIFIC RESULT,displacement-report-draft-v1
non_speaking,0,MOCK_G02,MOCK_S03,right_cheek,-0.000593210271141,-0.0004221625662791598,-0.0001710477048618402,evaluable,3.0,38.0,1000.0,,,True,MOCK DATA / NOT A SCIENTIFIC RESULT,displacement-report-draft-v1
non_speaking,0,MOCK_G02,MOCK_S03,right_eyelid,0.0003270697345097,-1.2604913344677285e-05,0.0003396746478543773,evaluable,3.0,24.0,1000.0,,,True,MOCK DATA / NOT A SCIENTIFIC RESULT,displacement-report-draft-v1
non_speaking,0,MOCK_G02,MOCK_S04,jaw,-8.643907888616213e-05,-0.00024480052717378557,0.00015836144828762342,evaluable,3.0,20.0,1000.0,,,True,MOCK DATA / NOT A SCIENTIFIC RESULT,displacement-report-draft-v1
non_speaking,0,MOCK_G02,MOCK_S04,left_brow,2.2566582791066684e-05,0.00016206788228633967,-0.00013950129949527297,evaluable,3.0,20.0,1000.0,,,True,MOCK DATA / NOT A SCIENTIFIC RESULT,displacement-report-draft-v1
non_speaking,0,MOCK_G02,MOCK_S04,left_cheek,-0.0007139121439689,-0.0004164283440449964,-0.00029748379992390356,evaluable,3.0,14.0,1000.0,,,True,MOCK DATA / NOT A SCIENTIFIC RESULT,displacement-report-draft-v1
non_speaking,0,MOCK_G02,MOCK_S04,left_eyelid,-0.0004611338113069334,-0.000127792221695604,-0.0003333415896113294,evaluable,3.0,20.0,1000.0,,,True,MOCK DATA / NOT A SCIENTIFIC RESULT,displacement-report-draft-v1
non_speaking,0,MOCK_G02,MOCK_S04,mouth,0.0002448960337627333,0.0001873184315798075,5.757760218292582e-05,evaluable,3.0,18.0,1000.0,,,True,MOCK DATA / NOT A SCIENTIFIC RESULT,displacement-report-draft-v1
non_speaking,0,MOCK_G02,MOCK_S04,right_brow,-0.0005758184530005667,-0.0005301551521418719,-4.566330085869477e-05,evaluable,3.0,20.0,1000.0,,,True,MOCK DATA / NOT A SCIENTIFIC RESULT,displacement-report-draft-v1
non_speaking,0,MOCK_G02,MOCK_S04,right_cheek,-0.0004207460516441667,-0.00027496248542534,-0.00014578356621882668,evaluable,3.0,38.0,1000.0,,,True,MOCK DATA / NOT A SCIENTIFIC RESULT,displacement-report-draft-v1
non_speaking,0,MOCK_G02,MOCK_S04,right_eyelid,0.0002926689225189333,-0.00012015128716499896,0.00041282020968393227,evaluable,3.0,24.0,1000.0,,,True,MOCK DATA / NOT A SCIENTIFIC RESULT,displacement-report-draft-v1
non_speaking,0,MOCK_G03,MOCK_S05,jaw,-0.0001766449425629539,-0.0003376122957697068,0.0001609673532067529,evaluable,3.0,20.0,1000.0,,,True,MOCK DATA / NOT A SCIENTIFIC RESULT,displacement-report-draft-v1
non_speaking,0,MOCK_G03,MOCK_S05,left_brow,-9.030594458133334e-05,5.9008137244868114e-05,-0.00014931408182620147,evaluable,3.0,20.0,1000.0,,,True,MOCK DATA / NOT A SCIENTIFIC RESULT,displacement-report-draft-v1
non_speaking,0,MOCK_G03,MOCK_S05,left_cheek,-0.0008267111747212334,-0.00045029090298122967,-0.00037642027174000374,evaluable,3.0,14.0,1000.0,,,True,MOCK DATA / NOT A SCIENTIFIC RESULT,displacement-report-draft-v1
non_speaking,0,MOCK_G03,MOCK_S05,left_eyelid,-0.00028396248458201575,-1.4060486547913245e-06,-0.00028255643592722444,evaluable,3.0,20.0,1000.0,,,True,MOCK DATA / NOT A SCIENTIFIC RESULT,displacement-report-draft-v1
non_speaking,0,MOCK_G03,MOCK_S05,mouth,0.00022399463077633336,0.00019824287772725817,2.5751753049075183e-05,evaluable,3.0,18.0,1000.0,,,True,MOCK DATA / NOT A SCIENTIFIC RESULT,displacement-report-draft-v1
non_speaking,0,MOCK_G03,MOCK_S05,right_brow,-0.000627498783723538,-0.00048250002487444134,-0.00014499875884909665,evaluable,3.0,20.0,1000.0,,,True,MOCK DATA / NOT A SCIENTIFIC RESULT,displacement-report-draft-v1
non_speaking,0,MOCK_G03,MOCK_S05,right_cheek,-0.00021404156787949903,-0.00011364580557552045,-0.00010039576230397858,evaluable,3.0,38.0,1000.0,,,True,MOCK DATA / NOT A SCIENTIFIC RESULT,displacement-report-draft-v1
non_speaking,0,MOCK_G03,MOCK_S05,right_eyelid,0.00020600349452000002,-0.00024334897938313183,0.0004493524739031319,evaluable,3.0,24.0,1000.0,,,True,MOCK DATA / NOT A SCIENTIFIC RESULT,displacement-report-draft-v1
non_speaking,0,MOCK_G03,MOCK_S06,jaw,-0.00031151275558970003,-0.00043055307698939736,0.00011904032139969733,evaluable,3.0,20.0,1000.0,,,True,MOCK DATA / NOT A SCIENTIFIC RESULT,displacement-report-draft-v1
non_speaking,0,MOCK_G03,MOCK_S06,left_brow,-0.00023876446176163333,-6.283590809747777e-05,-0.00017592855366415557,evaluable,3.0,20.0,1000.0,,,True,MOCK DATA / NOT A SCIENTIFIC RESULT,displacement-report-draft-v1
non_speaking,0,MOCK_G03,MOCK_S06,left_cheek,-0.0008858036925847001,-0.0004435908909843546,-0.0004422128016003455,evaluable,3.0,14.0,1000.0,,,True,MOCK DATA / NOT A SCIENTIFIC RESULT,displacement-report-draft-v1
non_speaking,0,MOCK_G03,MOCK_S06,left_eyelid,-0.0001188954063457333,0.00010146958606194396,-0.00022036499240767727,evaluable,3.0,20.0,1000.0,,,True,MOCK DATA / NOT A SCIENTIFIC RESULT,displacement-report-draft-v1
non_speaking,0,MOCK_G03,MOCK_S06,mouth,0.0001401135948897,0.0001518519801909516,-1.1738385301251586e-05,evaluable,3.0,18.0,1000.0,,,True,MOCK DATA / NOT A SCIENTIFIC RESULT,displacement-report-draft-v1
non_speaking,0,MOCK_G03,MOCK_S06,right_brow,-0.0006198691869447885,-0.0004092978525424918,-0.0002105713344022967,evaluable,3.0,20.0,1000.0,,,True,MOCK DATA / NOT A SCIENTIFIC RESULT,displacement-report-draft-v1
non_speaking,0,MOCK_G03,MOCK_S06,right_cheek,1.8393159671387452e-06,4.222708792672598e-05,-4.0387771959587235e-05,evaluable,3.0,38.0,1000.0,,,True,MOCK DATA / NOT A SCIENTIFIC RESULT,displacement-report-draft-v1
non_speaking,0,MOCK_G03,MOCK_S06,right_eyelid,7.758203009193336e-05,-0.0003672597062737535,0.00044484173636568687,evaluable,3.0,24.0,1000.0,,,True,MOCK DATA / NOT A SCIENTIFIC RESULT,displacement-report-draft-v1
non_speaking,1,MOCK_G04,MOCK_S07,jaw,-0.0004746891787103667,-0.000519314102702027,4.462492399166031e-05,evaluable,3.0,20.0,1000.0,,,True,MOCK DATA / NOT A SCIENTIFIC RESULT,displacement-report-draft-v1
non_speaking,1,MOCK_G04,MOCK_S07,left_brow,,,,unevaluable_empty_selected,0.0,0.0,1000.0,,,True,MOCK DATA / NOT A SCIENTIFIC RESULT,displacement-report-draft-v1
non_speaking,1,MOCK_G04,MOCK_S07,left_cheek,-0.0008840244594611333,-0.0004030105256904669,-0.0004810139337706664,evaluable,3.0,14.0,1000.0,,,True,MOCK DATA / NOT A SCIENTIFIC RESULT,displacement-report-draft-v1
non_speaking,1,MOCK_G04,MOCK_S07,left_eyelid,1.4052285098500004e-05,0.00017268652192219572,-0.00015863423682369572,evaluable,3.0,20.0,1000.0,,,True,MOCK DATA / NOT A SCIENTIFIC RESULT,displacement-report-draft-v1
non_speaking,1,MOCK_G04,MOCK_S07,mouth,3.4238854014333156e-06,5.586601122998067e-05,-5.244212582854735e-05,evaluable,3.0,18.0,1000.0,,,True,MOCK DATA / NOT A SCIENTIFIC RESULT,displacement-report-draft-v1
non_speaking,1,MOCK_G04,MOCK_S07,right_brow,-0.0005538547861738667,-0.0003184131098582497,-0.00023544167631561698,evaluable,3.0,20.0,1000.0,,,True,MOCK DATA / NOT A SCIENTIFIC RESULT,displacement-report-draft-v1
non_speaking,1,MOCK_G04,MOCK_S07,right_cheek,0.00020072005522426664,0.00017930470368861335,2.1415351535653286e-05,evaluable,3.0,38.0,1000.0,,,True,MOCK DATA / NOT A SCIENTIFIC RESULT,displacement-report-draft-v1
non_speaking,1,MOCK_G04,MOCK_S07,right_eyelid,-7.702378076436365e-05,-0.0004791184084354886,0.00040209462767112496,evaluable,3.0,24.0,1000.0,,,True,MOCK DATA / NOT A SCIENTIFIC RESULT,displacement-report-draft-v1
non_speaking,1,MOCK_G04,MOCK_S08,jaw,-0.0006463883242028,-0.000582987560331135,-6.340076387166505e-05,evaluable,3.0,20.0,1000.0,,,True,MOCK DATA / NOT A SCIENTIFIC RESULT,displacement-report-draft-v1
non_speaking,1,MOCK_G04,MOCK_S08,left_brow,,,,unevaluable_empty_selected,0.0,0.0,1000.0,,,True,MOCK DATA / NOT A SCIENTIFIC RESULT,displacement-report-draft-v1
non_speaking,1,MOCK_G04,MOCK_S08,left_cheek,-0.0008215892155055,-0.00032364864206410176,-0.0004979405734413982,evaluable,3.0,14.0,1000.0,,,True,MOCK DATA / NOT A SCIENTIFIC RESULT,displacement-report-draft-v1
non_speaking,1,MOCK_G04,MOCK_S08,left_eyelid,9.876007401976666e-05,0.000196990239869005,-9.823016584923834e-05,evaluable,3.0,20.0,1000.0,,,True,MOCK DATA / NOT A SCIENTIFIC RESULT,displacement-report-draft-v1
non_speaking,1,MOCK_G04,MOCK_S08,mouth,-0.0001695002451523643,-8.134435721674285e-05,-8.815588793562146e-05,evaluable,3.0,18.0,1000.0,,,True,MOCK DATA / NOT A SCIENTIFIC RESULT,displacement-report-draft-v1
non_speaking,1,MOCK_G04,MOCK_S08,right_brow,-0.00043746012947423334,-0.00022194847501472124,-0.0002155116544595121,evaluable,3.0,20.0,1000.0,,,True,MOCK DATA / NOT A SCIENTIFIC RESULT,displacement-report-draft-v1
non_speaking,1,MOCK_G04,MOCK_S08,right_cheek,0.0003584854505158,0.0002693510845489206,8.91343659668794e-05,evaluable,3.0,38.0,1000.0,,,True,MOCK DATA / NOT A SCIENTIFIC RESULT,displacement-report-draft-v1
non_speaking,1,MOCK_G04,MOCK_S08,right_eyelid,-0.00023906727626846666,-0.000561452176319831,0.00032238490005136427,evaluable,3.0,24.0,1000.0,,,True,MOCK DATA / NOT A SCIENTIFIC RESULT,displacement-report-draft-v1
non_speaking,1,MOCK_G05,MOCK_S09,jaw,-0.0008057908852716999,-0.000617604978019704,-0.00018818590725199597,evaluable,3.0,20.0,1000.0,,,True,MOCK DATA / NOT A SCIENTIFIC RESULT,displacement-report-draft-v1
non_speaking,1,MOCK_G05,MOCK_S09,left_brow,,,,unevaluable_empty_selected,0.0,0.0,1000.0,,,True,MOCK DATA / NOT A SCIENTIFIC RESULT,displacement-report-draft-v1
non_speaking,1,MOCK_G05,MOCK_S09,left_cheek,-0.0007060685196453334,-0.0002196442764035923,-0.0004864242432417411,evaluable,3.0,14.0,1000.0,,,True,MOCK DATA / NOT A SCIENTIFIC RESULT,displacement-report-draft-v1
non_speaking,1,MOCK_G05,MOCK_S09,left_eyelid,0.00012495675353206667,0.00017459782028346926,-4.964106675140259e-05,evaluable,3.0,20.0,1000.0,,,True,MOCK DATA / NOT A SCIENTIFIC RESULT,displacement-report-draft-v1
non_speaking,1,MOCK_G05,MOCK_S09,mouth,-0.0003576909549344333,-0.00024138743981719734,-0.00011630351511723598,evaluable,3.0,18.0,1000.0,,,True,MOCK DATA / NOT A SCIENTIFIC RESULT,displacement-report-draft-v1
non_speaking,1,MOCK_G05,MOCK_S09,right_brow,-0.00028479860139543335,-0.0001320959232694466,-0.00015270267812598676,evaluable,3.0,20.0,1000.0,,,True,MOCK DATA / NOT A SCIENTIFIC RESULT,displacement-report-draft-v1
non_speaking,1,MOCK_G05,MOCK_S09,right_cheek,0.00045600572599556666,0.00030772235003768977,0.0001482833759578769,evaluable,3.0,38.0,1000.0,,,True,MOCK DATA / NOT A SCIENTIFIC RESULT,displacement-report-draft-v1
non_speaking,1,MOCK_G05,MOCK_S09,right_eyelid,-0.00038889994135406664,-0.0006058498512969873,0.00021694990994292068,evaluable,3.0,24.0,1000.0,,,True,MOCK DATA / NOT A SCIENTIFIC RESULT,displacement-report-draft-v1
non_speaking,1,MOCK_G05,MOCK_S10,jaw,-0.0009335685722315001,-0.0006189688355223293,-0.0003145997367091708,evaluable,3.0,20.0,1000.0,,,True,MOCK DATA / NOT A SCIENTIFIC RESULT,displacement-report-draft-v1
non_speaking,1,MOCK_G05,MOCK_S10,left_brow,,,,unevaluable_empty_selected,0.0,0.0,1000.0,,,True,MOCK DATA / NOT A SCIENTIFIC RESULT,displacement-report-draft-v1
non_speaking,1,MOCK_G05,MOCK_S10,left_cheek,-0.0005514697846805667,-0.00010360843379298638,-0.0004478613508875803,evaluable,3.0,14.0,1000.0,,,True,MOCK DATA / NOT A SCIENTIFIC RESULT,displacement-report-draft-v1
non_speaking,1,MOCK_G05,MOCK_S10,left_eyelid,8.946585641293335e-05,0.00010822444647009166,-1.875859005715831e-05,evaluable,3.0,20.0,1000.0,,,True,MOCK DATA / NOT A SCIENTIFIC RESULT,displacement-report-draft-v1
non_speaking,1,MOCK_G05,MOCK_S10,mouth,-0.0005383292595419667,-0.00040485728072017926,-0.00013347197882178748,evaluable,3.0,18.0,1000.0,,,True,MOCK DATA / NOT A SCIENTIFIC RESULT,displacement-report-draft-v1
non_speaking,1,MOCK_G05,MOCK_S10,right_brow,-0.00011438111053740001,-5.975048753457454e-05,-5.4630623002825466e-05,evaluable,3.0,20.0,1000.0,,,True,MOCK DATA / NOT A SCIENTIFIC RESULT,displacement-report-draft-v1
non_speaking,1,MOCK_G05,MOCK_S10,right_cheek,0.0004814561021740667,0.0002897658086925477,0.00019169029348151898,evaluable,3.0,38.0,1000.0,,,True,MOCK DATA / NOT A SCIENTIFIC RESULT,displacement-report-draft-v1
non_speaking,1,MOCK_G05,MOCK_S10,right_eyelid,-0.0005083538799991999,-0.0006069280121874181,9.85741321882182e-05,evaluable,3.0,24.0,1000.0,,,True,MOCK DATA / NOT A SCIENTIFIC RESULT,displacement-report-draft-v1
non_speaking,1,MOCK_G06,MOCK_S11,jaw,-0.0010142277560442334,-0.0005869137588781248,-0.0004273139971661086,evaluable,3.0,20.0,1000.0,,,True,MOCK DATA / NOT A SCIENTIFIC RESULT,displacement-report-draft-v1
non_speaking,1,MOCK_G06,MOCK_S11,left_brow,,,,unevaluable_empty_selected,0.0,0.0,1000.0,,,True,MOCK DATA / NOT A SCIENTIFIC RESULT,displacement-report-draft-v1
non_speaking,1,MOCK_G06,MOCK_S11,left_cheek,-0.00037653881440750003,1.0389009067800486e-05,-0.0003869278234753005,evaluable,3.0,14.0,1000.0,,,True,MOCK DATA / NOT A SCIENTIFIC RESULT,displacement-report-draft-v1
non_speaking,1,MOCK_G06,MOCK_S11,left_eyelid,-3.4091837157666557e-06,5.918193615810332e-06,-9.327377331576987e-06,evaluable,3.0,20.0,1000.0,,,True,MOCK DATA / NOT A SCIENTIFIC RESULT,displacement-report-draft-v1
non_speaking,1,MOCK_G06,MOCK_S11,mouth,-0.0006895119382464999,-0.0005519324139552404,-0.00013757952429125947,evaluable,3.0,18.0,1000.0,,,True,MOCK DATA / NOT A SCIENTIFIC RESULT,displacement-report-draft-v1
non_speaking,1,MOCK_G06,MOCK_S11,right_brow,5.31284427916324e-05,-1.3684382823069011e-05,6.681282561470141e-05,evaluable,3.0,20.0,1000.0,,,True,MOCK DATA / NOT A SCIENTIFIC RESULT,displacement-report-draft-v1
non_speaking,1,MOCK_G06,MOCK_S11,right_cheek,0.0004317506045219,0.0002176587732902544,0.0002140918312316456,evaluable,3.0,38.0,1000.0,,,True,MOCK DATA / NOT A SCIENTIFIC RESULT,displacement-report-draft-v1
non_speaking,1,MOCK_G06,MOCK_S11,right_eyelid,-0.0005829447557243333,-0.0005645559270513421,-1.838882867299127e-05,evaluable,3.0,24.0,1000.0,,,True,MOCK DATA / NOT A SCIENTIFIC RESULT,displacement-report-draft-v1
non_speaking,1,MOCK_G06,MOCK_S12,jaw,-0.0010379881417128618,-0.0005253265727599057,-0.0005126615689529561,evaluable,3.0,20.0,1000.0,,,True,MOCK DATA / NOT A SCIENTIFIC RESULT,displacement-report-draft-v1
non_speaking,1,MOCK_G06,MOCK_S12,left_brow,,,,unevaluable_empty_selected,0.0,0.0,1000.0,,,True,MOCK DATA / NOT A SCIENTIFIC RESULT,displacement-report-draft-v1
non_speaking,1,MOCK_G06,MOCK_S12,left_cheek,-0.00020248678915940927,0.00010852534077277576,-0.000311012129932185,evaluable,3.0,14.0,1000.0,,,True,MOCK DATA / NOT A SCIENTIFIC RESULT,displacement-report-draft-v1
non_speaking,1,MOCK_G06,MOCK_S12,left_eyelid,-0.0001424068433996,-0.00011991583714073044,-2.249100625886956e-05,evaluable,3.0,20.0,1000.0,,,True,MOCK DATA / NOT A SCIENTIFIC RESULT,displacement-report-draft-v1
non_speaking,1,MOCK_G06,MOCK_S12,mouth,-0.0007929073996993333,-0.000664779306851061,-0.0001281280928482723,evaluable,3.0,18.0,1000.0,,,True,MOCK DATA / NOT A SCIENTIFIC RESULT,displacement-report-draft-v1
non_speaking,1,MOCK_G06,MOCK_S12,right_brow,0.0001974187590107237,5.16664948400167e-07,0.00019690209406232354,evaluable,3.0,20.0,1000.0,,,True,MOCK DATA / NOT A SCIENTIFIC RESULT,displacement-report-draft-v1
non_speaking,1,MOCK_G06,MOCK_S12,right_cheek,0.0003129162519975634,0.00010014455171293666,0.00021277170028462673,evaluable,3.0,38.0,1000.0,,,True,MOCK DATA / NOT A SCIENTIFIC RESULT,displacement-report-draft-v1
non_speaking,1,MOCK_G06,MOCK_S12,right_eyelid,-0.0006036280836463686,-0.0004838714050343682,-0.00011975667861200041,evaluable,3.0,24.0,1000.0,,,True,MOCK DATA / NOT A SCIENTIFIC RESULT,displacement-report-draft-v1
non_speaking,2,MOCK_G07,MOCK_S13,jaw,-0.0010019686737877903,-0.00044265843365101247,-0.0005593102401367778,evaluable,3.0,20.0,1000.0,,,True,MOCK DATA / NOT A SCIENTIFIC RESULT,displacement-report-draft-v1
non_speaking,2,MOCK_G07,MOCK_S13,left_brow,-0.0007879639659511333,-0.0003521565618780211,-0.00043580740407311223,evaluable,3.0,20.0,1000.0,,,True,MOCK DATA / NOT A SCIENTIFIC RESULT,displacement-report-draft-v1
non_speaking,2,MOCK_G07,MOCK_S13,left_cheek,-5.041831316469998e-05,0.0001823922544815052,-0.00023281056764620518,evaluable,3.0,14.0,1000.0,,,True,MOCK DATA / NOT A SCIENTIFIC RESULT,displacement-report-draft-v1
non_speaking,2,MOCK_G07,MOCK_S13,left_eyelid,-0.0003106730205842039,-0.00026070799223646166,-4.9965028347742245e-05,evaluable,3.0,20.0,1000.0,,,True,MOCK DATA / NOT A SCIENTIFIC RESULT,displacement-report-draft-v1
non_speaking,2,MOCK_G07,MOCK_S13,mouth,-0.0008359784712370333,-0.000722191029253695,-0.00011378744198333823,evaluable,3.0,18.0,1000.0,,,True,MOCK DATA / NOT A SCIENTIFIC RESULT,displacement-report-draft-v1
non_speaking,2,MOCK_G07,MOCK_S13,right_brow,0.00030099397725034824,-9.504805099808597e-06,0.00031049878235015686,evaluable,3.0,20.0,1000.0,,,True,MOCK DATA / NOT A SCIENTIFIC RESULT,displacement-report-draft-v1
non_speaking,2,MOCK_G07,MOCK_S13,right_cheek,0.00013936225342912108,-4.8140592222007094e-05,0.00018750284565112818,evaluable,3.0,38.0,1000.0,,,True,MOCK DATA / NOT A SCIENTIFIC RESULT,displacement-report-draft-v1
non_speaking,2,MOCK_G07,MOCK_S13,right_eyelid,-0.0005678959156428972,-0.0003832276685008274,-0.00018466824714206986,evaluable,3.0,24.0,1000.0,,,True,MOCK DATA / NOT A SCIENTIFIC RESULT,displacement-report-draft-v1
non_speaking,2,MOCK_G07,MOCK_S14,jaw,-0.0009105368775189668,-0.0003479239659183295,-0.0005626129116006373,evaluable,3.0,20.0,1000.0,,,True,MOCK DATA / NOT A SCIENTIFIC RESULT,displacement-report-draft-v1
non_speaking,2,MOCK_G07,MOCK_S14,left_brow,-0.0006740551401249999,-0.0002497941738548348,-0.00042426096627016515,evaluable,3.0,20.0,1000.0,,,True,MOCK DATA / NOT A SCIENTIFIC RESULT,displacement-report-draft-v1
non_speaking,2,MOCK_G07,MOCK_S14,left_cheek,6.122761525463333e-05,0.00021548178815746215,-0.00015425417290282882,evaluable,3.0,14.0,1000.0,,,True,MOCK DATA / NOT A SCIENTIFIC RESULT,displacement-report-draft-v1
non_speaking,2,MOCK_G07,MOCK_S14,left_eyelid,-0.0004878046715850667,-0.0003866715909650299,-0.00010113308062003679,evaluable,3.0,20.0,1000.0,,,True,MOCK DATA / NOT A SCIENTIFIC RESULT,displacement-report-draft-v1
non_speaking,2,MOCK_G07,MOCK_S14,mouth,-0.0008135025884153333,-0.0007285148754537856,-8.498771296154767e-05,evaluable,3.0,18.0,1000.0,,,True,MOCK DATA / NOT A SCIENTIFIC RESULT,displacement-report-draft-v1
non_speaking,2,MOCK_G07,MOCK_S14,right_brow,0.0003512951285143667,-5.935418614811819e-05,0.0004106493146624849,evaluable,3.0,20.0,1000.0,,,True,MOCK DATA / NOT A SCIENTIFIC RESULT,displacement-report-draft-v1
non_speaking,2,MOCK_G07,MOCK_S14,right_cheek,-6.786717496788406e-05,-0.0002116885028694695,0.00014382132790158545,evaluable,3.0,38.0,1000.0,,,True,MOCK DATA / NOT A SCIENTIFIC RESULT,displacement-report-draft-v1
non_speaking,2,MOCK_G07,MOCK_S14,right_eyelid,-0.00048008094053423337,-0.0002600323109356396,-0.00022004862959859378,evaluable,3.0,24.0,1000.0,,,True,MOCK DATA / NOT A SCIENTIFIC RESULT,displacement-report-draft-v1
non_speaking,2,MOCK_G08,MOCK_S15,jaw,-0.0007747792764409667,-0.0002526050277721416,-0.000522174248668825,evaluable,3.0,20.0,1000.0,,,True,MOCK DATA / NOT A SCIENTIFIC RESULT,displacement-report-draft-v1
non_speaking,2,MOCK_G08,MOCK_S15,left_brow,-0.0005249500439001334,-0.00012812114926216546,-0.0003968288946379679,evaluable,3.0,20.0,1000.0,,,True,MOCK DATA / NOT A SCIENTIFIC RESULT,displacement-report-draft-v1
non_speaking,2,MOCK_G08,MOCK_S15,left_cheek,0.00011891341657523334,0.00020836302528855205,-8.944960871331871e-05,evaluable,3.0,14.0,1000.0,,,True,MOCK DATA / NOT A SCIENTIFIC RESULT,displacement-report-draft-v1
non_speaking,2,MOCK_G08,MOCK_S15,left_eyelid,-0.0006523237734641666,-0.0004888375483913706,-0.00016348622507279603,evaluable,3.0,20.0,1000.0,,,True,MOCK DATA / NOT A SCIENTIFIC RESULT,displacement-report-draft-v1
non_speaking,2,MOCK_G08,MOCK_S15,mouth,-0.0007282050548379666,-0.0006786219584092787,-4.9583096428687913e-05,evaluable,3.0,18.0,1000.0,,,True,MOCK DATA / NOT A SCIENTIFIC RESULT,displacement-report-draft-v1
non_speaking,2,MOCK_G08,MOCK_S15,right_brow,0.0003422229681191,-0.00013467815208843397,0.000476901120207534,evaluable,3.0,20.0,1000.0,,,True,MOCK DATA / NOT A SCIENTIFIC RESULT,displacement-report-draft-v1
non_speaking,2,MOCK_G08,MOCK_S15,right_cheek,-0.0002836445170698,-0.000369218973980073,8.557445691027301e-05,evaluable,3.0,38.0,1000.0,,,True,MOCK DATA / NOT A SCIENTIFIC RESULT,displacement-report-draft-v1
non_speaking,2,MOCK_G08,MOCK_S15,right_eyelid,-0.0003508311257447334,-0.00013589971326353372,-0.00021493141248119966,evaluable,3.0,24.0,1000.0,,,True,MOCK DATA / NOT A SCIENTIFIC RESULT,displacement-report-draft-v1
non_speaking,2,MOCK_G08,MOCK_S16,jaw,-0.0006111571006811334,-0.00016825947648055204,-0.0004428976242005814,evaluable,3.0,20.0,1000.0,,,True,MOCK DATA / NOT A SCIENTIFIC RESULT,displacement-report-draft-v1
non_speaking,2,MOCK_G08,MOCK_S16,left_brow,-0.0003587283522459667,-1.8908989014218102e-06,-0.0003568374533445449,evaluable,3.0,20.0,1000.0,,,True,MOCK DATA / NOT A SCIENTIFIC RESULT,displacement-report-draft-v1
non_speaking,2,MOCK_G08,MOCK_S16,left_cheek,0.0001156444235144667,0.0001618991484360089,-4.6254724921542196e-05,evaluable,3.0,14.0,1000.0,,,True,MOCK DATA / NOT A SCIENTIFIC RESULT,displacement-report-draft-v1
non_speaking,2,MOCK_G08,MOCK_S16,left_eyelid,-0.0007842816325579666,-0.0005548177748392252,-0.00022946385771874136,evaluable,3.0,20.0,1000.0,,,True,MOCK DATA / NOT A SCIENTIFIC RESULT,displacement-report-draft-v1
non_speaking,2,MOCK_G08,MOCK_S16,mouth,-0.0005904285866280666,-0.0005785620225372675,-1.1866564090799053e-05,evaluable,3.0,18.0,1000.0,,,True,MOCK DATA / NOT A SCIENTIFIC RESULT,displacement-report-draft-v1
non_speaking,2,MOCK_G08,MOCK_S16,right_brow,0.0002748775370113334,-0.00022634332749568327,0.0005012208645070167,evaluable,3.0,20.0,1000.0,,,True,MOCK DATA / NOT A SCIENTIFIC RESULT,displacement-report-draft-v1
non_speaking,2,MOCK_G08,MOCK_S16,right_cheek,-0.00048180578311526667,-0.0005016307153392042,1.9824932223937522e-05,evaluable,3.0,38.0,1000.0,,,True,MOCK DATA / NOT A SCIENTIFIC RESULT,displacement-report-draft-v1
non_speaking,2,MOCK_G08,MOCK_S16,right_eyelid,-0.00019581860254573333,-2.5881520772651878e-05,-0.00016993708177308147,evaluable,3.0,24.0,1000.0,,,True,MOCK DATA / NOT A SCIENTIFIC RESULT,displacement-report-draft-v1
non_speaking,2,MOCK_G09,MOCK_S17,jaw,-0.00043951028750819997,-0.00010511459595999893,-0.00033439569154820105,evaluable,3.0,20.0,1000.0,,,True,MOCK DATA / NOT A SCIENTIFIC RESULT,displacement-report-draft-v1
non_speaking,2,MOCK_G09,MOCK_S17,left_brow,-0.00019554520562435875,0.00011359058195546029,-0.00030913578757981906,evaluable,3.0,20.0,1000.0,,,True,MOCK DATA / NOT A SCIENTIFIC RESULT,displacement-report-draft-v1
non_speaking,2,MOCK_G09,MOCK_S17,left_cheek,5.181701643433336e-05,8.172411520816255e-05,-2.9907098773829194e-05,evaluable,3.0,14.0,1000.0,,,True,MOCK DATA / NOT A SCIENTIFIC RESULT,displacement-report-draft-v1
non_speaking,2,MOCK_G09,MOCK_S17,left_eyelid,-0.0008676777548358999,-0.0005766118660380969,-0.000291065888797803,evaluable,3.0,20.0,1000.0,,,True,MOCK DATA / NOT A SCIENTIFIC RESULT,displacement-report-draft-v1
non_speaking,2,MOCK_G09,MOCK_S17,mouth,-0.0004168792107878,-0.000440467792766936,2.3588581979136004e-05,evaluable,3.0,18.0,1000.0,,,True,MOCK DATA / NOT A SCIENTIFIC RESULT,displacement-report-draft-v1
non_speaking,2,MOCK_G09,MOCK_S17,right_brow,0.00015742477677143334,-0.000323234890547241,0.0004806596673186743,evaluable,3.0,20.0,1000.0,,,True,MOCK DATA / NOT A SCIENTIFIC RESULT,displacement-report-draft-v1
non_speaking,2,MOCK_G09,MOCK_S17,right_cheek,-0.0006383230131461667,-0.0005928681976153316,-4.545481553083503e-05,evaluable,3.0,38.0,1000.0,,,True,MOCK DATA / NOT A SCIENTIFIC RESULT,displacement-report-draft-v1
non_speaking,2,MOCK_G09,MOCK_S17,right_eyelid,-3.383934844976666e-05,5.6682057440675795e-05,-9.052140589044245e-05,evaluable,3.0,24.0,1000.0,,,True,MOCK DATA / NOT A SCIENTIFIC RESULT,displacement-report-draft-v1
non_speaking,2,MOCK_G09,MOCK_S18,jaw,-0.0002806517981842667,-7.082699181753396e-05,-0.00020982480636673275,evaluable,3.0,20.0,1000.0,,,True,MOCK DATA / NOT A SCIENTIFIC RESULT,displacement-report-draft-v1
non_speaking,2,MOCK_G09,MOCK_S18,left_brow,-5.518730701263336e-05,0.00020432063550705542,-0.0002595079425196888,evaluable,3.0,20.0,1000.0,,,True,MOCK DATA / NOT A SCIENTIFIC RESULT,displacement-report-draft-v1
non_speaking,2,MOCK_G09,MOCK_S18,left_cheek,-6.482943959066667e-05,-2.2440484871040696e-05,-4.2388954719625976e-05,evaluable,3.0,14.0,1000.0,,,True,MOCK DATA / NOT A SCIENTIFIC RESULT,displacement-report-draft-v1
non_speaking,2,MOCK_G09,MOCK_S18,left_eyelid,-0.0008923999789924333,-0.0005515771887373194,-0.0003408227902551139,evaluable,3.0,20.0,1000.0,,,True,MOCK DATA / NOT A SCIENTIFIC RESULT,displacement-report-draft-v1
non_speaking,2,MOCK_G09,MOCK_S18,mouth,-0.00022860058300559,-0.0002810838261431022,5.2483243137512164e-05,evaluable,3.0,18.0,1000.0,,,True,MOCK DATA / NOT A SCIENTIFIC RESULT,displacement-report-draft-v1
non_speaking,2,MOCK_G09,MOCK_S18,right_brow,4.1063718432666585e-06,-0.00041360429601151,0.00041771066785477665,evaluable,3.0,20.0,1000.0,,,True,MOCK DATA / NOT A SCIENTIFIC RESULT,displacement-report-draft-v1
non_speaking,2,MOCK_G09,MOCK_S18,right_cheek,-0.0007342177770637,-0.0006318684587343684,-0.0001023493183293316,evaluable,3.0,38.0,1000.0,,,True,MOCK DATA / NOT A SCIENTIFIC RESULT,displacement-report-draft-v1
non_speaking,2,MOCK_G09,MOCK_S18,right_eyelid,0.00011546591104140001,0.00010177980984709318,1.3686101194306831e-05,evaluable,3.0,24.0,1000.0,,,True,MOCK DATA / NOT A SCIENTIFIC RESULT,displacement-report-draft-v1
non_speaking,3,MOCK_G10,MOCK_S19,jaw,-0.00015384395120707816,-7.00739949948976e-05,-8.376995621218057e-05,evaluable,3.0,20.0,1000.0,,,True,MOCK DATA / NOT A SCIENTIFIC RESULT,displacement-report-draft-v1
non_speaking,3,MOCK_G10,MOCK_S19,left_brow,4.5326306342533385e-05,0.00026264650973569013,-0.00021732020339315674,evaluable,3.0,20.0,1000.0,,,True,MOCK DATA / NOT A SCIENTIFIC RESULT,displacement-report-draft-v1
non_speaking,3,MOCK_G10,MOCK_S19,left_cheek,-0.000220151028191,-0.00013405749556293453,-8.609353262806546e-05,evaluable,3.0,14.0,1000.0,,,True,MOCK DATA / NOT A SCIENTIFIC RESULT,displacement-report-draft-v1
non_speaking,3,MOCK_G10,MOCK_S19,left_eyelid,-0.0008554506222615667,-0.0004864941456657239,-0.0003689564765958428,evaluable,3.0,20.0,1000.0,,,True,MOCK DATA / NOT A SCIENTIFIC RESULT,displacement-report-draft-v1
non_speaking,3,MOCK_G10,MOCK_S19,mouth,-4.842234814393334e-05,-0.00011930071464008215,7.087836649614881e-05,evaluable,3.0,18.0,1000.0,,,True,MOCK DATA / NOT A SCIENTIFIC RESULT,displacement-report-draft-v1
non_speaking,3,MOCK_G10,MOCK_S19,right_brow,-0.00016648711985037357,-0.00048512235442541203,0.0003186352345750385,evaluable,3.0,20.0,1000.0,,,True,MOCK DATA / NOT A SCIENTIFIC RESULT,displacement-report-draft-v1
non_speaking,3,MOCK_G10,MOCK_S19,right_cheek,-0.0007578623960908668,-0.0006112542542507105,-0.00014660814184015627,evaluable,3.0,38.0,1000.0,,,True,MOCK DATA / NOT A SCIENTIFIC RESULT,displacement-report-draft-v1
non_speaking,3,MOCK_G10,MOCK_S19,right_eyelid,0.00023399323024688267,0.00010106394451237019,0.0001329292857345125,evaluable,3.0,24.0,1000.0,,,True,MOCK DATA / NOT A SCIENTIFIC RESULT,displacement-report-draft-v1
non_speaking,3,MOCK_G10,MOCK_S20,jaw,-7.446277808044359e-05,-0.00010435205543614722,2.9889277355703628e-05,evaluable,3.0,20.0,1000.0,,,True,MOCK DATA / NOT A SCIENTIFIC RESULT,displacement-report-draft-v1
non_speaking,3,MOCK_G10,MOCK_S20,left_brow,9.380789904206664e-05,0.00027579769887125095,-0.0001819897998291843,evaluable,3.0,20.0,1000.0,,,True,MOCK DATA / NOT A SCIENTIFIC RESULT,displacement-report-draft-v1
non_speaking,3,MOCK_G10,MOCK_S20,left_cheek,-0.00039531429626043336,-0.0002466206721732068,-0.00014869362408722654,evaluable,3.0,14.0,1000.0,,,True,MOCK DATA / NOT A SCIENTIFIC RESULT,displacement-report-draft-v1
non_speaking,3,MOCK_G10,MOCK_S20,left_eyelid,-0.0007613099631645333,-0.00038219464562732795,-0.00037911531753720537,evaluable,3.0,20.0,1000.0,,,True,MOCK DATA / NOT A SCIENTIFIC RESULT,displacement-report-draft-v1
non_speaking,3,MOCK_G10,MOCK_S20,mouth,0.00010180805862996666,2.666405891026528e-05,7.514399971970137e-05,evaluable,3.0,18.0,1000.0,,,True,MOCK DATA / NOT A SCIENTIFIC RESULT,displacement-report-draft-v1
non_speaking,3,MOCK_G10,MOCK_S20,right_brow,-0.000333670457095,-0.0005314424704328478,0.00019777201333784778,evaluable,3.0,20.0,1000.0,,,True,MOCK DATA / NOT A SCIENTIFIC RESULT,displacement-report-draft-v1
non_speaking,3,MOCK_G10,MOCK_S20,right_cheek,-0.0007063898520130001,-0.0005408136138937916,-0.00016557623811920845,evaluable,3.0,38.0,1000.0,,,True,MOCK DATA / NOT A SCIENTIFIC RESULT,displacement-report-draft-v1
non_speaking,3,MOCK_G10,MOCK_S20,right_eyelid,0.0003073706295326761,5.661138798332646e-05,0.00025075924154934967,evaluable,3.0,24.0,1000.0,,,True,MOCK DATA / NOT A SCIENTIFIC RESULT,displacement-report-draft-v1
non_speaking,3,MOCK_G11,MOCK_S21,jaw,-5.213360915967456e-05,-0.00016757499279497723,0.00011544138363530268,evaluable,3.0,20.0,1000.0,,,True,MOCK DATA / NOT A SCIENTIFIC RESULT,displacement-report-draft-v1
non_speaking,3,MOCK_G11,MOCK_S21,left_brow,8.43788562014e-05,0.00024441028573785376,-0.00016003142953645375,evaluable,3.0,20.0,1000.0,,,True,MOCK DATA / NOT A SCIENTIFIC RESULT,displacement-report-draft-v1
non_speaking,3,MOCK_G11,MOCK_S21,left_cheek,-0.0005690798962954333,-0.00034340666984150316,-0.00022567322645393012,evaluable,3.0,14.0,1000.0,,,True,MOCK DATA / NOT A SCIENTIFIC RESULT,displacement-report-draft-v1
non_speaking,3,MOCK_G11,MOCK_S21,left_eyelid,-0.0006213929872449666,-0.00025484033506553965,-0.0003665526521794269,evaluable,3.0,20.0,1000.0,,,True,MOCK DATA / NOT A SCIENTIFIC RESULT,displacement-report-draft-v1
non_speaking,3,MOCK_G11,MOCK_S21,mouth,0.0002038745132950333,0.0001372801931206229,6.65943201744104e-05,evaluable,3.0,18.0,1000.0,,,True,MOCK DATA / NOT A SCIENTIFIC RESULT,displacement-report-draft-v1
non_speaking,3,MOCK_G11,MOCK_S21,right_brow,-0.0004771718955020666,-0.0005460508558569891,6.887896035492246e-05,evaluable,3.0,20.0,1000.0,,,True,MOCK DATA / NOT A SCIENTIFIC RESULT,displacement-report-draft-v1
non_speaking,3,MOCK_G11,MOCK_S21,right_cheek,-0.0005860414262505667,-0.00042414246512096244,-0.00016189896112960424,evaluable,3.0,38.0,1000.0,,,True,MOCK DATA / NOT A SCIENTIFIC RESULT,displacement-report-draft-v1
non_speaking,3,MOCK_G11,MOCK_S21,right_eyelid,0.0003267007635848333,-2.5415500986963587e-05,0.0003521162645717969,evaluable,3.0,24.0,1000.0,,,True,MOCK DATA / NOT A SCIENTIFIC RESULT,displacement-report-draft-v1
non_speaking,3,MOCK_G11,MOCK_S22,jaw,-8.956395831680157e-05,-0.00025207673671561343,0.00016251277839881184,evaluable,3.0,20.0,1000.0,,,True,MOCK DATA / NOT A SCIENTIFIC RESULT,displacement-report-draft-v1
non_speaking,3,MOCK_G11,MOCK_S22,left_brow,1.8182492396333356e-05,0.0001722901377535425,-0.00015410764535720914,evaluable,3.0,20.0,1000.0,,,True,MOCK DATA / NOT A SCIENTIFIC RESULT,displacement-report-draft-v1
non_speaking,3,MOCK_G11,MOCK_S22,left_cheek,-0.0007203779544348333,-0.0004126797436218652,-0.00030769821081296807,evaluable,3.0,14.0,1000.0,,,True,MOCK DATA / NOT A SCIENTIFIC RESULT,displacement-report-draft-v1
non_speaking,3,MOCK_G11,MOCK_S22,left_eyelid,-0.0004526652678561,-0.00011987350669341734,-0.0003327917611626826,evaluable,3.0,20.0,1000.0,,,True,MOCK DATA / NOT A SCIENTIFIC RESULT,displacement-report-draft-v1
non_speaking,3,MOCK_G11,MOCK_S22,mouth,0.0002454009913400333,0.00019913497572601825,4.626601561401504e-05,evaluable,3.0,18.0,1000.0,,,True,MOCK DATA / NOT A SCIENTIFIC RESULT,displacement-report-draft-v1
non_speaking,3,MOCK_G11,MOCK_S22,right_brow,-0.0005795912292453667,-0.0005271761771419239,-5.2415052103442755e-05,evaluable,3.0,20.0,1000.0,,,True,MOCK DATA / NOT A SCIENTIFIC RESULT,displacement-report-draft-v1
non_speaking,3,MOCK_G11,MOCK_S22,right_cheek,-0.00041140991593783334,-0.0002753877184104337,-0.00013602219752739962,evaluable,3.0,38.0,1000.0,,,True,MOCK DATA / NOT A SCIENTIFIC RESULT,displacement-report-draft-v1
non_speaking,3,MOCK_G11,MOCK_S22,right_eyelid,0.00028963976522753337,-0.00013507058689482738,0.00042471035212236075,evaluable,3.0,24.0,1000.0,,,True,MOCK DATA / NOT A SCIENTIFIC RESULT,displacement-report-draft-v1
non_speaking,3,MOCK_G12,MOCK_S23,jaw,-0.00018221522449874585,-0.00034761106421091854,0.0001653958397121727,evaluable,3.0,20.0,1000.0,,,True,MOCK DATA / NOT A SCIENTIFIC RESULT,displacement-report-draft-v1
non_speaking,3,MOCK_G12,MOCK_S23,left_brow,-9.675458045940002e-05,6.818215276096844e-05,-0.00016493673322036845,evaluable,3.0,20.0,1000.0,,,True,MOCK DATA / NOT A SCIENTIFIC RESULT,displacement-report-draft-v1
non_speaking,3,MOCK_G12,MOCK_S23,left_cheek,-0.0008308628890456668,-0.00044604021644221715,-0.0003848226726034496,evaluable,3.0,14.0,1000.0,,,True,MOCK DATA / NOT A SCIENTIFIC RESULT,displacement-report-draft-v1
non_speaking,3,MOCK_G12,MOCK_S23,left_eyelid,-0.0002755858127859774,6.340494169391176e-06,-0.0002819263069553686,evaluable,3.0,20.0,1000.0,,,True,MOCK DATA / NOT A SCIENTIFIC RESULT,displacement-report-draft-v1
non_speaking,3,MOCK_G12,MOCK_S23,mouth,0.0002213522173471334,0.00020472823139288892,1.662398595424447e-05,evaluable,3.0,18.0,1000.0,,,True,MOCK DATA / NOT A SCIENTIFIC RESULT,displacement-report-draft-v1
non_speaking,3,MOCK_G12,MOCK_S23,right_brow,-0.0006285096456112182,-0.0004771070754204042,-0.00015140257019081402,evaluable,3.0,20.0,1000.0,,,True,MOCK DATA / NOT A SCIENTIFIC RESULT,displacement-report-draft-v1
non_speaking,3,MOCK_G12,MOCK_S23,right_cheek,-0.0002036701905179791,-0.00011258656725043118,-9.108362326754793e-05,evaluable,3.0,38.0,1000.0,,,True,MOCK DATA / NOT A SCIENTIFIC RESULT,displacement-report-draft-v1
non_speaking,3,MOCK_G12,MOCK_S23,right_eyelid,0.00020068145004003331,-0.00025905768897809835,0.00045973913901813167,evaluable,3.0,24.0,1000.0,,,True,MOCK DATA / NOT A SCIENTIFIC RESULT,displacement-report-draft-v1
non_speaking,3,MOCK_G12,MOCK_S24,jaw,-0.0003188530178657333,-0.00044259400106890813,0.0001237409832031748,evaluable,3.0,20.0,1000.0,,,True,MOCK DATA / NOT A SCIENTIFIC RESULT,displacement-report-draft-v1
non_speaking,3,MOCK_G12,MOCK_S24,left_brow,-0.00024649571652483334,-5.529009983779436e-05,-0.00019120561668703898,evaluable,3.0,20.0,1000.0,,,True,MOCK DATA / NOT A SCIENTIFIC RESULT,displacement-report-draft-v1
non_speaking,3,MOCK_G12,MOCK_S24,left_cheek,-0.0008871378964145999,-0.0004394429783720963,-0.00044769491804250356,evaluable,3.0,14.0,1000.0,,,True,MOCK DATA / NOT A SCIENTIFIC RESULT,displacement-report-draft-v1
non_speaking,3,MOCK_G12,MOCK_S24,left_eyelid,-0.00011162631597723333,0.00010849764257695371,-0.00022012395855418705,evaluable,3.0,20.0,1000.0,,,True,MOCK DATA / NOT A SCIENTIFIC RESULT,displacement-report-draft-v1
non_speaking,3,MOCK_G12,MOCK_S24,mouth,0.00013464421516946664,0.00015338175228636538,-1.8737537116898735e-05,evaluable,3.0,18.0,1000.0,,,True,MOCK DATA / NOT A SCIENTIFIC RESULT,displacement-report-draft-v1
non_speaking,3,MOCK_G12,MOCK_S24,right_brow,-0.0006179955628474644,-0.0004019146583075128,-0.00021608090453995157,evaluable,3.0,20.0,1000.0,,,True,MOCK DATA / NOT A SCIENTIFIC RESULT,displacement-report-draft-v1
non_speaking,3,MOCK_G12,MOCK_S24,right_cheek,1.1988358036937874e-05,4.45206040786733e-05,-3.253224604173543e-05,evaluable,3.0,38.0,1000.0,,,True,MOCK DATA / NOT A SCIENTIFIC RESULT,displacement-report-draft-v1
non_speaking,3,MOCK_G12,MOCK_S24,right_eyelid,7.061242066116666e-05,-0.0003823428039543262,0.0004529552246154929,evaluable,3.0,24.0,1000.0,,,True,MOCK DATA / NOT A SCIENTIFIC RESULT,displacement-report-draft-v1
non_speaking,4,MOCK_G13,MOCK_S25,jaw,-0.00048290938094903334,-0.0005199423246783763,3.7032943729342984e-05,evaluable,3.0,20.0,1000.0,,,True,MOCK DATA / NOT A SCIENTIFIC RESULT,displacement-report-draft-v1
non_speaking,4,MOCK_G13,MOCK_S25,left_brow,-0.00041288411809023337,-0.0001848516374998902,-0.00022803248059034316,evaluable,3.0,20.0,1000.0,,,True,MOCK DATA / NOT A SCIENTIFIC RESULT,displacement-report-draft-v1
non_speaking,4,MOCK_G13,MOCK_S25,left_cheek,-0.000765552588933,6.81356019639578e-05,-0.0008336881908969578,evaluable,1.0,6.0,1000.0,,,True,MOCK DATA / NOT A SCIENTIFIC RESULT,displacement-report-draft-v1
non_speaking,4,MOCK_G13,MOCK_S25,left_eyelid,0.00042664448612270004,0.00025054502659673195,0.0001760994595259681,evaluable,2.0,16.0,1000.0,,,True,MOCK DATA / NOT A SCIENTIFIC RESULT,displacement-report-draft-v1
non_speaking,4,MOCK_G13,MOCK_S25,mouth,-4.209273300066669e-06,5.603455799157795e-05,-6.024383129164462e-05,evaluable,3.0,18.0,1000.0,,,True,MOCK DATA / NOT A SCIENTIFIC RESULT,displacement-report-draft-v1
non_speaking,4,MOCK_G13,MOCK_S25,right_brow,-0.0005493238615838666,-0.00031207862045496684,-0.0002372452411288998,evaluable,3.0,20.0,1000.0,,,True,MOCK DATA / NOT A SCIENTIFIC RESULT,displacement-report-draft-v1
non_speaking,4,MOCK_G13,MOCK_S25,right_cheek,,,,unevaluable_region,0.0,0.0,1000.0,,,True,MOCK DATA / NOT A SCIENTIFIC RESULT,displacement-report-draft-v1
non_speaking,4,MOCK_G13,MOCK_S25,right_eyelid,-8.479585812133356e-05,-0.00025146437071537123,0.00016666851259403766,evaluable,3.0,24.0,1000.0,,,True,MOCK DATA / NOT A SCIENTIFIC RESULT,displacement-report-draft-v1
non_speaking,4,MOCK_G13,MOCK_S26,jaw,-0.000654491729281,-0.0005817103924376927,-7.278133684330721e-05,evaluable,3.0,20.0,1000.0,,,True,MOCK DATA / NOT A SCIENTIFIC RESULT,displacement-report-draft-v1
non_speaking,4,MOCK_G13,MOCK_S26,left_brow,-0.0005757444303546,-0.00029966666612235587,-0.00027607776423224417,evaluable,3.0,20.0,1000.0,,,True,MOCK DATA / NOT A SCIENTIFIC RESULT,displacement-report-draft-v1
non_speaking,4,MOCK_G13,MOCK_S26,left_cheek,-0.0007303251962241,0.00020645640764758189,-0.0009367816038716819,evaluable,1.0,6.0,1000.0,,,True,MOCK DATA / NOT A SCIENTIFIC RESULT,displacement-report-draft-v1
non_speaking,4,MOCK_G13,MOCK_S26,left_eyelid,0.0005730958129812,0.0003451831828227427,0.00022791263015845724,evaluable,2.0,16.0,1000.0,,,True,MOCK DATA / NOT A SCIENTIFIC RESULT,displacement-report-draft-v1
non_speaking,4,MOCK_G13,MOCK_S26,mouth,-0.0001783716274262392,-8.430699994057083e-05,-9.406462748566836e-05,evaluable,3.0,18.0,1000.0,,,True,MOCK DATA / NOT A SCIENTIFIC RESULT,displacement-report-draft-v1
non_speaking,4,MOCK_G13,MOCK_S26,right_brow,-0.0004308212997239,-0.00018736010341139947,-0.00024346119631250054,evaluable,3.0,20.0,1000.0,,,True,MOCK DATA / NOT A SCIENTIFIC RESULT,displacement-report-draft-v1
non_speaking,4,MOCK_G13,MOCK_S26,right_cheek,,,,unevaluable_region,0.0,0.0,1000.0,,,True,MOCK DATA / NOT A SCIENTIFIC RESULT,displacement-report-draft-v1
non_speaking,4,MOCK_G13,MOCK_S26,right_eyelid,-0.00024669942162020003,-0.00035260173481576154,0.0001059023131955615,evaluable,3.0,24.0,1000.0,,,True,MOCK DATA / NOT A SCIENTIFIC RESULT,displacement-report-draft-v1
non_speaking,4,MOCK_G14,MOCK_S27,jaw,-0.0008127949182562001,-0.0006138790830105854,-0.00019891583524561467,evaluable,3.0,20.0,1000.0,,,True,MOCK DATA / NOT A SCIENTIFIC RESULT,displacement-report-draft-v1
non_speaking,4,MOCK_G14,MOCK_S27,left_brow,-0.0007153290954830333,-0.00038862912657737145,-0.0003266999689056618,evaluable,3.0,20.0,1000.0,,,True,MOCK DATA / NOT A SCIENTIFIC RESULT,displacement-report-draft-v1
non_speaking,4,MOCK_G14,MOCK_S27,left_cheek,-0.0007079449022125,0.0003054322727903671,-0.001013377175002867,evaluable,1.0,6.0,1000.0,,,True,MOCK DATA / NOT A SCIENTIFIC RESULT,displacement-report-draft-v1
non_speaking,4,MOCK_G14,MOCK_S27,left_eyelid,0.0006309538377224,0.0003825715554776506,0.0002483822822447494,evaluable,2.0,16.0,1000.0,,,True,MOCK DATA / NOT A SCIENTIFIC RESULT,displacement-report-draft-v1
non_speaking,4,MOCK_G14,MOCK_S27,mouth,-0.0003667248650995667,-0.0002462542894002117,-0.00012047057569935501,evaluable,3.0,18.0,1000.0,,,True,MOCK DATA / NOT A SCIENTIFIC RESULT,displacement-report-draft-v1
non_speaking,4,MOCK_G14,MOCK_S27,right_brow,-0.00027685685496003335,-7.029820518365793e-05,-0.00020655864977637542,evaluable,3.0,20.0,1000.0,,,True,MOCK DATA / NOT A SCIENTIFIC RESULT,displacement-report-draft-v1
non_speaking,4,MOCK_G14,MOCK_S27,right_cheek,,,,unevaluable_region,0.0,0.0,1000.0,,,True,MOCK DATA / NOT A SCIENTIFIC RESULT,displacement-report-draft-v1
non_speaking,4,MOCK_G14,MOCK_S27,right_eyelid,-0.0003954667221649333,-0.00043358785666691973,3.8121134501986436e-05,evaluable,3.0,24.0,1000.0,,,True,MOCK DATA / NOT A SCIENTIFIC RESULT,displacement-report-draft-v1
non_speaking,4,MOCK_G14,MOCK_S28,jaw,-0.0009386239620844333,-0.0006125477955156559,-0.00032607616656877734,evaluable,3.0,20.0,1000.0,,,True,MOCK DATA / NOT A SCIENTIFIC RESULT,displacement-report-draft-v1
non_speaking,4,MOCK_G14,MOCK_S28,left_brow,-0.0008147128343258666,-0.0004409519135933036,-0.00037376092073256305,evaluable,3.0,20.0,1000.0,,,True,MOCK DATA / NOT A SCIENTIFIC RESULT,displacement-report-draft-v1
non_speaking,4,MOCK_G14,MOCK_S28,left_cheek,-0.0007011254199214,0.0003530619209979336,-0.0010541873409193336,evaluable,1.0,6.0,1000.0,,,True,MOCK DATA / NOT A SCIENTIFIC RESULT,displacement-report-draft-v1
non_speaking,4,MOCK_G14,MOCK_S28,left_eyelid,0.0005932030101863,0.00035817663335120615,0.00023502637683509383,evaluable,2.0,16.0,1000.0,,,True,MOCK DATA / NOT A SCIENTIFIC RESULT,displacement-report-draft-v1
non_speaking,4,MOCK_G14,MOCK_S28,mouth,-0.0005464302946669,-0.00041017046074401034,-0.00013625983392288968,evaluable,3.0,18.0,1000.0,,,True,MOCK DATA / NOT A SCIENTIFIC RESULT,displacement-report-draft-v1
non_speaking,4,MOCK_G14,MOCK_S28,right_brow,-0.00010609942050023332,2.491278359129922e-05,-0.00013101220409153253,evaluable,3.0,20.0,1000.0,,,True,MOCK DATA / NOT A SCIENTIFIC RESULT,displacement-report-draft-v1
non_speaking,4,MOCK_G14,MOCK_S28,right_cheek,,,,unevaluable_region,0.0,0.0,1000.0,,,True,MOCK DATA / NOT A SCIENTIFIC RESULT,displacement-report-draft-v1
non_speaking,4,MOCK_G14,MOCK_S28,right_eyelid,-0.0005130590440573999,-0.0004846027985391327,-2.845624551826723e-05,evaluable,3.0,24.0,1000.0,,,True,MOCK DATA / NOT A SCIENTIFIC RESULT,displacement-report-draft-v1
non_speaking,4,MOCK_G15,MOCK_S29,jaw,-0.001016721513621,-0.0005778779546513783,-0.00043884355896962174,evaluable,3.0,20.0,1000.0,,,True,MOCK DATA / NOT A SCIENTIFIC RESULT,displacement-report-draft-v1
non_speaking,4,MOCK_G15,MOCK_S29,left_brow,-0.0008618449139368334,-0.0004502906499040956,-0.0004115542640327378,evaluable,3.0,20.0,1000.0,,,True,MOCK DATA / NOT A SCIENTIFIC RESULT,displacement-report-draft-v1
non_speaking,4,MOCK_G15,MOCK_S29,left_cheek,-0.000710693642773,0.0003435700395525631,-0.001054263682325563,evaluable,1.0,6.0,1000.0,,,True,MOCK DATA / NOT A SCIENTIFIC RESULT,displacement-report-draft-v1
non_speaking,4,MOCK_G15,MOCK_S29,left_eyelid,0.00046442079089535,0.00027495641234109294,0.00018946437855425703,evaluable,2.0,16.0,1000.0,,,True,MOCK DATA / NOT A SCIENTIFIC RESULT,displacement-report-draft-v1
non_speaking,4,MOCK_G15,MOCK_S29,mouth,-0.0006956978107658,-0.0005561799283939211,-0.00013951788237187893,evaluable,3.0,18.0,1000.0,,,True,MOCK DATA / NOT A SCIENTIFIC RESULT,displacement-report-draft-v1
non_speaking,4,MOCK_G15,MOCK_S29,right_brow,6.074588363059208e-05,8.672809500036951e-05,-2.598221136977743e-05,evaluable,3.0,20.0,1000.0,,,True,MOCK DATA / NOT A SCIENTIFIC RESULT,displacement-report-draft-v1
non_speaking,4,MOCK_G15,MOCK_S29,right_cheek,,,,unevaluable_region,0.0,0.0,1000.0,,,True,MOCK DATA / NOT A SCIENTIFIC RESULT,displacement-report-draft-v1
non_speaking,4,MOCK_G15,MOCK_S29,right_eyelid,-0.0005852177803649667,-0.0004994607653724505,-8.575701499251623e-05,evaluable,3.0,24.0,1000.0,,,True,MOCK DATA / NOT A SCIENTIFIC RESULT,displacement-report-draft-v1
non_speaking,4,MOCK_G15,MOCK_S30,jaw,-0.0010376178875000346,-0.0005140734372130153,-0.0005235444502870193,evaluable,3.0,20.0,1000.0,,,True,MOCK DATA / NOT A SCIENTIFIC RESULT,displacement-report-draft-v1
non_speaking,4,MOCK_G15,MOCK_S30,left_brow,-0.0008510103540666,-0.000415512971013798,-0.00043549738305280196,evaluable,3.0,20.0,1000.0,,,True,MOCK DATA / NOT A SCIENTIFIC RESULT,displacement-report-draft-v1
non_speaking,4,MOCK_G15,MOCK_S30,left_cheek,-0.0007354893799785,0.0002781075624982535,-0.0010135969424767536,evaluable,1.0,6.0,1000.0,,,True,MOCK DATA / NOT A SCIENTIFIC RESULT,displacement-report-draft-v1
non_speaking,4,MOCK_G15,MOCK_S30,left_eyelid,0.00026022261302775,0.00014300172491944627,0.00011722088810830371,evaluable,2.0,16.0,1000.0,,,True,MOCK DATA / NOT A SCIENTIFIC RESULT,displacement-report-draft-v1
non_speaking,4,MOCK_G15,MOCK_S30,mouth,-0.000796428044274,-0.0006665783765055184,-0.0001298496677684816,evaluable,3.0,18.0,1000.0,,,True,MOCK DATA / NOT A SCIENTIFIC RESULT,displacement-report-draft-v1
non_speaking,4,MOCK_G15,MOCK_S30,right_brow,0.00020344830110527573,0.0001076523397731165,9.579596133215924e-05,evaluable,3.0,20.0,1000.0,,,True,MOCK DATA / NOT A SCIENTIFIC RESULT,displacement-report-draft-v1
non_speaking,4,MOCK_G15,MOCK_S30,right_cheek,,,,unevaluable_region,0.0,0.0,1000.0,,,True,MOCK DATA / NOT A SCIENTIFIC RESULT,displacement-report-draft-v1
non_speaking,4,MOCK_G15,MOCK_S30,right_eyelid,-0.000603193354234275,-0.00047636016072351794,-0.00012683319351075703,evaluable,3.0,24.0,1000.0,,,True,MOCK DATA / NOT A SCIENTIFIC RESULT,displacement-report-draft-v1
speaking,0,MOCK_G01,MOCK_S01,jaw,0.00020763213568027552,-3.782947833062514e-06,0.00021141508351333804,evaluable,3.0,20.0,1000.0,,,True,MOCK DATA / NOT A SCIENTIFIC RESULT,displacement-report-draft-v1
speaking,0,MOCK_G01,MOCK_S01,left_brow,0.0006188388693380666,0.00032033396778373755,0.0002985049015543291,evaluable,3.0,20.0,1000.0,,,True,MOCK DATA / NOT A SCIENTIFIC RESULT,displacement-report-draft-v1
speaking,0,MOCK_G01,MOCK_S01,left_cheek,0.0003651546507042333,1.2071413684269219e-05,0.00035308323701996406,evaluable,3.0,14.0,1000.0,,,True,MOCK DATA / NOT A SCIENTIFIC RESULT,displacement-report-draft-v1
speaking,0,MOCK_G01,MOCK_S01,left_eyelid,-0.0002813717341215333,-0.00021273361646625684,-6.863811765527646e-05,evaluable,3.0,20.0,1000.0,,,True,MOCK DATA / NOT A SCIENTIFIC RESULT,displacement-report-draft-v1
speaking,0,MOCK_G01,MOCK_S01,mouth,0.0002762988260967,-1.922005654069868e-05,0.0002955188826373987,evaluable,3.0,18.0,1000.0,,,True,MOCK DATA / NOT A SCIENTIFIC RESULT,displacement-report-draft-v1
speaking,0,MOCK_G01,MOCK_S01,right_brow,0.00026614483557256665,-0.00024720610246351595,0.0005133509380360826,evaluable,3.0,20.0,1000.0,,,True,MOCK DATA / NOT A SCIENTIFIC RESULT,displacement-report-draft-v1
speaking,0,MOCK_G01,MOCK_S01,right_cheek,-0.0003341116757042334,-0.0004126417045050852,7.853002880085178e-05,evaluable,3.0,38.0,1000.0,,,True,MOCK DATA / NOT A SCIENTIFIC RESULT,displacement-report-draft-v1
speaking,0,MOCK_G01,MOCK_S01,right_eyelid,0.000653582177199059,0.0003469213716240347,0.0003066608055750243,evaluable,3.0,24.0,1000.0,,,True,MOCK DATA / NOT A SCIENTIFIC RESULT,displacement-report-draft-v1
speaking,0,MOCK_G01,MOCK_S02,jaw,0.00028956362894136584,-3.543492102062129e-05,0.00032499854996198715,evaluable,3.0,20.0,1000.0,,,True,MOCK DATA / NOT A SCIENTIFIC RESULT,displacement-report-draft-v1
speaking,0,MOCK_G01,MOCK_S02,left_brow,0.0006700091125875666,0.0003333444621337294,0.0003366646504538372,evaluable,3.0,20.0,1000.0,,,True,MOCK DATA / NOT A SCIENTIFIC RESULT,displacement-report-draft-v1
speaking,0,MOCK_G01,MOCK_S02,left_cheek,0.0001904683428834,-0.00010289493242268738,0.0002933632753060874,evaluable,3.0,14.0,1000.0,,,True,MOCK DATA / NOT A SCIENTIFIC RESULT,displacement-report-draft-v1
speaking,0,MOCK_G01,MOCK_S02,left_eyelid,-0.00018976887765296668,-0.00011061904377860766,-7.914983387435902e-05,evaluable,3.0,20.0,1000.0,,,True,MOCK DATA / NOT A SCIENTIFIC RESULT,displacement-report-draft-v1
speaking,0,MOCK_G01,MOCK_S02,mouth,0.0004284230906778667,0.0001265678237075921,0.00030185526697027457,evaluable,3.0,18.0,1000.0,,,True,MOCK DATA / NOT A SCIENTIFIC RESULT,displacement-report-draft-v1
speaking,0,MOCK_G01,MOCK_S02,right_brow,9.832090624646666e-05,-0.0002940312373367325,0.00039235214358319915,evaluable,3.0,20.0,1000.0,,,True,MOCK DATA / NOT A SCIENTIFIC RESULT,displacement-report-draft-v1
speaking,0,MOCK_G01,MOCK_S02,right_cheek,-0.00028617673781436664,-0.0003446007903503699,5.842405253600328e-05,evaluable,3.0,38.0,1000.0,,,True,MOCK DATA / NOT A SCIENTIFIC RESULT,displacement-report-draft-v1
speaking,0,MOCK_G01,MOCK_S02,right_eyelid,0.0007293812570523828,0.00030775664135837034,0.0004216246156940125,evaluable,3.0,24.0,1000.0,,,True,MOCK DATA / NOT A SCIENTIFIC RESULT,displacement-report-draft-v1
speaking,0,MOCK_G02,MOCK_S03,jaw,0.00031475355190113333,-9.730573864814199e-05,0.00041205929054927533,evaluable,3.0,20.0,1000.0,,,True,MOCK DATA / NOT A SCIENTIFIC RESULT,displacement-report-draft-v1
speaking,0,MOCK_G02,MOCK_S03,left_brow,0.0006633930038334666,0.000302448634590048,0.0003609443692434186,evaluable,3.0,20.0,1000.0,,,True,MOCK DATA / NOT A SCIENTIFIC RESULT,displacement-report-draft-v1
speaking,0,MOCK_G02,MOCK_S03,left_cheek,1.6142194951499997e-05,-0.00020238258028066957,0.00021852477523216958,evaluable,3.0,14.0,1000.0,,,True,MOCK DATA / NOT A SCIENTIFIC RESULT,displacement-report-draft-v1
speaking,0,MOCK_G02,MOCK_S03,left_eyelid,-5.1700358984373765e-05,1.5324254544230303e-05,-6.702461352860406e-05,evaluable,3.0,20.0,1000.0,,,True,MOCK DATA / NOT A SCIENTIFIC RESULT,displacement-report-draft-v1
speaking,0,MOCK_G02,MOCK_S03,mouth,0.0005331402506112334,0.0002375969983779636,0.00029554325223326975,evaluable,3.0,18.0,1000.0,,,True,MOCK DATA / NOT A SCIENTIFIC RESULT,displacement-report-draft-v1
speaking,0,MOCK_G02,MOCK_S03,right_brow,-4.6748088903919125e-05,-0.00031014773058571967,0.00026339964168180057,evaluable,3.0,20.0,1000.0,,,True,MOCK DATA / NOT A SCIENTIFIC RESULT,displacement-report-draft-v1
speaking,0,MOCK_G02,MOCK_S03,right_cheek,-0.00016886485810333333,-0.00023006704404893104,6.12021859455977e-05,evaluable,3.0,38.0,1000.0,,,True,MOCK DATA / NOT A SCIENTIFIC RESULT,displacement-report-draft-v1
speaking,0,MOCK_G02,MOCK_S03,right_eyelid,0.0007514163168834668,0.00023066816014946585,0.0005207481567340009,evaluable,3.0,24.0,1000.0,,,True,MOCK DATA / NOT A SCIENTIFIC RESULT,displacement-report-draft-v1
speaking,0,MOCK_G02,MOCK_S04,jaw,0.00028014751117423327,-0.0001818932810622895,0.00046204079223652274,evaluable,3.0,20.0,1000.0,,,True,MOCK DATA / NOT A SCIENTIFIC RESULT,displacement-report-draft-v1
speaking,0,MOCK_G02,MOCK_S04,left_brow,0.0005997927765262334,0.00023139274556934584,0.0003684000309568876,evaluable,3.0,20.0,1000.0,,,True,MOCK DATA / NOT A SCIENTIFIC RESULT,displacement-report-draft-v1
speaking,0,MOCK_G02,MOCK_S04,left_cheek,-0.00013668595023377488,-0.00027432819750003885,0.00013764224726626396,evaluable,3.0,14.0,1000.0,,,True,MOCK DATA / NOT A SCIENTIFIC RESULT,displacement-report-draft-v1
speaking,0,MOCK_G02,MOCK_S04,left_eyelid,0.00011609238242809998,0.00014982507747756318,-3.3732695049463196e-05,evaluable,3.0,20.0,1000.0,,,True,MOCK DATA / NOT A SCIENTIFIC RESULT,displacement-report-draft-v1
speaking,0,MOCK_G02,MOCK_S04,mouth,0.0005777528712466333,0.00030040467216029763,0.00027734819908633565,evaluable,3.0,18.0,1000.0,,,True,MOCK DATA / NOT A SCIENTIFIC RESULT,displacement-report-draft-v1
speaking,0,MOCK_G02,MOCK_S04,right_brow,-0.00015147187062679998,-0.0002936013836822761,0.00014212951305547612,evaluable,3.0,20.0,1000.0,,,True,MOCK DATA / NOT A SCIENTIFIC RESULT,displacement-report-draft-v1
speaking,0,MOCK_G02,MOCK_S04,right_cheek,3.599361393483001e-06,-8.292820625213595e-05,8.652756764561895e-05,evaluable,3.0,38.0,1000.0,,,True,MOCK DATA / NOT A SCIENTIFIC RESULT,displacement-report-draft-v1
speaking,0,MOCK_G02,MOCK_S04,right_eyelid,0.0007170155048926999,0.00012500325897015123,0.0005920122459225487,evaluable,3.0,24.0,1000.0,,,True,MOCK DATA / NOT A SCIENTIFIC RESULT,displacement-report-draft-v1
speaking,0,MOCK_G03,MOCK_S05,jaw,0.0001899416474974,-0.0002789409218161185,0.0004688825693135185,evaluable,3.0,20.0,1000.0,,,True,MOCK DATA / NOT A SCIENTIFIC RESULT,displacement-report-draft-v1
speaking,0,MOCK_G03,MOCK_S05,left_brow,0.0004869202491538667,0.00012879264664669588,0.00035812760250717086,evaluable,3.0,20.0,1000.0,,,True,MOCK DATA / NOT A SCIENTIFIC RESULT,displacement-report-draft-v1
speaking,0,MOCK_G03,MOCK_S05,left_cheek,-0.00024948498098610004,-0.0003100080488917279,6.052306790562789e-05,evaluable,3.0,14.0,1000.0,,,True,MOCK DATA / NOT A SCIENTIFIC RESULT,displacement-report-draft-v1
speaking,0,MOCK_G03,MOCK_S05,left_eyelid,0.0002932637091531,0.0002765745849928522,1.66891241602478e-05,evaluable,3.0,20.0,1000.0,,,True,MOCK DATA / NOT A SCIENTIFIC RESULT,displacement-report-draft-v1
speaking,0,MOCK_G03,MOCK_S05,mouth,0.0005568514682602666,0.00030737512730701923,0.0002494763409532474,evaluable,3.0,18.0,1000.0,,,True,MOCK DATA / NOT A SCIENTIFIC RESULT,displacement-report-draft-v1
speaking,0,MOCK_G03,MOCK_S05,right_brow,-0.00020315220134981658,-0.00024639851687650156,4.324631552668498e-05,evaluable,3.0,20.0,1000.0,,,True,MOCK DATA / NOT A SCIENTIFIC RESULT,displacement-report-draft-v1
speaking,0,MOCK_G03,MOCK_S05,right_cheek,0.0002103038451581333,7.897446589919351e-05,0.00013132937925893978,evaluable,3.0,38.0,1000.0,,,True,MOCK DATA / NOT A SCIENTIFIC RESULT,displacement-report-draft-v1
speaking,0,MOCK_G03,MOCK_S05,right_eyelid,0.0006303500768937666,3.5742904319326916e-06,0.0006267757864618339,evaluable,3.0,24.0,1000.0,,,True,MOCK DATA / NOT A SCIENTIFIC RESULT,displacement-report-draft-v1
speaking,0,MOCK_G03,MOCK_S06,jaw,5.507383447063332e-05,-0.00037668119054269487,0.0004317550250133282,evaluable,3.0,20.0,1000.0,,,True,MOCK DATA / NOT A SCIENTIFIC RESULT,displacement-report-draft-v1
speaking,0,MOCK_G03,MOCK_S06,left_brow,0.00033846173197353324,7.0890691406462e-06,0.000331372662832887,evaluable,3.0,20.0,1000.0,,,True,MOCK DATA / NOT A SCIENTIFIC RESULT,displacement-report-draft-v1
speaking,0,MOCK_G03,MOCK_S06,left_cheek,-0.00030857749884953333,-0.0003050957892639898,-3.481709585543538e-06,evaluable,3.0,14.0,1000.0,,,True,MOCK DATA / NOT A SCIENTIFIC RESULT,displacement-report-draft-v1
speaking,0,MOCK_G03,MOCK_S06,left_eyelid,0.0004583307873894,0.00038020381951301465,7.812696787638535e-05,evaluable,3.0,20.0,1000.0,,,True,MOCK DATA / NOT A SCIENTIFIC RESULT,displacement-report-draft-v1
speaking,0,MOCK_G03,MOCK_S06,mouth,0.0004729704323735667,0.00025766316424661337,0.00021530726812695334,evaluable,3.0,18.0,1000.0,,,True,MOCK DATA / NOT A SCIENTIFIC RESULT,displacement-report-draft-v1
speaking,0,MOCK_G03,MOCK_S06,right_brow,-0.00019552260457106783,-0.00017426269368890727,-2.125991088216056e-05,evaluable,3.0,20.0,1000.0,,,True,MOCK DATA / NOT A SCIENTIFIC RESULT,displacement-report-draft-v1
speaking,0,MOCK_G03,MOCK_S06,right_cheek,0.0004261847290047812,0.00023600953281448478,0.00019017519619029643,evaluable,3.0,38.0,1000.0,,,True,MOCK DATA / NOT A SCIENTIFIC RESULT,displacement-report-draft-v1
speaking,0,MOCK_G03,MOCK_S06,right_eyelid,0.0005019286124656666,-0.0001188949275767498,0.0006208235400424164,evaluable,3.0,24.0,1000.0,,,True,MOCK DATA / NOT A SCIENTIFIC RESULT,displacement-report-draft-v1
speaking,1,MOCK_G04,MOCK_S07,jaw,-0.00010810258864996348,-0.0004729655868301087,0.00036486299818014523,evaluable,3.0,20.0,1000.0,,,True,MOCK DATA / NOT A SCIENTIFIC RESULT,displacement-report-draft-v1
speaking,1,MOCK_G04,MOCK_S07,left_brow,0.000172418499288,-0.00012062299259810378,0.00029304149188610375,evaluable,3.0,20.0,1000.0,,,True,MOCK DATA / NOT A SCIENTIFIC RESULT,displacement-report-draft-v1
speaking,1,MOCK_G04,MOCK_S07,left_cheek,-0.0003067982657259667,-0.00026381857810634917,-4.2979687619617505e-05,evaluable,3.0,14.0,1000.0,,,True,MOCK DATA / NOT A SCIENTIFIC RESULT,displacement-report-draft-v1
speaking,1,MOCK_G04,MOCK_S07,left_eyelid,0.0005912784788336,0.0004435441871234881,0.0001477342917101119,evaluable,3.0,20.0,1000.0,,,True,MOCK DATA / NOT A SCIENTIFIC RESULT,displacement-report-draft-v1
speaking,1,MOCK_G04,MOCK_S07,mouth,0.0003362807228853666,0.00015840938106249342,0.00017787134182287317,evaluable,3.0,18.0,1000.0,,,True,MOCK DATA / NOT A SCIENTIFIC RESULT,displacement-report-draft-v1
speaking,1,MOCK_G04,MOCK_S07,right_brow,-0.00012950820380016668,-8.608270481621919e-05,-4.342549898394749e-05,evaluable,3.0,20.0,1000.0,,,True,MOCK DATA / NOT A SCIENTIFIC RESULT,displacement-report-draft-v1
speaking,1,MOCK_G04,MOCK_S07,right_cheek,0.0006250654682619333,0.00036720037001715644,0.00025786509824477687,evaluable,3.0,38.0,1000.0,,,True,MOCK DATA / NOT A SCIENTIFIC RESULT,displacement-report-draft-v1
speaking,1,MOCK_G04,MOCK_S07,right_eyelid,0.00034732280160933333,-0.00022995150684410702,0.0005772743084534403,evaluable,3.0,24.0,1000.0,,,True,MOCK DATA / NOT A SCIENTIFIC RESULT,displacement-report-draft-v1
speaking,1,MOCK_G04,MOCK_S08,jaw,-0.0002798017341423667,-0.0005355423682795679,0.00025574063413720126,evaluable,3.0,20.0,1000.0,,,True,MOCK DATA / NOT A SCIENTIFIC RESULT,displacement-report-draft-v1
speaking,1,MOCK_G04,MOCK_S08,left_brow,8.924052592833334e-06,-0.00023766527916111978,0.0002465893317539531,evaluable,3.0,20.0,1000.0,,,True,MOCK DATA / NOT A SCIENTIFIC RESULT,displacement-report-draft-v1
speaking,1,MOCK_G04,MOCK_S08,left_cheek,-0.00024436302177036664,-0.00018392580066698642,-6.0437221103380224e-05,evaluable,3.0,14.0,1000.0,,,True,MOCK DATA / NOT A SCIENTIFIC RESULT,displacement-report-draft-v1
speaking,1,MOCK_G04,MOCK_S08,left_eyelid,0.0006759862677549001,0.0004663101429355041,0.00020967612481939603,evaluable,3.0,20.0,1000.0,,,True,MOCK DATA / NOT A SCIENTIFIC RESULT,displacement-report-draft-v1
speaking,1,MOCK_G04,MOCK_S08,mouth,0.0001633565923314667,1.8383283853505554e-05,0.00014497330847796115,evaluable,3.0,18.0,1000.0,,,True,MOCK DATA / NOT A SCIENTIFIC RESULT,displacement-report-draft-v1
speaking,1,MOCK_G04,MOCK_S08,right_brow,-1.3113547100496127e-05,9.590065361919254e-06,-2.270361246241538e-05,evaluable,3.0,20.0,1000.0,,,True,MOCK DATA / NOT A SCIENTIFIC RESULT,displacement-report-draft-v1
speaking,1,MOCK_G04,MOCK_S08,right_cheek,0.0007828308635535001,0.0004579051454048291,0.00032492571814867095,evaluable,3.0,38.0,1000.0,,,True,MOCK DATA / NOT A SCIENTIFIC RESULT,displacement-report-draft-v1
speaking,1,MOCK_G04,MOCK_S08,right_eyelid,0.0001852793061052,-0.00031212640919722225,0.0004974057153024222,evaluable,3.0,24.0,1000.0,,,True,MOCK DATA / NOT A SCIENTIFIC RESULT,displacement-report-draft-v1
speaking,1,MOCK_G05,MOCK_S09,jaw,-0.0004392042952112666,-0.0005680526227331636,0.000128848327521897,evaluable,3.0,20.0,1000.0,,,True,MOCK DATA / NOT A SCIENTIFIC RESULT,displacement-report-draft-v1
speaking,1,MOCK_G05,MOCK_S09,left_brow,-0.00013219715857671892,-0.00033019446030745097,0.00019799730173073206,evaluable,3.0,20.0,1000.0,,,True,MOCK DATA / NOT A SCIENTIFIC RESULT,displacement-report-draft-v1
speaking,1,MOCK_G05,MOCK_S09,left_cheek,-0.0001288423259102062,-7.92122724497765e-05,-4.963005346042971e-05,evaluable,3.0,14.0,1000.0,,,True,MOCK DATA / NOT A SCIENTIFIC RESULT,displacement-report-draft-v1
speaking,1,MOCK_G05,MOCK_S09,left_eyelid,0.0007021829472672,0.00044250811787757964,0.00025967482938962034,evaluable,3.0,20.0,1000.0,,,True,MOCK DATA / NOT A SCIENTIFIC RESULT,displacement-report-draft-v1
speaking,1,MOCK_G05,MOCK_S09,mouth,-2.483411745063333e-05,-0.00014363539845199468,0.00011880128100136136,evaluable,3.0,18.0,1000.0,,,True,MOCK DATA / NOT A SCIENTIFIC RESULT,displacement-report-draft-v1
speaking,1,MOCK_G05,MOCK_S09,right_brow,0.00013954798097828692,9.954329667975287e-05,4.000468429853405e-05,evaluable,3.0,20.0,1000.0,,,True,MOCK DATA / NOT A SCIENTIFIC RESULT,displacement-report-draft-v1
speaking,1,MOCK_G05,MOCK_S09,right_cheek,0.0008803511390331999,0.0004977296772623044,0.0003826214617708955,evaluable,3.0,38.0,1000.0,,,True,MOCK DATA / NOT A SCIENTIFIC RESULT,displacement-report-draft-v1
speaking,1,MOCK_G05,MOCK_S09,right_eyelid,3.544664101960001e-05,-0.0003569803381948715,0.00039242697921447147,evaluable,3.0,24.0,1000.0,,,True,MOCK DATA / NOT A SCIENTIFIC RESULT,displacement-report-draft-v1
speaking,1,MOCK_G05,MOCK_S10,jaw,-0.0005669819821710666,-0.0005665543331265666,-4.2764904450000394e-07,evaluable,3.0,20.0,1000.0,,,True,MOCK DATA / NOT A SCIENTIFIC RESULT,displacement-report-draft-v1
speaking,1,MOCK_G05,MOCK_S10,left_brow,-0.0002338335418348,-0.00038699094956637505,0.00015315740773157505,evaluable,3.0,20.0,1000.0,,,True,MOCK DATA / NOT A SCIENTIFIC RESULT,displacement-report-draft-v1
speaking,1,MOCK_G05,MOCK_S10,left_cheek,2.5756409054499995e-05,3.76250122573088e-05,-1.1868603202808807e-05,evaluable,3.0,14.0,1000.0,,,True,MOCK DATA / NOT A SCIENTIFIC RESULT,displacement-report-draft-v1
speaking,1,MOCK_G05,MOCK_S10,left_eyelid,0.0006666920501480333,0.0003750242163657373,0.000291667833782296,evaluable,3.0,20.0,1000.0,,,True,MOCK DATA / NOT A SCIENTIFIC RESULT,displacement-report-draft-v1
speaking,1,MOCK_G05,MOCK_S10,mouth,-0.00020547242205813332,-0.000308001159501568,0.00010252873744343469,evaluable,3.0,18.0,1000.0,,,True,MOCK DATA / NOT A SCIENTIFIC RESULT,displacement-report-draft-v1
speaking,1,MOCK_G05,MOCK_S10,right_brow,0.00030996547183626666,0.00017286974836645453,0.00013709572346981214,evaluable,3.0,20.0,1000.0,,,True,MOCK DATA / NOT A SCIENTIFIC RESULT,displacement-report-draft-v1
speaking,1,MOCK_G05,MOCK_S10,right_cheek,0.0009058015152117667,0.0004818450589323279,0.00042395645627943884,evaluable,3.0,38.0,1000.0,,,True,MOCK DATA / NOT A SCIENTIFIC RESULT,displacement-report-draft-v1
speaking,1,MOCK_G05,MOCK_S10,right_eyelid,-8.400729762549e-05,-0.00035907454977054167,0.0002750672521450517,evaluable,3.0,24.0,1000.0,,,True,MOCK DATA / NOT A SCIENTIFIC RESULT,displacement-report-draft-v1
speaking,1,MOCK_G06,MOCK_S11,jaw,-0.0006476411659838334,-0.0005312291739281978,-0.00011641199205563552,evaluable,3.0,20.0,1000.0,,,True,MOCK DATA / NOT A SCIENTIFIC RESULT,displacement-report-draft-v1
speaking,1,MOCK_G06,MOCK_S11,left_brow,-0.0002836612207956333,-0.0004011679128107859,0.00011750669201515262,evaluable,3.0,20.0,1000.0,,,True,MOCK DATA / NOT A SCIENTIFIC RESULT,displacement-report-draft-v1
speaking,1,MOCK_G06,MOCK_S11,left_cheek,0.00020068737932760002,0.00015241899823415284,4.8268381093447184e-05,evaluable,3.0,14.0,1000.0,,,True,MOCK DATA / NOT A SCIENTIFIC RESULT,displacement-report-draft-v1
speaking,1,MOCK_G06,MOCK_S11,left_eyelid,0.0005738170100193666,0.00027204117015022273,0.0003017758398691439,evaluable,3.0,20.0,1000.0,,,True,MOCK DATA / NOT A SCIENTIFIC RESULT,displacement-report-draft-v1
speaking,1,MOCK_G06,MOCK_S11,mouth,-0.0003566551007625995,-0.0004547838989087811,9.812879814618164e-05,evaluable,3.0,18.0,1000.0,,,True,MOCK DATA / NOT A SCIENTIFIC RESULT,displacement-report-draft-v1
speaking,1,MOCK_G06,MOCK_S11,right_brow,0.0004774750251653333,0.00022067825273742472,0.0002567967724279086,evaluable,3.0,20.0,1000.0,,,True,MOCK DATA / NOT A SCIENTIFIC RESULT,displacement-report-draft-v1
speaking,1,MOCK_G06,MOCK_S11,right_cheek,0.0008560960175595999,0.00041217737304848024,0.00044391864451111967,evaluable,3.0,38.0,1000.0,,,True,MOCK DATA / NOT A SCIENTIFIC RESULT,displacement-report-draft-v1
speaking,1,MOCK_G06,MOCK_S11,right_eyelid,-0.0001585981733506,-0.0003181551111911296,0.0001595569378405296,evaluable,3.0,24.0,1000.0,,,True,MOCK DATA / NOT A SCIENTIFIC RESULT,displacement-report-draft-v1
speaking,1,MOCK_G06,MOCK_S12,jaw,-0.0006714015516524643,-0.00046636048227894,-0.00020504106937352433,evaluable,3.0,20.0,1000.0,,,True,MOCK DATA / NOT A SCIENTIFIC RESULT,displacement-report-draft-v1
speaking,1,MOCK_G06,MOCK_S12,left_brow,-0.00027563836145813337,-0.00037100632839751736,9.536796693938399e-05,evaluable,3.0,20.0,1000.0,,,True,MOCK DATA / NOT A SCIENTIFIC RESULT,displacement-report-draft-v1
speaking,1,MOCK_G06,MOCK_S12,left_cheek,0.00037473940457573334,0.00025125038957829926,0.00012348901499743408,evaluable,3.0,14.0,1000.0,,,True,MOCK DATA / NOT A SCIENTIFIC RESULT,displacement-report-draft-v1
speaking,1,MOCK_G06,MOCK_S12,left_eyelid,0.00043481935033553334,0.00014604614466057726,0.0002887732056749561,evaluable,3.0,20.0,1000.0,,,True,MOCK DATA / NOT A SCIENTIFIC RESULT,displacement-report-draft-v1
speaking,1,MOCK_G06,MOCK_S12,mouth,-0.00046005056221546666,-0.0005661855380914645,0.00010613497587599782,evaluable,3.0,18.0,1000.0,,,True,MOCK DATA / NOT A SCIENTIFIC RESULT,displacement-report-draft-v1
speaking,1,MOCK_G06,MOCK_S12,right_brow,0.0006217653413844441,0.00023717180994702945,0.0003845935314374146,evaluable,3.0,20.0,1000.0,,,True,MOCK DATA / NOT A SCIENTIFIC RESULT,displacement-report-draft-v1
speaking,1,MOCK_G06,MOCK_S12,right_cheek,0.000737261665035227,0.00029717414520544574,0.00044008751982978125,evaluable,3.0,38.0,1000.0,,,True,MOCK DATA / NOT A SCIENTIFIC RESULT,displacement-report-draft-v1
speaking,1,MOCK_G06,MOCK_S12,right_eyelid,-0.00017928150127264727,-0.00023918369156238577,5.99021902897385e-05,evaluable,3.0,24.0,1000.0,,,True,MOCK DATA / NOT A SCIENTIFIC RESULT,displacement-report-draft-v1
speaking,2,MOCK_G07,MOCK_S13,jaw,-0.0006353820837273931,-0.0003812761621593492,-0.00025410592156804385,evaluable,3.0,20.0,1000.0,,,True,MOCK DATA / NOT A SCIENTIFIC RESULT,displacement-report-draft-v1
speaking,2,MOCK_G07,MOCK_S13,left_brow,-0.00021073777221593333,-0.0002804786068248926,6.974083460895927e-05,evaluable,3.0,20.0,1000.0,,,True,MOCK DATA / NOT A SCIENTIFIC RESULT,displacement-report-draft-v1
speaking,2,MOCK_G07,MOCK_S13,left_cheek,0.0005268078805704333,0.00032619840249262043,0.00020060947807781288,evaluable,3.0,14.0,1000.0,,,True,MOCK DATA / NOT A SCIENTIFIC RESULT,displacement-report-draft-v1
speaking,2,MOCK_G07,MOCK_S13,left_eyelid,0.00026655317315089997,2.2204119151988463e-05,0.0002443490539989115,evaluable,3.0,20.0,1000.0,,,True,MOCK DATA / NOT A SCIENTIFIC RESULT,displacement-report-draft-v1
speaking,2,MOCK_G07,MOCK_S13,mouth,-0.0005031216337531333,-0.0006280990688482198,0.00012497743509508644,evaluable,3.0,18.0,1000.0,,,True,MOCK DATA / NOT A SCIENTIFIC RESULT,displacement-report-draft-v1
speaking,2,MOCK_G07,MOCK_S13,right_brow,0.0007253405596241029,0.000214952642997144,0.000510387916626959,evaluable,3.0,20.0,1000.0,,,True,MOCK DATA / NOT A SCIENTIFIC RESULT,displacement-report-draft-v1
speaking,2,MOCK_G07,MOCK_S13,right_cheek,0.0005637076664668194,0.00015366187113606935,0.0004100457953307501,evaluable,3.0,38.0,1000.0,,,True,MOCK DATA / NOT A SCIENTIFIC RESULT,displacement-report-draft-v1
speaking,2,MOCK_G07,MOCK_S13,right_eyelid,-0.0001435493332691423,-0.00013378342289866252,-9.765910370479778e-06,evaluable,3.0,24.0,1000.0,,,True,MOCK DATA / NOT A SCIENTIFIC RESULT,displacement-report-draft-v1
speaking,2,MOCK_G07,MOCK_S14,jaw,-0.0005439502874585666,-0.00028614367578024685,-0.0002578066116783197,evaluable,3.0,20.0,1000.0,,,True,MOCK DATA / NOT A SCIENTIFIC RESULT,displacement-report-draft-v1
speaking,2,MOCK_G07,MOCK_S14,left_brow,-9.682894638988434e-05,-0.00017896266485270854,8.213371846282421e-05,evaluable,3.0,20.0,1000.0,,,True,MOCK DATA / NOT A SCIENTIFIC RESULT,displacement-report-draft-v1
speaking,2,MOCK_G07,MOCK_S14,left_cheek,0.0006384538089898,0.0003611609182718111,0.00027729289071798895,evaluable,3.0,14.0,1000.0,,,True,MOCK DATA / NOT A SCIENTIFIC RESULT,displacement-report-draft-v1
speaking,2,MOCK_G07,MOCK_S14,left_eyelid,8.942152214996667e-05,-0.00010377600592448293,0.0001931975280744496,evaluable,3.0,20.0,1000.0,,,True,MOCK DATA / NOT A SCIENTIFIC RESULT,displacement-report-draft-v1
speaking,2,MOCK_G07,MOCK_S14,mouth,-0.0004806457509314666,-0.0006359384906368662,0.00015529273970539954,evaluable,3.0,18.0,1000.0,,,True,MOCK DATA / NOT A SCIENTIFIC RESULT,displacement-report-draft-v1
speaking,2,MOCK_G07,MOCK_S14,right_brow,0.0007756417108881001,0.00016582261552579208,0.000609819095362308,evaluable,3.0,20.0,1000.0,,,True,MOCK DATA / NOT A SCIENTIFIC RESULT,displacement-report-draft-v1
speaking,2,MOCK_G07,MOCK_S14,right_cheek,0.00035647823806976667,-6.198448971330777e-06,0.00036267668704109744,evaluable,3.0,38.0,1000.0,,,True,MOCK DATA / NOT A SCIENTIFIC RESULT,displacement-report-draft-v1
speaking,2,MOCK_G07,MOCK_S14,right_eyelid,-5.573435816046666e-05,-9.775349591606452e-06,-4.595900856886021e-05,evaluable,3.0,24.0,1000.0,,,True,MOCK DATA / NOT A SCIENTIFIC RESULT,displacement-report-draft-v1
speaking,2,MOCK_G08,MOCK_S15,jaw,-0.0004081926863805333,-0.00019144337865500337,-0.00021674930772552992,evaluable,3.0,20.0,1000.0,,,True,MOCK DATA / NOT A SCIENTIFIC RESULT,displacement-report-draft-v1
speaking,2,MOCK_G08,MOCK_S15,left_brow,5.2276149834933325e-05,-5.921947259746777e-05,0.00011149562243240109,evaluable,3.0,20.0,1000.0,,,True,MOCK DATA / NOT A SCIENTIFIC RESULT,displacement-report-draft-v1
speaking,2,MOCK_G08,MOCK_S15,left_cheek,0.0006961396103104,0.0003551668637006004,0.00034097274660979963,evaluable,3.0,14.0,1000.0,,,True,MOCK DATA / NOT A SCIENTIFIC RESULT,displacement-report-draft-v1
speaking,2,MOCK_G08,MOCK_S15,left_eyelid,-7.509757972906666e-05,-0.00020615912644233526,0.0001310615467132686,evaluable,3.0,20.0,1000.0,,,True,MOCK DATA / NOT A SCIENTIFIC RESULT,displacement-report-draft-v1
speaking,2,MOCK_G08,MOCK_S15,mouth,-0.0003953482173540792,-0.0005868372061541862,0.00019148898880010697,evaluable,3.0,18.0,1000.0,,,True,MOCK DATA / NOT A SCIENTIFIC RESULT,displacement-report-draft-v1
speaking,2,MOCK_G08,MOCK_S15,right_brow,0.0007665695504928,9.164840894502192e-05,0.0006749211415477781,evaluable,3.0,20.0,1000.0,,,True,MOCK DATA / NOT A SCIENTIFIC RESULT,displacement-report-draft-v1
speaking,2,MOCK_G08,MOCK_S15,right_cheek,0.00014070089596783332,-0.00016045660920524897,0.0003011575051730823,evaluable,3.0,38.0,1000.0,,,True,MOCK DATA / NOT A SCIENTIFIC RESULT,displacement-report-draft-v1
speaking,2,MOCK_G08,MOCK_S15,right_eyelid,7.351545662897078e-05,0.00011425660772850207,-4.074115109953129e-05,evaluable,3.0,24.0,1000.0,,,True,MOCK DATA / NOT A SCIENTIFIC RESULT,displacement-report-draft-v1
speaking,2,MOCK_G08,MOCK_S16,jaw,-0.0002445705106207333,-0.00010865811499809637,-0.00013591239562263694,evaluable,3.0,20.0,1000.0,,,True,MOCK DATA / NOT A SCIENTIFIC RESULT,displacement-report-draft-v1
speaking,2,MOCK_G08,MOCK_S16,left_brow,0.0002184978414891333,6.423156013795398e-05,0.0001542662813511793,evaluable,3.0,20.0,1000.0,,,True,MOCK DATA / NOT A SCIENTIFIC RESULT,displacement-report-draft-v1
speaking,2,MOCK_G08,MOCK_S16,left_cheek,0.0006928706172496333,0.0003089430453143969,0.0003839275719352364,evaluable,3.0,14.0,1000.0,,,True,MOCK DATA / NOT A SCIENTIFIC RESULT,displacement-report-draft-v1
speaking,2,MOCK_G08,MOCK_S16,left_eyelid,-0.0002070554388228483,-0.00027253082070716883,6.547538188432053e-05,evaluable,3.0,20.0,1000.0,,,True,MOCK DATA / NOT A SCIENTIFIC RESULT,displacement-report-draft-v1
speaking,2,MOCK_G08,MOCK_S16,mouth,-0.0002575717491442044,-0.0004867489707479345,0.0002291772216037301,evaluable,3.0,18.0,1000.0,,,True,MOCK DATA / NOT A SCIENTIFIC RESULT,displacement-report-draft-v1
speaking,2,MOCK_G08,MOCK_S16,right_brow,0.0006992241193850666,1.4239850982331212e-06,0.0006978001342868335,evaluable,3.0,20.0,1000.0,,,True,MOCK DATA / NOT A SCIENTIFIC RESULT,displacement-report-draft-v1
speaking,2,MOCK_G08,MOCK_S16,right_cheek,-5.74603700776005e-05,-0.0002904081020133694,0.00023294773193576892,evaluable,3.0,38.0,1000.0,,,True,MOCK DATA / NOT A SCIENTIFIC RESULT,displacement-report-draft-v1
speaking,2,MOCK_G08,MOCK_S16,right_eyelid,0.00022852797982793335,0.0002232730068765616,5.25497295137176e-06,evaluable,3.0,24.0,1000.0,,,True,MOCK DATA / NOT A SCIENTIFIC RESULT,displacement-report-draft-v1
speaking,2,MOCK_G09,MOCK_S17,jaw,-7.29236974478e-05,-4.7825976713028696e-05,-2.5097720734771303e-05,evaluable,3.0,20.0,1000.0,,,True,MOCK DATA / NOT A SCIENTIFIC RESULT,displacement-report-draft-v1
speaking,2,MOCK_G09,MOCK_S17,left_brow,0.00038168098811076673,0.00017642143093169534,0.0002052595571790714,evaluable,3.0,20.0,1000.0,,,True,MOCK DATA / NOT A SCIENTIFIC RESULT,displacement-report-draft-v1
speaking,2,MOCK_G09,MOCK_S17,left_cheek,0.0006290432101695,0.00022809431253433283,0.0004009488976351672,evaluable,3.0,14.0,1000.0,,,True,MOCK DATA / NOT A SCIENTIFIC RESULT,displacement-report-draft-v1
speaking,2,MOCK_G09,MOCK_S17,left_eyelid,-0.00029045156110076665,-0.0002948432171850042,4.391656084237522e-06,evaluable,3.0,20.0,1000.0,,,True,MOCK DATA / NOT A SCIENTIFIC RESULT,displacement-report-draft-v1
speaking,2,MOCK_G09,MOCK_S17,mouth,-8.402237330396667e-05,-0.0003478099407952867,0.00026378756749132,evaluable,3.0,18.0,1000.0,,,True,MOCK DATA / NOT A SCIENTIFIC RESULT,displacement-report-draft-v1
speaking,2,MOCK_G09,MOCK_S17,right_brow,0.0005817713591451666,-9.391053190909202e-05,0.0006756818910542586,evaluable,3.0,20.0,1000.0,,,True,MOCK DATA / NOT A SCIENTIFIC RESULT,displacement-report-draft-v1
speaking,2,MOCK_G09,MOCK_S17,right_cheek,-0.0002139776001085,-0.00038029571445494356,0.00016631811434644357,evaluable,3.0,38.0,1000.0,,,True,MOCK DATA / NOT A SCIENTIFIC RESULT,displacement-report-draft-v1
speaking,2,MOCK_G09,MOCK_S17,right_eyelid,0.0003905072339239,0.000304055110781592,8.645212314230803e-05,evaluable,3.0,24.0,1000.0,,,True,MOCK DATA / NOT A SCIENTIFIC RESULT,displacement-report-draft-v1
speaking,2,MOCK_G09,MOCK_S18,jaw,8.593479187609391e-05,-1.6323138831606146e-05,0.00010225793070770006,evaluable,3.0,20.0,1000.0,,,True,MOCK DATA / NOT A SCIENTIFIC RESULT,displacement-report-draft-v1
speaking,2,MOCK_G09,MOCK_S18,left_brow,0.0005220388867224667,0.0002637466047592835,0.0002582922819631832,evaluable,3.0,20.0,1000.0,,,True,MOCK DATA / NOT A SCIENTIFIC RESULT,displacement-report-draft-v1
speaking,2,MOCK_G09,MOCK_S18,left_cheek,0.0005123967541444999,0.00012242394403681823,0.0003899728101076817,evaluable,3.0,14.0,1000.0,,,True,MOCK DATA / NOT A SCIENTIFIC RESULT,displacement-report-draft-v1
speaking,2,MOCK_G09,MOCK_S18,left_eyelid,-0.0003151737852572667,-0.00027039083573915986,-4.478294951810682e-05,evaluable,3.0,20.0,1000.0,,,True,MOCK DATA / NOT A SCIENTIFIC RESULT,displacement-report-draft-v1
speaking,2,MOCK_G09,MOCK_S18,mouth,0.00010425625447826668,-0.0001868671092275276,0.0002911233637057943,evaluable,3.0,18.0,1000.0,,,True,MOCK DATA / NOT A SCIENTIFIC RESULT,displacement-report-draft-v1
speaking,2,MOCK_G09,MOCK_S18,right_brow,0.000428452954217,-0.000182795395800655,0.000611248350017655,evaluable,3.0,20.0,1000.0,,,True,MOCK DATA / NOT A SCIENTIFIC RESULT,displacement-report-draft-v1
speaking,2,MOCK_G09,MOCK_S18,right_cheek,-0.00030987236402596664,-0.00041922016234805805,0.00010934779832209141,evaluable,3.0,38.0,1000.0,,,True,MOCK DATA / NOT A SCIENTIFIC RESULT,displacement-report-draft-v1
speaking,2,MOCK_G09,MOCK_S18,right_eyelid,0.0005398124934151333,0.0003468077198230992,0.00019300477359203406,evaluable,3.0,24.0,1000.0,,,True,MOCK DATA / NOT A SCIENTIFIC RESULT,displacement-report-draft-v1
speaking,3,MOCK_G10,MOCK_S19,jaw,0.00021274263885325361,-1.5734188244201557e-05,0.00022847682709745517,evaluable,3.0,20.0,1000.0,,,True,MOCK DATA / NOT A SCIENTIFIC RESULT,displacement-report-draft-v1
speaking,3,MOCK_G10,MOCK_S19,left_brow,0.0006225525000776999,0.00032258038375756456,0.00029997211632013535,evaluable,3.0,20.0,1000.0,,,True,MOCK DATA / NOT A SCIENTIFIC RESULT,displacement-report-draft-v1
speaking,3,MOCK_G10,MOCK_S19,left_cheek,0.00035707516554416664,1.0797371050707043e-05,0.0003462777944934596,evaluable,3.0,14.0,1000.0,,,True,MOCK DATA / NOT A SCIENTIFIC RESULT,displacement-report-draft-v1
speaking,3,MOCK_G10,MOCK_S19,left_eyelid,-0.00027822442852636667,-0.00020723698242359277,-7.098744610277389e-05,evaluable,3.0,20.0,1000.0,,,True,MOCK DATA / NOT A SCIENTIFIC RESULT,displacement-report-draft-v1
speaking,3,MOCK_G10,MOCK_S19,mouth,0.0002844344893399667,-1.842061806749072e-05,0.0003028551074074574,evaluable,3.0,18.0,1000.0,,,True,MOCK DATA / NOT A SCIENTIFIC RESULT,displacement-report-draft-v1
speaking,3,MOCK_G10,MOCK_S19,right_brow,0.00025785946252336665,-0.00025518804087594553,0.0005130475033993122,evaluable,3.0,20.0,1000.0,,,True,MOCK DATA / NOT A SCIENTIFIC RESULT,displacement-report-draft-v1
speaking,3,MOCK_G10,MOCK_S19,right_cheek,-0.00033351698305320005,-0.0004045589821706728,7.104199911747277e-05,evaluable,3.0,38.0,1000.0,,,True,MOCK DATA / NOT A SCIENTIFIC RESULT,displacement-report-draft-v1
speaking,3,MOCK_G10,MOCK_S19,right_eyelid,0.000658339812620604,0.00035062364998037534,0.0003077161626402287,evaluable,3.0,24.0,1000.0,,,True,MOCK DATA / NOT A SCIENTIFIC RESULT,displacement-report-draft-v1
speaking,3,MOCK_G10,MOCK_S20,jaw,0.0002921238119799136,-4.964838082493556e-05,0.0003417721928048492,evaluable,3.0,20.0,1000.0,,,True,MOCK DATA / NOT A SCIENTIFIC RESULT,displacement-report-draft-v1
speaking,3,MOCK_G10,MOCK_S20,left_brow,0.0006710340927771667,0.0003330532297333738,0.00033798086304379294,evaluable,3.0,20.0,1000.0,,,True,MOCK DATA / NOT A SCIENTIFIC RESULT,displacement-report-draft-v1
speaking,3,MOCK_G10,MOCK_S20,left_cheek,0.00018191189747463333,-0.00010273210366763069,0.00028464400114226404,evaluable,3.0,14.0,1000.0,,,True,MOCK DATA / NOT A SCIENTIFIC RESULT,displacement-report-draft-v1
speaking,3,MOCK_G10,MOCK_S20,left_eyelid,-0.0001840837694293667,-0.00010351975559879722,-8.056401383056947e-05,evaluable,3.0,20.0,1000.0,,,True,MOCK DATA / NOT A SCIENTIFIC RESULT,displacement-report-draft-v1
speaking,3,MOCK_G10,MOCK_S20,mouth,0.0004346648961138999,0.00012635462726579336,0.00030831026884810655,evaluable,3.0,18.0,1000.0,,,True,MOCK DATA / NOT A SCIENTIFIC RESULT,displacement-report-draft-v1
speaking,3,MOCK_G10,MOCK_S20,right_brow,9.06761252787e-05,-0.0003017390103591606,0.0003924151356378606,evaluable,3.0,20.0,1000.0,,,True,MOCK DATA / NOT A SCIENTIFIC RESULT,displacement-report-draft-v1
speaking,3,MOCK_G10,MOCK_S20,right_cheek,-0.0002820444389753333,-0.00033201649031888773,4.9972051343554424e-05,evaluable,3.0,38.0,1000.0,,,True,MOCK DATA / NOT A SCIENTIFIC RESULT,displacement-report-draft-v1
speaking,3,MOCK_G10,MOCK_S20,right_eyelid,0.0007317172119064307,0.00030783332762267555,0.0004238838842837551,evaluable,3.0,24.0,1000.0,,,True,MOCK DATA / NOT A SCIENTIFIC RESULT,displacement-report-draft-v1
speaking,3,MOCK_G11,MOCK_S21,jaw,0.00031445298090073336,-0.00011241607151924596,0.00042686905241997935,evaluable,3.0,20.0,1000.0,,,True,MOCK DATA / NOT A SCIENTIFIC RESULT,displacement-report-draft-v1
speaking,3,MOCK_G11,MOCK_S21,left_brow,0.0006616050499364999,0.0002999351881481487,0.00036166986178835125,evaluable,3.0,20.0,1000.0,,,True,MOCK DATA / NOT A SCIENTIFIC RESULT,displacement-report-draft-v1
speaking,3,MOCK_G11,MOCK_S21,left_cheek,8.146297439633343e-06,-0.00020043836939551233,0.00020858466683514566,evaluable,3.0,14.0,1000.0,,,True,MOCK DATA / NOT A SCIENTIFIC RESULT,displacement-report-draft-v1
speaking,3,MOCK_G11,MOCK_S21,left_eyelid,-4.416679350985811e-05,2.3493971902242324e-05,-6.766076541210044e-05,evaluable,3.0,20.0,1000.0,,,True,MOCK DATA / NOT A SCIENTIFIC RESULT,displacement-report-draft-v1
speaking,3,MOCK_G11,MOCK_S21,mouth,0.0005367313507789666,0.00023613688300414638,0.0003005944677748202,evaluable,3.0,18.0,1000.0,,,True,MOCK DATA / NOT A SCIENTIFIC RESULT,displacement-report-draft-v1
speaking,3,MOCK_G11,MOCK_S21,right_brow,-5.2825313128395896e-05,-0.00031627935665190927,0.0002634540435235134,evaluable,3.0,20.0,1000.0,,,True,MOCK DATA / NOT A SCIENTIFIC RESULT,displacement-report-draft-v1
speaking,3,MOCK_G11,MOCK_S21,right_cheek,-0.0001616960132129,-0.0002140578723921807,5.236185917928071e-05,evaluable,3.0,38.0,1000.0,,,True,MOCK DATA / NOT A SCIENTIFIC RESULT,displacement-report-draft-v1
speaking,3,MOCK_G11,MOCK_S21,right_eyelid,0.0007510473459586001,0.0002271229399442405,0.0005239244060143596,evaluable,3.0,24.0,1000.0,,,True,MOCK DATA / NOT A SCIENTIFIC RESULT,displacement-report-draft-v1
speaking,3,MOCK_G11,MOCK_S22,jaw,0.00027702263174356667,-0.0001964263907118903,0.000473449022455457,evaluable,3.0,20.0,1000.0,,,True,MOCK DATA / NOT A SCIENTIFIC RESULT,displacement-report-draft-v1
speaking,3,MOCK_G11,MOCK_S22,left_brow,0.0005954086861314667,0.00022724197303614598,0.0003681667130953207,evaluable,3.0,20.0,1000.0,,,True,MOCK DATA / NOT A SCIENTIFIC RESULT,displacement-report-draft-v1
speaking,3,MOCK_G11,MOCK_S22,left_cheek,-0.00014315176069971594,-0.0002704740944751735,0.00012732233377545755,evaluable,3.0,14.0,1000.0,,,True,MOCK DATA / NOT A SCIENTIFIC RESULT,displacement-report-draft-v1
speaking,3,MOCK_G11,MOCK_S22,left_eyelid,0.00012456092587893332,0.0001584032046204392,-3.384227874150589e-05,evaluable,3.0,20.0,1000.0,,,True,MOCK DATA / NOT A SCIENTIFIC RESULT,displacement-report-draft-v1
speaking,3,MOCK_G11,MOCK_S22,mouth,0.0005782578288239,0.000297614548461756,0.000280643280362144,evaluable,3.0,18.0,1000.0,,,True,MOCK DATA / NOT A SCIENTIFIC RESULT,displacement-report-draft-v1
speaking,3,MOCK_G11,MOCK_S22,right_brow,-0.00015524464687166663,-0.0002970459962542213,0.00014180134938255465,evaluable,3.0,20.0,1000.0,,,True,MOCK DATA / NOT A SCIENTIFIC RESULT,displacement-report-draft-v1
speaking,3,MOCK_G11,MOCK_S22,right_cheek,1.2935497099823699e-05,-6.498615039292385e-05,7.792164749274756e-05,evaluable,3.0,38.0,1000.0,,,True,MOCK DATA / NOT A SCIENTIFIC RESULT,displacement-report-draft-v1
speaking,3,MOCK_G11,MOCK_S22,right_eyelid,0.0007139863476013332,0.00011827899064499722,0.000595707356956336,evaluable,3.0,24.0,1000.0,,,True,MOCK DATA / NOT A SCIENTIFIC RESULT,displacement-report-draft-v1
speaking,3,MOCK_G12,MOCK_S23,jaw,0.0001843713655616333,-0.000291492702911902,0.0004758640684735353,evaluable,3.0,20.0,1000.0,,,True,MOCK DATA / NOT A SCIENTIFIC RESULT,displacement-report-draft-v1
speaking,3,MOCK_G12,MOCK_S23,left_brow,0.0004804716132757334,0.00012378796925063094,0.00035668364402510245,evaluable,3.0,20.0,1000.0,,,True,MOCK DATA / NOT A SCIENTIFIC RESULT,displacement-report-draft-v1
speaking,3,MOCK_G12,MOCK_S23,left_cheek,-0.00025363669531053333,-0.00030434712687593104,5.071043156539771e-05,evaluable,3.0,14.0,1000.0,,,True,MOCK DATA / NOT A SCIENTIFIC RESULT,displacement-report-draft-v1
speaking,3,MOCK_G12,MOCK_S23,left_eyelid,0.00030164038094913334,0.00028484958097272625,1.6790799976407092e-05,evaluable,3.0,20.0,1000.0,,,True,MOCK DATA / NOT A SCIENTIFIC RESULT,displacement-report-draft-v1
speaking,3,MOCK_G12,MOCK_S23,mouth,0.0005542090548310333,0.000303333175484282,0.00025087587934675135,evaluable,3.0,18.0,1000.0,,,True,MOCK DATA / NOT A SCIENTIFIC RESULT,displacement-report-draft-v1
speaking,3,MOCK_G12,MOCK_S23,right_brow,-0.00020416306323749696,-0.00024637106209358174,4.220799885608478e-05,evaluable,3.0,20.0,1000.0,,,True,MOCK DATA / NOT A SCIENTIFIC RESULT,displacement-report-draft-v1
speaking,3,MOCK_G12,MOCK_S23,right_cheek,0.00022067522251965235,9.71230474869306e-05,0.00012355217503272174,evaluable,3.0,38.0,1000.0,,,True,MOCK DATA / NOT A SCIENTIFIC RESULT,displacement-report-draft-v1
speaking,3,MOCK_G12,MOCK_S23,right_eyelid,0.0006250280324137667,-5.500693537034284e-06,0.000630528725950801,evaluable,3.0,24.0,1000.0,,,True,MOCK DATA / NOT A SCIENTIFIC RESULT,displacement-report-draft-v1
speaking,3,MOCK_G12,MOCK_S24,jaw,4.773357219463331e-05,-0.0003860877829027142,0.0004338213550973475,evaluable,3.0,20.0,1000.0,,,True,MOCK DATA / NOT A SCIENTIFIC RESULT,displacement-report-draft-v1
speaking,3,MOCK_G12,MOCK_S24,left_brow,0.0003307304772103333,2.1174479808069016e-06,0.0003286130292295264,evaluable,3.0,20.0,1000.0,,,True,MOCK DATA / NOT A SCIENTIFIC RESULT,displacement-report-draft-v1
speaking,3,MOCK_G12,MOCK_S24,left_cheek,-0.00030991170267946665,-0.00029795020647359723,-1.196149620586942e-05,evaluable,3.0,14.0,1000.0,,,True,MOCK DATA / NOT A SCIENTIFIC RESULT,displacement-report-draft-v1
speaking,3,MOCK_G12,MOCK_S24,left_eyelid,0.0004655998777579333,0.0003875008994220861,7.80989783358472e-05,evaluable,3.0,20.0,1000.0,,,True,MOCK DATA / NOT A SCIENTIFIC RESULT,displacement-report-draft-v1
speaking,3,MOCK_G12,MOCK_S24,mouth,0.0004675010526533668,0.00025259935438649037,0.00021490169826687643,evaluable,3.0,18.0,1000.0,,,True,MOCK DATA / NOT A SCIENTIFIC RESULT,displacement-report-draft-v1
speaking,3,MOCK_G12,MOCK_S24,right_brow,-0.00019364898047374303,-0.0001703991217395883,-2.324985873415473e-05,evaluable,3.0,20.0,1000.0,,,True,MOCK DATA / NOT A SCIENTIFIC RESULT,displacement-report-draft-v1
speaking,3,MOCK_G12,MOCK_S24,right_cheek,0.00043633377107457264,0.00025261323946751104,0.0001837205316070616,evaluable,3.0,38.0,1000.0,,,True,MOCK DATA / NOT A SCIENTIFIC RESULT,displacement-report-draft-v1
speaking,3,MOCK_G12,MOCK_S24,right_eyelid,0.0004949590030349334,-0.00012920725968872175,0.0006241662627236551,evaluable,3.0,24.0,1000.0,,,True,MOCK DATA / NOT A SCIENTIFIC RESULT,displacement-report-draft-v1
speaking,4,MOCK_G13,MOCK_S25,jaw,-0.00011632279088868861,-0.0004650962823013429,0.0003487734914126543,evaluable,3.0,20.0,1000.0,,,True,MOCK DATA / NOT A SCIENTIFIC RESULT,displacement-report-draft-v1
speaking,4,MOCK_G13,MOCK_S25,left_brow,0.00016434207564483335,-0.00011549414492043897,0.0002798362205652723,evaluable,3.0,20.0,1000.0,,,True,MOCK DATA / NOT A SCIENTIFIC RESULT,displacement-report-draft-v1
speaking,4,MOCK_G13,MOCK_S25,left_cheek,-0.0003069115601976,-8.721474981385752e-05,-0.00021969681038374247,evaluable,1.0,6.0,1000.0,,,True,MOCK DATA / NOT A SCIENTIFIC RESULT,displacement-report-draft-v1
speaking,4,MOCK_G13,MOCK_S25,left_eyelid,0.0010631632623577,0.0005617277609901329,0.0005014355013675671,evaluable,2.0,16.0,1000.0,,,True,MOCK DATA / NOT A SCIENTIFIC RESULT,displacement-report-draft-v1
speaking,4,MOCK_G13,MOCK_S25,mouth,0.00032864756418383333,0.00014996523237394081,0.00017868233180989252,evaluable,3.0,18.0,1000.0,,,True,MOCK DATA / NOT A SCIENTIFIC RESULT,displacement-report-draft-v1
speaking,4,MOCK_G13,MOCK_S25,right_brow,-0.0001249772792101,-6.290658554642905e-05,-6.207069366367094e-05,evaluable,3.0,20.0,1000.0,,,True,MOCK DATA / NOT A SCIENTIFIC RESULT,displacement-report-draft-v1
speaking,4,MOCK_G13,MOCK_S25,right_cheek,,,,unevaluable_region,0.0,0.0,1000.0,,,True,MOCK DATA / NOT A SCIENTIFIC RESULT,displacement-report-draft-v1
speaking,4,MOCK_G13,MOCK_S25,right_eyelid,0.00033955072425236667,-1.2451044966580101e-05,0.0003520017692189468,evaluable,3.0,24.0,1000.0,,,True,MOCK DATA / NOT A SCIENTIFIC RESULT,displacement-report-draft-v1
speaking,4,MOCK_G13,MOCK_S26,jaw,-0.0002879051392205667,-0.0005242034354635179,0.0002362982962429512,evaluable,3.0,20.0,1000.0,,,True,MOCK DATA / NOT A SCIENTIFIC RESULT,displacement-report-draft-v1
speaking,4,MOCK_G13,MOCK_S26,left_brow,1.4817633804666676e-06,-0.00023163128976570556,0.00023311305314617224,evaluable,3.0,20.0,1000.0,,,True,MOCK DATA / NOT A SCIENTIFIC RESULT,displacement-report-draft-v1
speaking,4,MOCK_G13,MOCK_S26,left_cheek,-0.0002716841674888,4.979101424190364e-05,-0.00032147518173070367,evaluable,1.0,6.0,1000.0,,,True,MOCK DATA / NOT A SCIENTIFIC RESULT,displacement-report-draft-v1
speaking,4,MOCK_G13,MOCK_S26,left_eyelid,0.0012096145892162,0.0006578960543151768,0.0005517185349010233,evaluable,2.0,16.0,1000.0,,,True,MOCK DATA / NOT A SCIENTIFIC RESULT,displacement-report-draft-v1
speaking,4,MOCK_G13,MOCK_S26,mouth,0.00015448521005763328,8.627357525375864e-06,0.00014585785253225743,evaluable,3.0,18.0,1000.0,,,True,MOCK DATA / NOT A SCIENTIFIC RESULT,displacement-report-draft-v1
speaking,4,MOCK_G13,MOCK_S26,right_brow,-6.474717350171458e-06,6.339750107978216e-05,-6.987221842995362e-05,evaluable,3.0,20.0,1000.0,,,True,MOCK DATA / NOT A SCIENTIFIC RESULT,displacement-report-draft-v1
speaking,4,MOCK_G13,MOCK_S26,right_cheek,,,,unevaluable_region,0.0,0.0,1000.0,,,True,MOCK DATA / NOT A SCIENTIFIC RESULT,displacement-report-draft-v1
speaking,4,MOCK_G13,MOCK_S26,right_eyelid,0.00017764716075346668,-0.00011521438699894251,0.0002928615477524092,evaluable,3.0,24.0,1000.0,,,True,MOCK DATA / NOT A SCIENTIFIC RESULT,displacement-report-draft-v1
speaking,4,MOCK_G14,MOCK_S27,jaw,-0.0004462083281958,-0.0005541656105763287,0.00010795728238052868,evaluable,3.0,20.0,1000.0,,,True,MOCK DATA / NOT A SCIENTIFIC RESULT,displacement-report-draft-v1
speaking,4,MOCK_G14,MOCK_S27,left_brow,-0.00013810290174794988,-0.0003222328801306769,0.000184129978382727,evaluable,3.0,20.0,1000.0,,,True,MOCK DATA / NOT A SCIENTIFIC RESULT,displacement-report-draft-v1
speaking,4,MOCK_G14,MOCK_S27,left_cheek,-0.0002493038734771,0.000148333973102229,-0.000397637846579329,evaluable,1.0,6.0,1000.0,,,True,MOCK DATA / NOT A SCIENTIFIC RESULT,displacement-report-draft-v1
speaking,4,MOCK_G14,MOCK_S27,left_eyelid,0.00126747261395745,0.0006958889329997142,0.0005715836809577357,evaluable,2.0,16.0,1000.0,,,True,MOCK DATA / NOT A SCIENTIFIC RESULT,displacement-report-draft-v1
speaking,4,MOCK_G14,MOCK_S27,mouth,-3.386802761573335e-05,-0.0001537333029517813,0.00011986527533604797,evaluable,3.0,18.0,1000.0,,,True,MOCK DATA / NOT A SCIENTIFIC RESULT,displacement-report-draft-v1
speaking,4,MOCK_G14,MOCK_S27,right_brow,0.0001474897274136333,0.00018095308946846817,-3.346336205483486e-05,evaluable,3.0,20.0,1000.0,,,True,MOCK DATA / NOT A SCIENTIFIC RESULT,displacement-report-draft-v1
speaking,4,MOCK_G14,MOCK_S27,right_cheek,,,,unevaluable_region,0.0,0.0,1000.0,,,True,MOCK DATA / NOT A SCIENTIFIC RESULT,displacement-report-draft-v1
speaking,4,MOCK_G14,MOCK_S27,right_eyelid,2.8879860208733338e-05,-0.00019689076788028648,0.00022577062808901981,evaluable,3.0,24.0,1000.0,,,True,MOCK DATA / NOT A SCIENTIFIC RESULT,displacement-report-draft-v1
speaking,4,MOCK_G14,MOCK_S28,jaw,-0.0005720373720240334,-0.0005513497568511943,-2.068761517283913e-05,evaluable,3.0,20.0,1000.0,,,True,MOCK DATA / NOT A SCIENTIFIC RESULT,displacement-report-draft-v1
speaking,4,MOCK_G14,MOCK_S28,left_brow,-0.00023748664059076668,-0.00037631305874425704,0.00013882641815349036,evaluable,3.0,20.0,1000.0,,,True,MOCK DATA / NOT A SCIENTIFIC RESULT,displacement-report-draft-v1
speaking,4,MOCK_G14,MOCK_S28,left_cheek,-0.000242484391186,0.0001964653422397109,-0.0004389497334257109,evaluable,1.0,6.0,1000.0,,,True,MOCK DATA / NOT A SCIENTIFIC RESULT,displacement-report-draft-v1
speaking,4,MOCK_G14,MOCK_S28,left_eyelid,0.0012297217864213,0.0006710995867122164,0.0005586221997090836,evaluable,2.0,16.0,1000.0,,,True,MOCK DATA / NOT A SCIENTIFIC RESULT,displacement-report-draft-v1
speaking,4,MOCK_G14,MOCK_S28,mouth,-0.0002135734571831,-0.0003174297762874273,0.00010385631910432729,evaluable,3.0,18.0,1000.0,,,True,MOCK DATA / NOT A SCIENTIFIC RESULT,displacement-report-draft-v1
speaking,4,MOCK_G14,MOCK_S28,right_brow,0.00031824716187343335,0.0002755060267923207,4.274113508111264e-05,evaluable,3.0,20.0,1000.0,,,True,MOCK DATA / NOT A SCIENTIFIC RESULT,displacement-report-draft-v1
speaking,4,MOCK_G14,MOCK_S28,right_cheek,,,,unevaluable_region,0.0,0.0,1000.0,,,True,MOCK DATA / NOT A SCIENTIFIC RESULT,displacement-report-draft-v1
speaking,4,MOCK_G14,MOCK_S28,right_eyelid,-8.871246168370728e-05,-0.00024757655281606983,0.00015886409113236255,evaluable,3.0,24.0,1000.0,,,True,MOCK DATA / NOT A SCIENTIFIC RESULT,displacement-report-draft-v1
speaking,4,MOCK_G15,MOCK_S29,jaw,-0.0006501349235605667,-0.0005160973094328457,-0.00013403761412772094,evaluable,3.0,20.0,1000.0,,,True,MOCK DATA / NOT A SCIENTIFIC RESULT,displacement-report-draft-v1
speaking,4,MOCK_G15,MOCK_S29,left_brow,-0.0002846187202017,-0.00038731435657029855,0.00010269563636859853,evaluable,3.0,20.0,1000.0,,,True,MOCK DATA / NOT A SCIENTIFIC RESULT,displacement-report-draft-v1
speaking,4,MOCK_G15,MOCK_S29,left_cheek,-0.0002520526140376,0.0001883489729788666,-0.0004404015870164666,evaluable,1.0,6.0,1000.0,,,True,MOCK DATA / NOT A SCIENTIFIC RESULT,displacement-report-draft-v1
speaking,4,MOCK_G15,MOCK_S29,left_eyelid,0.00110093956713035,0.0005865338370840709,0.0005144057300462792,evaluable,2.0,16.0,1000.0,,,True,MOCK DATA / NOT A SCIENTIFIC RESULT,displacement-report-draft-v1
speaking,4,MOCK_G15,MOCK_S29,mouth,-0.00036284097328187904,-0.0004626131162919999,9.977214301012087e-05,evaluable,3.0,18.0,1000.0,,,True,MOCK DATA / NOT A SCIENTIFIC RESULT,displacement-report-draft-v1
speaking,4,MOCK_G15,MOCK_S29,right_brow,0.0004850924660043,0.0003355913368868577,0.0001495011291174423,evaluable,3.0,20.0,1000.0,,,True,MOCK DATA / NOT A SCIENTIFIC RESULT,displacement-report-draft-v1
speaking,4,MOCK_G15,MOCK_S29,right_cheek,,,,unevaluable_region,0.0,0.0,1000.0,,,True,MOCK DATA / NOT A SCIENTIFIC RESULT,displacement-report-draft-v1
speaking,4,MOCK_G15,MOCK_S29,right_eyelid,-0.00016087119799123334,-0.00026112585853056323,0.00010025466053932989,evaluable,3.0,24.0,1000.0,,,True,MOCK DATA / NOT A SCIENTIFIC RESULT,displacement-report-draft-v1
speaking,4,MOCK_G15,MOCK_S30,jaw,-0.0006710312974396041,-0.0004526827888262281,-0.00021834850861337596,evaluable,3.0,20.0,1000.0,,,True,MOCK DATA / NOT A SCIENTIFIC RESULT,displacement-report-draft-v1
speaking,4,MOCK_G15,MOCK_S30,left_brow,-0.00027378416033146664,-0.0003539028159241091,8.011865559264246e-05,evaluable,3.0,20.0,1000.0,,,True,MOCK DATA / NOT A SCIENTIFIC RESULT,displacement-report-draft-v1
speaking,4,MOCK_G15,MOCK_S30,left_cheek,-0.0002768483512432,0.00012496901221932318,-0.00040181736346252316,evaluable,1.0,6.0,1000.0,,,True,MOCK DATA / NOT A SCIENTIFIC RESULT,displacement-report-draft-v1
speaking,4,MOCK_G15,MOCK_S30,left_eyelid,0.00089674138926275,0.00045244566808723765,0.00044429572117551236,evaluable,2.0,16.0,1000.0,,,True,MOCK DATA / NOT A SCIENTIFIC RESULT,displacement-report-draft-v1
speaking,4,MOCK_G15,MOCK_S30,mouth,-0.00046357120679010004,-0.0005716791788770188,0.0001081079720869188,evaluable,3.0,18.0,1000.0,,,True,MOCK DATA / NOT A SCIENTIFIC RESULT,displacement-report-draft-v1
speaking,4,MOCK_G15,MOCK_S30,right_brow,0.00062779488347903,0.0003539234010545531,0.00027387148242447696,evaluable,3.0,20.0,1000.0,,,True,MOCK DATA / NOT A SCIENTIFIC RESULT,displacement-report-draft-v1
speaking,4,MOCK_G15,MOCK_S30,right_cheek,,,,unevaluable_region,0.0,0.0,1000.0,,,True,MOCK DATA / NOT A SCIENTIFIC RESULT,displacement-report-draft-v1
speaking,4,MOCK_G15,MOCK_S30,right_eyelid,-0.00017884677186052065,-0.00023589576972723653,5.704899786671588e-05,evaluable,3.0,24.0,1000.0,,,True,MOCK DATA / NOT A SCIENTIFIC RESULT,displacement-report-draft-v1
non_speaking,0,MOCK_G01,MOCK_S01,selected_targets,-0.0002414990627212074,-0.00019595319281582327,-4.5545869905384135e-05,evaluable,,,,8.0,jaw;left_brow;left_cheek;left_eyelid;mouth;right_brow;right_cheek;right_eyelid,True,MOCK DATA / NOT A SCIENTIFIC RESULT,displacement-report-draft-v1
non_speaking,0,MOCK_G01,MOCK_S02,selected_targets,-0.0002217424829516167,-0.00018365840393400022,-3.80840790176165e-05,evaluable,,,,8.0,jaw;left_brow;left_cheek;left_eyelid;mouth;right_brow;right_cheek;right_eyelid,True,MOCK DATA / NOT A SCIENTIFIC RESULT,displacement-report-draft-v1
non_speaking,0,MOCK_G02,MOCK_S03,selected_targets,-0.00021157857179321054,-0.00017485587849459005,-3.6722693298620463e-05,evaluable,,,,8.0,jaw;left_brow;left_cheek;left_eyelid;mouth;right_brow;right_cheek;right_eyelid,True,MOCK DATA / NOT A SCIENTIFIC RESULT,displacement-report-draft-v1
non_speaking,0,MOCK_G02,MOCK_S04,selected_targets,-0.00021223974996674945,-0.00017061296297255624,-4.162678699419324e-05,evaluable,,,,8.0,jaw;left_brow;left_cheek;left_eyelid;mouth;right_brow;right_cheek;right_eyelid,True,MOCK DATA / NOT A SCIENTIFIC RESULT,displacement-report-draft-v1
non_speaking,0,MOCK_G03,MOCK_S05,selected_targets,-0.00022364584659428,-0.0001714441302833369,-5.220171631094311e-05,evaluable,,,,8.0,jaw;left_brow;left_cheek;left_eyelid;mouth;right_brow;right_cheek;right_eyelid,True,MOCK DATA / NOT A SCIENTIFIC RESULT,displacement-report-draft-v1
non_speaking,0,MOCK_G03,MOCK_S06,selected_targets,-0.0002444138202847229,-0.00017724859758848168,-6.716522269624122e-05,evaluable,,,,8.0,jaw;left_brow;left_cheek;left_eyelid;mouth;right_brow;right_cheek;right_eyelid,True,MOCK DATA / NOT A SCIENTIFIC RESULT,displacement-report-draft-v1
non_speaking,1,MOCK_G04,MOCK_S07,selected_targets,-0.00025305656848364713,-0.00018742841569220606,-6.562815279144112e-05,evaluable,,,,7.0,jaw;left_cheek;left_eyelid;mouth;right_brow;right_cheek;right_eyelid,True,MOCK DATA / NOT A SCIENTIFIC RESULT,displacement-report-draft-v1
non_speaking,1,MOCK_G04,MOCK_S08,selected_targets,-0.0002652513808668282,-0.0001864342695040866,-7.881711136274165e-05,evaluable,,,,7.0,jaw;left_cheek;left_eyelid;mouth;right_brow;right_cheek;right_eyelid,True,MOCK DATA / NOT A SCIENTIFIC RESULT,displacement-report-draft-v1
non_speaking,1,MOCK_G05,MOCK_S09,selected_targets,-0.00028032663186761906,-0.0001906088997836812,-8.971773208393782e-05,evaluable,,,,7.0,jaw;left_cheek;left_eyelid;mouth;right_brow;right_cheek;right_eyelid,True,MOCK DATA / NOT A SCIENTIFIC RESULT,displacement-report-draft-v1
non_speaking,1,MOCK_G05,MOCK_S10,selected_targets,-0.0002964543783433763,-0.00019944611351354973,-9.700826482982646e-05,evaluable,,,,7.0,jaw;left_cheek;left_eyelid;mouth;right_brow;right_cheek;right_eyelid,True,MOCK DATA / NOT A SCIENTIFIC RESULT,displacement-report-draft-v1
non_speaking,1,MOCK_G06,MOCK_S11,selected_targets,-0.00031167905726068587,-0.00021187435810484444,-9.98046991558414e-05,evaluable,,,,7.0,jaw;left_cheek;left_eyelid;mouth;right_brow;right_cheek;right_eyelid,True,MOCK DATA / NOT A SCIENTIFIC RESULT,displacement-report-draft-v1
non_speaking,1,MOCK_G06,MOCK_S12,selected_targets,-0.0003241546066584695,-0.00022638665205027895,-9.776795460819044e-05,evaluable,,,,7.0,jaw;left_cheek;left_eyelid;mouth;right_brow;right_cheek;right_eyelid,True,MOCK DATA / NOT A SCIENTIFIC RESULT,displacement-report-draft-v1
non_speaking,2,MOCK_G07,MOCK_S13,selected_targets,-0.00038931776621103605,-0.000254524353545041,-0.00013479341266599507,evaluable,,,,8.0,jaw;left_brow;left_cheek;left_eyelid;mouth;right_brow;right_cheek;right_eyelid,True,MOCK DATA / NOT A SCIENTIFIC RESULT,displacement-report-draft-v1
non_speaking,2,MOCK_G07,MOCK_S14,selected_targets,-0.00037766558117218553,-0.0002535622272484681,-0.0001241033539237174,evaluable,,,,8.0,jaw;left_brow;left_cheek;left_eyelid;mouth;right_brow;right_cheek;right_eyelid,True,MOCK DATA / NOT A SCIENTIFIC RESULT,displacement-report-draft-v1
non_speaking,2,MOCK_G08,MOCK_S15,selected_targets,-0.00035669967584542914,-0.00024745243723480565,-0.00010924723861062353,evaluable,,,,8.0,jaw;left_brow;left_cheek;left_eyelid;mouth;right_brow;right_cheek;right_eyelid,True,MOCK DATA / NOT A SCIENTIFIC RESULT,displacement-report-draft-v1
non_speaking,2,MOCK_G08,MOCK_S16,selected_targets,-0.0003289622621560417,-0.00023693582349124966,-9.202643866479203e-05,evaluable,,,,8.0,jaw;left_brow;left_cheek;left_eyelid;mouth;right_brow;right_cheek;right_eyelid,True,MOCK DATA / NOT A SCIENTIFIC RESULT,displacement-report-draft-v1
non_speaking,2,MOCK_G09,MOCK_S17,selected_targets,-0.00029781662839330317,-0.0002232875735404132,-7.452905485288993e-05,evaluable,,,,8.0,jaw;left_brow;left_cheek;left_eyelid;mouth;right_brow;right_cheek;right_eyelid,True,MOCK DATA / NOT A SCIENTIFIC RESULT,displacement-report-draft-v1
non_speaking,2,MOCK_G09,MOCK_S18,selected_targets,-0.0002670393251205779,-0.00020816260012009074,-5.8876725000487166e-05,evaluable,,,,8.0,jaw;left_brow;left_cheek;left_eyelid;mouth;right_brow;right_cheek;right_eyelid,True,MOCK DATA / NOT A SCIENTIFIC RESULT,displacement-report-draft-v1
non_speaking,3,MOCK_G10,MOCK_S19,selected_targets,-0.00024036224114442532,-0.00019282406316146257,-4.7538177982962744e-05,evaluable,,,,8.0,jaw;left_brow;left_cheek;left_eyelid;mouth;right_brow;right_cheek;right_eyelid,True,MOCK DATA / NOT A SCIENTIFIC RESULT,displacement-report-draft-v1
non_speaking,3,MOCK_G10,MOCK_S20,selected_targets,-0.0002210200949260876,-0.00018079378897480986,-4.022630595127777e-05,evaluable,,,,8.0,jaw;left_brow;left_cheek;left_eyelid;mouth;right_brow;right_cheek;right_eyelid,True,MOCK DATA / NOT A SCIENTIFIC RESULT,displacement-report-draft-v1
non_speaking,3,MOCK_G11,MOCK_S21,selected_targets,-0.00021135821017143015,-0.0001724675426010573,-3.889066757037283e-05,evaluable,,,,8.0,jaw;left_brow;left_cheek;left_eyelid;mouth;right_brow;right_cheek;right_eyelid,True,MOCK DATA / NOT A SCIENTIFIC RESULT,displacement-report-draft-v1
non_speaking,3,MOCK_G11,MOCK_S22,selected_targets,-0.00021254813460337934,-0.00016885491949981504,-4.369321510356433e-05,evaluable,,,,8.0,jaw;left_brow;left_cheek;left_eyelid;mouth;right_brow;right_cheek;right_eyelid,True,MOCK DATA / NOT A SCIENTIFIC RESULT,displacement-report-draft-v1
non_speaking,3,MOCK_G12,MOCK_S23,selected_targets,-0.00022444558444147756,-0.0001703939667473526,-5.405161769412496e-05,evaluable,,,,8.0,jaw;left_brow;left_cheek;left_eyelid;mouth;right_brow;right_cheek;right_eyelid,True,MOCK DATA / NOT A SCIENTIFIC RESULT,displacement-report-draft-v1
non_speaking,3,MOCK_G12,MOCK_S24,selected_targets,-0.0002456079394702866,-0.00017689806782483067,-6.870987164545595e-05,evaluable,,,,8.0,jaw;left_brow;left_cheek;left_eyelid;mouth;right_brow;right_cheek;right_eyelid,True,MOCK DATA / NOT A SCIENTIFIC RESULT,displacement-report-draft-v1
non_speaking,4,MOCK_G13,MOCK_S25,selected_targets,-0.0002675757992649762,-0.0001276602523994767,-0.0001399155468654995,evaluable,,,,7.0,jaw;left_brow;left_cheek;left_eyelid;mouth;right_brow;right_eyelid,True,MOCK DATA / NOT A SCIENTIFIC RESULT,displacement-report-draft-v1
non_speaking,4,MOCK_G13,MOCK_S26,selected_targets,-0.000320479698806977,-0.00013628661517963654,-0.00018419308362734046,evaluable,,,,7.0,jaw;left_brow;left_cheek;left_eyelid;mouth;right_brow;right_eyelid,True,MOCK DATA / NOT A SCIENTIFIC RESULT,displacement-report-draft-v1
non_speaking,4,MOCK_G14,MOCK_S27,selected_targets,-0.00037773764577912376,-0.0001520921046529612,-0.00022564554112616258,evaluable,,,,7.0,jaw;left_brow;left_cheek;left_eyelid;mouth;right_brow;right_eyelid,True,MOCK DATA / NOT A SCIENTIFIC RESULT,displacement-report-draft-v1
non_speaking,4,MOCK_G14,MOCK_S28,selected_targets,-0.00043240685219570477,-0.00017316023292166622,-0.0002592466192740385,evaluable,,,,7.0,jaw;left_brow;left_cheek;left_eyelid;mouth;right_brow;right_eyelid,True,MOCK DATA / NOT A SCIENTIFIC RESULT,displacement-report-draft-v1
non_speaking,4,MOCK_G15,MOCK_S29,selected_targets,-0.000477858426705094,-0.00019693639306111711,-0.0002809220336439769,evaluable,,,,7.0,jaw;left_brow;left_cheek;left_eyelid;mouth;right_brow;right_eyelid,True,MOCK DATA / NOT A SCIENTIFIC RESULT,displacement-report-draft-v1
non_speaking,4,MOCK_G15,MOCK_S30,selected_targets,-0.0005085811579886261,-0.00022053761689500478,-0.00028804354109362144,evaluable,,,,7.0,jaw;left_brow;left_cheek;left_eyelid;mouth;right_brow;right_eyelid,True,MOCK DATA / NOT A SCIENTIFIC RESULT,displacement-report-draft-v1
speaking,0,MOCK_G01,MOCK_S01,selected_targets,0.00022152101059564182,-2.703220933957221e-05,0.000248553219935214,evaluable,,,,8.0,jaw;left_brow;left_cheek;left_eyelid;mouth;right_brow;right_cheek;right_eyelid,True,MOCK DATA / NOT A SCIENTIFIC RESULT,displacement-report-draft-v1
speaking,0,MOCK_G01,MOCK_S02,selected_targets,0.00024127759036521442,-1.4988999713665864e-05,0.0002562665900788803,evaluable,,,,8.0,jaw;left_brow;left_cheek;left_eyelid;mouth;right_brow;right_cheek;right_eyelid,True,MOCK DATA / NOT A SCIENTIFIC RESULT,displacement-report-draft-v1
speaking,0,MOCK_G02,MOCK_S03,selected_targets,0.00025144150152364676,-6.733130737719314e-06,0.00025817463226136605,evaluable,,,,8.0,jaw;left_brow;left_cheek;left_eyelid;mouth;right_brow;right_cheek;right_eyelid,True,MOCK DATA / NOT A SCIENTIFIC RESULT,displacement-report-draft-v1
speaking,0,MOCK_G02,MOCK_S04,selected_targets,0.000250780323350101,-3.2656642899228147e-06,0.0002540459876400238,evaluable,,,,8.0,jaw;left_brow;left_cheek;left_eyelid;mouth;right_brow;right_cheek;right_eyelid,True,MOCK DATA / NOT A SCIENTIFIC RESULT,displacement-report-draft-v1
speaking,0,MOCK_G03,MOCK_S05,selected_targets,0.0002393742267225771,-5.007046538331807e-06,0.0002443812732609089,evaluable,,,,8.0,jaw;left_brow;left_cheek;left_eyelid;mouth;right_brow;right_cheek;right_eyelid,True,MOCK DATA / NOT A SCIENTIFIC RESULT,displacement-report-draft-v1
speaking,0,MOCK_G03,MOCK_S06,selected_targets,0.0002186062530321225,-1.174612691969784e-05,0.00023035237995182032,evaluable,,,,8.0,jaw;left_brow;left_cheek;left_eyelid;mouth;right_brow;right_cheek;right_eyelid,True,MOCK DATA / NOT A SCIENTIFIC RESULT,displacement-report-draft-v1
speaking,1,MOCK_G04,MOCK_S07,selected_targets,0.00019099461408776707,-2.5535928873968734e-05,0.00021653054296173578,evaluable,,,,8.0,jaw;left_brow;left_cheek;left_eyelid;mouth;right_brow;right_cheek;right_eyelid,True,MOCK DATA / NOT A SCIENTIFIC RESULT,displacement-report-draft-v1
speaking,1,MOCK_G04,MOCK_S08,selected_targets,0.00015988734741558385,-3.963390246864229e-05,0.00019952124988422613,evaluable,,,,8.0,jaw;left_brow;left_cheek;left_eyelid;mouth;right_brow;right_cheek;right_eyelid,True,MOCK DATA / NOT A SCIENTIFIC RESULT,displacement-report-draft-v1
speaking,1,MOCK_G05,MOCK_S09,selected_targets,0.0001290563513936827,-5.478675003970254e-05,0.00018384310143338523,evaluable,,,,8.0,jaw;left_brow;left_cheek;left_eyelid;mouth;right_brow;right_cheek;right_eyelid,True,MOCK DATA / NOT A SCIENTIFIC RESULT,displacement-report-draft-v1
speaking,1,MOCK_G05,MOCK_S10,selected_targets,0.00010224002532013458,-6.915711950540286e-05,0.00017139714482553744,evaluable,,,,8.0,jaw;left_brow;left_cheek;left_eyelid;mouth;right_brow;right_cheek;right_eyelid,True,MOCK DATA / NOT A SCIENTIFIC RESULT,displacement-report-draft-v1
speaking,1,MOCK_G06,MOCK_S11,selected_targets,8.268997139740421e-05,-8.100253783357674e-05,0.00016369250923098095,evaluable,,,,8.0,jaw;left_brow;left_cheek;left_eyelid;mouth;right_brow;right_cheek;right_eyelid,True,MOCK DATA / NOT A SCIENTIFIC RESULT,displacement-report-draft-v1
speaking,1,MOCK_G06,MOCK_S12,selected_targets,7.277672309152826e-05,-8.888669386736947e-05,0.00016166341695889773,evaluable,,,,8.0,jaw;left_brow;left_cheek;left_eyelid;mouth;right_brow;right_cheek;right_eyelid,True,MOCK DATA / NOT A SCIENTIFIC RESULT,displacement-report-draft-v1
speaking,2,MOCK_G07,MOCK_S13,selected_targets,7.37023071058317e-05,-8.832752811916274e-05,0.00016202983522499442,evaluable,,,,8.0,jaw;left_brow;left_cheek;left_eyelid;mouth;right_brow;right_cheek;right_eyelid,True,MOCK DATA / NOT A SCIENTIFIC RESULT,displacement-report-draft-v1
speaking,2,MOCK_G07,MOCK_S14,selected_targets,8.535449214465616e-05,-8.672638774495482e-05,0.00017208087988961098,evaluable,,,,8.0,jaw;left_brow;left_cheek;left_eyelid;mouth;right_brow;right_cheek;right_eyelid,True,MOCK DATA / NOT A SCIENTIFIC RESULT,displacement-report-draft-v1
speaking,2,MOCK_G08,MOCK_S15,selected_targets,0.0001063203974714073,-8.038048908501466e-05,0.00018670088655642196,evaluable,,,,8.0,jaw;left_brow;left_cheek;left_eyelid;mouth;right_brow;right_cheek;right_eyelid,True,MOCK DATA / NOT A SCIENTIFIC RESULT,displacement-report-draft-v1
speaking,2,MOCK_G08,MOCK_S16,selected_targets,0.0001340578111607975,-7.005930137992793e-05,0.00020411711254072546,evaluable,,,,8.0,jaw;left_brow;left_cheek;left_eyelid;mouth;right_brow;right_cheek;right_eyelid,True,MOCK DATA / NOT A SCIENTIFIC RESULT,displacement-report-draft-v1
speaking,2,MOCK_G09,MOCK_S17,selected_targets,0.00016520344492353752,-5.7014315851216865e-05,0.0002222177607747544,evaluable,,,,8.0,jaw;left_brow;left_cheek;left_eyelid;mouth;right_brow;right_cheek;right_eyelid,True,MOCK DATA / NOT A SCIENTIFIC RESULT,displacement-report-draft-v1
speaking,2,MOCK_G09,MOCK_S18,selected_targets,0.00019598074819627837,-4.282729666597571e-05,0.00023880804486225412,evaluable,,,,8.0,jaw;left_brow;left_cheek;left_eyelid;mouth;right_brow;right_cheek;right_eyelid,True,MOCK DATA / NOT A SCIENTIFIC RESULT,displacement-report-draft-v1
speaking,3,MOCK_G10,MOCK_S19,selected_targets,0.00022265783217243634,-2.7142175874157064e-05,0.00024980000804659345,evaluable,,,,8.0,jaw;left_brow;left_cheek;left_eyelid;mouth;right_brow;right_cheek;right_eyelid,True,MOCK DATA / NOT A SCIENTIFIC RESULT,displacement-report-draft-v1
speaking,3,MOCK_G10,MOCK_S20,selected_targets,0.00024199997839075552,-1.5301819518446138e-05,0.0002573017979092017,evaluable,,,,8.0,jaw;left_brow;left_cheek;left_eyelid;mouth;right_brow;right_cheek;right_eyelid,True,MOCK DATA / NOT A SCIENTIFIC RESULT,displacement-report-draft-v1
speaking,3,MOCK_G11,MOCK_S21,selected_targets,0.0002516618631454099,-7.062835870008796e-06,0.0002587246990154187,evaluable,,,,8.0,jaw;left_brow;left_cheek;left_eyelid;mouth;right_brow;right_cheek;right_eyelid,True,MOCK DATA / NOT A SCIENTIFIC RESULT,displacement-report-draft-v1
speaking,3,MOCK_G11,MOCK_S22,selected_targets,0.0002504719387134551,-3.424239383858813e-06,0.00025389617809731395,evaluable,,,,8.0,jaw;left_brow;left_cheek;left_eyelid;mouth;right_brow;right_cheek;right_eyelid,True,MOCK DATA / NOT A SCIENTIFIC RESULT,displacement-report-draft-v1
speaking,3,MOCK_G12,MOCK_S23,selected_targets,0.00023857448887536526,-4.827226527984911e-06,0.0002434017154033502,evaluable,,,,8.0,jaw;left_brow;left_cheek;left_eyelid;mouth;right_brow;right_cheek;right_eyelid,True,MOCK DATA / NOT A SCIENTIFIC RESULT,displacement-report-draft-v1
speaking,3,MOCK_G12,MOCK_S24,selected_targets,0.0002174121338465704,-1.1101678693465883e-05,0.00022851381254003627,evaluable,,,,8.0,jaw;left_brow;left_cheek;left_eyelid;mouth;right_brow;right_cheek;right_eyelid,True,MOCK DATA / NOT A SCIENTIFIC RESULT,displacement-report-draft-v1
speaking,4,MOCK_G13,MOCK_S25,selected_targets,0.00019249885659176354,-4.495687740653552e-06,0.0001969945443324171,evaluable,,,,7.0,jaw;left_brow;left_cheek;left_eyelid;mouth;right_brow;right_eyelid,True,MOCK DATA / NOT A SCIENTIFIC RESULT,displacement-report-draft-v1
speaking,4,MOCK_G13,MOCK_S26,selected_targets,0.00013959495704974693,-1.3048169295132496e-05,0.00015264312634487943,evaluable,,,,7.0,jaw;left_brow;left_cheek;left_eyelid;mouth;right_brow;right_eyelid,True,MOCK DATA / NOT A SCIENTIFIC RESULT,displacement-report-draft-v1
speaking,4,MOCK_G14,MOCK_S27,selected_targets,8.233701007760476e-05,-2.883522370980885e-05,0.00011117223378741361,evaluable,,,,7.0,jaw;left_brow;left_cheek;left_eyelid;mouth;right_brow;right_eyelid,True,MOCK DATA / NOT A SCIENTIFIC RESULT,displacement-report-draft-v1
speaking,4,MOCK_G14,MOCK_S28,selected_targets,2.7667803661017988e-05,-4.994259842210005e-05,7.761040208311807e-05,evaluable,,,,7.0,jaw;left_brow;left_cheek;left_eyelid;mouth;right_brow;right_eyelid,True,MOCK DATA / NOT A SCIENTIFIC RESULT,displacement-report-draft-v1
speaking,4,MOCK_G15,MOCK_S29,selected_targets,-1.7783770848332738e-05,-7.38109276965589e-05,5.602715684822618e-05,evaluable,,,,7.0,jaw;left_brow;left_cheek;left_eyelid;mouth;right_brow;right_eyelid,True,MOCK DATA / NOT A SCIENTIFIC RESULT,displacement-report-draft-v1
speaking,4,MOCK_G15,MOCK_S30,selected_targets,-4.850650213187306e-05,-9.754606742763982e-05,4.903956529576676e-05,evaluable,,,,7.0,jaw;left_brow;left_cheek;left_eyelid;mouth;right_brow;right_eyelid,True,MOCK DATA / NOT A SCIENTIFIC RESULT,displacement-report-draft-v1
