condition,outer_fold,group_id,subject_id,target,difference,contrast,is_synthetic,synthetic_notice,protocol_id
non_speaking,0,MOCK_G01,MOCK_S01,jaw,-0.0017595562438623997,persistence-self,True,MOCK DATA / NOT A SCIENTIFIC RESULT,displacement-report-draft-v1
non_speaking,0,MOCK_G01,MOCK_S01,left_brow,-2.6580308067299975e-05,persistence-self,True,MOCK DATA / NOT A SCIENTIFIC RESULT,displacement-report-draft-v1
non_speaking,0,MOCK_G01,MOCK_S01,left_cheek,-0.0010809747028785004,persistence-self,True,MOCK DATA / NOT A SCIENTIFIC RESULT,displacement-report-draft-v1
non_speaking,0,MOCK_G01,MOCK_S01,left_eyelid,-0.0005476630723596004,persistence-self,True,MOCK DATA / NOT A SCIENTIFIC RESULT,displacement-report-draft-v1
non_speaking,0,MOCK_G01,MOCK_S01,mouth,-0.0015259744949249,persistence-self,True,MOCK DATA / NOT A SCIENTIFIC RESULT,displacement-report-draft-v1
non_speaking,0,MOCK_G01,MOCK_S01,right_brow,-0.0001401432839015001,persistence-self,True,MOCK DATA / NOT A SCIENTIFIC RESULT,displacement-report-draft-v1
non_speaking,0,MOCK_G01,MOCK_S01,right_cheek,-0.0011990244428696003,persistence-self,True,MOCK DATA / NOT A SCIENTIFIC RESULT,displacement-report-draft-v1
non_speaking,0,MOCK_G01,MOCK_S01,right_eyelid,-0.0007401009296188,persistence-self,True,MOCK DATA / NOT A SCIENTIFIC RESULT,displacement-report-draft-v1
non_speaking,0,MOCK_G01,MOCK_S01,whole_face,-0.0008775021848103247,persistence-self,True,MOCK DATA / NOT A SCIENTIFIC RESULT,displacement-report-draft-v1
non_speaking,0,MOCK_G01,MOCK_S02,jaw,-0.0020575687520929,persistence-self,True,MOCK DATA / NOT A SCIENTIFIC RESULT,displacement-report-draft-v1
non_speaking,0,MOCK_G01,MOCK_S02,left_brow,-0.00027348910016020047,persistence-self,True,MOCK DATA / NOT A SCIENTIFIC RESULT,displacement-report-draft-v1
non_speaking,0,MOCK_G01,MOCK_S02,left_cheek,-0.0011124302128694011,persistence-self,True,MOCK DATA / NOT A SCIENTIFIC RESULT,displacement-report-draft-v1
non_speaking,0,MOCK_G01,MOCK_S02,left_eyelid,-0.0007489784869376005,persistence-self,True,MOCK DATA / NOT A SCIENTIFIC RESULT,displacement-report-draft-v1
non_speaking,0,MOCK_G01,MOCK_S02,mouth,-0.0017009267149316002,persistence-self,True,MOCK DATA / NOT A SCIENTIFIC RESULT,displacement-report-draft-v1
non_speaking,0,MOCK_G01,MOCK_S02,right_brow,-0.0004383902100188004,persistence-self,True,MOCK DATA / NOT A SCIENTIFIC RESULT,displacement-report-draft-v1
non_speaking,0,MOCK_G01,MOCK_S02,right_cheek,-0.001442247108107901,persistence-self,True,MOCK DATA / NOT A SCIENTIFIC RESULT,displacement-report-draft-v1
non_speaking,0,MOCK_G01,MOCK_S02,right_eyelid,-0.0010003229683684996,persistence-self,True,MOCK DATA / NOT A SCIENTIFIC RESULT,displacement-report-draft-v1
non_speaking,0,MOCK_G01,MOCK_S02,whole_face,-0.0010967941941858626,persistence-self,True,MOCK DATA / NOT A SCIENTIFIC RESULT,displacement-report-draft-v1
non_speaking,0,MOCK_G02,MOCK_S03,jaw,-0.0019845302327495,persistence-self,True,MOCK DATA / NOT A SCIENTIFIC RESULT,displacement-report-draft-v1
non_speaking,0,MOCK_G02,MOCK_S03,left_brow,-0.00030201258347579973,persistence-self,True,MOCK DATA / NOT A SCIENTIFIC RESULT,displacement-report-draft-v1
non_speaking,0,MOCK_G02,MOCK_S03,left_cheek,-0.0012275998905421004,persistence-self,True,MOCK DATA / NOT A SCIENTIFIC RESULT,displacement-report-draft-v1
non_speaking,0,MOCK_G02,MOCK_S03,left_eyelid,-0.0007580840794919001,persistence-self,True,MOCK DATA / NOT A SCIENTIFIC RESULT,displacement-report-draft-v1
non_speaking,0,MOCK_G02,MOCK_S03,mouth,-0.0017839777786448005,persistence-self,True,MOCK DATA / NOT A SCIENTIFIC RESULT,displacement-report-draft-v1
non_speaking,0,MOCK_G02,MOCK_S03,right_brow,-0.00045758586595820005,persistence-self,True,MOCK DATA / NOT A SCIENTIFIC RESULT,displacement-report-draft-v1
non_speaking,0,MOCK_G02,MOCK_S03,right_cheek,-0.0014665509852524001,persistence-self,True,MOCK DATA / NOT A SCIENTIFIC RESULT,displacement-report-draft-v1
non_speaking,0,MOCK_G02,MOCK_S03,right_eyelid,-0.0009487553214290005,persistence-self,True,MOCK DATA / NOT A SCIENTIFIC RESULT,displacement-report-draft-v1
non_speaking,0,MOCK_G02,MOCK_S03,whole_face,-0.0011161370921929622,persistence-self,True,MOCK DATA / NOT A SCIENTIFIC RESULT,displacement-report-draft-v1
non_speaking,0,MOCK_G02,MOCK_S04,jaw,-0.0017605510742148,persistence-self,True,MOCK DATA / NOT A SCIENTIFIC RESULT,displacement-report-draft-v1
non_speaking,0,MOCK_G02,MOCK_S04,left_brow,-6.554422092090034e-05,persistence-self,True,MOCK DATA / NOT A SCIENTIFIC RESULT,displacement-report-draft-v1
non_speaking,0,MOCK_G02,MOCK_S04,left_cheek,-0.0010253846377019996,persistence-self,True,MOCK DATA / NOT A SCIENTIFIC RESULT,displacement-report-draft-v1
non_speaking,0,MOCK_G02,MOCK_S04,left_eyelid,-0.0005295091752220999,persistence-self,True,MOCK DATA / NOT A SCIENTIFIC RESULT,displacement-report-draft-v1
non_speaking,0,MOCK_G02,MOCK_S04,mouth,-0.0015237361096783007,persistence-self,True,MOCK DATA / NOT A SCIENTIFIC RESULT,displacement-report-draft-v1
non_speaking,0,MOCK_G02,MOCK_S04,right_brow,-0.0001660508778918001,persistence-self,True,MOCK DATA / NOT A SCIENTIFIC RESULT,displacement-report-draft-v1
non_speaking,0,MOCK_G02,MOCK_S04,right_cheek,-0.0012860687166354008,persistence-self,True,MOCK DATA / NOT A SCIENTIFIC RESULT,displacement-report-draft-v1
non_speaking,0,MOCK_G02,MOCK_S04,right_eyelid,-0.0006760949327158997,persistence-self,True,MOCK DATA / NOT A SCIENTIFIC RESULT,displacement-report-draft-v1
non_speaking,0,MOCK_G02,MOCK_S04,whole_face,-0.0008791174681226496,persistence-self,True,MOCK DATA / NOT A SCIENTIFIC RESULT,displacement-report-draft-v1
non_speaking,0,MOCK_G03,MOCK_S05,jaw,-0.0015450059063435995,persistence-self,True,MOCK DATA / NOT A SCIENTIFIC RESULT,displacement-report-draft-v1
non_speaking,0,MOCK_G03,MOCK_S05,left_brow,0.0003134818232443,persistence-self,True,MOCK DATA / NOT A SCIENTIFIC RESULT,displacement-report-draft-v1
non_speaking,0,MOCK_G03,MOCK_S05,left_cheek,-0.0009542354454824993,persistence-self,True,MOCK DATA / NOT A SCIENTIFIC RESULT,displacement-report-draft-v1
non_speaking,0,MOCK_G03,MOCK_S05,left_eyelid,-0.0002794994758184002,persistence-self,True,MOCK DATA / NOT A SCIENTIFIC RESULT,displacement-report-draft-v1
non_speaking,0,MOCK_G03,MOCK_S05,mouth,-0.0012602303854318993,persistence-self,True,MOCK DATA / NOT A SCIENTIFIC RESULT,displacement-report-draft-v1
non_speaking,0,MOCK_G03,MOCK_S05,right_brow,9.87965581333997e-05,persistence-self,True,MOCK DATA / NOT A SCIENTIFIC RESULT,displacement-report-draft-v1
non_speaking,0,MOCK_G03,MOCK_S05,right_cheek,-0.0009233170721075993,persistence-self,True,MOCK DATA / NOT A SCIENTIFIC RESULT,displacement-report-draft-v1
non_speaking,0,MOCK_G03,MOCK_S05,right_eyelid,-0.0005274912454995995,persistence-self,True,MOCK DATA / NOT A SCIENTIFIC RESULT,displacement-report-draft-v1
non_speaking,0,MOCK_G03,MOCK_S05,whole_face,-0.0006346876436632374,persistence-self,True,MOCK DATA / NOT A SCIENTIFIC RESULT,displacement-report-draft-v1
non_speaking,0,MOCK_G03,MOCK_S06,jaw,-0.0014239974866154005,persistence-self,True,MOCK DATA / NOT A SCIENTIFIC RESULT,displacement-report-draft-v1
non_speaking,0,MOCK_G03,MOCK_S06,left_brow,0.0002178803578047001,persistence-self,True,MOCK DATA / NOT A SCIENTIFIC RESULT,displacement-report-draft-v1
non_speaking,0,MOCK_G03,MOCK_S06,left_cheek,-0.0007464126410553999,persistence-self,True,MOCK DATA / NOT A SCIENTIFIC RESULT,displacement-report-draft-v1
non_speaking,0,MOCK_G03,MOCK_S06,left_eyelid,-0.00013069402388540038,persistence-self,True,MOCK DATA / NOT A SCIENTIFIC RESULT,displacement-report-draft-v1
non_speaking,0,MOCK_G03,MOCK_S06,mouth,-0.001205443965447901,persistence-self,True,MOCK DATA / NOT A SCIENTIFIC RESULT,displacement-report-draft-v1
non_speaking,0,MOCK_G03,MOCK_S06,right_brow,8.762516350359958e-05,persistence-self,True,MOCK DATA / NOT A SCIENTIFIC RESULT,displacement-report-draft-v1
non_speaking,0,MOCK_G03,MOCK_S06,right_cheek,-0.0011012419413095002,persistence-self,True,MOCK DATA / NOT A SCIENTIFIC RESULT,displacement-report-draft-v1
non_speaking,0,MOCK_G03,MOCK_S06,right_eyelid,-0.0005437731987191002,persistence-self,True,MOCK DATA / NOT A SCIENTIFIC RESULT,displacement-report-draft-v1
non_speaking,0,MOCK_G03,MOCK_S06,whole_face,-0.0006057572169655499,persistence-self,True,MOCK DATA / NOT A SCIENTIFIC RESULT,displacement-report-draft-v1
non_speaking,1,MOCK_G04,MOCK_S07,jaw,-0.0016646161325038992,persistence-self,True,MOCK DATA / NOT A SCIENTIFIC RESULT,displacement-report-draft-v1
non_speaking,1,MOCK_G04,MOCK_S07,left_brow,0.00010674719785930004,persistence-self,True,MOCK DATA / NOT A SCIENTIFIC RESULT,displacement-report-draft-v1
non_speaking,1,MOCK_G04,MOCK_S07,left_cheek,-0.0008430437664312994,persistence-self,True,MOCK DATA / NOT A SCIENTIFIC RESULT,displacement-report-draft-v1
non_speaking,1,MOCK_G04,MOCK_S07,left_eyelid,-0.0004743205721604001,persistence-self,True,MOCK DATA / NOT A SCIENTIFIC RESULT,displacement-report-draft-v1
non_speaking,1,MOCK_G04,MOCK_S07,mouth,-0.0014297197937238994,persistence-self,True,MOCK DATA / NOT A SCIENTIFIC RESULT,displacement-report-draft-v1
non_speaking,1,MOCK_G04,MOCK_S07,right_brow,-0.00011747956862189976,persistence-self,True,MOCK DATA / NOT A SCIENTIFIC RESULT,displacement-report-draft-v1
non_speaking,1,MOCK_G04,MOCK_S07,right_cheek,-0.0012455603902635998,persistence-self,True,MOCK DATA / NOT A SCIENTIFIC RESULT,displacement-report-draft-v1
non_speaking,1,MOCK_G04,MOCK_S07,right_eyelid,-0.0006265231495848995,persistence-self,True,MOCK DATA / NOT A SCIENTIFIC RESULT,displacement-report-draft-v1
non_speaking,1,MOCK_G04,MOCK_S07,whole_face,-0.0007868145219288242,persistence-self,True,MOCK DATA / NOT A SCIENTIFIC RESULT,displacement-report-draft-v1
non_speaking,1,MOCK_G04,MOCK_S08,jaw,-0.001998964912483801,persistence-self,True,MOCK DATA / NOT A SCIENTIFIC RESULT,displacement-report-draft-v1
non_speaking,1,MOCK_G04,MOCK_S08,left_brow,-0.00015488531975720032,persistence-self,True,MOCK DATA / NOT A SCIENTIFIC RESULT,displacement-report-draft-v1
non_speaking,1,MOCK_G04,MOCK_S08,left_cheek,-0.0012005677319022997,persistence-self,True,MOCK DATA / NOT A SCIENTIFIC RESULT,displacement-report-draft-v1
non_speaking,1,MOCK_G04,MOCK_S08,left_eyelid,-0.0008064632207054005,persistence-self,True,MOCK DATA / NOT A SCIENTIFIC RESULT,displacement-report-draft-v1
non_speaking,1,MOCK_G04,MOCK_S08,mouth,-0.001586679289632101,persistence-self,True,MOCK DATA / NOT A SCIENTIFIC RESULT,displacement-report-draft-v1
non_speaking,1,MOCK_G04,MOCK_S08,right_brow,-0.0004667003538777999,persistence-self,True,MOCK DATA / NOT A SCIENTIFIC RESULT,displacement-report-draft-v1
non_speaking,1,MOCK_G04,MOCK_S08,right_cheek,-0.0016194601679955008,persistence-self,True,MOCK DATA / NOT A SCIENTIFIC RESULT,displacement-report-draft-v1
non_speaking,1,MOCK_G04,MOCK_S08,right_eyelid,-0.0009497134327757003,persistence-self,True,MOCK DATA / NOT A SCIENTIFIC RESULT,displacement-report-draft-v1
non_speaking,1,MOCK_G04,MOCK_S08,whole_face,-0.001097929303641225,persistence-self,True,MOCK DATA / NOT A SCIENTIFIC RESULT,displacement-report-draft-v1
non_speaking,1,MOCK_G05,MOCK_S09,jaw,-0.0019182719083024992,persistence-self,True,MOCK DATA / NOT A SCIENTIFIC RESULT,displacement-report-draft-v1
non_speaking,1,MOCK_G05,MOCK_S09,left_brow,-0.0002127113127454996,persistence-self,True,MOCK DATA / NOT A SCIENTIFIC RESULT,displacement-report-draft-v1
non_speaking,1,MOCK_G05,MOCK_S09,left_cheek,-0.0013492046883711991,persistence-self,True,MOCK DATA / NOT A SCIENTIFIC RESULT,displacement-report-draft-v1
non_speaking,1,MOCK_G05,MOCK_S09,left_eyelid,-0.0007046167281359993,persistence-self,True,MOCK DATA / NOT A SCIENTIFIC RESULT,displacement-report-draft-v1
non_speaking,1,MOCK_G05,MOCK_S09,mouth,-0.0018513303731715995,persistence-self,True,MOCK DATA / NOT A SCIENTIFIC RESULT,displacement-report-draft-v1
non_speaking,1,MOCK_G05,MOCK_S09,right_brow,-0.00048790915667439993,persistence-self,True,MOCK DATA / NOT A SCIENTIFIC RESULT,displacement-report-draft-v1
non_speaking,1,MOCK_G05,MOCK_S09,right_cheek,-0.0015045303530840997,persistence-self,True,MOCK DATA / NOT A SCIENTIFIC RESULT,displacement-report-draft-v1
non_speaking,1,MOCK_G05,MOCK_S09,right_eyelid,-0.0009702792879280001,persistence-self,True,MOCK DATA / NOT A SCIENTIFIC RESULT,displacement-report-draft-v1
non_speaking,1,MOCK_G05,MOCK_S09,whole_face,-0.001124856726051662,persistence-self,True,MOCK DATA / NOT A SCIENTIFIC RESULT,displacement-report-draft-v1
non_speaking,1,MOCK_G05,MOCK_S10,jaw,-0.0017951414876040996,persistence-self,True,MOCK DATA / NOT A SCIENTIFIC RESULT,displacement-report-draft-v1
non_speaking,1,MOCK_G05,MOCK_S10,left_brow,-3.662898669680014e-05,persistence-self,True,MOCK DATA / NOT A SCIENTIFIC RESULT,displacement-report-draft-v1
non_speaking,1,MOCK_G05,MOCK_S10,left_cheek,-0.0010326496230495,persistence-self,True,MOCK DATA / NOT A SCIENTIFIC RESULT,displacement-report-draft-v1
non_speaking,1,MOCK_G05,MOCK_S10,left_eyelid,-0.0005111444800986005,persistence-self,True,MOCK DATA / NOT A SCIENTIFIC RESULT,displacement-report-draft-v1
non_speaking,1,MOCK_G05,MOCK_S10,mouth,-0.0016143713794366,persistence-self,True,MOCK DATA / NOT A SCIENTIFIC RESULT,displacement-report-draft-v1
non_speaking,1,MOCK_G05,MOCK_S10,right_brow,-0.00021541281908819994,persistence-self,True,MOCK DATA / NOT A SCIENTIFIC RESULT,displacement-report-draft-v1
non_speaking,1,MOCK_G05,MOCK_S10,right_cheek,-0.0013543758273875002,persistence-self,True,MOCK DATA / NOT A SCIENTIFIC RESULT,displacement-report-draft-v1
non_speaking,1,MOCK_G05,MOCK_S10,right_eyelid,-0.0008841206158852997,persistence-self,True,MOCK DATA / NOT A SCIENTIFIC RESULT,displacement-report-draft-v1
non_speaking,1,MOCK_G05,MOCK_S10,whole_face,-0.0009304806524058247,persistence-self,True,MOCK DATA / NOT A SCIENTIFIC RESULT,displacement-report-draft-v1
non_speaking,1,MOCK_G06,MOCK_S11,jaw,-0.0015527807414137994,persistence-self,True,MOCK DATA / NOT A SCIENTIFIC RESULT,displacement-report-draft-v1
non_speaking,1,MOCK_G06,MOCK_S11,left_brow,0.00024394691634349944,persistence-self,True,MOCK DATA / NOT A SCIENTIFIC RESULT,displacement-report-draft-v1
non_speaking,1,MOCK_G06,MOCK_S11,left_cheek,-0.0006789739455493994,persistence-self,True,MOCK DATA / NOT A SCIENTIFIC RESULT,displacement-report-draft-v1
non_speaking,1,MOCK_G06,MOCK_S11,left_eyelid,-0.0004045068794587001,persistence-self,True,MOCK DATA / NOT A SCIENTIFIC RESULT,displacement-report-draft-v1
non_speaking,1,MOCK_G06,MOCK_S11,mouth,-0.0013158243158532994,persistence-self,True,MOCK DATA / NOT A SCIENTIFIC RESULT,displacement-report-draft-v1
non_speaking,1,MOCK_G06,MOCK_S11,right_brow,-0.0001323592502568997,persistence-self,True,MOCK DATA / NOT A SCIENTIFIC RESULT,displacement-report-draft-v1
non_speaking,1,MOCK_G06,MOCK_S11,right_cheek,-0.0011494331220698994,persistence-self,True,MOCK DATA / NOT A SCIENTIFIC RESULT,displacement-report-draft-v1
non_speaking,1,MOCK_G06,MOCK_S11,right_eyelid,-0.0005672265302923002,persistence-self,True,MOCK DATA / NOT A SCIENTIFIC RESULT,displacement-report-draft-v1
non_speaking,1,MOCK_G06,MOCK_S11,whole_face,-0.0006946447335688501,persistence-self,True,MOCK DATA / NOT A SCIENTIFIC RESULT,displacement-report-draft-v1
non_speaking,1,MOCK_G06,MOCK_S12,jaw,-0.0014368979609108998,persistence-self,True,MOCK DATA / NOT A SCIENTIFIC RESULT,displacement-report-draft-v1
non_speaking,1,MOCK_G06,MOCK_S12,left_brow,0.00024469337883080075,persistence-self,True,MOCK DATA / NOT A SCIENTIFIC RESULT,displacement-report-draft-v1
non_speaking,1,MOCK_G06,MOCK_S12,left_cheek,-0.0008199906929301001,persistence-self,True,MOCK DATA / NOT A SCIENTIFIC RESULT,displacement-report-draft-v1
non_speaking,1,MOCK_G06,MOCK_S12,left_eyelid,-4.58617301411007e-05,persistence-self,True,MOCK DATA / NOT A SCIENTIFIC RESULT,displacement-report-draft-v1
non_speaking,1,MOCK_G06,MOCK_S12,mouth,-0.0011756451960120004,persistence-self,True,MOCK DATA / NOT A SCIENTIFIC RESULT,displacement-report-draft-v1
non_speaking,1,MOCK_G06,MOCK_S12,right_brow,0.0001448816267640993,persistence-self,True,MOCK DATA / NOT A SCIENTIFIC RESULT,displacement-report-draft-v1
non_speaking,1,MOCK_G06,MOCK_S12,right_cheek,-0.0008963378458712,persistence-self,True,MOCK DATA / NOT A SCIENTIFIC RESULT,displacement-report-draft-v1
non_speaking,1,MOCK_G06,MOCK_S12,right_eyelid,-0.0005427357314161003,persistence-self,True,MOCK DATA / NOT A SCIENTIFIC RESULT,displacement-report-draft-v1
non_speaking,1,MOCK_G06,MOCK_S12,whole_face,-0.0005659867689608127,persistence-self,True,MOCK DATA / NOT A SCIENTIFIC RESULT,displacement-report-draft-v1
non_speaking,2,MOCK_G07,MOCK_S13,jaw,-0.0015929645911287992,persistence-self,True,MOCK DATA / NOT A SCIENTIFIC RESULT,displacement-report-draft-v1
non_speaking,2,MOCK_G07,MOCK_S13,left_brow,0.00018208743430730024,persistence-self,True,MOCK DATA / NOT A SCIENTIFIC RESULT,displacement-report-draft-v1
non_speaking,2,MOCK_G07,MOCK_S13,left_cheek,-0.0007935157311454001,persistence-self,True,MOCK DATA / NOT A SCIENTIFIC RESULT,displacement-report-draft-v1
non_speaking,2,MOCK_G07,MOCK_S13,left_eyelid,-0.00038805497540359956,persistence-self,True,MOCK DATA / NOT A SCIENTIFIC RESULT,displacement-report-draft-v1
non_speaking,2,MOCK_G07,MOCK_S13,mouth,-0.0012611623597173997,persistence-self,True,MOCK DATA / NOT A SCIENTIFIC RESULT,displacement-report-draft-v1
non_speaking,2,MOCK_G07,MOCK_S13,right_brow,-0.00010293557407820009,persistence-self,True,MOCK DATA / NOT A SCIENTIFIC RESULT,displacement-report-draft-v1
non_speaking,2,MOCK_G07,MOCK_S13,right_cheek,-0.00112898302442,persistence-self,True,MOCK DATA / NOT A SCIENTIFIC RESULT,displacement-report-draft-v1
non_speaking,2,MOCK_G07,MOCK_S13,right_eyelid,-0.000653864195303,persistence-self,True,MOCK DATA / NOT A SCIENTIFIC RESULT,displacement-report-draft-v1
non_speaking,2,MOCK_G07,MOCK_S13,whole_face,-0.0007174241271111371,persistence-self,True,MOCK DATA / NOT A SCIENTIFIC RESULT,displacement-report-draft-v1
non_speaking,2,MOCK_G07,MOCK_S14,jaw,-0.0018396553013465995,persistence-self,True,MOCK DATA / NOT A SCIENTIFIC RESULT,displacement-report-draft-v1
non_speaking,2,MOCK_G07,MOCK_S14,left_brow,-0.00010362963813430066,persistence-self,True,MOCK DATA / NOT A SCIENTIFIC RESULT,displacement-report-draft-v1
non_speaking,2,MOCK_G07,MOCK_S14,left_cheek,-0.0012809678265086003,persistence-self,True,MOCK DATA / NOT A SCIENTIFIC RESULT,displacement-report-draft-v1
non_speaking,2,MOCK_G07,MOCK_S14,left_eyelid,-0.0006871523343595998,persistence-self,True,MOCK DATA / NOT A SCIENTIFIC RESULT,displacement-report-draft-v1
non_speaking,2,MOCK_G07,MOCK_S14,mouth,-0.0016251998998264997,persistence-self,True,MOCK DATA / NOT A SCIENTIFIC RESULT,displacement-report-draft-v1
non_speaking,2,MOCK_G07,MOCK_S14,right_brow,-0.00043666786066930054,persistence-self,True,MOCK DATA / NOT A SCIENTIFIC RESULT,displacement-report-draft-v1
non_speaking,2,MOCK_G07,MOCK_S14,right_cheek,-0.0013694801186971,persistence-self,True,MOCK DATA / NOT A SCIENTIFIC RESULT,displacement-report-draft-v1
non_speaking,2,MOCK_G07,MOCK_S14,right_eyelid,-0.0007487800069499997,persistence-self,True,MOCK DATA / NOT A SCIENTIFIC RESULT,displacement-report-draft-v1
non_speaking,2,MOCK_G07,MOCK_S14,whole_face,-0.0010114416233114997,persistence-self,True,MOCK DATA / NOT A SCIENTIFIC RESULT,displacement-report-draft-v1
non_speaking,2,MOCK_G08,MOCK_S15,jaw,-0.0019678177354401994,persistence-self,True,MOCK DATA / NOT A SCIENTIFIC RESULT,displacement-report-draft-v1
non_speaking,2,MOCK_G08,MOCK_S15,left_brow,-0.0003425193334885999,persistence-self,True,MOCK DATA / NOT A SCIENTIFIC RESULT,displacement-report-draft-v1
non_speaking,2,MOCK_G08,MOCK_S15,left_cheek,-0.0011211165596837994,persistence-self,True,MOCK DATA / NOT A SCIENTIFIC RESULT,displacement-report-draft-v1
non_speaking,2,MOCK_G08,MOCK_S15,left_eyelid,-0.0007941868725482,persistence-self,True,MOCK DATA / NOT A SCIENTIFIC RESULT,displacement-report-draft-v1
non_speaking,2,MOCK_G08,MOCK_S15,mouth,-0.0018021230128435995,persistence-self,True,MOCK DATA / NOT A SCIENTIFIC RESULT,displacement-report-draft-v1
non_speaking,2,MOCK_G08,MOCK_S15,right_brow,-0.0004974053149862994,persistence-self,True,MOCK DATA / NOT A SCIENTIFIC RESULT,displacement-report-draft-v1
non_speaking,2,MOCK_G08,MOCK_S15,right_cheek,-0.0016143490176411994,persistence-self,True,MOCK DATA / NOT A SCIENTIFIC RESULT,displacement-report-draft-v1
non_speaking,2,MOCK_G08,MOCK_S15,right_eyelid,-0.0010350059542968996,persistence-self,True,MOCK DATA / NOT A SCIENTIFIC RESULT,displacement-report-draft-v1
non_speaking,2,MOCK_G08,MOCK_S15,whole_face,-0.0011468154751161,persistence-self,True,MOCK DATA / NOT A SCIENTIFIC RESULT,displacement-report-draft-v1
non_speaking,2,MOCK_G08,MOCK_S16,jaw,-0.001847551632901799,persistence-self,True,MOCK DATA / NOT A SCIENTIFIC RESULT,displacement-report-draft-v1
non_speaking,2,MOCK_G08,MOCK_S16,left_brow,-0.0001364258274116001,persistence-self,True,MOCK DATA / NOT A SCIENTIFIC RESULT,displacement-report-draft-v1
non_speaking,2,MOCK_G08,MOCK_S16,left_cheek,-0.0012332901602414006,persistence-self,True,MOCK DATA / NOT A SCIENTIFIC RESULT,displacement-report-draft-v1
non_speaking,2,MOCK_G08,MOCK_S16,left_eyelid,-0.0006829072962500999,persistence-self,True,MOCK DATA / NOT A SCIENTIFIC RESULT,displacement-report-draft-v1
non_speaking,2,MOCK_G08,MOCK_S16,mouth,-0.001685973638908299,persistence-self,True,MOCK DATA / NOT A SCIENTIFIC RESULT,displacement-report-draft-v1
non_speaking,2,MOCK_G08,MOCK_S16,right_brow,-0.0003728286755216,persistence-self,True,MOCK DATA / NOT A SCIENTIFIC RESULT,displacement-report-draft-v1
non_speaking,2,MOCK_G08,MOCK_S16,right_cheek,-0.0013088061050196996,persistence-self,True,MOCK DATA / NOT A SCIENTIFIC RESULT,displacement-report-draft-v1
non_speaking,2,MOCK_G08,MOCK_S16,right_eyelid,-0.0010016907741458,persistence-self,True,MOCK DATA / NOT A SCIENTIFIC RESULT,displacement-report-draft-v1
non_speaking,2,MOCK_G08,MOCK_S16,whole_face,-0.0010336842638000374,persistence-self,True,MOCK DATA / NOT A SCIENTIFIC RESULT,displacement-report-draft-v1
non_speaking,2,MOCK_G09,MOCK_S17,jaw,-0.0016769591759734003,persistence-self,True,MOCK DATA / NOT A SCIENTIFIC RESULT,displacement-report-draft-v1
non_speaking,2,MOCK_G09,MOCK_S17,left_brow,0.00020030579581400022,persistence-self,True,MOCK DATA / NOT A SCIENTIFIC RESULT,displacement-report-draft-v1
non_speaking,2,MOCK_G09,MOCK_S17,left_cheek,-0.0008052993115974004,persistence-self,True,MOCK DATA / NOT A SCIENTIFIC RESULT,displacement-report-draft-v1
non_speaking,2,MOCK_G09,MOCK_S17,left_eyelid,-0.0003689346790564001,persistence-self,True,MOCK DATA / NOT A SCIENTIFIC RESULT,displacement-report-draft-v1
non_speaking,2,MOCK_G09,MOCK_S17,mouth,-0.0013559923782039,persistence-self,True,MOCK DATA / NOT A SCIENTIFIC RESULT,displacement-report-draft-v1
non_speaking,2,MOCK_G09,MOCK_S17,right_brow,-0.00011490925874019925,persistence-self,True,MOCK DATA / NOT A SCIENTIFIC RESULT,displacement-report-draft-v1
non_speaking,2,MOCK_G09,MOCK_S17,right_cheek,-0.0011841765947308005,persistence-self,True,MOCK DATA / NOT A SCIENTIFIC RESULT,displacement-report-draft-v1
non_speaking,2,MOCK_G09,MOCK_S17,right_eyelid,-0.0007366223056483002,persistence-self,True,MOCK DATA / NOT A SCIENTIFIC RESULT,displacement-report-draft-v1
non_speaking,2,MOCK_G09,MOCK_S17,whole_face,-0.0007553234885170502,persistence-self,True,MOCK DATA / NOT A SCIENTIFIC RESULT,displacement-report-draft-v1
non_speaking,2,MOCK_G09,MOCK_S18,jaw,-0.0015064344866163011,persistence-self,True,MOCK DATA / NOT A SCIENTIFIC RESULT,displacement-report-draft-v1
non_speaking,2,MOCK_G09,MOCK_S18,left_brow,0.0005015804634600001,persistence-self,True,MOCK DATA / NOT A SCIENTIFIC RESULT,displacement-report-draft-v1
non_speaking,2,MOCK_G09,MOCK_S18,left_cheek,-0.0008077209655307999,persistence-self,True,MOCK DATA / NOT A SCIENTIFIC RESULT,displacement-report-draft-v1
non_speaking,2,MOCK_G09,MOCK_S18,left_eyelid,-0.0001616358388238006,persistence-self,True,MOCK DATA / NOT A SCIENTIFIC RESULT,displacement-report-draft-v1
non_speaking,2,MOCK_G09,MOCK_S18,mouth,-0.0011789893477193994,persistence-self,True,MOCK DATA / NOT A SCIENTIFIC RESULT,displacement-report-draft-v1
non_speaking,2,MOCK_G09,MOCK_S18,right_brow,3.462249431750077e-05,persistence-self,True,MOCK DATA / NOT A SCIENTIFIC RESULT,displacement-report-draft-v1
non_speaking,2,MOCK_G09,MOCK_S18,right_cheek,-0.0009171535870634998,persistence-self,True,MOCK DATA / NOT A SCIENTIFIC RESULT,displacement-report-draft-v1
non_speaking,2,MOCK_G09,MOCK_S18,right_eyelid,-0.0004587329981787999,persistence-self,True,MOCK DATA / NOT A SCIENTIFIC RESULT,displacement-report-draft-v1
non_speaking,2,MOCK_G09,MOCK_S18,whole_face,-0.0005618080332693877,persistence-self,True,MOCK DATA / NOT A SCIENTIFIC RESULT,displacement-report-draft-v1
non_speaking,3,MOCK_G10,MOCK_S19,jaw,-0.0015200276079779989,persistence-self,True,MOCK DATA / NOT A SCIENTIFIC RESULT,displacement-report-draft-v1
non_speaking,3,MOCK_G10,MOCK_S19,left_brow,0.00022719805704640023,persistence-self,True,MOCK DATA / NOT A SCIENTIFIC RESULT,displacement-report-draft-v1
non_speaking,3,MOCK_G10,MOCK_S19,left_cheek,-0.0007120811390977002,persistence-self,True,MOCK DATA / NOT A SCIENTIFIC RESULT,displacement-report-draft-v1
non_speaking,3,MOCK_G10,MOCK_S19,left_eyelid,-0.00027798733151210026,persistence-self,True,MOCK DATA / NOT A SCIENTIFIC RESULT,displacement-report-draft-v1
non_speaking,3,MOCK_G10,MOCK_S19,mouth,-0.001291694590653699,persistence-self,True,MOCK DATA / NOT A SCIENTIFIC RESULT,displacement-report-draft-v1
non_speaking,3,MOCK_G10,MOCK_S19,right_brow,-0.00015357269480680003,persistence-self,True,MOCK DATA / NOT A SCIENTIFIC RESULT,displacement-report-draft-v1
non_speaking,3,MOCK_G10,MOCK_S19,right_cheek,-0.0009532608316964999,persistence-self,True,MOCK DATA / NOT A SCIENTIFIC RESULT,displacement-report-draft-v1
non_speaking,3,MOCK_G10,MOCK_S19,right_eyelid,-0.0005647625032844002,persistence-self,True,MOCK DATA / NOT A SCIENTIFIC RESULT,displacement-report-draft-v1
non_speaking,3,MOCK_G10,MOCK_S19,whole_face,-0.0006557735802478499,persistence-self,True,MOCK DATA / NOT A SCIENTIFIC RESULT,displacement-report-draft-v1
non_speaking,3,MOCK_G10,MOCK_S20,jaw,-0.0016629486483999995,persistence-self,True,MOCK DATA / NOT A SCIENTIFIC RESULT,displacement-report-draft-v1
non_speaking,3,MOCK_G10,MOCK_S20,left_brow,1.0975134723300098e-05,persistence-self,True,MOCK DATA / NOT A SCIENTIFIC RESULT,displacement-report-draft-v1
non_speaking,3,MOCK_G10,MOCK_S20,left_cheek,-0.0012319247350995,persistence-self,True,MOCK DATA / NOT A SCIENTIFIC RESULT,displacement-report-draft-v1
non_speaking,3,MOCK_G10,MOCK_S20,left_eyelid,-0.0005732181602956,persistence-self,True,MOCK DATA / NOT A SCIENTIFIC RESULT,displacement-report-draft-v1
non_speaking,3,MOCK_G10,MOCK_S20,mouth,-0.0015391602846141998,persistence-self,True,MOCK DATA / NOT A SCIENTIFIC RESULT,displacement-report-draft-v1
non_speaking,3,MOCK_G10,MOCK_S20,right_brow,-0.0004161561076528996,persistence-self,True,MOCK DATA / NOT A SCIENTIFIC RESULT,displacement-report-draft-v1
non_speaking,3,MOCK_G10,MOCK_S20,right_cheek,-0.0012860644815104998,persistence-self,True,MOCK DATA / NOT A SCIENTIFIC RESULT,displacement-report-draft-v1
non_speaking,3,MOCK_G10,MOCK_S20,right_eyelid,-0.0008246426855822997,persistence-self,True,MOCK DATA / NOT A SCIENTIFIC RESULT,displacement-report-draft-v1
non_speaking,3,MOCK_G10,MOCK_S20,whole_face,-0.0009403924960539626,persistence-self,True,MOCK DATA / NOT A SCIENTIFIC RESULT,displacement-report-draft-v1
non_speaking,3,MOCK_G11,MOCK_S21,jaw,-0.0020710904080885988,persistence-self,True,MOCK DATA / NOT A SCIENTIFIC RESULT,displacement-report-draft-v1
non_speaking,3,MOCK_G11,MOCK_S21,left_brow,-0.0004003969342641,persistence-self,True,MOCK DATA / NOT A SCIENTIFIC RESULT,displacement-report-draft-v1
non_speaking,3,MOCK_G11,MOCK_S21,left_cheek,-0.0012212005562622997,persistence-self,True,MOCK DATA / NOT A SCIENTIFIC RESULT,displacement-report-draft-v1
non_speaking,3,MOCK_G11,MOCK_S21,left_eyelid,-0.0008932895765441,persistence-self,True,MOCK DATA / NOT A SCIENTIFIC RESULT,displacement-report-draft-v1
non_speaking,3,MOCK_G11,MOCK_S21,mouth,-0.0016998711572535994,persistence-self,True,MOCK DATA / NOT A SCIENTIFIC RESULT,displacement-report-draft-v1
non_speaking,3,MOCK_G11,MOCK_S21,right_brow,-0.0004684137452509998,persistence-self,True,MOCK DATA / NOT A SCIENTIFIC RESULT,displacement-report-draft-v1
non_speaking,3,MOCK_G11,MOCK_S21,right_cheek,-0.0016556045574531997,persistence-self,True,MOCK DATA / NOT A SCIENTIFIC RESULT,displacement-report-draft-v1
non_speaking,3,MOCK_G11,MOCK_S21,right_eyelid,-0.0009271164525812003,persistence-self,True,MOCK DATA / NOT A SCIENTIFIC RESULT,displacement-report-draft-v1
non_speaking,3,MOCK_G11,MOCK_S21,whole_face,-0.001167122923462262,persistence-self,True,MOCK DATA / NOT A SCIENTIFIC RESULT,displacement-report-draft-v1
non_speaking,3,MOCK_G11,MOCK_S22,jaw,-0.0019291111759043005,persistence-self,True,MOCK DATA / NOT A SCIENTIFIC RESULT,displacement-report-draft-v1
non_speaking,3,MOCK_G11,MOCK_S22,left_brow,-0.00021523671421479987,persistence-self,True,MOCK DATA / NOT A SCIENTIFIC RESULT,displacement-report-draft-v1
non_speaking,3,MOCK_G11,MOCK_S22,left_cheek,-0.0011874649916601004,persistence-self,True,MOCK DATA / NOT A SCIENTIFIC RESULT,displacement-report-draft-v1
non_speaking,3,MOCK_G11,MOCK_S22,left_eyelid,-0.0008573683099709004,persistence-self,True,MOCK DATA / NOT A SCIENTIFIC RESULT,displacement-report-draft-v1
non_speaking,3,MOCK_G11,MOCK_S22,mouth,-0.0017514826851802003,persistence-self,True,MOCK DATA / NOT A SCIENTIFIC RESULT,displacement-report-draft-v1
non_speaking,3,MOCK_G11,MOCK_S22,right_brow,-0.00043586268852580014,persistence-self,True,MOCK DATA / NOT A SCIENTIFIC RESULT,displacement-report-draft-v1
non_speaking,3,MOCK_G11,MOCK_S22,right_cheek,-0.0015200104619388002,persistence-self,True,MOCK DATA / NOT A SCIENTIFIC RESULT,displacement-report-draft-v1
non_speaking,3,MOCK_G11,MOCK_S22,right_eyelid,-0.0010068165254707995,persistence-self,True,MOCK DATA / NOT A SCIENTIFIC RESULT,displacement-report-draft-v1
non_speaking,3,MOCK_G11,MOCK_S22,whole_face,-0.0011129191941082126,persistence-self,True,MOCK DATA / NOT A SCIENTIFIC RESULT,displacement-report-draft-v1
non_speaking,3,MOCK_G12,MOCK_S23,jaw,-0.0017029185163109995,persistence-self,True,MOCK DATA / NOT A SCIENTIFIC RESULT,displacement-report-draft-v1
non_speaking,3,MOCK_G12,MOCK_S23,left_brow,6.888199748450018e-05,persistence-self,True,MOCK DATA / NOT A SCIENTIFIC RESULT,displacement-report-draft-v1
non_speaking,3,MOCK_G12,MOCK_S23,left_cheek,-0.0010510082186521996,persistence-self,True,MOCK DATA / NOT A SCIENTIFIC RESULT,displacement-report-draft-v1
non_speaking,3,MOCK_G12,MOCK_S23,left_eyelid,-0.0004712047369310997,persistence-self,True,MOCK DATA / NOT A SCIENTIFIC RESULT,displacement-report-draft-v1
non_speaking,3,MOCK_G12,MOCK_S23,mouth,-0.0015681511459839995,persistence-self,True,MOCK DATA / NOT A SCIENTIFIC RESULT,displacement-report-draft-v1
non_speaking,3,MOCK_G12,MOCK_S23,right_brow,-0.00028669267678680006,persistence-self,True,MOCK DATA / NOT A SCIENTIFIC RESULT,displacement-report-draft-v1
non_speaking,3,MOCK_G12,MOCK_S23,right_cheek,-0.0012684133491548998,persistence-self,True,MOCK DATA / NOT A SCIENTIFIC RESULT,displacement-report-draft-v1
non_speaking,3,MOCK_G12,MOCK_S23,right_eyelid,-0.0007750801741575001,persistence-self,True,MOCK DATA / NOT A SCIENTIFIC RESULT,displacement-report-draft-v1
non_speaking,3,MOCK_G12,MOCK_S23,whole_face,-0.0008818233525616252,persistence-self,True,MOCK DATA / NOT A SCIENTIFIC RESULT,displacement-report-draft-v1
non_speaking,3,MOCK_G12,MOCK_S24,jaw,-0.001570265211919,persistence-self,True,MOCK DATA / NOT A SCIENTIFIC RESULT,displacement-report-draft-v1
non_speaking,3,MOCK_G12,MOCK_S24,left_brow,0.0003317388726273001,persistence-self,True,MOCK DATA / NOT A SCIENTIFIC RESULT,displacement-report-draft-v1
non_speaking,3,MOCK_G12,MOCK_S24,left_cheek,-0.0007490670423231996,persistence-self,True,MOCK DATA / NOT A SCIENTIFIC RESULT,displacement-report-draft-v1
non_speaking,3,MOCK_G12,MOCK_S24,left_eyelid,-0.00019173705068680023,persistence-self,True,MOCK DATA / NOT A SCIENTIFIC RESULT,displacement-report-draft-v1
non_speaking,3,MOCK_G12,MOCK_S24,mouth,-0.001301996221734901,persistence-self,True,MOCK DATA / NOT A SCIENTIFIC RESULT,displacement-report-draft-v1
non_speaking,3,MOCK_G12,MOCK_S24,right_brow,3.312803659320015e-05,persistence-self,True,MOCK DATA / NOT A SCIENTIFIC RESULT,displacement-report-draft-v1
non_speaking,3,MOCK_G12,MOCK_S24,right_cheek,-0.0009785231784236997,persistence-self,True,MOCK DATA / NOT A SCIENTIFIC RESULT,displacement-report-draft-v1
non_speaking,3,MOCK_G12,MOCK_S24,right_eyelid,-0.0004290416496632995,persistence-self,True,MOCK DATA / NOT A SCIENTIFIC RESULT,displacement-report-draft-v1
non_speaking,3,MOCK_G12,MOCK_S24,whole_face,-0.0006069704306912995,persistence-self,True,MOCK DATA / NOT A SCIENTIFIC RESULT,displacement-report-draft-v1
non_speaking,4,MOCK_G13,MOCK_S25,jaw,-0.0014629924552891993,persistence-self,True,MOCK DATA / NOT A SCIENTIFIC RESULT,displacement-report-draft-v1
non_speaking,4,MOCK_G13,MOCK_S25,left_brow,0.0002547882181539998,persistence-self,True,MOCK DATA / NOT A SCIENTIFIC RESULT,displacement-report-draft-v1
non_speaking,4,MOCK_G13,MOCK_S25,left_cheek,-0.0006769187911229999,persistence-self,True,MOCK DATA / NOT A SCIENTIFIC RESULT,displacement-report-draft-v1
non_speaking,4,MOCK_G13,MOCK_S25,left_eyelid,-0.00020827147053579988,persistence-self,True,MOCK DATA / NOT A SCIENTIFIC RESULT,displacement-report-draft-v1
non_speaking,4,MOCK_G13,MOCK_S25,mouth,-0.001238438345069,persistence-self,True,MOCK DATA / NOT A SCIENTIFIC RESULT,displacement-report-draft-v1
non_speaking,4,MOCK_G13,MOCK_S25,right_brow,0.00018348634353700013,persistence-self,True,MOCK DATA / NOT A SCIENTIFIC RESULT,displacement-report-draft-v1
non_speaking,4,MOCK_G13,MOCK_S25,right_eyelid,-0.0004925109313344998,persistence-self,True,MOCK DATA / NOT A SCIENTIFIC RESULT,displacement-report-draft-v1
non_speaking,4,MOCK_G13,MOCK_S26,jaw,-0.0016674389275990993,persistence-self,True,MOCK DATA / NOT A SCIENTIFIC RESULT,displacement-report-draft-v1
non_speaking,4,MOCK_G13,MOCK_S26,left_brow,7.37600722166996e-05,persistence-self,True,MOCK DATA / NOT A SCIENTIFIC RESULT,displacement-report-draft-v1
non_speaking,4,MOCK_G13,MOCK_S26,left_cheek,-0.0010317007593094998,persistence-self,True,MOCK DATA / NOT A SCIENTIFIC RESULT,displacement-report-draft-v1
non_speaking,4,MOCK_G13,MOCK_S26,left_eyelid,-0.00045161002649499963,persistence-self,True,MOCK DATA / NOT A SCIENTIFIC RESULT,displacement-report-draft-v1
non_speaking,4,MOCK_G13,MOCK_S26,mouth,-0.0015078971436814992,persistence-self,True,MOCK DATA / NOT A SCIENTIFIC RESULT,displacement-report-draft-v1
non_speaking,4,MOCK_G13,MOCK_S26,right_brow,-0.00018020214063120023,persistence-self,True,MOCK DATA / NOT A SCIENTIFIC RESULT,displacement-report-draft-v1
non_speaking,4,MOCK_G13,MOCK_S26,right_eyelid,-0.0006686217692491994,persistence-self,True,MOCK DATA / NOT A SCIENTIFIC RESULT,displacement-report-draft-v1
non_speaking,4,MOCK_G14,MOCK_S27,jaw,-0.0018940552034712992,persistence-self,True,MOCK DATA / NOT A SCIENTIFIC RESULT,displacement-report-draft-v1
non_speaking,4,MOCK_G14,MOCK_S27,left_brow,-0.0002694087720799994,persistence-self,True,MOCK DATA / NOT A SCIENTIFIC RESULT,displacement-report-draft-v1
non_speaking,4,MOCK_G14,MOCK_S27,left_cheek,-0.0012061913710817995,persistence-self,True,MOCK DATA / NOT A SCIENTIFIC RESULT,displacement-report-draft-v1
non_speaking,4,MOCK_G14,MOCK_S27,left_eyelid,-0.0006696664970778999,persistence-self,True,MOCK DATA / NOT A SCIENTIFIC RESULT,displacement-report-draft-v1
non_speaking,4,MOCK_G14,MOCK_S27,mouth,-0.0016963148862147994,persistence-self,True,MOCK DATA / NOT A SCIENTIFIC RESULT,displacement-report-draft-v1
non_speaking,4,MOCK_G14,MOCK_S27,right_brow,-0.0004691755949160995,persistence-self,True,MOCK DATA / NOT A SCIENTIFIC RESULT,displacement-report-draft-v1
non_speaking,4,MOCK_G14,MOCK_S27,right_eyelid,-0.0009825982980776003,persistence-self,True,MOCK DATA / NOT A SCIENTIFIC RESULT,displacement-report-draft-v1
non_speaking,4,MOCK_G14,MOCK_S28,jaw,-0.0020686602431264,persistence-self,True,MOCK DATA / NOT A SCIENTIFIC RESULT,displacement-report-draft-v1
non_speaking,4,MOCK_G14,MOCK_S28,left_brow,-0.00022220748017790035,persistence-self,True,MOCK DATA / NOT A SCIENTIFIC RESULT,displacement-report-draft-v1
non_speaking,4,MOCK_G14,MOCK_S28,left_cheek,-0.0011104595334607004,persistence-self,True,MOCK DATA / NOT A SCIENTIFIC RESULT,displacement-report-draft-v1
non_speaking,4,MOCK_G14,MOCK_S28,left_eyelid,-0.0007401463734256,persistence-self,True,MOCK DATA / NOT A SCIENTIFIC RESULT,displacement-report-draft-v1
non_speaking,4,MOCK_G14,MOCK_S28,mouth,-0.0018023851407213002,persistence-self,True,MOCK DATA / NOT A SCIENTIFIC RESULT,displacement-report-draft-v1
non_speaking,4,MOCK_G14,MOCK_S28,right_brow,-0.0005439238797008998,persistence-self,True,MOCK DATA / NOT A SCIENTIFIC RESULT,displacement-report-draft-v1
non_speaking,4,MOCK_G14,MOCK_S28,right_eyelid,-0.0009798723523478997,persistence-self,True,MOCK DATA / NOT A SCIENTIFIC RESULT,displacement-report-draft-v1
non_speaking,4,MOCK_G15,MOCK_S29,jaw,-0.001804731494460701,persistence-self,True,MOCK DATA / NOT A SCIENTIFIC RESULT,displacement-report-draft-v1
non_speaking,4,MOCK_G15,MOCK_S29,left_brow,-5.74371250159e-05,persistence-self,True,MOCK DATA / NOT A SCIENTIFIC RESULT,displacement-report-draft-v1
non_speaking,4,MOCK_G15,MOCK_S29,left_cheek,-0.0009848945865433998,persistence-self,True,MOCK DATA / NOT A SCIENTIFIC RESULT,displacement-report-draft-v1
non_speaking,4,MOCK_G15,MOCK_S29,left_eyelid,-0.0006230977060249004,persistence-self,True,MOCK DATA / NOT A SCIENTIFIC RESULT,displacement-report-draft-v1
non_speaking,4,MOCK_G15,MOCK_S29,mouth,-0.0016429335159661995,persistence-self,True,MOCK DATA / NOT A SCIENTIFIC RESULT,displacement-report-draft-v1
non_speaking,4,MOCK_G15,MOCK_S29,right_brow,-0.00038091777856999985,persistence-self,True,MOCK DATA / NOT A SCIENTIFIC RESULT,displacement-report-draft-v1
non_speaking,4,MOCK_G15,MOCK_S29,right_eyelid,-0.0008263411023489006,persistence-self,True,MOCK DATA / NOT A SCIENTIFIC RESULT,displacement-report-draft-v1
non_speaking,4,MOCK_G15,MOCK_S30,jaw,-0.0015577775059682003,persistence-self,True,MOCK DATA / NOT A SCIENTIFIC RESULT,displacement-report-draft-v1
non_speaking,4,MOCK_G15,MOCK_S30,left_brow,9.54808469208002e-05,persistence-self,True,MOCK DATA / NOT A SCIENTIFIC RESULT,displacement-report-draft-v1
non_speaking,4,MOCK_G15,MOCK_S30,left_cheek,-0.0008187046516063001,persistence-self,True,MOCK DATA / NOT A SCIENTIFIC RESULT,displacement-report-draft-v1
non_speaking,4,MOCK_G15,MOCK_S30,left_eyelid,-0.00029718653209099936,persistence-self,True,MOCK DATA / NOT A SCIENTIFIC RESULT,displacement-report-draft-v1
non_speaking,4,MOCK_G15,MOCK_S30,mouth,-0.0013914459753677005,persistence-self,True,MOCK DATA / NOT A SCIENTIFIC RESULT,displacement-report-draft-v1
non_speaking,4,MOCK_G15,MOCK_S30,right_brow,3.1272263240006773e-06,persistence-self,True,MOCK DATA / NOT A SCIENTIFIC RESULT,displacement-report-draft-v1
non_speaking,4,MOCK_G15,MOCK_S30,right_eyelid,-0.0004791900491318002,persistence-self,True,MOCK DATA / NOT A SCIENTIFIC RESULT,displacement-report-draft-v1
speaking,0,MOCK_G01,MOCK_S01,jaw,-0.0013287228959870997,persistence-self,True,MOCK DATA / NOT A SCIENTIFIC RESULT,displacement-report-draft-v1
speaking,0,MOCK_G01,MOCK_S01,left_brow,0.0003168213065814999,persistence-self,True,MOCK DATA / NOT A SCIENTIFIC RESULT,displacement-report-draft-v1
speaking,0,MOCK_G01,MOCK_S01,left_cheek,-0.0005639530133714002,persistence-self,True,MOCK DATA / NOT A SCIENTIFIC RESULT,displacement-report-draft-v1
speaking,0,MOCK_G01,MOCK_S01,left_eyelid,-0.00010817018018159999,persistence-self,True,MOCK DATA / NOT A SCIENTIFIC RESULT,displacement-report-draft-v1
speaking,0,MOCK_G01,MOCK_S01,mouth,-0.0010167616750665995,persistence-self,True,MOCK DATA / NOT A SCIENTIFIC RESULT,displacement-report-draft-v1
speaking,0,MOCK_G01,MOCK_S01,right_brow,0.0001868412013445002,persistence-self,True,MOCK DATA / NOT A SCIENTIFIC RESULT,displacement-report-draft-v1
speaking,0,MOCK_G01,MOCK_S01,right_cheek,-0.0007997948962763001,persistence-self,True,MOCK DATA / NOT A SCIENTIFIC RESULT,displacement-report-draft-v1
speaking,0,MOCK_G01,MOCK_S01,right_eyelid,-0.00034702266466440056,persistence-self,True,MOCK DATA / NOT A SCIENTIFIC RESULT,displacement-report-draft-v1
speaking,0,MOCK_G01,MOCK_S01,whole_face,-0.0004575953522026749,persistence-self,True,MOCK DATA / NOT A SCIENTIFIC RESULT,displacement-report-draft-v1
speaking,0,MOCK_G01,MOCK_S02,jaw,-0.0016398360029498994,persistence-self,True,MOCK DATA / NOT A SCIENTIFIC RESULT,displacement-report-draft-v1
speaking,0,MOCK_G01,MOCK_S02,left_brow,0.00025668898239460027,persistence-self,True,MOCK DATA / NOT A SCIENTIFIC RESULT,displacement-report-draft-v1
speaking,0,MOCK_G01,MOCK_S02,left_cheek,-0.0008823502756706994,persistence-self,True,MOCK DATA / NOT A SCIENTIFIC RESULT,displacement-report-draft-v1
speaking,0,MOCK_G01,MOCK_S02,left_eyelid,-0.00041991222277119964,persistence-self,True,MOCK DATA / NOT A SCIENTIFIC RESULT,displacement-report-draft-v1
speaking,0,MOCK_G01,MOCK_S02,mouth,-0.0013183728421155994,persistence-self,True,MOCK DATA / NOT A SCIENTIFIC RESULT,displacement-report-draft-v1
speaking,0,MOCK_G01,MOCK_S02,right_brow,-8.229178736669958e-05,persistence-self,True,MOCK DATA / NOT A SCIENTIFIC RESULT,displacement-report-draft-v1
speaking,0,MOCK_G01,MOCK_S02,right_cheek,-0.0010887309263682993,persistence-self,True,MOCK DATA / NOT A SCIENTIFIC RESULT,displacement-report-draft-v1
speaking,0,MOCK_G01,MOCK_S02,right_eyelid,-0.0005759814763282994,persistence-self,True,MOCK DATA / NOT A SCIENTIFIC RESULT,displacement-report-draft-v1
speaking,0,MOCK_G01,MOCK_S02,whole_face,-0.0007188483188970123,persistence-self,True,MOCK DATA / NOT A SCIENTIFIC RESULT,displacement-report-draft-v1
speaking,0,MOCK_G02,MOCK_S03,jaw,-0.0016690316102236005,persistence-self,True,MOCK DATA / NOT A SCIENTIFIC RESULT,displacement-report-draft-v1
speaking,0,MOCK_G02,MOCK_S03,left_brow,0.0001173251277287006,persistence-self,True,MOCK DATA / NOT A SCIENTIFIC RESULT,displacement-report-draft-v1
speaking,0,MOCK_G02,MOCK_S03,left_cheek,-0.0009127338797659005,persistence-self,True,MOCK DATA / NOT A SCIENTIFIC RESULT,displacement-report-draft-v1
speaking,0,MOCK_G02,MOCK_S03,left_eyelid,-0.0004571602427441007,persistence-self,True,MOCK DATA / NOT A SCIENTIFIC RESULT,displacement-report-draft-v1
speaking,0,MOCK_G02,MOCK_S03,mouth,-0.0013565739683200993,persistence-self,True,MOCK DATA / NOT A SCIENTIFIC RESULT,displacement-report-draft-v1
speaking,0,MOCK_G02,MOCK_S03,right_brow,-5.815631023550066e-05,persistence-self,True,MOCK DATA / NOT A SCIENTIFIC RESULT,displacement-report-draft-v1
speaking,0,MOCK_G02,MOCK_S03,right_cheek,-0.0012178840236453,persistence-self,True,MOCK DATA / NOT A SCIENTIFIC RESULT,displacement-report-draft-v1
speaking,0,MOCK_G02,MOCK_S03,right_eyelid,-0.0006487973972943003,persistence-self,True,MOCK DATA / NOT A SCIENTIFIC RESULT,displacement-report-draft-v1
speaking,0,MOCK_G02,MOCK_S03,whole_face,-0.0007753765380625124,persistence-self,True,MOCK DATA / NOT A SCIENTIFIC RESULT,displacement-report-draft-v1
speaking,0,MOCK_G02,MOCK_S04,jaw,-0.0013832382845450995,persistence-self,True,MOCK DATA / NOT A SCIENTIFIC RESULT,displacement-report-draft-v1
speaking,0,MOCK_G02,MOCK_S04,left_brow,0.00030113717562760007,persistence-self,True,MOCK DATA / NOT A SCIENTIFIC RESULT,displacement-report-draft-v1
speaking,0,MOCK_G02,MOCK_S04,left_cheek,-0.0007386771121738007,persistence-self,True,MOCK DATA / NOT A SCIENTIFIC RESULT,displacement-report-draft-v1
speaking,0,MOCK_G02,MOCK_S04,left_eyelid,-0.00010767865311209993,persistence-self,True,MOCK DATA / NOT A SCIENTIFIC RESULT,displacement-report-draft-v1
speaking,0,MOCK_G02,MOCK_S04,mouth,-0.0011854435657482993,persistence-self,True,MOCK DATA / NOT A SCIENTIFIC RESULT,displacement-report-draft-v1
speaking,0,MOCK_G02,MOCK_S04,right_brow,0.00016337354696570067,persistence-self,True,MOCK DATA / NOT A SCIENTIFIC RESULT,displacement-report-draft-v1
speaking,0,MOCK_G02,MOCK_S04,right_cheek,-0.0008941645136646007,persistence-self,True,MOCK DATA / NOT A SCIENTIFIC RESULT,displacement-report-draft-v1
speaking,0,MOCK_G02,MOCK_S04,right_eyelid,-0.00039873953568320044,persistence-self,True,MOCK DATA / NOT A SCIENTIFIC RESULT,displacement-report-draft-v1
speaking,0,MOCK_G02,MOCK_S04,whole_face,-0.0005304288677917251,persistence-self,True,MOCK DATA / NOT A SCIENTIFIC RESULT,displacement-report-draft-v1
speaking,0,MOCK_G03,MOCK_S05,jaw,-0.0011542061305524999,persistence-self,True,MOCK DATA / NOT A SCIENTIFIC RESULT,displacement-report-draft-v1
speaking,0,MOCK_G03,MOCK_S05,left_brow,0.0005258745261853999,persistence-self,True,MOCK DATA / NOT A SCIENTIFIC RESULT,displacement-report-draft-v1
speaking,0,MOCK_G03,MOCK_S05,left_cheek,-0.0004810750895088006,persistence-self,True,MOCK DATA / NOT A SCIENTIFIC RESULT,displacement-report-draft-v1
speaking,0,MOCK_G03,MOCK_S05,left_eyelid,0.0001333574002405002,persistence-self,True,MOCK DATA / NOT A SCIENTIFIC RESULT,displacement-report-draft-v1
speaking,0,MOCK_G03,MOCK_S05,mouth,-0.0008919180286599002,persistence-self,True,MOCK DATA / NOT A SCIENTIFIC RESULT,displacement-report-draft-v1
speaking,0,MOCK_G03,MOCK_S05,right_brow,0.00042259044099249993,persistence-self,True,MOCK DATA / NOT A SCIENTIFIC RESULT,displacement-report-draft-v1
speaking,0,MOCK_G03,MOCK_S05,right_cheek,-0.0006547314219593004,persistence-self,True,MOCK DATA / NOT A SCIENTIFIC RESULT,displacement-report-draft-v1
speaking,0,MOCK_G03,MOCK_S05,right_eyelid,-0.00013870369360379983,persistence-self,True,MOCK DATA / NOT A SCIENTIFIC RESULT,displacement-report-draft-v1
speaking,0,MOCK_G03,MOCK_S05,whole_face,-0.00027985149960823696,persistence-self,True,MOCK DATA / NOT A SCIENTIFIC RESULT,displacement-report-draft-v1
speaking,0,MOCK_G03,MOCK_S06,jaw,-0.0010823411690589002,persistence-self,True,MOCK DATA / NOT A SCIENTIFIC RESULT,displacement-report-draft-v1
speaking,0,MOCK_G03,MOCK_S06,left_brow,0.0007992949355683995,persistence-self,True,MOCK DATA / NOT A SCIENTIFIC RESULT,displacement-report-draft-v1
speaking,0,MOCK_G03,MOCK_S06,left_cheek,-0.00021160601630349982,persistence-self,True,MOCK DATA / NOT A SCIENTIFIC RESULT,displacement-report-draft-v1
speaking,0,MOCK_G03,MOCK_S06,left_eyelid,0.0002950995516817004,persistence-self,True,MOCK DATA / NOT A SCIENTIFIC RESULT,displacement-report-draft-v1
speaking,0,MOCK_G03,MOCK_S06,mouth,-0.0008297210750813008,persistence-self,True,MOCK DATA / NOT A SCIENTIFIC RESULT,displacement-report-draft-v1
speaking,0,MOCK_G03,MOCK_S06,right_brow,0.00027270228303319984,persistence-self,True,MOCK DATA / NOT A SCIENTIFIC RESULT,displacement-report-draft-v1
speaking,0,MOCK_G03,MOCK_S06,right_cheek,-0.0005030763920024,persistence-self,True,MOCK DATA / NOT A SCIENTIFIC RESULT,displacement-report-draft-v1
speaking,0,MOCK_G03,MOCK_S06,right_eyelid,-6.579687513439975e-05,persistence-self,True,MOCK DATA / NOT A SCIENTIFIC RESULT,displacement-report-draft-v1
speaking,0,MOCK_G03,MOCK_S06,whole_face,-0.0001656805946621499,persistence-self,True,MOCK DATA / NOT A SCIENTIFIC RESULT,displacement-report-draft-v1
speaking,1,MOCK_G04,MOCK_S07,jaw,-0.0012473234613957999,persistence-self,True,MOCK DATA / NOT A SCIENTIFIC RESULT,displacement-report-draft-v1
speaking,1,MOCK_G04,MOCK_S07,left_brow,0.0004638758377231997,persistence-self,True,MOCK DATA / NOT A SCIENTIFIC RESULT,displacement-report-draft-v1
speaking,1,MOCK_G04,MOCK_S07,left_cheek,-0.0005763948693219998,persistence-self,True,MOCK DATA / NOT A SCIENTIFIC RESULT,displacement-report-draft-v1
speaking,1,MOCK_G04,MOCK_S07,left_eyelid,-1.103229018399425e-06,persistence-self,True,MOCK DATA / NOT A SCIENTIFIC RESULT,displacement-report-draft-v1
speaking,1,MOCK_G04,MOCK_S07,mouth,-0.0010513310469927005,persistence-self,True,MOCK DATA / NOT A SCIENTIFIC RESULT,displacement-report-draft-v1
speaking,1,MOCK_G04,MOCK_S07,right_brow,0.0003464015423254004,persistence-self,True,MOCK DATA / NOT A SCIENTIFIC RESULT,displacement-report-draft-v1
speaking,1,MOCK_G04,MOCK_S07,right_cheek,-0.0009064320165675993,persistence-self,True,MOCK DATA / NOT A SCIENTIFIC RESULT,displacement-report-draft-v1
speaking,1,MOCK_G04,MOCK_S07,right_eyelid,-0.00025521609874299984,persistence-self,True,MOCK DATA / NOT A SCIENTIFIC RESULT,displacement-report-draft-v1
speaking,1,MOCK_G04,MOCK_S07,whole_face,-0.0004034404177488621,persistence-self,True,MOCK DATA / NOT A SCIENTIFIC RESULT,displacement-report-draft-v1
speaking,1,MOCK_G04,MOCK_S08,jaw,-0.0015424586673172995,persistence-self,True,MOCK DATA / NOT A SCIENTIFIC RESULT,displacement-report-draft-v1
speaking,1,MOCK_G04,MOCK_S08,left_brow,0.00018855748521590023,persistence-self,True,MOCK DATA / NOT A SCIENTIFIC RESULT,displacement-report-draft-v1
speaking,1,MOCK_G04,MOCK_S08,left_cheek,-0.0007969251443206999,persistence-self,True,MOCK DATA / NOT A SCIENTIFIC RESULT,displacement-report-draft-v1
speaking,1,MOCK_G04,MOCK_S08,left_eyelid,-0.0002721565845295003,persistence-self,True,MOCK DATA / NOT A SCIENTIFIC RESULT,displacement-report-draft-v1
speaking,1,MOCK_G04,MOCK_S08,mouth,-0.0012503207384899993,persistence-self,True,MOCK DATA / NOT A SCIENTIFIC RESULT,displacement-report-draft-v1
speaking,1,MOCK_G04,MOCK_S08,right_brow,-0.00015642807937389994,persistence-self,True,MOCK DATA / NOT A SCIENTIFIC RESULT,displacement-report-draft-v1
speaking,1,MOCK_G04,MOCK_S08,right_cheek,-0.0010543675332614997,persistence-self,True,MOCK DATA / NOT A SCIENTIFIC RESULT,displacement-report-draft-v1
speaking,1,MOCK_G04,MOCK_S08,right_eyelid,-0.0006930915676945995,persistence-self,True,MOCK DATA / NOT A SCIENTIFIC RESULT,displacement-report-draft-v1
speaking,1,MOCK_G04,MOCK_S08,whole_face,-0.0006971488537214502,persistence-self,True,MOCK DATA / NOT A SCIENTIFIC RESULT,displacement-report-draft-v1
speaking,1,MOCK_G05,MOCK_S09,jaw,-0.0016221886720815997,persistence-self,True,MOCK DATA / NOT A SCIENTIFIC RESULT,displacement-report-draft-v1
speaking,1,MOCK_G05,MOCK_S09,left_brow,0.00020632568136150047,persistence-self,True,MOCK DATA / NOT A SCIENTIFIC RESULT,displacement-report-draft-v1
speaking,1,MOCK_G05,MOCK_S09,left_cheek,-0.0007413307889031998,persistence-self,True,MOCK DATA / NOT A SCIENTIFIC RESULT,displacement-report-draft-v1
speaking,1,MOCK_G05,MOCK_S09,left_eyelid,-0.00031246239647259987,persistence-self,True,MOCK DATA / NOT A SCIENTIFIC RESULT,displacement-report-draft-v1
speaking,1,MOCK_G05,MOCK_S09,mouth,-0.0013431193908507002,persistence-self,True,MOCK DATA / NOT A SCIENTIFIC RESULT,displacement-report-draft-v1
speaking,1,MOCK_G05,MOCK_S09,right_brow,-1.2722451466100348e-05,persistence-self,True,MOCK DATA / NOT A SCIENTIFIC RESULT,displacement-report-draft-v1
speaking,1,MOCK_G05,MOCK_S09,right_cheek,-0.0010920313884704002,persistence-self,True,MOCK DATA / NOT A SCIENTIFIC RESULT,displacement-report-draft-v1
speaking,1,MOCK_G05,MOCK_S09,right_eyelid,-0.0005063093160035002,persistence-self,True,MOCK DATA / NOT A SCIENTIFIC RESULT,displacement-report-draft-v1
speaking,1,MOCK_G05,MOCK_S09,whole_face,-0.0006779798403608248,persistence-self,True,MOCK DATA / NOT A SCIENTIFIC RESULT,displacement-report-draft-v1
speaking,1,MOCK_G05,MOCK_S10,jaw,-0.0014141513387603,persistence-self,True,MOCK DATA / NOT A SCIENTIFIC RESULT,displacement-report-draft-v1
speaking,1,MOCK_G05,MOCK_S10,left_brow,0.00037485846608900034,persistence-self,True,MOCK DATA / NOT A SCIENTIFIC RESULT,displacement-report-draft-v1
speaking,1,MOCK_G05,MOCK_S10,left_cheek,-0.0008034289790337995,persistence-self,True,MOCK DATA / NOT A SCIENTIFIC RESULT,displacement-report-draft-v1
speaking,1,MOCK_G05,MOCK_S10,left_eyelid,-0.0002544381002512995,persistence-self,True,MOCK DATA / NOT A SCIENTIFIC RESULT,displacement-report-draft-v1
speaking,1,MOCK_G05,MOCK_S10,mouth,-0.0011696837066889005,persistence-self,True,MOCK DATA / NOT A SCIENTIFIC RESULT,displacement-report-draft-v1
speaking,1,MOCK_G05,MOCK_S10,right_brow,3.4672918962299834e-05,persistence-self,True,MOCK DATA / NOT A SCIENTIFIC RESULT,displacement-report-draft-v1
speaking,1,MOCK_G05,MOCK_S10,right_cheek,-0.0010137465531456996,persistence-self,True,MOCK DATA / NOT A SCIENTIFIC RESULT,displacement-report-draft-v1
speaking,1,MOCK_G05,MOCK_S10,right_eyelid,-0.0005281363335436998,persistence-self,True,MOCK DATA / NOT A SCIENTIFIC RESULT,displacement-report-draft-v1
speaking,1,MOCK_G05,MOCK_S10,whole_face,-0.0005967567032965498,persistence-self,True,MOCK DATA / NOT A SCIENTIFIC RESULT,displacement-report-draft-v1
speaking,1,MOCK_G06,MOCK_S11,jaw,-0.0011362032188718006,persistence-self,True,MOCK DATA / NOT A SCIENTIFIC RESULT,displacement-report-draft-v1
speaking,1,MOCK_G06,MOCK_S11,left_brow,0.0006317102065705998,persistence-self,True,MOCK DATA / NOT A SCIENTIFIC RESULT,displacement-report-draft-v1
speaking,1,MOCK_G06,MOCK_S11,left_cheek,-0.00037358321412939936,persistence-self,True,MOCK DATA / NOT A SCIENTIFIC RESULT,displacement-report-draft-v1
speaking,1,MOCK_G06,MOCK_S11,left_eyelid,9.607436369180045e-05,persistence-self,True,MOCK DATA / NOT A SCIENTIFIC RESULT,displacement-report-draft-v1
speaking,1,MOCK_G06,MOCK_S11,mouth,-0.0009488152824281004,persistence-self,True,MOCK DATA / NOT A SCIENTIFIC RESULT,displacement-report-draft-v1
speaking,1,MOCK_G06,MOCK_S11,right_brow,0.0003652666821236999,persistence-self,True,MOCK DATA / NOT A SCIENTIFIC RESULT,displacement-report-draft-v1
speaking,1,MOCK_G06,MOCK_S11,right_cheek,-0.0006919446480589996,persistence-self,True,MOCK DATA / NOT A SCIENTIFIC RESULT,displacement-report-draft-v1
speaking,1,MOCK_G06,MOCK_S11,right_eyelid,-0.00014050434226970006,persistence-self,True,MOCK DATA / NOT A SCIENTIFIC RESULT,displacement-report-draft-v1
speaking,1,MOCK_G06,MOCK_S11,whole_face,-0.0002747499316714877,persistence-self,True,MOCK DATA / NOT A SCIENTIFIC RESULT,displacement-report-draft-v1
speaking,1,MOCK_G06,MOCK_S12,jaw,-0.0011001011861703994,persistence-self,True,MOCK DATA / NOT A SCIENTIFIC RESULT,displacement-report-draft-v1
speaking,1,MOCK_G06,MOCK_S12,left_brow,0.0006565075273254001,persistence-self,True,MOCK DATA / NOT A SCIENTIFIC RESULT,displacement-report-draft-v1
speaking,1,MOCK_G06,MOCK_S12,left_cheek,-0.0003627749740106002,persistence-self,True,MOCK DATA / NOT A SCIENTIFIC RESULT,displacement-report-draft-v1
speaking,1,MOCK_G06,MOCK_S12,left_eyelid,0.0002708263146931995,persistence-self,True,MOCK DATA / NOT A SCIENTIFIC RESULT,displacement-report-draft-v1
speaking,1,MOCK_G06,MOCK_S12,mouth,-0.0007826886849885998,persistence-self,True,MOCK DATA / NOT A SCIENTIFIC RESULT,displacement-report-draft-v1
speaking,1,MOCK_G06,MOCK_S12,right_brow,0.0003859098204049994,persistence-self,True,MOCK DATA / NOT A SCIENTIFIC RESULT,displacement-report-draft-v1
speaking,1,MOCK_G06,MOCK_S12,right_cheek,-0.0006436506437566998,persistence-self,True,MOCK DATA / NOT A SCIENTIFIC RESULT,displacement-report-draft-v1
speaking,1,MOCK_G06,MOCK_S12,right_eyelid,-5.484068590299977e-05,persistence-self,True,MOCK DATA / NOT A SCIENTIFIC RESULT,displacement-report-draft-v1
speaking,1,MOCK_G06,MOCK_S12,whole_face,-0.00020385156405071207,persistence-self,True,MOCK DATA / NOT A SCIENTIFIC RESULT,displacement-report-draft-v1
speaking,2,MOCK_G07,MOCK_S13,jaw,-0.0012681923665144998,persistence-self,True,MOCK DATA / NOT A SCIENTIFIC RESULT,displacement-report-draft-v1
speaking,2,MOCK_G07,MOCK_S13,left_brow,0.0006886772819407003,persistence-self,True,MOCK DATA / NOT A SCIENTIFIC RESULT,displacement-report-draft-v1
speaking,2,MOCK_G07,MOCK_S13,left_cheek,-0.0004586179651456003,persistence-self,True,MOCK DATA / NOT A SCIENTIFIC RESULT,displacement-report-draft-v1
speaking,2,MOCK_G07,MOCK_S13,left_eyelid,8.028816852069954e-05,persistence-self,True,MOCK DATA / NOT A SCIENTIFIC RESULT,displacement-report-draft-v1
speaking,2,MOCK_G07,MOCK_S13,mouth,-0.0008867924886546003,persistence-self,True,MOCK DATA / NOT A SCIENTIFIC RESULT,displacement-report-draft-v1
speaking,2,MOCK_G07,MOCK_S13,right_brow,0.00035912409761470077,persistence-self,True,MOCK DATA / NOT A SCIENTIFIC RESULT,displacement-report-draft-v1
speaking,2,MOCK_G07,MOCK_S13,right_cheek,-0.0006843558162955002,persistence-self,True,MOCK DATA / NOT A SCIENTIFIC RESULT,displacement-report-draft-v1
speaking,2,MOCK_G07,MOCK_S13,right_eyelid,-0.0002017769277253001,persistence-self,True,MOCK DATA / NOT A SCIENTIFIC RESULT,displacement-report-draft-v1
speaking,2,MOCK_G07,MOCK_S13,whole_face,-0.0002964557520324252,persistence-self,True,MOCK DATA / NOT A SCIENTIFIC RESULT,displacement-report-draft-v1
speaking,2,MOCK_G07,MOCK_S14,jaw,-0.0015743594506224005,persistence-self,True,MOCK DATA / NOT A SCIENTIFIC RESULT,displacement-report-draft-v1
speaking,2,MOCK_G07,MOCK_S14,left_brow,0.0003744355456292998,persistence-self,True,MOCK DATA / NOT A SCIENTIFIC RESULT,displacement-report-draft-v1
speaking,2,MOCK_G07,MOCK_S14,left_cheek,-0.0005957536793537999,persistence-self,True,MOCK DATA / NOT A SCIENTIFIC RESULT,displacement-report-draft-v1
speaking,2,MOCK_G07,MOCK_S14,left_eyelid,-0.00023363569644039954,persistence-self,True,MOCK DATA / NOT A SCIENTIFIC RESULT,displacement-report-draft-v1
speaking,2,MOCK_G07,MOCK_S14,mouth,-0.0012170873890693006,persistence-self,True,MOCK DATA / NOT A SCIENTIFIC RESULT,displacement-report-draft-v1
speaking,2,MOCK_G07,MOCK_S14,right_brow,-3.297428590159999e-05,persistence-self,True,MOCK DATA / NOT A SCIENTIFIC RESULT,displacement-report-draft-v1
speaking,2,MOCK_G07,MOCK_S14,right_cheek,-0.0009761101366462998,persistence-self,True,MOCK DATA / NOT A SCIENTIFIC RESULT,displacement-report-draft-v1
speaking,2,MOCK_G07,MOCK_S14,right_eyelid,-0.00039568672002939995,persistence-self,True,MOCK DATA / NOT A SCIENTIFIC RESULT,displacement-report-draft-v1
speaking,2,MOCK_G07,MOCK_S14,whole_face,-0.0005813964765542376,persistence-self,True,MOCK DATA / NOT A SCIENTIFIC RESULT,displacement-report-draft-v1
speaking,2,MOCK_G08,MOCK_S15,jaw,-0.0015888382855024,persistence-self,True,MOCK DATA / NOT A SCIENTIFIC RESULT,displacement-report-draft-v1
speaking,2,MOCK_G08,MOCK_S15,left_brow,7.459035247100055e-05,persistence-self,True,MOCK DATA / NOT A SCIENTIFIC RESULT,displacement-report-draft-v1
speaking,2,MOCK_G08,MOCK_S15,left_cheek,-0.0008549721377035004,persistence-self,True,MOCK DATA / NOT A SCIENTIFIC RESULT,displacement-report-draft-v1
speaking,2,MOCK_G08,MOCK_S15,left_eyelid,-0.0003901571576615005,persistence-self,True,MOCK DATA / NOT A SCIENTIFIC RESULT,displacement-report-draft-v1
speaking,2,MOCK_G08,MOCK_S15,mouth,-0.0013511834965884003,persistence-self,True,MOCK DATA / NOT A SCIENTIFIC RESULT,displacement-report-draft-v1
speaking,2,MOCK_G08,MOCK_S15,right_brow,-0.00015919177766649927,persistence-self,True,MOCK DATA / NOT A SCIENTIFIC RESULT,displacement-report-draft-v1
speaking,2,MOCK_G08,MOCK_S15,right_cheek,-0.0012336801460961005,persistence-self,True,MOCK DATA / NOT A SCIENTIFIC RESULT,displacement-report-draft-v1
speaking,2,MOCK_G08,MOCK_S15,right_eyelid,-0.0005369370662508003,persistence-self,True,MOCK DATA / NOT A SCIENTIFIC RESULT,displacement-report-draft-v1
speaking,2,MOCK_G08,MOCK_S15,whole_face,-0.0007550462143747754,persistence-self,True,MOCK DATA / NOT A SCIENTIFIC RESULT,displacement-report-draft-v1
speaking,2,MOCK_G08,MOCK_S16,jaw,-0.0015288955793576996,persistence-self,True,MOCK DATA / NOT A SCIENTIFIC RESULT,displacement-report-draft-v1
speaking,2,MOCK_G08,MOCK_S16,left_brow,0.0002896609987763001,persistence-self,True,MOCK DATA / NOT A SCIENTIFIC RESULT,displacement-report-draft-v1
speaking,2,MOCK_G08,MOCK_S16,left_cheek,-0.0008110673540540998,persistence-self,True,MOCK DATA / NOT A SCIENTIFIC RESULT,displacement-report-draft-v1
speaking,2,MOCK_G08,MOCK_S16,left_eyelid,-0.0004386863712558999,persistence-self,True,MOCK DATA / NOT A SCIENTIFIC RESULT,displacement-report-draft-v1
speaking,2,MOCK_G08,MOCK_S16,mouth,-0.0012942903700432,persistence-self,True,MOCK DATA / NOT A SCIENTIFIC RESULT,displacement-report-draft-v1
speaking,2,MOCK_G08,MOCK_S16,right_brow,-6.098624379600494e-06,persistence-self,True,MOCK DATA / NOT A SCIENTIFIC RESULT,displacement-report-draft-v1
speaking,2,MOCK_G08,MOCK_S16,right_cheek,-0.0009845866425107,persistence-self,True,MOCK DATA / NOT A SCIENTIFIC RESULT,displacement-report-draft-v1
speaking,2,MOCK_G08,MOCK_S16,right_eyelid,-0.0005867552423045007,persistence-self,True,MOCK DATA / NOT A SCIENTIFIC RESULT,displacement-report-draft-v1
speaking,2,MOCK_G08,MOCK_S16,whole_face,-0.0006700898981411756,persistence-self,True,MOCK DATA / NOT A SCIENTIFIC RESULT,displacement-report-draft-v1
speaking,2,MOCK_G09,MOCK_S17,jaw,-0.0012892523056808004,persistence-self,True,MOCK DATA / NOT A SCIENTIFIC RESULT,displacement-report-draft-v1
speaking,2,MOCK_G09,MOCK_S17,left_brow,0.00041881343288169975,persistence-self,True,MOCK DATA / NOT A SCIENTIFIC RESULT,displacement-report-draft-v1
speaking,2,MOCK_G09,MOCK_S17,left_cheek,-0.0005558622648052999,persistence-self,True,MOCK DATA / NOT A SCIENTIFIC RESULT,displacement-report-draft-v1
speaking,2,MOCK_G09,MOCK_S17,left_eyelid,-6.48712374551998e-05,persistence-self,True,MOCK DATA / NOT A SCIENTIFIC RESULT,displacement-report-draft-v1
speaking,2,MOCK_G09,MOCK_S17,mouth,-0.0010991057754023998,persistence-self,True,MOCK DATA / NOT A SCIENTIFIC RESULT,displacement-report-draft-v1
speaking,2,MOCK_G09,MOCK_S17,right_brow,0.00011126335664170001,persistence-self,True,MOCK DATA / NOT A SCIENTIFIC RESULT,displacement-report-draft-v1
speaking,2,MOCK_G09,MOCK_S17,right_cheek,-0.0007017721281415996,persistence-self,True,MOCK DATA / NOT A SCIENTIFIC RESULT,displacement-report-draft-v1
speaking,2,MOCK_G09,MOCK_S17,right_eyelid,-0.00029532990215880035,persistence-self,True,MOCK DATA / NOT A SCIENTIFIC RESULT,displacement-report-draft-v1
speaking,2,MOCK_G09,MOCK_S17,whole_face,-0.0004345146030150871,persistence-self,True,MOCK DATA / NOT A SCIENTIFIC RESULT,displacement-report-draft-v1
speaking,2,MOCK_G09,MOCK_S18,jaw,-0.0011078997797879,persistence-self,True,MOCK DATA / NOT A SCIENTIFIC RESULT,displacement-report-draft-v1
speaking,2,MOCK_G09,MOCK_S18,left_brow,0.0007747884921174,persistence-self,True,MOCK DATA / NOT A SCIENTIFIC RESULT,displacement-report-draft-v1
speaking,2,MOCK_G09,MOCK_S18,left_cheek,-0.0002233747061790997,persistence-self,True,MOCK DATA / NOT A SCIENTIFIC RESULT,displacement-report-draft-v1
speaking,2,MOCK_G09,MOCK_S18,left_eyelid,0.00017986763668589954,persistence-self,True,MOCK DATA / NOT A SCIENTIFIC RESULT,displacement-report-draft-v1
speaking,2,MOCK_G09,MOCK_S18,mouth,-0.0007718362846345994,persistence-self,True,MOCK DATA / NOT A SCIENTIFIC RESULT,displacement-report-draft-v1
speaking,2,MOCK_G09,MOCK_S18,right_brow,0.0004446097614684997,persistence-self,True,MOCK DATA / NOT A SCIENTIFIC RESULT,displacement-report-draft-v1
speaking,2,MOCK_G09,MOCK_S18,right_cheek,-0.0005340109553747998,persistence-self,True,MOCK DATA / NOT A SCIENTIFIC RESULT,displacement-report-draft-v1
speaking,2,MOCK_G09,MOCK_S18,right_eyelid,-0.00010088457019710034,persistence-self,True,MOCK DATA / NOT A SCIENTIFIC RESULT,displacement-report-draft-v1
speaking,2,MOCK_G09,MOCK_S18,whole_face,-0.0001673425507377124,persistence-self,True,MOCK DATA / NOT A SCIENTIFIC RESULT,displacement-report-draft-v1
speaking,3,MOCK_G10,MOCK_S19,jaw,-0.0011370425102557999,persistence-self,True,MOCK DATA / NOT A SCIENTIFIC RESULT,displacement-report-draft-v1
speaking,3,MOCK_G10,MOCK_S19,left_brow,0.0006043888928719994,persistence-self,True,MOCK DATA / NOT A SCIENTIFIC RESULT,displacement-report-draft-v1
speaking,3,MOCK_G10,MOCK_S19,left_cheek,-0.0003036433960833,persistence-self,True,MOCK DATA / NOT A SCIENTIFIC RESULT,displacement-report-draft-v1
speaking,3,MOCK_G10,MOCK_S19,left_eyelid,7.617970996739998e-05,persistence-self,True,MOCK DATA / NOT A SCIENTIFIC RESULT,displacement-report-draft-v1
speaking,3,MOCK_G10,MOCK_S19,mouth,-0.0008826428672118001,persistence-self,True,MOCK DATA / NOT A SCIENTIFIC RESULT,displacement-report-draft-v1
speaking,3,MOCK_G10,MOCK_S19,right_brow,0.0003427235003619,persistence-self,True,MOCK DATA / NOT A SCIENTIFIC RESULT,displacement-report-draft-v1
speaking,3,MOCK_G10,MOCK_S19,right_cheek,-0.0005548167909546001,persistence-self,True,MOCK DATA / NOT A SCIENTIFIC RESULT,displacement-report-draft-v1
speaking,3,MOCK_G10,MOCK_S19,right_eyelid,-1.94912189170008e-06,persistence-self,True,MOCK DATA / NOT A SCIENTIFIC RESULT,displacement-report-draft-v1
speaking,3,MOCK_G10,MOCK_S19,whole_face,-0.00023210032289948737,persistence-self,True,MOCK DATA / NOT A SCIENTIFIC RESULT,displacement-report-draft-v1
speaking,3,MOCK_G10,MOCK_S20,jaw,-0.0014844447132353004,persistence-self,True,MOCK DATA / NOT A SCIENTIFIC RESULT,displacement-report-draft-v1
speaking,3,MOCK_G10,MOCK_S20,left_brow,0.00039499874058910017,persistence-self,True,MOCK DATA / NOT A SCIENTIFIC RESULT,displacement-report-draft-v1
speaking,3,MOCK_G10,MOCK_S20,left_cheek,-0.0007397967442724996,persistence-self,True,MOCK DATA / NOT A SCIENTIFIC RESULT,displacement-report-draft-v1
speaking,3,MOCK_G10,MOCK_S20,left_eyelid,-7.990607839469983e-05,persistence-self,True,MOCK DATA / NOT A SCIENTIFIC RESULT,displacement-report-draft-v1
speaking,3,MOCK_G10,MOCK_S20,mouth,-0.0011695424588640006,persistence-self,True,MOCK DATA / NOT A SCIENTIFIC RESULT,displacement-report-draft-v1
speaking,3,MOCK_G10,MOCK_S20,right_brow,6.89660219743999e-05,persistence-self,True,MOCK DATA / NOT A SCIENTIFIC RESULT,displacement-report-draft-v1
speaking,3,MOCK_G10,MOCK_S20,right_cheek,-0.0007850972874897007,persistence-self,True,MOCK DATA / NOT A SCIENTIFIC RESULT,displacement-report-draft-v1
speaking,3,MOCK_G10,MOCK_S20,right_eyelid,-0.0003096491577526993,persistence-self,True,MOCK DATA / NOT A SCIENTIFIC RESULT,displacement-report-draft-v1
speaking,3,MOCK_G10,MOCK_S20,whole_face,-0.0005130589596806746,persistence-self,True,MOCK DATA / NOT A SCIENTIFIC RESULT,displacement-report-draft-v1
speaking,3,MOCK_G11,MOCK_S21,jaw,-0.0017027403330101996,persistence-self,True,MOCK DATA / NOT A SCIENTIFIC RESULT,displacement-report-draft-v1
speaking,3,MOCK_G11,MOCK_S21,left_brow,1.8677298949199526e-05,persistence-self,True,MOCK DATA / NOT A SCIENTIFIC RESULT,displacement-report-draft-v1
speaking,3,MOCK_G11,MOCK_S21,left_cheek,-0.0010936455130079997,persistence-self,True,MOCK DATA / NOT A SCIENTIFIC RESULT,displacement-report-draft-v1
speaking,3,MOCK_G11,MOCK_S21,left_eyelid,-0.0003454040921561999,persistence-self,True,MOCK DATA / NOT A SCIENTIFIC RESULT,displacement-report-draft-v1
speaking,3,MOCK_G11,MOCK_S21,mouth,-0.0014154652943477002,persistence-self,True,MOCK DATA / NOT A SCIENTIFIC RESULT,displacement-report-draft-v1
speaking,3,MOCK_G11,MOCK_S21,right_brow,-0.00012321414025570025,persistence-self,True,MOCK DATA / NOT A SCIENTIFIC RESULT,displacement-report-draft-v1
speaking,3,MOCK_G11,MOCK_S21,right_cheek,-0.0012686442073282,persistence-self,True,MOCK DATA / NOT A SCIENTIFIC RESULT,displacement-report-draft-v1
speaking,3,MOCK_G11,MOCK_S21,right_eyelid,-0.0006521180006736002,persistence-self,True,MOCK DATA / NOT A SCIENTIFIC RESULT,displacement-report-draft-v1
speaking,3,MOCK_G11,MOCK_S21,whole_face,-0.0008228192852288005,persistence-self,True,MOCK DATA / NOT A SCIENTIFIC RESULT,displacement-report-draft-v1
speaking,3,MOCK_G11,MOCK_S22,jaw,-0.0016113331834280995,persistence-self,True,MOCK DATA / NOT A SCIENTIFIC RESULT,displacement-report-draft-v1
speaking,3,MOCK_G11,MOCK_S22,left_brow,0.00016611055919890042,persistence-self,True,MOCK DATA / NOT A SCIENTIFIC RESULT,displacement-report-draft-v1
speaking,3,MOCK_G11,MOCK_S22,left_cheek,-0.0008660305245141997,persistence-self,True,MOCK DATA / NOT A SCIENTIFIC RESULT,displacement-report-draft-v1
speaking,3,MOCK_G11,MOCK_S22,left_eyelid,-0.00023232965725130013,persistence-self,True,MOCK DATA / NOT A SCIENTIFIC RESULT,displacement-report-draft-v1
speaking,3,MOCK_G11,MOCK_S22,mouth,-0.0013809015364194994,persistence-self,True,MOCK DATA / NOT A SCIENTIFIC RESULT,displacement-report-draft-v1
speaking,3,MOCK_G11,MOCK_S22,right_brow,-1.0549154451199548e-05,persistence-self,True,MOCK DATA / NOT A SCIENTIFIC RESULT,displacement-report-draft-v1
speaking,3,MOCK_G11,MOCK_S22,right_cheek,-0.0014164211643316006,persistence-self,True,MOCK DATA / NOT A SCIENTIFIC RESULT,displacement-report-draft-v1
speaking,3,MOCK_G11,MOCK_S22,right_eyelid,-0.0005149720329247001,persistence-self,True,MOCK DATA / NOT A SCIENTIFIC RESULT,displacement-report-draft-v1
speaking,3,MOCK_G11,MOCK_S22,whole_face,-0.0007333033367652123,persistence-self,True,MOCK DATA / NOT A SCIENTIFIC RESULT,displacement-report-draft-v1
speaking,3,MOCK_G12,MOCK_S23,jaw,-0.0014758775903257002,persistence-self,True,MOCK DATA / NOT A SCIENTIFIC RESULT,displacement-report-draft-v1
speaking,3,MOCK_G12,MOCK_S23,left_brow,0.00039307947267220016,persistence-self,True,MOCK DATA / NOT A SCIENTIFIC RESULT,displacement-report-draft-v1
speaking,3,MOCK_G12,MOCK_S23,left_cheek,-0.0006438671538506998,persistence-self,True,MOCK DATA / NOT A SCIENTIFIC RESULT,displacement-report-draft-v1
speaking,3,MOCK_G12,MOCK_S23,left_eyelid,-0.00012792118476250003,persistence-self,True,MOCK DATA / NOT A SCIENTIFIC RESULT,displacement-report-draft-v1
speaking,3,MOCK_G12,MOCK_S23,mouth,-0.0011153545496225001,persistence-self,True,MOCK DATA / NOT A SCIENTIFIC RESULT,displacement-report-draft-v1
speaking,3,MOCK_G12,MOCK_S23,right_brow,0.0002013791138296998,persistence-self,True,MOCK DATA / NOT A SCIENTIFIC RESULT,displacement-report-draft-v1
speaking,3,MOCK_G12,MOCK_S23,right_cheek,-0.0008396764305707008,persistence-self,True,MOCK DATA / NOT A SCIENTIFIC RESULT,displacement-report-draft-v1
speaking,3,MOCK_G12,MOCK_S23,right_eyelid,-0.00029058710112889966,persistence-self,True,MOCK DATA / NOT A SCIENTIFIC RESULT,displacement-report-draft-v1
speaking,3,MOCK_G12,MOCK_S23,whole_face,-0.00048735317796988736,persistence-self,True,MOCK DATA / NOT A SCIENTIFIC RESULT,displacement-report-draft-v1
speaking,3,MOCK_G12,MOCK_S24,jaw,-0.0010911884028565995,persistence-self,True,MOCK DATA / NOT A SCIENTIFIC RESULT,displacement-report-draft-v1
speaking,3,MOCK_G12,MOCK_S24,left_brow,0.0006330217061328997,persistence-self,True,MOCK DATA / NOT A SCIENTIFIC RESULT,displacement-report-draft-v1
speaking,3,MOCK_G12,MOCK_S24,left_cheek,-0.00030040694458409976,persistence-self,True,MOCK DATA / NOT A SCIENTIFIC RESULT,displacement-report-draft-v1
speaking,3,MOCK_G12,MOCK_S24,left_eyelid,0.0001829297379255003,persistence-self,True,MOCK DATA / NOT A SCIENTIFIC RESULT,displacement-report-draft-v1
speaking,3,MOCK_G12,MOCK_S24,mouth,-0.0008909684993635,persistence-self,True,MOCK DATA / NOT A SCIENTIFIC RESULT,displacement-report-draft-v1
speaking,3,MOCK_G12,MOCK_S24,right_brow,0.00037688884581870037,persistence-self,True,MOCK DATA / NOT A SCIENTIFIC RESULT,displacement-report-draft-v1
speaking,3,MOCK_G12,MOCK_S24,right_cheek,-0.00042546490249389946,persistence-self,True,MOCK DATA / NOT A SCIENTIFIC RESULT,displacement-report-draft-v1
speaking,3,MOCK_G12,MOCK_S24,right_eyelid,-3.577268372899952e-05,persistence-self,True,MOCK DATA / NOT A SCIENTIFIC RESULT,displacement-report-draft-v1
speaking,3,MOCK_G12,MOCK_S24,whole_face,-0.00019387014289374942,persistence-self,True,MOCK DATA / NOT A SCIENTIFIC RESULT,displacement-report-draft-v1
speaking,4,MOCK_G13,MOCK_S25,jaw,-0.0010986609636112008,persistence-self,True,MOCK DATA / NOT A SCIENTIFIC RESULT,displacement-report-draft-v1
speaking,4,MOCK_G13,MOCK_S25,left_brow,0.0007657355322630999,persistence-self,True,MOCK DATA / NOT A SCIENTIFIC RESULT,displacement-report-draft-v1
speaking,4,MOCK_G13,MOCK_S25,left_cheek,-0.0004091428763674,persistence-self,True,MOCK DATA / NOT A SCIENTIFIC RESULT,displacement-report-draft-v1
speaking,4,MOCK_G13,MOCK_S25,left_eyelid,0.00011858650868970012,persistence-self,True,MOCK DATA / NOT A SCIENTIFIC RESULT,displacement-report-draft-v1
speaking,4,MOCK_G13,MOCK_S25,mouth,-0.0007851420358613,persistence-self,True,MOCK DATA / NOT A SCIENTIFIC RESULT,displacement-report-draft-v1
speaking,4,MOCK_G13,MOCK_S25,right_brow,0.00046651683206729976,persistence-self,True,MOCK DATA / NOT A SCIENTIFIC RESULT,displacement-report-draft-v1
speaking,4,MOCK_G13,MOCK_S25,right_eyelid,-0.00020781585806659963,persistence-self,True,MOCK DATA / NOT A SCIENTIFIC RESULT,displacement-report-draft-v1
speaking,4,MOCK_G13,MOCK_S26,jaw,-0.0014354611684563,persistence-self,True,MOCK DATA / NOT A SCIENTIFIC RESULT,displacement-report-draft-v1
speaking,4,MOCK_G13,MOCK_S26,left_brow,0.00047295078489940044,persistence-self,True,MOCK DATA / NOT A SCIENTIFIC RESULT,displacement-report-draft-v1
speaking,4,MOCK_G13,MOCK_S26,left_cheek,-0.0005645184291789007,persistence-self,True,MOCK DATA / NOT A SCIENTIFIC RESULT,displacement-report-draft-v1
speaking,4,MOCK_G13,MOCK_S26,left_eyelid,0.00011882949411820033,persistence-self,True,MOCK DATA / NOT A SCIENTIFIC RESULT,displacement-report-draft-v1
speaking,4,MOCK_G13,MOCK_S26,mouth,-0.0010104205835498002,persistence-self,True,MOCK DATA / NOT A SCIENTIFIC RESULT,displacement-report-draft-v1
speaking,4,MOCK_G13,MOCK_S26,right_brow,0.0002965124212088001,persistence-self,True,MOCK DATA / NOT A SCIENTIFIC RESULT,displacement-report-draft-v1
speaking,4,MOCK_G13,MOCK_S26,right_eyelid,-0.00022306738502809922,persistence-self,True,MOCK DATA / NOT A SCIENTIFIC RESULT,displacement-report-draft-v1
speaking,4,MOCK_G14,MOCK_S27,jaw,-0.0017242764459631998,persistence-self,True,MOCK DATA / NOT A SCIENTIFIC RESULT,displacement-report-draft-v1
speaking,4,MOCK_G14,MOCK_S27,left_brow,0.00024948373661740075,persistence-self,True,MOCK DATA / NOT A SCIENTIFIC RESULT,displacement-report-draft-v1
speaking,4,MOCK_G14,MOCK_S27,left_cheek,-0.0009616750799827005,persistence-self,True,MOCK DATA / NOT A SCIENTIFIC RESULT,displacement-report-draft-v1
speaking,4,MOCK_G14,MOCK_S27,left_eyelid,-0.0003898135315655001,persistence-self,True,MOCK DATA / NOT A SCIENTIFIC RESULT,displacement-report-draft-v1
speaking,4,MOCK_G14,MOCK_S27,mouth,-0.0013027651960850995,persistence-self,True,MOCK DATA / NOT A SCIENTIFIC RESULT,displacement-report-draft-v1
speaking,4,MOCK_G14,MOCK_S27,right_brow,-0.00010460351158260005,persistence-self,True,MOCK DATA / NOT A SCIENTIFIC RESULT,displacement-report-draft-v1
speaking,4,MOCK_G14,MOCK_S27,right_eyelid,-0.0005377197321767002,persistence-self,True,MOCK DATA / NOT A SCIENTIFIC RESULT,displacement-report-draft-v1
speaking,4,MOCK_G14,MOCK_S28,jaw,-0.001639068001838299,persistence-self,True,MOCK DATA / NOT A SCIENTIFIC RESULT,displacement-report-draft-v1
speaking,4,MOCK_G14,MOCK_S28,left_brow,0.00015230439690080023,persistence-self,True,MOCK DATA / NOT A SCIENTIFIC RESULT,displacement-report-draft-v1
speaking,4,MOCK_G14,MOCK_S28,left_cheek,-0.0009944824651517995,persistence-self,True,MOCK DATA / NOT A SCIENTIFIC RESULT,displacement-report-draft-v1
speaking,4,MOCK_G14,MOCK_S28,left_eyelid,-0.0004218774615664996,persistence-self,True,MOCK DATA / NOT A SCIENTIFIC RESULT,displacement-report-draft-v1
speaking,4,MOCK_G14,MOCK_S28,mouth,-0.0013788739290188992,persistence-self,True,MOCK DATA / NOT A SCIENTIFIC RESULT,displacement-report-draft-v1
speaking,4,MOCK_G14,MOCK_S28,right_brow,-0.0001521804474122002,persistence-self,True,MOCK DATA / NOT A SCIENTIFIC RESULT,displacement-report-draft-v1
speaking,4,MOCK_G14,MOCK_S28,right_eyelid,-0.0005643821605828001,persistence-self,True,MOCK DATA / NOT A SCIENTIFIC RESULT,displacement-report-draft-v1
speaking,4,MOCK_G15,MOCK_S29,jaw,-0.0014643257739022997,persistence-self,True,MOCK DATA / NOT A SCIENTIFIC RESULT,displacement-report-draft-v1
speaking,4,MOCK_G15,MOCK_S29,left_brow,0.0002784839351029,persistence-self,True,MOCK DATA / NOT A SCIENTIFIC RESULT,displacement-report-draft-v1
speaking,4,MOCK_G15,MOCK_S29,left_cheek,-0.0006273919685775,persistence-self,True,MOCK DATA / NOT A SCIENTIFIC RESULT,displacement-report-draft-v1
speaking,4,MOCK_G15,MOCK_S29,left_eyelid,-0.0002285446801048004,persistence-self,True,MOCK DATA / NOT A SCIENTIFIC RESULT,displacement-report-draft-v1
speaking,4,MOCK_G15,MOCK_S29,mouth,-0.0012323369315305997,persistence-self,True,MOCK DATA / NOT A SCIENTIFIC RESULT,displacement-report-draft-v1
speaking,4,MOCK_G15,MOCK_S29,right_brow,0.0001490344332362994,persistence-self,True,MOCK DATA / NOT A SCIENTIFIC RESULT,displacement-report-draft-v1
speaking,4,MOCK_G15,MOCK_S29,right_eyelid,-0.00035721333799120045,persistence-self,True,MOCK DATA / NOT A SCIENTIFIC RESULT,displacement-report-draft-v1
speaking,4,MOCK_G15,MOCK_S30,jaw,-0.0009767073723221005,persistence-self,True,MOCK DATA / NOT A SCIENTIFIC RESULT,displacement-report-draft-v1
speaking,4,MOCK_G15,MOCK_S30,left_brow,0.0005107172573250007,persistence-self,True,MOCK DATA / NOT A SCIENTIFIC RESULT,displacement-report-draft-v1
speaking,4,MOCK_G15,MOCK_S30,left_cheek,-0.0004361605668827002,persistence-self,True,MOCK DATA / NOT A SCIENTIFIC RESULT,displacement-report-draft-v1
speaking,4,MOCK_G15,MOCK_S30,left_eyelid,0.00011854382534850008,persistence-self,True,MOCK DATA / NOT A SCIENTIFIC RESULT,displacement-report-draft-v1
speaking,4,MOCK_G15,MOCK_S30,mouth,-0.0008630084389364004,persistence-self,True,MOCK DATA / NOT A SCIENTIFIC RESULT,displacement-report-draft-v1
speaking,4,MOCK_G15,MOCK_S30,right_brow,0.0003343701704586,persistence-self,True,MOCK DATA / NOT A SCIENTIFIC RESULT,displacement-report-draft-v1
speaking,4,MOCK_G15,MOCK_S30,right_eyelid,-0.0001991782669131005,persistence-self,True,MOCK DATA / NOT A SCIENTIFIC RESULT,displacement-report-draft-v1
non_speaking,0,MOCK_G01,MOCK_S01,jaw,-4.128793884699937e-05,self-full,True,MOCK DATA / NOT A SCIENTIFIC RESULT,displacement-report-draft-v1
non_speaking,0,MOCK_G01,MOCK_S01,left_brow,0.0005500000000000999,self-full,True,MOCK DATA / NOT A SCIENTIFIC RESULT,displacement-report-draft-v1
non_speaking,0,MOCK_G01,MOCK_S01,left_cheek,0.0012311222457771004,self-full,True,MOCK DATA / NOT A SCIENTIFIC RESULT,displacement-report-draft-v1
non_speaking,0,MOCK_G01,MOCK_S01,left_eyelid,-0.00026836768414310007,self-full,True,MOCK DATA / NOT A SCIENTIFIC RESULT,displacement-report-draft-v1
non_speaking,0,MOCK_G01,MOCK_S01,mouth,0.0008014739483789999,self-full,True,MOCK DATA / NOT A SCIENTIFIC RESULT,displacement-report-draft-v1
non_speaking,0,MOCK_G01,MOCK_S01,right_brow,-0.00020732388632709996,self-full,True,MOCK DATA / NOT A SCIENTIFIC RESULT,displacement-report-draft-v1
non_speaking,0,MOCK_G01,MOCK_S01,right_cheek,0.0014130318471968,self-full,True,MOCK DATA / NOT A SCIENTIFIC RESULT,displacement-report-draft-v1
non_speaking,0,MOCK_G01,MOCK_S01,right_eyelid,0.00042299199274619965,self-full,True,MOCK DATA / NOT A SCIENTIFIC RESULT,displacement-report-draft-v1
non_speaking,0,MOCK_G01,MOCK_S01,whole_face,0.0004877050655977492,self-full,True,MOCK DATA / NOT A SCIENTIFIC RESULT,displacement-report-draft-v1
non_speaking,0,MOCK_G01,MOCK_S02,jaw,-0.0003211277048283997,self-full,True,MOCK DATA / NOT A SCIENTIFIC RESULT,displacement-report-draft-v1
non_speaking,0,MOCK_G01,MOCK_S02,left_brow,4.182177394439993e-05,self-full,True,MOCK DATA / NOT A SCIENTIFIC RESULT,displacement-report-draft-v1
non_speaking,0,MOCK_G01,MOCK_S02,left_cheek,0.0014443219032701004,self-full,True,MOCK DATA / NOT A SCIENTIFIC RESULT,displacement-report-draft-v1
non_speaking,0,MOCK_G01,MOCK_S02,left_eyelid,8.604876536070019e-05,self-full,True,MOCK DATA / NOT A SCIENTIFIC RESULT,displacement-report-draft-v1
non_speaking,0,MOCK_G01,MOCK_S02,mouth,0.00026961277283790025,self-full,True,MOCK DATA / NOT A SCIENTIFIC RESULT,displacement-report-draft-v1
non_speaking,0,MOCK_G01,MOCK_S02,right_brow,-0.00034961624273740013,self-full,True,MOCK DATA / NOT A SCIENTIFIC RESULT,displacement-report-draft-v1
non_speaking,0,MOCK_G01,MOCK_S02,right_cheek,0.0011181399740851005,self-full,True,MOCK DATA / NOT A SCIENTIFIC RESULT,displacement-report-draft-v1
non_speaking,0,MOCK_G01,MOCK_S02,right_eyelid,0.0009482683989653004,self-full,True,MOCK DATA / NOT A SCIENTIFIC RESULT,displacement-report-draft-v1
non_speaking,0,MOCK_G01,MOCK_S02,whole_face,0.00040468370511221284,self-full,True,MOCK DATA / NOT A SCIENTIFIC RESULT,displacement-report-draft-v1
non_speaking,0,MOCK_G02,MOCK_S03,jaw,-0.00029665750101169966,self-full,True,MOCK DATA / NOT A SCIENTIFIC RESULT,displacement-report-draft-v1
non_speaking,0,MOCK_G02,MOCK_S03,left_brow,-0.00028883517737050054,self-full,True,MOCK DATA / NOT A SCIENTIFIC RESULT,displacement-report-draft-v1
non_speaking,0,MOCK_G02,MOCK_S03,left_cheek,0.0013451091901482007,self-full,True,MOCK DATA / NOT A SCIENTIFIC RESULT,displacement-report-draft-v1
non_speaking,0,MOCK_G02,MOCK_S03,left_eyelid,0.0006025367290849,self-full,True,MOCK DATA / NOT A SCIENTIFIC RESULT,displacement-report-draft-v1
non_speaking,0,MOCK_G02,MOCK_S03,mouth,-0.00016430107746420036,self-full,True,MOCK DATA / NOT A SCIENTIFIC RESULT,displacement-report-draft-v1
non_speaking,0,MOCK_G02,MOCK_S03,right_brow,-0.00017764676343760052,self-full,True,MOCK DATA / NOT A SCIENTIFIC RESULT,displacement-report-draft-v1
non_speaking,0,MOCK_G02,MOCK_S03,right_cheek,0.0006247804625358006,self-full,True,MOCK DATA / NOT A SCIENTIFIC RESULT,displacement-report-draft-v1
non_speaking,0,MOCK_G02,MOCK_S03,right_eyelid,0.0013344181951723006,self-full,True,MOCK DATA / NOT A SCIENTIFIC RESULT,displacement-report-draft-v1
non_speaking,0,MOCK_G02,MOCK_S03,whole_face,0.00037242550720714956,self-full,True,MOCK DATA / NOT A SCIENTIFIC RESULT,displacement-report-draft-v1
non_speaking,0,MOCK_G02,MOCK_S04,jaw,2.3574526397399792e-05,self-full,True,MOCK DATA / NOT A SCIENTIFIC RESULT,displacement-report-draft-v1
non_speaking,0,MOCK_G02,MOCK_S04,left_brow,-0.0003264628677903999,self-full,True,MOCK DATA / NOT A SCIENTIFIC RESULT,displacement-report-draft-v1
non_speaking,0,MOCK_G02,MOCK_S04,left_cheek,0.0009681419614723996,self-full,True,MOCK DATA / NOT A SCIENTIFIC RESULT,displacement-report-draft-v1
non_speaking,0,MOCK_G02,MOCK_S04,left_eyelid,0.0011006721018484,self-full,True,MOCK DATA / NOT A SCIENTIFIC RESULT,displacement-report-draft-v1
non_speaking,0,MOCK_G02,MOCK_S04,mouth,-0.0003486890108372002,self-full,True,MOCK DATA / NOT A SCIENTIFIC RESULT,displacement-report-draft-v1
non_speaking,0,MOCK_G02,MOCK_S04,right_brow,0.0002485106648596998,self-full,True,MOCK DATA / NOT A SCIENTIFIC RESULT,displacement-report-draft-v1
non_speaking,0,MOCK_G02,MOCK_S04,right_cheek,0.00010529798397520065,self-full,True,MOCK DATA / NOT A SCIENTIFIC RESULT,displacement-report-draft-v1
non_speaking,0,MOCK_G02,MOCK_S04,right_eyelid,0.0014465481479521997,self-full,True,MOCK DATA / NOT A SCIENTIFIC RESULT,displacement-report-draft-v1
non_speaking,0,MOCK_G02,MOCK_S04,whole_face,0.000402199188484712,self-full,True,MOCK DATA / NOT A SCIENTIFIC RESULT,displacement-report-draft-v1
non_speaking,0,MOCK_G03,MOCK_S05,jaw,0.0005277021170919998,self-full,True,MOCK DATA / NOT A SCIENTIFIC RESULT,displacement-report-draft-v1
non_speaking,0,MOCK_G03,MOCK_S05,left_brow,-5.791686249599984e-05,self-full,True,MOCK DATA / NOT A SCIENTIFIC RESULT,displacement-report-draft-v1
non_speaking,0,MOCK_G03,MOCK_S05,left_cheek,0.00044510571563459965,self-full,True,MOCK DATA / NOT A SCIENTIFIC RESULT,displacement-report-draft-v1
non_speaking,0,MOCK_G03,MOCK_S05,left_eyelid,0.0014064418665006,self-full,True,MOCK DATA / NOT A SCIENTIFIC RESULT,displacement-report-draft-v1
non_speaking,0,MOCK_G03,MOCK_S05,mouth,-0.00021913901727940027,self-full,True,MOCK DATA / NOT A SCIENTIFIC RESULT,displacement-report-draft-v1
non_speaking,0,MOCK_G03,MOCK_S05,right_brow,0.0007799869918241999,self-full,True,MOCK DATA / NOT A SCIENTIFIC RESULT,displacement-report-draft-v1
non_speaking,0,MOCK_G03,MOCK_S05,right_cheek,-0.0002588372862304001,self-full,True,MOCK DATA / NOT A SCIENTIFIC RESULT,displacement-report-draft-v1
non_speaking,0,MOCK_G03,MOCK_S05,right_eyelid,0.0012454880388003998,self-full,True,MOCK DATA / NOT A SCIENTIFIC RESULT,displacement-report-draft-v1
non_speaking,0,MOCK_G03,MOCK_S05,whole_face,0.0004836039454807501,self-full,True,MOCK DATA / NOT A SCIENTIFIC RESULT,displacement-report-draft-v1
non_speaking,0,MOCK_G03,MOCK_S06,jaw,0.0010396189998004004,self-full,True,MOCK DATA / NOT A SCIENTIFIC RESULT,displacement-report-draft-v1
non_speaking,0,MOCK_G03,MOCK_S06,left_brow,0.0004229919927460999,self-full,True,MOCK DATA / NOT A SCIENTIFIC RESULT,displacement-report-draft-v1
non_speaking,0,MOCK_G03,MOCK_S06,left_cheek,-4.128793884690049e-05,self-full,True,MOCK DATA / NOT A SCIENTIFIC RESULT,displacement-report-draft-v1
non_speaking,0,MOCK_G03,MOCK_S06,left_eyelid,0.0014130318471968,self-full,True,MOCK DATA / NOT A SCIENTIFIC RESULT,displacement-report-draft-v1
non_speaking,0,MOCK_G03,MOCK_S06,mouth,0.00017909336328240065,self-full,True,MOCK DATA / NOT A SCIENTIFIC RESULT,displacement-report-draft-v1
non_speaking,0,MOCK_G03,MOCK_S06,right_brow,0.0012311222457771004,self-full,True,MOCK DATA / NOT A SCIENTIFIC RESULT,displacement-report-draft-v1
non_speaking,0,MOCK_G03,MOCK_S06,right_cheek,-0.00034042242196110056,self-full,True,MOCK DATA / NOT A SCIENTIFIC RESULT,displacement-report-draft-v1
non_speaking,0,MOCK_G03,MOCK_S06,right_eyelid,0.0008014739483789999,self-full,True,MOCK DATA / NOT A SCIENTIFIC RESULT,displacement-report-draft-v1
non_speaking,0,MOCK_G03,MOCK_S06,whole_face,0.0005882027545467249,self-full,True,MOCK DATA / NOT A SCIENTIFIC RESULT,displacement-report-draft-v1
non_speaking,1,MOCK_G04,MOCK_S07,jaw,0.0013804978794515997,self-full,True,MOCK DATA / NOT A SCIENTIFIC RESULT,displacement-report-draft-v1
non_speaking,1,MOCK_G04,MOCK_S07,left_brow,0.0009482683989654002,self-full,True,MOCK DATA / NOT A SCIENTIFIC RESULT,displacement-report-draft-v1
non_speaking,1,MOCK_G04,MOCK_S07,left_cheek,-0.0003211277048283008,self-full,True,MOCK DATA / NOT A SCIENTIFIC RESULT,displacement-report-draft-v1
non_speaking,1,MOCK_G04,MOCK_S07,left_eyelid,0.0011181399740850997,self-full,True,MOCK DATA / NOT A SCIENTIFIC RESULT,displacement-report-draft-v1
non_speaking,1,MOCK_G04,MOCK_S07,mouth,0.0007068941031006994,self-full,True,MOCK DATA / NOT A SCIENTIFIC RESULT,displacement-report-draft-v1
non_speaking,1,MOCK_G04,MOCK_S07,right_brow,0.0014443219032701004,self-full,True,MOCK DATA / NOT A SCIENTIFIC RESULT,displacement-report-draft-v1
non_speaking,1,MOCK_G04,MOCK_S07,right_cheek,-0.0001109573880867,self-full,True,MOCK DATA / NOT A SCIENTIFIC RESULT,displacement-report-draft-v1
non_speaking,1,MOCK_G04,MOCK_S07,right_eyelid,0.000269612772838,self-full,True,MOCK DATA / NOT A SCIENTIFIC RESULT,displacement-report-draft-v1
non_speaking,1,MOCK_G04,MOCK_S07,whole_face,0.000679456242349487,self-full,True,MOCK DATA / NOT A SCIENTIFIC RESULT,displacement-report-draft-v1
non_speaking,1,MOCK_G04,MOCK_S08,jaw,0.0014312599562362003,self-full,True,MOCK DATA / NOT A SCIENTIFIC RESULT,displacement-report-draft-v1
non_speaking,1,MOCK_G04,MOCK_S08,left_brow,0.0013344181951722,self-full,True,MOCK DATA / NOT A SCIENTIFIC RESULT,displacement-report-draft-v1
non_speaking,1,MOCK_G04,MOCK_S08,left_cheek,-0.0002966575010117994,self-full,True,MOCK DATA / NOT A SCIENTIFIC RESULT,displacement-report-draft-v1
non_speaking,1,MOCK_G04,MOCK_S08,left_eyelid,0.0006247804625357997,self-full,True,MOCK DATA / NOT A SCIENTIFIC RESULT,displacement-report-draft-v1
non_speaking,1,MOCK_G04,MOCK_S08,mouth,0.0011798872188342009,self-full,True,MOCK DATA / NOT A SCIENTIFIC RESULT,displacement-report-draft-v1
non_speaking,1,MOCK_G04,MOCK_S08,right_brow,0.0013451091901481999,self-full,True,MOCK DATA / NOT A SCIENTIFIC RESULT,displacement-report-draft-v1
non_speaking,1,MOCK_G04,MOCK_S08,right_cheek,0.00034939907730980116,self-full,True,MOCK DATA / NOT A SCIENTIFIC RESULT,displacement-report-draft-v1
non_speaking,1,MOCK_G04,MOCK_S08,right_eyelid,-0.00016430107746420036,self-full,True,MOCK DATA / NOT A SCIENTIFIC RESULT,displacement-report-draft-v1
non_speaking,1,MOCK_G04,MOCK_S08,whole_face,0.0007254869402200503,self-full,True,MOCK DATA / NOT A SCIENTIFIC RESULT,displacement-report-draft-v1
non_speaking,1,MOCK_G05,MOCK_S09,jaw,0.001174172576299399,self-full,True,MOCK DATA / NOT A SCIENTIFIC RESULT,displacement-report-draft-v1
non_speaking,1,MOCK_G05,MOCK_S09,left_brow,0.0014465481479522995,self-full,True,MOCK DATA / NOT A SCIENTIFIC RESULT,displacement-report-draft-v1
non_speaking,1,MOCK_G05,MOCK_S09,left_cheek,2.357452639749867e-05,self-full,True,MOCK DATA / NOT A SCIENTIFIC RESULT,displacement-report-draft-v1
non_speaking,1,MOCK_G05,MOCK_S09,left_eyelid,0.00010529798397529953,self-full,True,MOCK DATA / NOT A SCIENTIFIC RESULT,displacement-report-draft-v1
non_speaking,1,MOCK_G05,MOCK_S09,mouth,0.001432842607059899,self-full,True,MOCK DATA / NOT A SCIENTIFIC RESULT,displacement-report-draft-v1
non_speaking,1,MOCK_G05,MOCK_S09,right_brow,0.0009681419614723996,self-full,True,MOCK DATA / NOT A SCIENTIFIC RESULT,displacement-report-draft-v1
non_speaking,1,MOCK_G05,MOCK_S09,right_cheek,0.0008798312163267995,self-full,True,MOCK DATA / NOT A SCIENTIFIC RESULT,displacement-report-draft-v1
non_speaking,1,MOCK_G05,MOCK_S09,right_eyelid,-0.00034868901083710043,self-full,True,MOCK DATA / NOT A SCIENTIFIC RESULT,displacement-report-draft-v1
non_speaking,1,MOCK_G05,MOCK_S09,whole_face,0.0007102150010808118,self-full,True,MOCK DATA / NOT A SCIENTIFIC RESULT,displacement-report-draft-v1
non_speaking,1,MOCK_G05,MOCK_S10,jaw,0.0006990437579035003,self-full,True,MOCK DATA / NOT A SCIENTIFIC RESULT,displacement-report-draft-v1
non_speaking,1,MOCK_G05,MOCK_S10,left_brow,0.0012454880388003998,self-full,True,MOCK DATA / NOT A SCIENTIFIC RESULT,displacement-report-draft-v1
non_speaking,1,MOCK_G05,MOCK_S10,left_cheek,0.0005277021170919998,self-full,True,MOCK DATA / NOT A SCIENTIFIC RESULT,displacement-report-draft-v1
non_speaking,1,MOCK_G05,MOCK_S10,left_eyelid,-0.0002588372862304001,self-full,True,MOCK DATA / NOT A SCIENTIFIC RESULT,displacement-report-draft-v1
non_speaking,1,MOCK_G05,MOCK_S10,mouth,0.0013773956730981996,self-full,True,MOCK DATA / NOT A SCIENTIFIC RESULT,displacement-report-draft-v1
non_speaking,1,MOCK_G05,MOCK_S10,right_brow,0.0004451057156346005,self-full,True,MOCK DATA / NOT A SCIENTIFIC RESULT,displacement-report-draft-v1
non_speaking,1,MOCK_G05,MOCK_S10,right_cheek,0.0012950438221771,self-full,True,MOCK DATA / NOT A SCIENTIFIC RESULT,displacement-report-draft-v1
non_speaking,1,MOCK_G05,MOCK_S10,right_eyelid,-0.00021913901727940027,self-full,True,MOCK DATA / NOT A SCIENTIFIC RESULT,displacement-report-draft-v1
non_speaking,1,MOCK_G05,MOCK_S10,whole_face,0.0006389753526494998,self-full,True,MOCK DATA / NOT A SCIENTIFIC RESULT,displacement-report-draft-v1
non_speaking,1,MOCK_G06,MOCK_S11,jaw,0.0001718496668559992,self-full,True,MOCK DATA / NOT A SCIENTIFIC RESULT,displacement-report-draft-v1
non_speaking,1,MOCK_G06,MOCK_S11,left_brow,0.0008014739483789999,self-full,True,MOCK DATA / NOT A SCIENTIFIC RESULT,displacement-report-draft-v1
non_speaking,1,MOCK_G06,MOCK_S11,left_cheek,0.0010396189998003996,self-full,True,MOCK DATA / NOT A SCIENTIFIC RESULT,displacement-report-draft-v1
non_speaking,1,MOCK_G06,MOCK_S11,left_eyelid,-0.0003404224219610997,self-full,True,MOCK DATA / NOT A SCIENTIFIC RESULT,displacement-report-draft-v1
non_speaking,1,MOCK_G06,MOCK_S11,mouth,0.0010329156262003994,self-full,True,MOCK DATA / NOT A SCIENTIFIC RESULT,displacement-report-draft-v1
non_speaking,1,MOCK_G06,MOCK_S11,right_brow,-4.128793884689962e-05,self-full,True,MOCK DATA / NOT A SCIENTIFIC RESULT,displacement-report-draft-v1
non_speaking,1,MOCK_G06,MOCK_S11,right_cheek,0.0014499911858955996,self-full,True,MOCK DATA / NOT A SCIENTIFIC RESULT,displacement-report-draft-v1
non_speaking,1,MOCK_G06,MOCK_S11,right_eyelid,0.00017909336328239978,self-full,True,MOCK DATA / NOT A SCIENTIFIC RESULT,displacement-report-draft-v1
non_speaking,1,MOCK_G06,MOCK_S11,whole_face,0.0005366540537007245,self-full,True,MOCK DATA / NOT A SCIENTIFIC RESULT,displacement-report-draft-v1
non_speaking,1,MOCK_G06,MOCK_S12,jaw,-0.00022324563337089952,self-full,True,MOCK DATA / NOT A SCIENTIFIC RESULT,displacement-report-draft-v1
non_speaking,1,MOCK_G06,MOCK_S12,left_brow,0.0002696127728378994,self-full,True,MOCK DATA / NOT A SCIENTIFIC RESULT,displacement-report-draft-v1
non_speaking,1,MOCK_G06,MOCK_S12,left_cheek,0.0013804978794515,self-full,True,MOCK DATA / NOT A SCIENTIFIC RESULT,displacement-report-draft-v1
non_speaking,1,MOCK_G06,MOCK_S12,left_eyelid,-0.0001109573880867,self-full,True,MOCK DATA / NOT A SCIENTIFIC RESULT,displacement-report-draft-v1
non_speaking,1,MOCK_G06,MOCK_S12,mouth,0.0005197392575008999,self-full,True,MOCK DATA / NOT A SCIENTIFIC RESULT,displacement-report-draft-v1
non_speaking,1,MOCK_G06,MOCK_S12,right_brow,-0.0003211277048283997,self-full,True,MOCK DATA / NOT A SCIENTIFIC RESULT,displacement-report-draft-v1
non_speaking,1,MOCK_G06,MOCK_S12,right_cheek,0.0012905457354718004,self-full,True,MOCK DATA / NOT A SCIENTIFIC RESULT,displacement-report-draft-v1
non_speaking,1,MOCK_G06,MOCK_S12,right_eyelid,0.0007068941031006006,self-full,True,MOCK DATA / NOT A SCIENTIFIC RESULT,displacement-report-draft-v1
non_speaking,1,MOCK_G06,MOCK_S12,whole_face,0.00043899487775958795,self-full,True,MOCK DATA / NOT A SCIENTIFIC RESULT,displacement-report-draft-v1
non_speaking,2,MOCK_G07,MOCK_S13,jaw,-0.0003482239874447006,self-full,True,MOCK DATA / NOT A SCIENTIFIC RESULT,displacement-report-draft-v1
non_speaking,2,MOCK_G07,MOCK_S13,left_brow,-0.0001643010774643001,self-full,True,MOCK DATA / NOT A SCIENTIFIC RESULT,displacement-report-draft-v1
non_speaking,2,MOCK_G07,MOCK_S13,left_cheek,0.0014312599562362003,self-full,True,MOCK DATA / NOT A SCIENTIFIC RESULT,displacement-report-draft-v1
non_speaking,2,MOCK_G07,MOCK_S13,left_eyelid,0.0003493990773097994,self-full,True,MOCK DATA / NOT A SCIENTIFIC RESULT,displacement-report-draft-v1
non_speaking,2,MOCK_G07,MOCK_S13,mouth,1.713383676349954e-05,self-full,True,MOCK DATA / NOT A SCIENTIFIC RESULT,displacement-report-draft-v1
non_speaking,2,MOCK_G07,MOCK_S13,right_brow,-0.0002966575010118003,self-full,True,MOCK DATA / NOT A SCIENTIFIC RESULT,displacement-report-draft-v1
non_speaking,2,MOCK_G07,MOCK_S13,right_cheek,0.0008724063540131001,self-full,True,MOCK DATA / NOT A SCIENTIFIC RESULT,displacement-report-draft-v1
non_speaking,2,MOCK_G07,MOCK_S13,right_eyelid,0.0011798872188342,self-full,True,MOCK DATA / NOT A SCIENTIFIC RESULT,displacement-report-draft-v1
non_speaking,2,MOCK_G07,MOCK_S13,whole_face,0.0003801129846544996,self-full,True,MOCK DATA / NOT A SCIENTIFIC RESULT,displacement-report-draft-v1
non_speaking,2,MOCK_G07,MOCK_S14,jaw,-0.00015942686063779958,self-full,True,MOCK DATA / NOT A SCIENTIFIC RESULT,displacement-report-draft-v1
non_speaking,2,MOCK_G07,MOCK_S14,left_brow,-0.0003486890108371993,self-full,True,MOCK DATA / NOT A SCIENTIFIC RESULT,displacement-report-draft-v1
non_speaking,2,MOCK_G07,MOCK_S14,left_cheek,0.0011741725762994,self-full,True,MOCK DATA / NOT A SCIENTIFIC RESULT,displacement-report-draft-v1
non_speaking,2,MOCK_G07,MOCK_S14,left_eyelid,0.0008798312163266998,self-full,True,MOCK DATA / NOT A SCIENTIFIC RESULT,displacement-report-draft-v1
non_speaking,2,MOCK_G07,MOCK_S14,mouth,-0.0002993261024997005,self-full,True,MOCK DATA / NOT A SCIENTIFIC RESULT,displacement-report-draft-v1
non_speaking,2,MOCK_G07,MOCK_S14,right_brow,2.3574526397399792e-05,self-full,True,MOCK DATA / NOT A SCIENTIFIC RESULT,displacement-report-draft-v1
non_speaking,2,MOCK_G07,MOCK_S14,right_cheek,0.0003416411574086002,self-full,True,MOCK DATA / NOT A SCIENTIFIC RESULT,displacement-report-draft-v1
non_speaking,2,MOCK_G07,MOCK_S14,right_eyelid,0.0014328426070598001,self-full,True,MOCK DATA / NOT A SCIENTIFIC RESULT,displacement-report-draft-v1
non_speaking,2,MOCK_G07,MOCK_S14,whole_face,0.00038057751368964984,self-full,True,MOCK DATA / NOT A SCIENTIFIC RESULT,displacement-report-draft-v1
non_speaking,2,MOCK_G08,MOCK_S15,jaw,0.0002771934789288985,self-full,True,MOCK DATA / NOT A SCIENTIFIC RESULT,displacement-report-draft-v1
non_speaking,2,MOCK_G08,MOCK_S15,left_brow,-0.00021913901727950002,self-full,True,MOCK DATA / NOT A SCIENTIFIC RESULT,displacement-report-draft-v1
non_speaking,2,MOCK_G08,MOCK_S15,left_cheek,0.0006990437579034994,self-full,True,MOCK DATA / NOT A SCIENTIFIC RESULT,displacement-report-draft-v1
non_speaking,2,MOCK_G08,MOCK_S15,left_eyelid,0.0012950438221771,self-full,True,MOCK DATA / NOT A SCIENTIFIC RESULT,displacement-report-draft-v1
non_speaking,2,MOCK_G08,MOCK_S15,mouth,-0.0003190919988944,self-full,True,MOCK DATA / NOT A SCIENTIFIC RESULT,displacement-report-draft-v1
non_speaking,2,MOCK_G08,MOCK_S15,right_brow,0.0005277021170919998,self-full,True,MOCK DATA / NOT A SCIENTIFIC RESULT,displacement-report-draft-v1
non_speaking,2,MOCK_G08,MOCK_S15,right_cheek,-0.00011633830095720069,self-full,True,MOCK DATA / NOT A SCIENTIFIC RESULT,displacement-report-draft-v1
non_speaking,2,MOCK_G08,MOCK_S15,right_eyelid,0.0013773956730981996,self-full,True,MOCK DATA / NOT A SCIENTIFIC RESULT,displacement-report-draft-v1
non_speaking,2,MOCK_G08,MOCK_S15,whole_face,0.0004402261915085748,self-full,True,MOCK DATA / NOT A SCIENTIFIC RESULT,displacement-report-draft-v1
non_speaking,2,MOCK_G08,MOCK_S16,jaw,0.000809112984998599,self-full,True,MOCK DATA / NOT A SCIENTIFIC RESULT,displacement-report-draft-v1
non_speaking,2,MOCK_G08,MOCK_S16,left_brow,0.00017909336328239978,self-full,True,MOCK DATA / NOT A SCIENTIFIC RESULT,displacement-report-draft-v1
non_speaking,2,MOCK_G08,MOCK_S16,left_cheek,0.00017184966685600007,self-full,True,MOCK DATA / NOT A SCIENTIFIC RESULT,displacement-report-draft-v1
non_speaking,2,MOCK_G08,MOCK_S16,left_eyelid,0.0014499911858955996,self-full,True,MOCK DATA / NOT A SCIENTIFIC RESULT,displacement-report-draft-v1
non_speaking,2,MOCK_G08,MOCK_S16,mouth,-3.525905614139985e-05,self-full,True,MOCK DATA / NOT A SCIENTIFIC RESULT,displacement-report-draft-v1
non_speaking,2,MOCK_G08,MOCK_S16,right_brow,0.0010396189998003996,self-full,True,MOCK DATA / NOT A SCIENTIFIC RESULT,displacement-report-draft-v1
non_speaking,2,MOCK_G08,MOCK_S16,right_cheek,-0.00034154662012540055,self-full,True,MOCK DATA / NOT A SCIENTIFIC RESULT,displacement-report-draft-v1
non_speaking,2,MOCK_G08,MOCK_S16,right_eyelid,0.0010329156262003994,self-full,True,MOCK DATA / NOT A SCIENTIFIC RESULT,displacement-report-draft-v1
non_speaking,2,MOCK_G08,MOCK_S16,whole_face,0.0005382220188458247,self-full,True,MOCK DATA / NOT A SCIENTIFIC RESULT,displacement-report-draft-v1
non_speaking,2,MOCK_G09,MOCK_S17,jaw,0.0012505168706808002,self-full,True,MOCK DATA / NOT A SCIENTIFIC RESULT,displacement-report-draft-v1
non_speaking,2,MOCK_G09,MOCK_S17,left_brow,0.0007068941031006994,self-full,True,MOCK DATA / NOT A SCIENTIFIC RESULT,displacement-report-draft-v1
non_speaking,2,MOCK_G09,MOCK_S17,left_cheek,-0.00022324563337089952,self-full,True,MOCK DATA / NOT A SCIENTIFIC RESULT,displacement-report-draft-v1
non_speaking,2,MOCK_G09,MOCK_S17,left_eyelid,0.0012905457354718004,self-full,True,MOCK DATA / NOT A SCIENTIFIC RESULT,displacement-report-draft-v1
non_speaking,2,MOCK_G09,MOCK_S17,mouth,0.00045302171293049986,self-full,True,MOCK DATA / NOT A SCIENTIFIC RESULT,displacement-report-draft-v1
non_speaking,2,MOCK_G09,MOCK_S17,right_brow,0.0013804978794515,self-full,True,MOCK DATA / NOT A SCIENTIFIC RESULT,displacement-report-draft-v1
non_speaking,2,MOCK_G09,MOCK_S17,right_cheek,-0.0002553120549264997,self-full,True,MOCK DATA / NOT A SCIENTIFIC RESULT,displacement-report-draft-v1
non_speaking,2,MOCK_G09,MOCK_S17,right_eyelid,0.0005197392575008999,self-full,True,MOCK DATA / NOT A SCIENTIFIC RESULT,displacement-report-draft-v1
non_speaking,2,MOCK_G09,MOCK_S17,whole_face,0.00064033223385485,self-full,True,MOCK DATA / NOT A SCIENTIFIC RESULT,displacement-report-draft-v1
non_speaking,2,MOCK_G09,MOCK_S18,jaw,0.001447210059437501,self-full,True,MOCK DATA / NOT A SCIENTIFIC RESULT,displacement-report-draft-v1
non_speaking,2,MOCK_G09,MOCK_S18,left_brow,0.0011798872188342,self-full,True,MOCK DATA / NOT A SCIENTIFIC RESULT,displacement-report-draft-v1
non_speaking,2,MOCK_G09,MOCK_S18,left_cheek,-0.00034822398744469973,self-full,True,MOCK DATA / NOT A SCIENTIFIC RESULT,displacement-report-draft-v1
non_speaking,2,MOCK_G09,MOCK_S18,left_eyelid,0.0008724063540132007,self-full,True,MOCK DATA / NOT A SCIENTIFIC RESULT,displacement-report-draft-v1
non_speaking,2,MOCK_G09,MOCK_S18,mouth,0.0009751797877585993,self-full,True,MOCK DATA / NOT A SCIENTIFIC RESULT,displacement-report-draft-v1
non_speaking,2,MOCK_G09,MOCK_S18,right_brow,0.0014312599562361994,self-full,True,MOCK DATA / NOT A SCIENTIFIC RESULT,displacement-report-draft-v1
non_speaking,2,MOCK_G09,MOCK_S18,right_cheek,0.00011224118003159977,self-full,True,MOCK DATA / NOT A SCIENTIFIC RESULT,displacement-report-draft-v1
non_speaking,2,MOCK_G09,MOCK_S18,right_eyelid,1.7133836763500408e-05,self-full,True,MOCK DATA / NOT A SCIENTIFIC RESULT,displacement-report-draft-v1
non_speaking,2,MOCK_G09,MOCK_S18,whole_face,0.0007108868007037628,self-full,True,MOCK DATA / NOT A SCIENTIFIC RESULT,displacement-report-draft-v1
non_speaking,3,MOCK_G10,MOCK_S19,jaw,0.001330481961536999,self-full,True,MOCK DATA / NOT A SCIENTIFIC RESULT,displacement-report-draft-v1
non_speaking,3,MOCK_G10,MOCK_S19,left_brow,0.0014328426070598001,self-full,True,MOCK DATA / NOT A SCIENTIFIC RESULT,displacement-report-draft-v1
non_speaking,3,MOCK_G10,MOCK_S19,left_cheek,-0.00015942686063779958,self-full,True,MOCK DATA / NOT A SCIENTIFIC RESULT,displacement-report-draft-v1
non_speaking,3,MOCK_G10,MOCK_S19,left_eyelid,0.0003416411574086002,self-full,True,MOCK DATA / NOT A SCIENTIFIC RESULT,displacement-report-draft-v1
non_speaking,3,MOCK_G10,MOCK_S19,mouth,0.001348810330223299,self-full,True,MOCK DATA / NOT A SCIENTIFIC RESULT,displacement-report-draft-v1
non_speaking,3,MOCK_G10,MOCK_S19,right_brow,0.0011741725762994,self-full,True,MOCK DATA / NOT A SCIENTIFIC RESULT,displacement-report-draft-v1
non_speaking,3,MOCK_G10,MOCK_S19,right_cheek,0.0006327161652049003,self-full,True,MOCK DATA / NOT A SCIENTIFIC RESULT,displacement-report-draft-v1
non_speaking,3,MOCK_G10,MOCK_S19,right_eyelid,-0.00029932610249969963,self-full,True,MOCK DATA / NOT A SCIENTIFIC RESULT,displacement-report-draft-v1
non_speaking,3,MOCK_G10,MOCK_S19,whole_face,0.000725238979324438,self-full,True,MOCK DATA / NOT A SCIENTIFIC RESULT,displacement-report-draft-v1
non_speaking,3,MOCK_G10,MOCK_S20,jaw,0.0009411090598646999,self-full,True,MOCK DATA / NOT A SCIENTIFIC RESULT,displacement-report-draft-v1
non_speaking,3,MOCK_G10,MOCK_S20,left_brow,0.0013773956730982004,self-full,True,MOCK DATA / NOT A SCIENTIFIC RESULT,displacement-report-draft-v1
non_speaking,3,MOCK_G10,MOCK_S20,left_cheek,0.00027719347892879963,self-full,True,MOCK DATA / NOT A SCIENTIFIC RESULT,displacement-report-draft-v1
non_speaking,3,MOCK_G10,MOCK_S20,left_eyelid,-0.00011633830095719982,self-full,True,MOCK DATA / NOT A SCIENTIFIC RESULT,displacement-report-draft-v1
non_speaking,3,MOCK_G10,MOCK_S20,mouth,0.0014433934424235,self-full,True,MOCK DATA / NOT A SCIENTIFIC RESULT,displacement-report-draft-v1
non_speaking,3,MOCK_G10,MOCK_S20,right_brow,0.0006990437579033996,self-full,True,MOCK DATA / NOT A SCIENTIFIC RESULT,displacement-report-draft-v1
non_speaking,3,MOCK_G10,MOCK_S20,right_cheek,0.0011242960141131,self-full,True,MOCK DATA / NOT A SCIENTIFIC RESULT,displacement-report-draft-v1
non_speaking,3,MOCK_G10,MOCK_S20,right_eyelid,-0.0003190919988944,self-full,True,MOCK DATA / NOT A SCIENTIFIC RESULT,displacement-report-draft-v1
non_speaking,3,MOCK_G10,MOCK_S20,whole_face,0.0006783751408100122,self-full,True,MOCK DATA / NOT A SCIENTIFIC RESULT,displacement-report-draft-v1
non_speaking,3,MOCK_G11,MOCK_S21,jaw,0.00041511051130329983,self-full,True,MOCK DATA / NOT A SCIENTIFIC RESULT,displacement-report-draft-v1
non_speaking,3,MOCK_G11,MOCK_S21,left_brow,0.0010329156262003994,self-full,True,MOCK DATA / NOT A SCIENTIFIC RESULT,displacement-report-draft-v1
non_speaking,3,MOCK_G11,MOCK_S21,left_cheek,0.0008091129849984993,self-full,True,MOCK DATA / NOT A SCIENTIFIC RESULT,displacement-report-draft-v1
non_speaking,3,MOCK_G11,MOCK_S21,left_eyelid,-0.0003415466201253997,self-full,True,MOCK DATA / NOT A SCIENTIFIC RESULT,displacement-report-draft-v1
non_speaking,3,MOCK_G11,MOCK_S21,mouth,0.0012258885220944992,self-full,True,MOCK DATA / NOT A SCIENTIFIC RESULT,displacement-report-draft-v1
non_speaking,3,MOCK_G11,MOCK_S21,right_brow,0.0001718496668559992,self-full,True,MOCK DATA / NOT A SCIENTIFIC RESULT,displacement-report-draft-v1
non_speaking,3,MOCK_G11,MOCK_S21,right_cheek,0.0014152577426915997,self-full,True,MOCK DATA / NOT A SCIENTIFIC RESULT,displacement-report-draft-v1
non_speaking,3,MOCK_G11,MOCK_S21,right_eyelid,-3.525905614139985e-05,self-full,True,MOCK DATA / NOT A SCIENTIFIC RESULT,displacement-report-draft-v1
non_speaking,3,MOCK_G11,MOCK_S21,whole_face,0.000586666172234687,self-full,True,MOCK DATA / NOT A SCIENTIFIC RESULT,displacement-report-draft-v1
non_speaking,3,MOCK_G11,MOCK_S22,jaw,-6.376725806129906e-05,self-full,True,MOCK DATA / NOT A SCIENTIFIC RESULT,displacement-report-draft-v1
non_speaking,3,MOCK_G11,MOCK_S22,left_brow,0.0005197392575010005,self-full,True,MOCK DATA / NOT A SCIENTIFIC RESULT,displacement-report-draft-v1
non_speaking,3,MOCK_G11,MOCK_S22,left_cheek,0.0012505168706809008,self-full,True,MOCK DATA / NOT A SCIENTIFIC RESULT,displacement-report-draft-v1
non_speaking,3,MOCK_G11,MOCK_S22,left_eyelid,-0.00025531205492639996,self-full,True,MOCK DATA / NOT A SCIENTIFIC RESULT,displacement-report-draft-v1
non_speaking,3,MOCK_G11,MOCK_S22,mouth,0.0007722762955630008,self-full,True,MOCK DATA / NOT A SCIENTIFIC RESULT,displacement-report-draft-v1
non_speaking,3,MOCK_G11,MOCK_S22,right_brow,-0.00022324563337079977,self-full,True,MOCK DATA / NOT A SCIENTIFIC RESULT,displacement-report-draft-v1
non_speaking,3,MOCK_G11,MOCK_S22,right_cheek,0.0014039600481263008,self-full,True,MOCK DATA / NOT A SCIENTIFIC RESULT,displacement-report-draft-v1
non_speaking,3,MOCK_G11,MOCK_S22,right_eyelid,0.00045302171293049986,self-full,True,MOCK DATA / NOT A SCIENTIFIC RESULT,displacement-report-draft-v1
non_speaking,3,MOCK_G11,MOCK_S22,whole_face,0.00048214865480539996,self-full,True,MOCK DATA / NOT A SCIENTIFIC RESULT,displacement-report-draft-v1
non_speaking,3,MOCK_G12,MOCK_S23,jaw,-0.00032823846599029996,self-full,True,MOCK DATA / NOT A SCIENTIFIC RESULT,displacement-report-draft-v1
non_speaking,3,MOCK_G12,MOCK_S23,left_brow,1.7133836763500408e-05,self-full,True,MOCK DATA / NOT A SCIENTIFIC RESULT,displacement-report-draft-v1
non_speaking,3,MOCK_G12,MOCK_S23,left_cheek,0.0014472100594373994,self-full,True,MOCK DATA / NOT A SCIENTIFIC RESULT,displacement-report-draft-v1
non_speaking,3,MOCK_G12,MOCK_S23,left_eyelid,0.00011224118003159977,self-full,True,MOCK DATA / NOT A SCIENTIFIC RESULT,displacement-report-draft-v1
non_speaking,3,MOCK_G12,MOCK_S23,mouth,0.00024101656406209926,self-full,True,MOCK DATA / NOT A SCIENTIFIC RESULT,displacement-report-draft-v1
non_speaking,3,MOCK_G12,MOCK_S23,right_brow,-0.00034822398744480034,self-full,True,MOCK DATA / NOT A SCIENTIFIC RESULT,displacement-report-draft-v1
non_speaking,3,MOCK_G12,MOCK_S23,right_cheek,0.0010943495401655994,self-full,True,MOCK DATA / NOT A SCIENTIFIC RESULT,displacement-report-draft-v1
non_speaking,3,MOCK_G12,MOCK_S23,right_eyelid,0.0009751797877586002,self-full,True,MOCK DATA / NOT A SCIENTIFIC RESULT,displacement-report-draft-v1
non_speaking,3,MOCK_G12,MOCK_S23,whole_face,0.00040133356434796184,self-full,True,MOCK DATA / NOT A SCIENTIFIC RESULT,displacement-report-draft-v1
non_speaking,3,MOCK_G12,MOCK_S24,jaw,-0.0002859157106695001,self-full,True,MOCK DATA / NOT A SCIENTIFIC RESULT,displacement-report-draft-v1
non_speaking,3,MOCK_G12,MOCK_S24,left_brow,-0.00029932610249969963,self-full,True,MOCK DATA / NOT A SCIENTIFIC RESULT,displacement-report-draft-v1
non_speaking,3,MOCK_G12,MOCK_S24,left_cheek,0.0013304819615369999,self-full,True,MOCK DATA / NOT A SCIENTIFIC RESULT,displacement-report-draft-v1
non_speaking,3,MOCK_G12,MOCK_S24,left_eyelid,0.0006327161652049003,self-full,True,MOCK DATA / NOT A SCIENTIFIC RESULT,displacement-report-draft-v1
non_speaking,3,MOCK_G12,MOCK_S24,mouth,-0.00018230636375640014,self-full,True,MOCK DATA / NOT A SCIENTIFIC RESULT,displacement-report-draft-v1
non_speaking,3,MOCK_G12,MOCK_S24,right_brow,-0.00015942686063779958,self-full,True,MOCK DATA / NOT A SCIENTIFIC RESULT,displacement-report-draft-v1
non_speaking,3,MOCK_G12,MOCK_S24,right_cheek,0.0005945820767904999,self-full,True,MOCK DATA / NOT A SCIENTIFIC RESULT,displacement-report-draft-v1
non_speaking,3,MOCK_G12,MOCK_S24,right_eyelid,0.0013488103302233996,self-full,True,MOCK DATA / NOT A SCIENTIFIC RESULT,displacement-report-draft-v1
non_speaking,3,MOCK_G12,MOCK_S24,whole_face,0.0003724519370240497,self-full,True,MOCK DATA / NOT A SCIENTIFIC RESULT,displacement-report-draft-v1
non_speaking,4,MOCK_G13,MOCK_S25,jaw,4.841645183410043e-05,self-full,True,MOCK DATA / NOT A SCIENTIFIC RESULT,displacement-report-draft-v1
non_speaking,4,MOCK_G13,MOCK_S25,left_brow,-0.0003190919988942994,self-full,True,MOCK DATA / NOT A SCIENTIFIC RESULT,displacement-report-draft-v1
non_speaking,4,MOCK_G13,MOCK_S25,left_cheek,0.0009411090598646999,self-full,True,MOCK DATA / NOT A SCIENTIFIC RESULT,displacement-report-draft-v1
non_speaking,4,MOCK_G13,MOCK_S25,left_eyelid,0.0011242960141132005,self-full,True,MOCK DATA / NOT A SCIENTIFIC RESULT,displacement-report-draft-v1
non_speaking,4,MOCK_G13,MOCK_S25,mouth,-0.0003498136101284001,self-full,True,MOCK DATA / NOT A SCIENTIFIC RESULT,displacement-report-draft-v1
non_speaking,4,MOCK_G13,MOCK_S25,right_brow,0.00027719347892890024,self-full,True,MOCK DATA / NOT A SCIENTIFIC RESULT,displacement-report-draft-v1
non_speaking,4,MOCK_G13,MOCK_S25,right_eyelid,0.0014433934424235998,self-full,True,MOCK DATA / NOT A SCIENTIFIC RESULT,displacement-report-draft-v1
non_speaking,4,MOCK_G13,MOCK_S26,jaw,0.0005579661783612997,self-full,True,MOCK DATA / NOT A SCIENTIFIC RESULT,displacement-report-draft-v1
non_speaking,4,MOCK_G13,MOCK_S26,left_brow,-3.525905614139985e-05,self-full,True,MOCK DATA / NOT A SCIENTIFIC RESULT,displacement-report-draft-v1
non_speaking,4,MOCK_G13,MOCK_S26,left_cheek,0.00041511051130329983,self-full,True,MOCK DATA / NOT A SCIENTIFIC RESULT,displacement-report-draft-v1
non_speaking,4,MOCK_G13,MOCK_S26,left_eyelid,0.0014152577426915997,self-full,True,MOCK DATA / NOT A SCIENTIFIC RESULT,displacement-report-draft-v1
non_speaking,4,MOCK_G13,MOCK_S26,mouth,-0.00020299007468249988,self-full,True,MOCK DATA / NOT A SCIENTIFIC RESULT,displacement-report-draft-v1
non_speaking,4,MOCK_G13,MOCK_S26,right_brow,0.0008091129849985002,self-full,True,MOCK DATA / NOT A SCIENTIFIC RESULT,displacement-report-draft-v1
non_speaking,4,MOCK_G13,MOCK_S26,right_eyelid,0.0012258885220945,self-full,True,MOCK DATA / NOT A SCIENTIFIC RESULT,displacement-report-draft-v1
non_speaking,4,MOCK_G14,MOCK_S27,jaw,0.0010647330895985994,self-full,True,MOCK DATA / NOT A SCIENTIFIC RESULT,displacement-report-draft-v1
non_speaking,4,MOCK_G14,MOCK_S27,left_brow,0.00045302171293049986,self-full,True,MOCK DATA / NOT A SCIENTIFIC RESULT,displacement-report-draft-v1
non_speaking,4,MOCK_G14,MOCK_S27,left_cheek,-6.37672580614014e-05,self-full,True,MOCK DATA / NOT A SCIENTIFIC RESULT,displacement-report-draft-v1
non_speaking,4,MOCK_G14,MOCK_S27,left_eyelid,0.0014039600481263,self-full,True,MOCK DATA / NOT A SCIENTIFIC RESULT,displacement-report-draft-v1
non_speaking,4,MOCK_G14,MOCK_S27,mouth,0.00020687455751049882,self-full,True,MOCK DATA / NOT A SCIENTIFIC RESULT,displacement-report-draft-v1
non_speaking,4,MOCK_G14,MOCK_S27,right_brow,0.0012505168706807993,self-full,True,MOCK DATA / NOT A SCIENTIFIC RESULT,displacement-report-draft-v1
non_speaking,4,MOCK_G14,MOCK_S27,right_eyelid,0.0007722762955629002,self-full,True,MOCK DATA / NOT A SCIENTIFIC RESULT,displacement-report-draft-v1
non_speaking,4,MOCK_G14,MOCK_S28,jaw,0.0013916889236751002,self-full,True,MOCK DATA / NOT A SCIENTIFIC RESULT,displacement-report-draft-v1
non_speaking,4,MOCK_G14,MOCK_S28,left_brow,0.0009751797877586002,self-full,True,MOCK DATA / NOT A SCIENTIFIC RESULT,displacement-report-draft-v1
non_speaking,4,MOCK_G14,MOCK_S28,left_cheek,-0.00032823846599029996,self-full,True,MOCK DATA / NOT A SCIENTIFIC RESULT,displacement-report-draft-v1
non_speaking,4,MOCK_G14,MOCK_S28,left_eyelid,0.0010943495401657,self-full,True,MOCK DATA / NOT A SCIENTIFIC RESULT,displacement-report-draft-v1
non_speaking,4,MOCK_G14,MOCK_S28,mouth,0.0007366027785461002,self-full,True,MOCK DATA / NOT A SCIENTIFIC RESULT,displacement-report-draft-v1
non_speaking,4,MOCK_G14,MOCK_S28,right_brow,0.0014472100594374003,self-full,True,MOCK DATA / NOT A SCIENTIFIC RESULT,displacement-report-draft-v1
non_speaking,4,MOCK_G14,MOCK_S28,right_eyelid,0.00024101656406210013,self-full,True,MOCK DATA / NOT A SCIENTIFIC RESULT,displacement-report-draft-v1
non_speaking,4,MOCK_G15,MOCK_S29,jaw,0.0014246186011695012,self-full,True,MOCK DATA / NOT A SCIENTIFIC RESULT,displacement-report-draft-v1
non_speaking,4,MOCK_G15,MOCK_S29,left_brow,0.0013488103302232999,self-full,True,MOCK DATA / NOT A SCIENTIFIC RESULT,displacement-report-draft-v1
non_speaking,4,MOCK_G15,MOCK_S29,left_cheek,-0.00028591571066949924,self-full,True,MOCK DATA / NOT A SCIENTIFIC RESULT,displacement-report-draft-v1
non_speaking,4,MOCK_G15,MOCK_S29,left_eyelid,0.0005945820767905008,self-full,True,MOCK DATA / NOT A SCIENTIFIC RESULT,displacement-report-draft-v1
non_speaking,4,MOCK_G15,MOCK_S29,mouth,0.0012011452804397988,self-full,True,MOCK DATA / NOT A SCIENTIFIC RESULT,displacement-report-draft-v1
non_speaking,4,MOCK_G15,MOCK_S29,right_brow,0.0013304819615369999,self-full,True,MOCK DATA / NOT A SCIENTIFIC RESULT,displacement-report-draft-v1
non_speaking,4,MOCK_G15,MOCK_S29,right_eyelid,-0.00018230636375639927,self-full,True,MOCK DATA / NOT A SCIENTIFIC RESULT,displacement-report-draft-v1
non_speaking,4,MOCK_G15,MOCK_S30,jaw,0.0011520188383403003,self-full,True,MOCK DATA / NOT A SCIENTIFIC RESULT,displacement-report-draft-v1
non_speaking,4,MOCK_G15,MOCK_S30,left_brow,0.0014433934424235998,self-full,True,MOCK DATA / NOT A SCIENTIFIC RESULT,displacement-report-draft-v1
non_speaking,4,MOCK_G15,MOCK_S30,left_cheek,4.841645183410043e-05,self-full,True,MOCK DATA / NOT A SCIENTIFIC RESULT,displacement-report-draft-v1
non_speaking,4,MOCK_G15,MOCK_S30,left_eyelid,7.924081135810002e-05,self-full,True,MOCK DATA / NOT A SCIENTIFIC RESULT,displacement-report-draft-v1
non_speaking,4,MOCK_G15,MOCK_S30,mouth,0.0014382240023086005,self-full,True,MOCK DATA / NOT A SCIENTIFIC RESULT,displacement-report-draft-v1
non_speaking,4,MOCK_G15,MOCK_S30,right_brow,0.0009411090598646999,self-full,True,MOCK DATA / NOT A SCIENTIFIC RESULT,displacement-report-draft-v1
non_speaking,4,MOCK_G15,MOCK_S30,right_eyelid,-0.0003498136101283992,self-full,True,MOCK DATA / NOT A SCIENTIFIC RESULT,displacement-report-draft-v1
speaking,0,MOCK_G01,MOCK_S01,jaw,-4.128793884690049e-05,self-full,True,MOCK DATA / NOT A SCIENTIFIC RESULT,displacement-report-draft-v1
speaking,0,MOCK_G01,MOCK_S01,left_brow,0.0005500000000000001,self-full,True,MOCK DATA / NOT A SCIENTIFIC RESULT,displacement-report-draft-v1
speaking,0,MOCK_G01,MOCK_S01,left_cheek,0.0012311222457772,self-full,True,MOCK DATA / NOT A SCIENTIFIC RESULT,displacement-report-draft-v1
speaking,0,MOCK_G01,MOCK_S01,left_eyelid,-0.0002683676841431998,self-full,True,MOCK DATA / NOT A SCIENTIFIC RESULT,displacement-report-draft-v1
speaking,0,MOCK_G01,MOCK_S01,mouth,0.0008014739483790997,self-full,True,MOCK DATA / NOT A SCIENTIFIC RESULT,displacement-report-draft-v1
speaking,0,MOCK_G01,MOCK_S01,right_brow,-0.00020732388632709996,self-full,True,MOCK DATA / NOT A SCIENTIFIC RESULT,displacement-report-draft-v1
speaking,0,MOCK_G01,MOCK_S01,right_cheek,0.0014130318471968,self-full,True,MOCK DATA / NOT A SCIENTIFIC RESULT,displacement-report-draft-v1
speaking,0,MOCK_G01,MOCK_S01,right_eyelid,0.0004229919927460999,self-full,True,MOCK DATA / NOT A SCIENTIFIC RESULT,displacement-report-draft-v1
speaking,0,MOCK_G01,MOCK_S01,whole_face,0.00048770506559775006,self-full,True,MOCK DATA / NOT A SCIENTIFIC RESULT,displacement-report-draft-v1
speaking,0,MOCK_G01,MOCK_S02,jaw,-0.0003211277048283997,self-full,True,MOCK DATA / NOT A SCIENTIFIC RESULT,displacement-report-draft-v1
speaking,0,MOCK_G01,MOCK_S02,left_brow,4.182177394439993e-05,self-full,True,MOCK DATA / NOT A SCIENTIFIC RESULT,displacement-report-draft-v1
speaking,0,MOCK_G01,MOCK_S02,left_cheek,0.0014443219032700995,self-full,True,MOCK DATA / NOT A SCIENTIFIC RESULT,displacement-report-draft-v1
speaking,0,MOCK_G01,MOCK_S02,left_eyelid,8.604876536070019e-05,self-full,True,MOCK DATA / NOT A SCIENTIFIC RESULT,displacement-report-draft-v1
speaking,0,MOCK_G01,MOCK_S02,mouth,0.0002696127728378994,self-full,True,MOCK DATA / NOT A SCIENTIFIC RESULT,displacement-report-draft-v1
speaking,0,MOCK_G01,MOCK_S02,right_brow,-0.00034961624273740013,self-full,True,MOCK DATA / NOT A SCIENTIFIC RESULT,displacement-report-draft-v1
speaking,0,MOCK_G01,MOCK_S02,right_cheek,0.0011181399740850997,self-full,True,MOCK DATA / NOT A SCIENTIFIC RESULT,displacement-report-draft-v1
speaking,0,MOCK_G01,MOCK_S02,right_eyelid,0.0009482683989652995,self-full,True,MOCK DATA / NOT A SCIENTIFIC RESULT,displacement-report-draft-v1
speaking,0,MOCK_G01,MOCK_S02,whole_face,0.000404683705112212,self-full,True,MOCK DATA / NOT A SCIENTIFIC RESULT,displacement-report-draft-v1
speaking,0,MOCK_G02,MOCK_S03,jaw,-0.00029665750101179854,self-full,True,MOCK DATA / NOT A SCIENTIFIC RESULT,displacement-report-draft-v1
speaking,0,MOCK_G02,MOCK_S03,left_brow,-0.00028883517737050054,self-full,True,MOCK DATA / NOT A SCIENTIFIC RESULT,displacement-report-draft-v1
speaking,0,MOCK_G02,MOCK_S03,left_cheek,0.0013451091901481999,self-full,True,MOCK DATA / NOT A SCIENTIFIC RESULT,displacement-report-draft-v1
speaking,0,MOCK_G02,MOCK_S03,left_eyelid,0.0006025367290849,self-full,True,MOCK DATA / NOT A SCIENTIFIC RESULT,displacement-report-draft-v1
speaking,0,MOCK_G02,MOCK_S03,mouth,-0.00016430107746420036,self-full,True,MOCK DATA / NOT A SCIENTIFIC RESULT,displacement-report-draft-v1
speaking,0,MOCK_G02,MOCK_S03,right_brow,-0.00017764676343759965,self-full,True,MOCK DATA / NOT A SCIENTIFIC RESULT,displacement-report-draft-v1
speaking,0,MOCK_G02,MOCK_S03,right_cheek,0.0006247804625357997,self-full,True,MOCK DATA / NOT A SCIENTIFIC RESULT,displacement-report-draft-v1
speaking,0,MOCK_G02,MOCK_S03,right_eyelid,0.0013344181951723006,self-full,True,MOCK DATA / NOT A SCIENTIFIC RESULT,displacement-report-draft-v1
speaking,0,MOCK_G02,MOCK_S03,whole_face,0.0003724255072071374,self-full,True,MOCK DATA / NOT A SCIENTIFIC RESULT,displacement-report-draft-v1
speaking,0,MOCK_G02,MOCK_S04,jaw,2.3574526397399792e-05,self-full,True,MOCK DATA / NOT A SCIENTIFIC RESULT,displacement-report-draft-v1
speaking,0,MOCK_G02,MOCK_S04,left_brow,-0.0003264628677903999,self-full,True,MOCK DATA / NOT A SCIENTIFIC RESULT,displacement-report-draft-v1
speaking,0,MOCK_G02,MOCK_S04,left_cheek,0.0009681419614724004,self-full,True,MOCK DATA / NOT A SCIENTIFIC RESULT,displacement-report-draft-v1
speaking,0,MOCK_G02,MOCK_S04,left_eyelid,0.0011006721018484,self-full,True,MOCK DATA / NOT A SCIENTIFIC RESULT,displacement-report-draft-v1
speaking,0,MOCK_G02,MOCK_S04,mouth,-0.0003486890108372002,self-full,True,MOCK DATA / NOT A SCIENTIFIC RESULT,displacement-report-draft-v1
speaking,0,MOCK_G02,MOCK_S04,right_brow,0.0002485106648596998,self-full,True,MOCK DATA / NOT A SCIENTIFIC RESULT,displacement-report-draft-v1
speaking,0,MOCK_G02,MOCK_S04,right_cheek,0.00010529798397520065,self-full,True,MOCK DATA / NOT A SCIENTIFIC RESULT,displacement-report-draft-v1
speaking,0,MOCK_G02,MOCK_S04,right_eyelid,0.0014465481479522006,self-full,True,MOCK DATA / NOT A SCIENTIFIC RESULT,displacement-report-draft-v1
speaking,0,MOCK_G02,MOCK_S04,whole_face,0.00040219918848471287,self-full,True,MOCK DATA / NOT A SCIENTIFIC RESULT,displacement-report-draft-v1
speaking,0,MOCK_G03,MOCK_S05,jaw,0.0005277021170919998,self-full,True,MOCK DATA / NOT A SCIENTIFIC RESULT,displacement-report-draft-v1
speaking,0,MOCK_G03,MOCK_S05,left_brow,-5.791686249599984e-05,self-full,True,MOCK DATA / NOT A SCIENTIFIC RESULT,displacement-report-draft-v1
speaking,0,MOCK_G03,MOCK_S05,left_cheek,0.0004451057156346005,self-full,True,MOCK DATA / NOT A SCIENTIFIC RESULT,displacement-report-draft-v1
speaking,0,MOCK_G03,MOCK_S05,left_eyelid,0.0014064418665006,self-full,True,MOCK DATA / NOT A SCIENTIFIC RESULT,displacement-report-draft-v1
speaking,0,MOCK_G03,MOCK_S05,mouth,-0.0002191390172793994,self-full,True,MOCK DATA / NOT A SCIENTIFIC RESULT,displacement-report-draft-v1
speaking,0,MOCK_G03,MOCK_S05,right_brow,0.0007799869918241999,self-full,True,MOCK DATA / NOT A SCIENTIFIC RESULT,displacement-report-draft-v1
speaking,0,MOCK_G03,MOCK_S05,right_cheek,-0.0002588372862304001,self-full,True,MOCK DATA / NOT A SCIENTIFIC RESULT,displacement-report-draft-v1
speaking,0,MOCK_G03,MOCK_S05,right_eyelid,0.0012454880388003998,self-full,True,MOCK DATA / NOT A SCIENTIFIC RESULT,displacement-report-draft-v1
speaking,0,MOCK_G03,MOCK_S05,whole_face,0.0004836039454807501,self-full,True,MOCK DATA / NOT A SCIENTIFIC RESULT,displacement-report-draft-v1
speaking,0,MOCK_G03,MOCK_S06,jaw,0.0010396189998004004,self-full,True,MOCK DATA / NOT A SCIENTIFIC RESULT,displacement-report-draft-v1
speaking,0,MOCK_G03,MOCK_S06,left_brow,0.0004229919927460999,self-full,True,MOCK DATA / NOT A SCIENTIFIC RESULT,displacement-report-draft-v1
speaking,0,MOCK_G03,MOCK_S06,left_cheek,-4.128793884690049e-05,self-full,True,MOCK DATA / NOT A SCIENTIFIC RESULT,displacement-report-draft-v1
speaking,0,MOCK_G03,MOCK_S06,left_eyelid,0.0014130318471968,self-full,True,MOCK DATA / NOT A SCIENTIFIC RESULT,displacement-report-draft-v1
speaking,0,MOCK_G03,MOCK_S06,mouth,0.00017909336328240065,self-full,True,MOCK DATA / NOT A SCIENTIFIC RESULT,displacement-report-draft-v1
speaking,0,MOCK_G03,MOCK_S06,right_brow,0.0012311222457771004,self-full,True,MOCK DATA / NOT A SCIENTIFIC RESULT,displacement-report-draft-v1
speaking,0,MOCK_G03,MOCK_S06,right_cheek,-0.00034042242196110056,self-full,True,MOCK DATA / NOT A SCIENTIFIC RESULT,displacement-report-draft-v1
speaking,0,MOCK_G03,MOCK_S06,right_eyelid,0.0008014739483789999,self-full,True,MOCK DATA / NOT A SCIENTIFIC RESULT,displacement-report-draft-v1
speaking,0,MOCK_G03,MOCK_S06,whole_face,0.0005882027545467249,self-full,True,MOCK DATA / NOT A SCIENTIFIC RESULT,displacement-report-draft-v1
speaking,1,MOCK_G04,MOCK_S07,jaw,0.0013804978794516006,self-full,True,MOCK DATA / NOT A SCIENTIFIC RESULT,displacement-report-draft-v1
speaking,1,MOCK_G04,MOCK_S07,left_brow,0.0009482683989654002,self-full,True,MOCK DATA / NOT A SCIENTIFIC RESULT,displacement-report-draft-v1
speaking,1,MOCK_G04,MOCK_S07,left_cheek,-0.00032112770482829994,self-full,True,MOCK DATA / NOT A SCIENTIFIC RESULT,displacement-report-draft-v1
speaking,1,MOCK_G04,MOCK_S07,left_eyelid,0.0011181399740850997,self-full,True,MOCK DATA / NOT A SCIENTIFIC RESULT,displacement-report-draft-v1
speaking,1,MOCK_G04,MOCK_S07,mouth,0.0007068941031007003,self-full,True,MOCK DATA / NOT A SCIENTIFIC RESULT,displacement-report-draft-v1
speaking,1,MOCK_G04,MOCK_S07,right_brow,0.0014443219032700995,self-full,True,MOCK DATA / NOT A SCIENTIFIC RESULT,displacement-report-draft-v1
speaking,1,MOCK_G04,MOCK_S07,right_cheek,-0.0001109573880867,self-full,True,MOCK DATA / NOT A SCIENTIFIC RESULT,displacement-report-draft-v1
speaking,1,MOCK_G04,MOCK_S07,right_eyelid,0.000269612772838,self-full,True,MOCK DATA / NOT A SCIENTIFIC RESULT,displacement-report-draft-v1
speaking,1,MOCK_G04,MOCK_S07,whole_face,0.000679456242349487,self-full,True,MOCK DATA / NOT A SCIENTIFIC RESULT,displacement-report-draft-v1
speaking,1,MOCK_G04,MOCK_S08,jaw,0.0014312599562361994,self-full,True,MOCK DATA / NOT A SCIENTIFIC RESULT,displacement-report-draft-v1
speaking,1,MOCK_G04,MOCK_S08,left_brow,0.0013344181951722,self-full,True,MOCK DATA / NOT A SCIENTIFIC RESULT,displacement-report-draft-v1
speaking,1,MOCK_G04,MOCK_S08,left_cheek,-0.0002966575010118003,self-full,True,MOCK DATA / NOT A SCIENTIFIC RESULT,displacement-report-draft-v1
speaking,1,MOCK_G04,MOCK_S08,left_eyelid,0.0006247804625357997,self-full,True,MOCK DATA / NOT A SCIENTIFIC RESULT,displacement-report-draft-v1
speaking,1,MOCK_G04,MOCK_S08,mouth,0.0011798872188342,self-full,True,MOCK DATA / NOT A SCIENTIFIC RESULT,displacement-report-draft-v1
speaking,1,MOCK_G04,MOCK_S08,right_brow,0.0013451091901481999,self-full,True,MOCK DATA / NOT A SCIENTIFIC RESULT,displacement-report-draft-v1
speaking,1,MOCK_G04,MOCK_S08,right_cheek,0.0003493990773097994,self-full,True,MOCK DATA / NOT A SCIENTIFIC RESULT,displacement-report-draft-v1
speaking,1,MOCK_G04,MOCK_S08,right_eyelid,-0.00016430107746420036,self-full,True,MOCK DATA / NOT A SCIENTIFIC RESULT,displacement-report-draft-v1
speaking,1,MOCK_G04,MOCK_S08,whole_face,0.0007254869402200494,self-full,True,MOCK DATA / NOT A SCIENTIFIC RESULT,displacement-report-draft-v1
speaking,1,MOCK_G05,MOCK_S09,jaw,0.0011741725762994,self-full,True,MOCK DATA / NOT A SCIENTIFIC RESULT,displacement-report-draft-v1
speaking,1,MOCK_G05,MOCK_S09,left_brow,0.0014465481479522995,self-full,True,MOCK DATA / NOT A SCIENTIFIC RESULT,displacement-report-draft-v1
speaking,1,MOCK_G05,MOCK_S09,left_cheek,2.3574526397399792e-05,self-full,True,MOCK DATA / NOT A SCIENTIFIC RESULT,displacement-report-draft-v1
speaking,1,MOCK_G05,MOCK_S09,left_eyelid,0.0001052979839753004,self-full,True,MOCK DATA / NOT A SCIENTIFIC RESULT,displacement-report-draft-v1
speaking,1,MOCK_G05,MOCK_S09,mouth,0.0014328426070598999,self-full,True,MOCK DATA / NOT A SCIENTIFIC RESULT,displacement-report-draft-v1
speaking,1,MOCK_G05,MOCK_S09,right_brow,0.0009681419614724004,self-full,True,MOCK DATA / NOT A SCIENTIFIC RESULT,displacement-report-draft-v1
speaking,1,MOCK_G05,MOCK_S09,right_cheek,0.0008798312163268004,self-full,True,MOCK DATA / NOT A SCIENTIFIC RESULT,displacement-report-draft-v1
speaking,1,MOCK_G05,MOCK_S09,right_eyelid,-0.00034868901083709956,self-full,True,MOCK DATA / NOT A SCIENTIFIC RESULT,displacement-report-draft-v1
speaking,1,MOCK_G05,MOCK_S09,whole_face,0.0007102150010808005,self-full,True,MOCK DATA / NOT A SCIENTIFIC RESULT,displacement-report-draft-v1
speaking,1,MOCK_G05,MOCK_S10,jaw,0.0006990437579035003,self-full,True,MOCK DATA / NOT A SCIENTIFIC RESULT,displacement-report-draft-v1
speaking,1,MOCK_G05,MOCK_S10,left_brow,0.0012454880388003998,self-full,True,MOCK DATA / NOT A SCIENTIFIC RESULT,displacement-report-draft-v1
speaking,1,MOCK_G05,MOCK_S10,left_cheek,0.0005277021170919998,self-full,True,MOCK DATA / NOT A SCIENTIFIC RESULT,displacement-report-draft-v1
speaking,1,MOCK_G05,MOCK_S10,left_eyelid,-0.0002588372862304001,self-full,True,MOCK DATA / NOT A SCIENTIFIC RESULT,displacement-report-draft-v1
speaking,1,MOCK_G05,MOCK_S10,mouth,0.0013773956730982004,self-full,True,MOCK DATA / NOT A SCIENTIFIC RESULT,displacement-report-draft-v1
speaking,1,MOCK_G05,MOCK_S10,right_brow,0.00044510571563459965,self-full,True,MOCK DATA / NOT A SCIENTIFIC RESULT,displacement-report-draft-v1
speaking,1,MOCK_G05,MOCK_S10,right_cheek,0.0012950438221771,self-full,True,MOCK DATA / NOT A SCIENTIFIC RESULT,displacement-report-draft-v1
speaking,1,MOCK_G05,MOCK_S10,right_eyelid,-0.00021913901727940027,self-full,True,MOCK DATA / NOT A SCIENTIFIC RESULT,displacement-report-draft-v1
speaking,1,MOCK_G05,MOCK_S10,whole_face,0.0006389753526494998,self-full,True,MOCK DATA / NOT A SCIENTIFIC RESULT,displacement-report-draft-v1
speaking,1,MOCK_G06,MOCK_S11,jaw,0.00017184966685600007,self-full,True,MOCK DATA / NOT A SCIENTIFIC RESULT,displacement-report-draft-v1
speaking,1,MOCK_G06,MOCK_S11,left_brow,0.0008014739483789999,self-full,True,MOCK DATA / NOT A SCIENTIFIC RESULT,displacement-report-draft-v1
speaking,1,MOCK_G06,MOCK_S11,left_cheek,0.0010396189998003996,self-full,True,MOCK DATA / NOT A SCIENTIFIC RESULT,displacement-report-draft-v1
speaking,1,MOCK_G06,MOCK_S11,left_eyelid,-0.00034042242196110056,self-full,True,MOCK DATA / NOT A SCIENTIFIC RESULT,displacement-report-draft-v1
speaking,1,MOCK_G06,MOCK_S11,mouth,0.0010329156262004003,self-full,True,MOCK DATA / NOT A SCIENTIFIC RESULT,displacement-report-draft-v1
speaking,1,MOCK_G06,MOCK_S11,right_brow,-4.128793884690049e-05,self-full,True,MOCK DATA / NOT A SCIENTIFIC RESULT,displacement-report-draft-v1
speaking,1,MOCK_G06,MOCK_S11,right_cheek,0.0014499911858955996,self-full,True,MOCK DATA / NOT A SCIENTIFIC RESULT,displacement-report-draft-v1
speaking,1,MOCK_G06,MOCK_S11,right_eyelid,0.00017909336328239978,self-full,True,MOCK DATA / NOT A SCIENTIFIC RESULT,displacement-report-draft-v1
speaking,1,MOCK_G06,MOCK_S11,whole_face,0.0005366540537007245,self-full,True,MOCK DATA / NOT A SCIENTIFIC RESULT,displacement-report-draft-v1
speaking,1,MOCK_G06,MOCK_S12,jaw,-0.00022324563337090039,self-full,True,MOCK DATA / NOT A SCIENTIFIC RESULT,displacement-report-draft-v1
speaking,1,MOCK_G06,MOCK_S12,left_brow,0.00026961277283790025,self-full,True,MOCK DATA / NOT A SCIENTIFIC RESULT,displacement-report-draft-v1
speaking,1,MOCK_G06,MOCK_S12,left_cheek,0.0013804978794515,self-full,True,MOCK DATA / NOT A SCIENTIFIC RESULT,displacement-report-draft-v1
speaking,1,MOCK_G06,MOCK_S12,left_eyelid,-0.0001109573880867,self-full,True,MOCK DATA / NOT A SCIENTIFIC RESULT,displacement-report-draft-v1
speaking,1,MOCK_G06,MOCK_S12,mouth,0.0005197392575008999,self-full,True,MOCK DATA / NOT A SCIENTIFIC RESULT,displacement-report-draft-v1
speaking,1,MOCK_G06,MOCK_S12,right_brow,-0.0003211277048283997,self-full,True,MOCK DATA / NOT A SCIENTIFIC RESULT,displacement-report-draft-v1
speaking,1,MOCK_G06,MOCK_S12,right_cheek,0.0012905457354717995,self-full,True,MOCK DATA / NOT A SCIENTIFIC RESULT,displacement-report-draft-v1
speaking,1,MOCK_G06,MOCK_S12,right_eyelid,0.0007068941031005997,self-full,True,MOCK DATA / NOT A SCIENTIFIC RESULT,displacement-report-draft-v1
speaking,1,MOCK_G06,MOCK_S12,whole_face,0.0004389948777595871,self-full,True,MOCK DATA / NOT A SCIENTIFIC RESULT,displacement-report-draft-v1
speaking,2,MOCK_G07,MOCK_S13,jaw,-0.0003482239874447006,self-full,True,MOCK DATA / NOT A SCIENTIFIC RESULT,displacement-report-draft-v1
speaking,2,MOCK_G07,MOCK_S13,left_brow,-0.0001643010774643001,self-full,True,MOCK DATA / NOT A SCIENTIFIC RESULT,displacement-report-draft-v1
speaking,2,MOCK_G07,MOCK_S13,left_cheek,0.0014312599562362003,self-full,True,MOCK DATA / NOT A SCIENTIFIC RESULT,displacement-report-draft-v1
speaking,2,MOCK_G07,MOCK_S13,left_eyelid,0.0003493990773098003,self-full,True,MOCK DATA / NOT A SCIENTIFIC RESULT,displacement-report-draft-v1
speaking,2,MOCK_G07,MOCK_S13,mouth,1.7133836763500408e-05,self-full,True,MOCK DATA / NOT A SCIENTIFIC RESULT,displacement-report-draft-v1
speaking,2,MOCK_G07,MOCK_S13,right_brow,-0.0002966575010118003,self-full,True,MOCK DATA / NOT A SCIENTIFIC RESULT,displacement-report-draft-v1
speaking,2,MOCK_G07,MOCK_S13,right_cheek,0.0008724063540131001,self-full,True,MOCK DATA / NOT A SCIENTIFIC RESULT,displacement-report-draft-v1
speaking,2,MOCK_G07,MOCK_S13,right_eyelid,0.0011798872188342,self-full,True,MOCK DATA / NOT A SCIENTIFIC RESULT,displacement-report-draft-v1
speaking,2,MOCK_G07,MOCK_S13,whole_face,0.00038011298465450045,self-full,True,MOCK DATA / NOT A SCIENTIFIC RESULT,displacement-report-draft-v1
speaking,2,MOCK_G07,MOCK_S14,jaw,-0.00015942686063779958,self-full,True,MOCK DATA / NOT A SCIENTIFIC RESULT,displacement-report-draft-v1
speaking,2,MOCK_G07,MOCK_S14,left_brow,-0.0003486890108372002,self-full,True,MOCK DATA / NOT A SCIENTIFIC RESULT,displacement-report-draft-v1
speaking,2,MOCK_G07,MOCK_S14,left_cheek,0.0011741725762994,self-full,True,MOCK DATA / NOT A SCIENTIFIC RESULT,displacement-report-draft-v1
speaking,2,MOCK_G07,MOCK_S14,left_eyelid,0.0008798312163266998,self-full,True,MOCK DATA / NOT A SCIENTIFIC RESULT,displacement-report-draft-v1
speaking,2,MOCK_G07,MOCK_S14,mouth,-0.00029932610249969877,self-full,True,MOCK DATA / NOT A SCIENTIFIC RESULT,displacement-report-draft-v1
speaking,2,MOCK_G07,MOCK_S14,right_brow,2.3574526397399792e-05,self-full,True,MOCK DATA / NOT A SCIENTIFIC RESULT,displacement-report-draft-v1
speaking,2,MOCK_G07,MOCK_S14,right_cheek,0.00034164115740859934,self-full,True,MOCK DATA / NOT A SCIENTIFIC RESULT,displacement-report-draft-v1
speaking,2,MOCK_G07,MOCK_S14,right_eyelid,0.0014328426070598001,self-full,True,MOCK DATA / NOT A SCIENTIFIC RESULT,displacement-report-draft-v1
speaking,2,MOCK_G07,MOCK_S14,whole_face,0.00038057751368964984,self-full,True,MOCK DATA / NOT A SCIENTIFIC RESULT,displacement-report-draft-v1
speaking,2,MOCK_G08,MOCK_S15,jaw,0.00027719347892890024,self-full,True,MOCK DATA / NOT A SCIENTIFIC RESULT,displacement-report-draft-v1
speaking,2,MOCK_G08,MOCK_S15,left_brow,-0.00021913901727950002,self-full,True,MOCK DATA / NOT A SCIENTIFIC RESULT,displacement-report-draft-v1
speaking,2,MOCK_G08,MOCK_S15,left_cheek,0.0006990437579035003,self-full,True,MOCK DATA / NOT A SCIENTIFIC RESULT,displacement-report-draft-v1
speaking,2,MOCK_G08,MOCK_S15,left_eyelid,0.0012950438221771008,self-full,True,MOCK DATA / NOT A SCIENTIFIC RESULT,displacement-report-draft-v1
speaking,2,MOCK_G08,MOCK_S15,mouth,-0.0003190919988944,self-full,True,MOCK DATA / NOT A SCIENTIFIC RESULT,displacement-report-draft-v1
speaking,2,MOCK_G08,MOCK_S15,right_brow,0.0005277021170919998,self-full,True,MOCK DATA / NOT A SCIENTIFIC RESULT,displacement-report-draft-v1
speaking,2,MOCK_G08,MOCK_S15,right_cheek,-0.00011633830095720069,self-full,True,MOCK DATA / NOT A SCIENTIFIC RESULT,displacement-report-draft-v1
speaking,2,MOCK_G08,MOCK_S15,right_eyelid,0.0013773956730982004,self-full,True,MOCK DATA / NOT A SCIENTIFIC RESULT,displacement-report-draft-v1
speaking,2,MOCK_G08,MOCK_S15,whole_face,0.00044022619150857565,self-full,True,MOCK DATA / NOT A SCIENTIFIC RESULT,displacement-report-draft-v1
speaking,2,MOCK_G08,MOCK_S16,jaw,0.0008091129849985999,self-full,True,MOCK DATA / NOT A SCIENTIFIC RESULT,displacement-report-draft-v1
speaking,2,MOCK_G08,MOCK_S16,left_brow,0.00017909336328239978,self-full,True,MOCK DATA / NOT A SCIENTIFIC RESULT,displacement-report-draft-v1
speaking,2,MOCK_G08,MOCK_S16,left_cheek,0.00017184966685600007,self-full,True,MOCK DATA / NOT A SCIENTIFIC RESULT,displacement-report-draft-v1
speaking,2,MOCK_G08,MOCK_S16,left_eyelid,0.0014499911858956004,self-full,True,MOCK DATA / NOT A SCIENTIFIC RESULT,displacement-report-draft-v1
speaking,2,MOCK_G08,MOCK_S16,mouth,-3.525905614139985e-05,self-full,True,MOCK DATA / NOT A SCIENTIFIC RESULT,displacement-report-draft-v1
speaking,2,MOCK_G08,MOCK_S16,right_brow,0.0010396189998004004,self-full,True,MOCK DATA / NOT A SCIENTIFIC RESULT,displacement-report-draft-v1
speaking,2,MOCK_G08,MOCK_S16,right_cheek,-0.00034154662012540055,self-full,True,MOCK DATA / NOT A SCIENTIFIC RESULT,displacement-report-draft-v1
speaking,2,MOCK_G08,MOCK_S16,right_eyelid,0.0010329156262004003,self-full,True,MOCK DATA / NOT A SCIENTIFIC RESULT,displacement-report-draft-v1
speaking,2,MOCK_G08,MOCK_S16,whole_face,0.0005382220188458256,self-full,True,MOCK DATA / NOT A SCIENTIFIC RESULT,displacement-report-draft-v1
speaking,2,MOCK_G09,MOCK_S17,jaw,0.001250516870680801,self-full,True,MOCK DATA / NOT A SCIENTIFIC RESULT,displacement-report-draft-v1
speaking,2,MOCK_G09,MOCK_S17,left_brow,0.0007068941031007003,self-full,True,MOCK DATA / NOT A SCIENTIFIC RESULT,displacement-report-draft-v1
speaking,2,MOCK_G09,MOCK_S17,left_cheek,-0.00022324563337089952,self-full,True,MOCK DATA / NOT A SCIENTIFIC RESULT,displacement-report-draft-v1
speaking,2,MOCK_G09,MOCK_S17,left_eyelid,0.0012905457354718004,self-full,True,MOCK DATA / NOT A SCIENTIFIC RESULT,displacement-report-draft-v1
speaking,2,MOCK_G09,MOCK_S17,mouth,0.00045302171293049986,self-full,True,MOCK DATA / NOT A SCIENTIFIC RESULT,displacement-report-draft-v1
speaking,2,MOCK_G09,MOCK_S17,right_brow,0.0013804978794515,self-full,True,MOCK DATA / NOT A SCIENTIFIC RESULT,displacement-report-draft-v1
speaking,2,MOCK_G09,MOCK_S17,right_cheek,-0.0002553120549264997,self-full,True,MOCK DATA / NOT A SCIENTIFIC RESULT,displacement-report-draft-v1
speaking,2,MOCK_G09,MOCK_S17,right_eyelid,0.0005197392575008999,self-full,True,MOCK DATA / NOT A SCIENTIFIC RESULT,displacement-report-draft-v1
speaking,2,MOCK_G09,MOCK_S17,whole_face,0.00064033223385485,self-full,True,MOCK DATA / NOT A SCIENTIFIC RESULT,displacement-report-draft-v1
speaking,2,MOCK_G09,MOCK_S18,jaw,0.0014472100594375,self-full,True,MOCK DATA / NOT A SCIENTIFIC RESULT,displacement-report-draft-v1
speaking,2,MOCK_G09,MOCK_S18,left_brow,0.0011798872188342,self-full,True,MOCK DATA / NOT A SCIENTIFIC RESULT,displacement-report-draft-v1
speaking,2,MOCK_G09,MOCK_S18,left_cheek,-0.00034822398744469973,self-full,True,MOCK DATA / NOT A SCIENTIFIC RESULT,displacement-report-draft-v1
speaking,2,MOCK_G09,MOCK_S18,left_eyelid,0.0008724063540131999,self-full,True,MOCK DATA / NOT A SCIENTIFIC RESULT,displacement-report-draft-v1
speaking,2,MOCK_G09,MOCK_S18,mouth,0.0009751797877586002,self-full,True,MOCK DATA / NOT A SCIENTIFIC RESULT,displacement-report-draft-v1
speaking,2,MOCK_G09,MOCK_S18,right_brow,0.0014312599562362003,self-full,True,MOCK DATA / NOT A SCIENTIFIC RESULT,displacement-report-draft-v1
speaking,2,MOCK_G09,MOCK_S18,right_cheek,0.00011224118003159977,self-full,True,MOCK DATA / NOT A SCIENTIFIC RESULT,displacement-report-draft-v1
speaking,2,MOCK_G09,MOCK_S18,right_eyelid,1.7133836763500408e-05,self-full,True,MOCK DATA / NOT A SCIENTIFIC RESULT,displacement-report-draft-v1
speaking,2,MOCK_G09,MOCK_S18,whole_face,0.0007108868007037628,self-full,True,MOCK DATA / NOT A SCIENTIFIC RESULT,displacement-report-draft-v1
speaking,3,MOCK_G10,MOCK_S19,jaw,0.0013304819615369999,self-full,True,MOCK DATA / NOT A SCIENTIFIC RESULT,displacement-report-draft-v1
speaking,3,MOCK_G10,MOCK_S19,left_brow,0.0014328426070598001,self-full,True,MOCK DATA / NOT A SCIENTIFIC RESULT,displacement-report-draft-v1
speaking,3,MOCK_G10,MOCK_S19,left_cheek,-0.00015942686063779958,self-full,True,MOCK DATA / NOT A SCIENTIFIC RESULT,displacement-report-draft-v1
speaking,3,MOCK_G10,MOCK_S19,left_eyelid,0.0003416411574086002,self-full,True,MOCK DATA / NOT A SCIENTIFIC RESULT,displacement-report-draft-v1
speaking,3,MOCK_G10,MOCK_S19,mouth,0.0013488103302232999,self-full,True,MOCK DATA / NOT A SCIENTIFIC RESULT,displacement-report-draft-v1
speaking,3,MOCK_G10,MOCK_S19,right_brow,0.0011741725762994,self-full,True,MOCK DATA / NOT A SCIENTIFIC RESULT,displacement-report-draft-v1
speaking,3,MOCK_G10,MOCK_S19,right_cheek,0.0006327161652049003,self-full,True,MOCK DATA / NOT A SCIENTIFIC RESULT,displacement-report-draft-v1
speaking,3,MOCK_G10,MOCK_S19,right_eyelid,-0.00029932610249969963,self-full,True,MOCK DATA / NOT A SCIENTIFIC RESULT,displacement-report-draft-v1
speaking,3,MOCK_G10,MOCK_S19,whole_face,0.000725238979324438,self-full,True,MOCK DATA / NOT A SCIENTIFIC RESULT,displacement-report-draft-v1
speaking,3,MOCK_G10,MOCK_S20,jaw,0.0009411090598646999,self-full,True,MOCK DATA / NOT A SCIENTIFIC RESULT,displacement-report-draft-v1
speaking,3,MOCK_G10,MOCK_S20,left_brow,0.0013773956730981996,self-full,True,MOCK DATA / NOT A SCIENTIFIC RESULT,displacement-report-draft-v1
speaking,3,MOCK_G10,MOCK_S20,left_cheek,0.00027719347892879963,self-full,True,MOCK DATA / NOT A SCIENTIFIC RESULT,displacement-report-draft-v1
speaking,3,MOCK_G10,MOCK_S20,left_eyelid,-0.00011633830095720069,self-full,True,MOCK DATA / NOT A SCIENTIFIC RESULT,displacement-report-draft-v1
speaking,3,MOCK_G10,MOCK_S20,mouth,0.0014433934424235,self-full,True,MOCK DATA / NOT A SCIENTIFIC RESULT,displacement-report-draft-v1
speaking,3,MOCK_G10,MOCK_S20,right_brow,0.0006990437579033996,self-full,True,MOCK DATA / NOT A SCIENTIFIC RESULT,displacement-report-draft-v1
speaking,3,MOCK_G10,MOCK_S20,right_cheek,0.0011242960141131008,self-full,True,MOCK DATA / NOT A SCIENTIFIC RESULT,displacement-report-draft-v1
speaking,3,MOCK_G10,MOCK_S20,right_eyelid,-0.0003190919988944,self-full,True,MOCK DATA / NOT A SCIENTIFIC RESULT,displacement-report-draft-v1
speaking,3,MOCK_G10,MOCK_S20,whole_face,0.0006783751408100122,self-full,True,MOCK DATA / NOT A SCIENTIFIC RESULT,displacement-report-draft-v1
speaking,3,MOCK_G11,MOCK_S21,jaw,0.00041511051130329983,self-full,True,MOCK DATA / NOT A SCIENTIFIC RESULT,displacement-report-draft-v1
speaking,3,MOCK_G11,MOCK_S21,left_brow,0.0010329156262004003,self-full,True,MOCK DATA / NOT A SCIENTIFIC RESULT,displacement-report-draft-v1
speaking,3,MOCK_G11,MOCK_S21,left_cheek,0.0008091129849985002,self-full,True,MOCK DATA / NOT A SCIENTIFIC RESULT,displacement-report-draft-v1
speaking,3,MOCK_G11,MOCK_S21,left_eyelid,-0.0003415466201253997,self-full,True,MOCK DATA / NOT A SCIENTIFIC RESULT,displacement-report-draft-v1
speaking,3,MOCK_G11,MOCK_S21,mouth,0.0012258885220945,self-full,True,MOCK DATA / NOT A SCIENTIFIC RESULT,displacement-report-draft-v1
speaking,3,MOCK_G11,MOCK_S21,right_brow,0.00017184966685600007,self-full,True,MOCK DATA / NOT A SCIENTIFIC RESULT,displacement-report-draft-v1
speaking,3,MOCK_G11,MOCK_S21,right_cheek,0.0014152577426915997,self-full,True,MOCK DATA / NOT A SCIENTIFIC RESULT,displacement-report-draft-v1
speaking,3,MOCK_G11,MOCK_S21,right_eyelid,-3.525905614139985e-05,self-full,True,MOCK DATA / NOT A SCIENTIFIC RESULT,displacement-report-draft-v1
speaking,3,MOCK_G11,MOCK_S21,whole_face,0.000586666172234687,self-full,True,MOCK DATA / NOT A SCIENTIFIC RESULT,displacement-report-draft-v1
speaking,3,MOCK_G11,MOCK_S22,jaw,-6.376725806130079e-05,self-full,True,MOCK DATA / NOT A SCIENTIFIC RESULT,displacement-report-draft-v1
speaking,3,MOCK_G11,MOCK_S22,left_brow,0.0005197392575009997,self-full,True,MOCK DATA / NOT A SCIENTIFIC RESULT,displacement-report-draft-v1
speaking,3,MOCK_G11,MOCK_S22,left_cheek,0.0012505168706809,self-full,True,MOCK DATA / NOT A SCIENTIFIC RESULT,displacement-report-draft-v1
speaking,3,MOCK_G11,MOCK_S22,left_eyelid,-0.00025531205492639996,self-full,True,MOCK DATA / NOT A SCIENTIFIC RESULT,displacement-report-draft-v1
speaking,3,MOCK_G11,MOCK_S22,mouth,0.0007722762955629991,self-full,True,MOCK DATA / NOT A SCIENTIFIC RESULT,displacement-report-draft-v1
speaking,3,MOCK_G11,MOCK_S22,right_brow,-0.00022324563337079977,self-full,True,MOCK DATA / NOT A SCIENTIFIC RESULT,displacement-report-draft-v1
speaking,3,MOCK_G11,MOCK_S22,right_cheek,0.0014039600481263008,self-full,True,MOCK DATA / NOT A SCIENTIFIC RESULT,displacement-report-draft-v1
speaking,3,MOCK_G11,MOCK_S22,right_eyelid,0.00045302171293049986,self-full,True,MOCK DATA / NOT A SCIENTIFIC RESULT,displacement-report-draft-v1
speaking,3,MOCK_G11,MOCK_S22,whole_face,0.00048214865480539996,self-full,True,MOCK DATA / NOT A SCIENTIFIC RESULT,displacement-report-draft-v1
speaking,3,MOCK_G12,MOCK_S23,jaw,-0.00032823846599029996,self-full,True,MOCK DATA / NOT A SCIENTIFIC RESULT,displacement-report-draft-v1
speaking,3,MOCK_G12,MOCK_S23,left_brow,1.713383676349954e-05,self-full,True,MOCK DATA / NOT A SCIENTIFIC RESULT,displacement-report-draft-v1
speaking,3,MOCK_G12,MOCK_S23,left_cheek,0.0014472100594373994,self-full,True,MOCK DATA / NOT A SCIENTIFIC RESULT,displacement-report-draft-v1
speaking,3,MOCK_G12,MOCK_S23,left_eyelid,0.00011224118003150003,self-full,True,MOCK DATA / NOT A SCIENTIFIC RESULT,displacement-report-draft-v1
speaking,3,MOCK_G12,MOCK_S23,mouth,0.00024101656406210013,self-full,True,MOCK DATA / NOT A SCIENTIFIC RESULT,displacement-report-draft-v1
speaking,3,MOCK_G12,MOCK_S23,right_brow,-0.00034822398744480034,self-full,True,MOCK DATA / NOT A SCIENTIFIC RESULT,displacement-report-draft-v1
speaking,3,MOCK_G12,MOCK_S23,right_cheek,0.0010943495401656003,self-full,True,MOCK DATA / NOT A SCIENTIFIC RESULT,displacement-report-draft-v1
speaking,3,MOCK_G12,MOCK_S23,right_eyelid,0.0009751797877585993,self-full,True,MOCK DATA / NOT A SCIENTIFIC RESULT,displacement-report-draft-v1
speaking,3,MOCK_G12,MOCK_S23,whole_face,0.0004013335643479497,self-full,True,MOCK DATA / NOT A SCIENTIFIC RESULT,displacement-report-draft-v1
speaking,3,MOCK_G12,MOCK_S24,jaw,-0.0002859157106695001,self-full,True,MOCK DATA / NOT A SCIENTIFIC RESULT,displacement-report-draft-v1
speaking,3,MOCK_G12,MOCK_S24,left_brow,-0.00029932610249969963,self-full,True,MOCK DATA / NOT A SCIENTIFIC RESULT,displacement-report-draft-v1
speaking,3,MOCK_G12,MOCK_S24,left_cheek,0.0013304819615369999,self-full,True,MOCK DATA / NOT A SCIENTIFIC RESULT,displacement-report-draft-v1
speaking,3,MOCK_G12,MOCK_S24,left_eyelid,0.0006327161652048994,self-full,True,MOCK DATA / NOT A SCIENTIFIC RESULT,displacement-report-draft-v1
speaking,3,MOCK_G12,MOCK_S24,mouth,-0.00018230636375639927,self-full,True,MOCK DATA / NOT A SCIENTIFIC RESULT,displacement-report-draft-v1
speaking,3,MOCK_G12,MOCK_S24,right_brow,-0.00015942686063780045,self-full,True,MOCK DATA / NOT A SCIENTIFIC RESULT,displacement-report-draft-v1
speaking,3,MOCK_G12,MOCK_S24,right_cheek,0.0005945820767904999,self-full,True,MOCK DATA / NOT A SCIENTIFIC RESULT,displacement-report-draft-v1
speaking,3,MOCK_G12,MOCK_S24,right_eyelid,0.0013488103302233996,self-full,True,MOCK DATA / NOT A SCIENTIFIC RESULT,displacement-report-draft-v1
speaking,3,MOCK_G12,MOCK_S24,whole_face,0.0003724519370240497,self-full,True,MOCK DATA / NOT A SCIENTIFIC RESULT,displacement-report-draft-v1
speaking,4,MOCK_G13,MOCK_S25,jaw,4.841645183410043e-05,self-full,True,MOCK DATA / NOT A SCIENTIFIC RESULT,displacement-report-draft-v1
speaking,4,MOCK_G13,MOCK_S25,left_brow,-0.00031909199889430025,self-full,True,MOCK DATA / NOT A SCIENTIFIC RESULT,displacement-report-draft-v1
speaking,4,MOCK_G13,MOCK_S25,left_cheek,0.0009411090598646999,self-full,True,MOCK DATA / NOT A SCIENTIFIC RESULT,displacement-report-draft-v1
speaking,4,MOCK_G13,MOCK_S25,left_eyelid,0.0011242960141131996,self-full,True,MOCK DATA / NOT A SCIENTIFIC RESULT,displacement-report-draft-v1
speaking,4,MOCK_G13,MOCK_S25,mouth,-0.00034981361012840096,self-full,True,MOCK DATA / NOT A SCIENTIFIC RESULT,displacement-report-draft-v1
speaking,4,MOCK_G13,MOCK_S25,right_brow,0.00027719347892890024,self-full,True,MOCK DATA / NOT A SCIENTIFIC RESULT,displacement-report-draft-v1
speaking,4,MOCK_G13,MOCK_S25,right_eyelid,0.0014433934424235998,self-full,True,MOCK DATA / NOT A SCIENTIFIC RESULT,displacement-report-draft-v1
speaking,4,MOCK_G13,MOCK_S26,jaw,0.0005579661783613006,self-full,True,MOCK DATA / NOT A SCIENTIFIC RESULT,displacement-report-draft-v1
speaking,4,MOCK_G13,MOCK_S26,left_brow,-3.525905614139985e-05,self-full,True,MOCK DATA / NOT A SCIENTIFIC RESULT,displacement-report-draft-v1
speaking,4,MOCK_G13,MOCK_S26,left_cheek,0.0004151105113033007,self-full,True,MOCK DATA / NOT A SCIENTIFIC RESULT,displacement-report-draft-v1
speaking,4,MOCK_G13,MOCK_S26,left_eyelid,0.0014152577426915997,self-full,True,MOCK DATA / NOT A SCIENTIFIC RESULT,displacement-report-draft-v1
speaking,4,MOCK_G13,MOCK_S26,mouth,-0.00020299007468249988,self-full,True,MOCK DATA / NOT A SCIENTIFIC RESULT,displacement-report-draft-v1
speaking,4,MOCK_G13,MOCK_S26,right_brow,0.0008091129849985002,self-full,True,MOCK DATA / NOT A SCIENTIFIC RESULT,displacement-report-draft-v1
speaking,4,MOCK_G13,MOCK_S26,right_eyelid,0.0012258885220944992,self-full,True,MOCK DATA / NOT A SCIENTIFIC RESULT,displacement-report-draft-v1
speaking,4,MOCK_G14,MOCK_S27,jaw,0.0010647330895986002,self-full,True,MOCK DATA / NOT A SCIENTIFIC RESULT,displacement-report-draft-v1
speaking,4,MOCK_G14,MOCK_S27,left_brow,0.00045302171293049986,self-full,True,MOCK DATA / NOT A SCIENTIFIC RESULT,displacement-report-draft-v1
speaking,4,MOCK_G14,MOCK_S27,left_cheek,-6.376725806139967e-05,self-full,True,MOCK DATA / NOT A SCIENTIFIC RESULT,displacement-report-draft-v1
speaking,4,MOCK_G14,MOCK_S27,left_eyelid,0.0014039600481263,self-full,True,MOCK DATA / NOT A SCIENTIFIC RESULT,displacement-report-draft-v1
speaking,4,MOCK_G14,MOCK_S27,mouth,0.00020687455751050056,self-full,True,MOCK DATA / NOT A SCIENTIFIC RESULT,displacement-report-draft-v1
speaking,4,MOCK_G14,MOCK_S27,right_brow,0.0012505168706808002,self-full,True,MOCK DATA / NOT A SCIENTIFIC RESULT,displacement-report-draft-v1
speaking,4,MOCK_G14,MOCK_S27,right_eyelid,0.0007722762955629002,self-full,True,MOCK DATA / NOT A SCIENTIFIC RESULT,displacement-report-draft-v1
speaking,4,MOCK_G14,MOCK_S28,jaw,0.0013916889236750994,self-full,True,MOCK DATA / NOT A SCIENTIFIC RESULT,displacement-report-draft-v1
speaking,4,MOCK_G14,MOCK_S28,left_brow,0.0009751797877586002,self-full,True,MOCK DATA / NOT A SCIENTIFIC RESULT,displacement-report-draft-v1
speaking,4,MOCK_G14,MOCK_S28,left_cheek,-0.00032823846599029996,self-full,True,MOCK DATA / NOT A SCIENTIFIC RESULT,displacement-report-draft-v1
speaking,4,MOCK_G14,MOCK_S28,left_eyelid,0.0010943495401657,self-full,True,MOCK DATA / NOT A SCIENTIFIC RESULT,displacement-report-draft-v1
speaking,4,MOCK_G14,MOCK_S28,mouth,0.0007366027785460994,self-full,True,MOCK DATA / NOT A SCIENTIFIC RESULT,displacement-report-draft-v1
speaking,4,MOCK_G14,MOCK_S28,right_brow,0.0014472100594373994,self-full,True,MOCK DATA / NOT A SCIENTIFIC RESULT,displacement-report-draft-v1
speaking,4,MOCK_G14,MOCK_S28,right_eyelid,0.00024101656406209926,self-full,True,MOCK DATA / NOT A SCIENTIFIC RESULT,displacement-report-draft-v1
speaking,4,MOCK_G15,MOCK_S29,jaw,0.0014246186011694995,self-full,True,MOCK DATA / NOT A SCIENTIFIC RESULT,displacement-report-draft-v1
speaking,4,MOCK_G15,MOCK_S29,left_brow,0.0013488103302233007,self-full,True,MOCK DATA / NOT A SCIENTIFIC RESULT,displacement-report-draft-v1
speaking,4,MOCK_G15,MOCK_S29,left_cheek,-0.0002859157106695001,self-full,True,MOCK DATA / NOT A SCIENTIFIC RESULT,displacement-report-draft-v1
speaking,4,MOCK_G15,MOCK_S29,left_eyelid,0.0005945820767904999,self-full,True,MOCK DATA / NOT A SCIENTIFIC RESULT,displacement-report-draft-v1
speaking,4,MOCK_G15,MOCK_S29,mouth,0.0012011452804397997,self-full,True,MOCK DATA / NOT A SCIENTIFIC RESULT,displacement-report-draft-v1
speaking,4,MOCK_G15,MOCK_S29,right_brow,0.0013304819615369999,self-full,True,MOCK DATA / NOT A SCIENTIFIC RESULT,displacement-report-draft-v1
speaking,4,MOCK_G15,MOCK_S29,right_eyelid,-0.00018230636375640014,self-full,True,MOCK DATA / NOT A SCIENTIFIC RESULT,displacement-report-draft-v1
speaking,4,MOCK_G15,MOCK_S30,jaw,0.0011520188383403011,self-full,True,MOCK DATA / NOT A SCIENTIFIC RESULT,displacement-report-draft-v1
speaking,4,MOCK_G15,MOCK_S30,left_brow,0.0014433934424235998,self-full,True,MOCK DATA / NOT A SCIENTIFIC RESULT,displacement-report-draft-v1
speaking,4,MOCK_G15,MOCK_S30,left_cheek,4.841645183410043e-05,self-full,True,MOCK DATA / NOT A SCIENTIFIC RESULT,displacement-report-draft-v1
speaking,4,MOCK_G15,MOCK_S30,left_eyelid,7.924081135810002e-05,self-full,True,MOCK DATA / NOT A SCIENTIFIC RESULT,displacement-report-draft-v1
speaking,4,MOCK_G15,MOCK_S30,mouth,0.0014382240023085996,self-full,True,MOCK DATA / NOT A SCIENTIFIC RESULT,displacement-report-draft-v1
speaking,4,MOCK_G15,MOCK_S30,right_brow,0.0009411090598647007,self-full,True,MOCK DATA / NOT A SCIENTIFIC RESULT,displacement-report-draft-v1
speaking,4,MOCK_G15,MOCK_S30,right_eyelid,-0.0003498136101284001,self-full,True,MOCK DATA / NOT A SCIENTIFIC RESULT,displacement-report-draft-v1
non_speaking,0,MOCK_G01,MOCK_S01,jaw,0.0005736750287372999,self-pcmci,True,MOCK DATA / NOT A SCIENTIFIC RESULT,displacement-report-draft-v1
non_speaking,0,MOCK_G01,MOCK_S01,left_brow,-9.256959987899958e-06,self-pcmci,True,MOCK DATA / NOT A SCIENTIFIC RESULT,displacement-report-draft-v1
non_speaking,0,MOCK_G01,MOCK_S01,left_cheek,0.00020888714235620023,self-pcmci,True,MOCK DATA / NOT A SCIENTIFIC RESULT,displacement-report-draft-v1
non_speaking,0,MOCK_G01,MOCK_S01,left_eyelid,0.0012914936221104,self-pcmci,True,MOCK DATA / NOT A SCIENTIFIC RESULT,displacement-report-draft-v1
non_speaking,0,MOCK_G01,MOCK_S01,mouth,-0.00019081691619190003,self-pcmci,True,MOCK DATA / NOT A SCIENTIFIC RESULT,displacement-report-draft-v1
non_speaking,0,MOCK_G01,MOCK_S01,right_brow,0.0008037248110651001,self-pcmci,True,MOCK DATA / NOT A SCIENTIFIC RESULT,displacement-report-draft-v1
non_speaking,0,MOCK_G01,MOCK_S01,right_cheek,-0.0003661447436529002,self-pcmci,True,MOCK DATA / NOT A SCIENTIFIC RESULT,displacement-report-draft-v1
non_speaking,0,MOCK_G01,MOCK_S01,right_eyelid,0.0010055970777341,self-pcmci,True,MOCK DATA / NOT A SCIENTIFIC RESULT,displacement-report-draft-v1
non_speaking,0,MOCK_G01,MOCK_S01,whole_face,0.00041464488277129924,self-pcmci,True,MOCK DATA / NOT A SCIENTIFIC RESULT,displacement-report-draft-v1
non_speaking,0,MOCK_G01,MOCK_S02,jaw,0.0009617101172821009,self-pcmci,True,MOCK DATA / NOT A SCIENTIFIC RESULT,displacement-report-draft-v1
non_speaking,0,MOCK_G01,MOCK_S02,left_brow,0.00038987337858240045,self-pcmci,True,MOCK DATA / NOT A SCIENTIFIC RESULT,displacement-report-draft-v1
non_speaking,0,MOCK_G01,MOCK_S02,left_cheek,-0.00015236930814759887,self-pcmci,True,MOCK DATA / NOT A SCIENTIFIC RESULT,displacement-report-draft-v1
non_speaking,0,MOCK_G01,MOCK_S02,left_eyelid,0.0012459881841972,self-pcmci,True,MOCK DATA / NOT A SCIENTIFIC RESULT,displacement-report-draft-v1
non_speaking,0,MOCK_G01,MOCK_S02,mouth,0.00015535997984020104,self-pcmci,True,MOCK DATA / NOT A SCIENTIFIC RESULT,displacement-report-draft-v1
non_speaking,0,MOCK_G01,MOCK_S02,right_brow,0.0011309720732149003,self-pcmci,True,MOCK DATA / NOT A SCIENTIFIC RESULT,displacement-report-draft-v1
non_speaking,0,MOCK_G01,MOCK_S02,right_cheek,-0.00038009948186880013,self-pcmci,True,MOCK DATA / NOT A SCIENTIFIC RESULT,displacement-report-draft-v1
non_speaking,0,MOCK_G01,MOCK_S02,right_eyelid,0.0006291764295161002,self-pcmci,True,MOCK DATA / NOT A SCIENTIFIC RESULT,displacement-report-draft-v1
non_speaking,0,MOCK_G01,MOCK_S02,whole_face,0.0004975764215770628,self-pcmci,True,MOCK DATA / NOT A SCIENTIFIC RESULT,displacement-report-draft-v1
non_speaking,0,MOCK_G02,MOCK_S03,jaw,0.001224460722602,self-pcmci,True,MOCK DATA / NOT A SCIENTIFIC RESULT,displacement-report-draft-v1
non_speaking,0,MOCK_G02,MOCK_S03,left_brow,0.0008037248110651001,self-pcmci,True,MOCK DATA / NOT A SCIENTIFIC RESULT,displacement-report-draft-v1
non_speaking,0,MOCK_G02,MOCK_S03,left_cheek,-0.0003661447436527996,self-pcmci,True,MOCK DATA / NOT A SCIENTIFIC RESULT,displacement-report-draft-v1
non_speaking,0,MOCK_G02,MOCK_S03,left_eyelid,0.0010055970777341,self-pcmci,True,MOCK DATA / NOT A SCIENTIFIC RESULT,displacement-report-draft-v1
non_speaking,0,MOCK_G02,MOCK_S03,mouth,0.0005736750287374005,self-pcmci,True,MOCK DATA / NOT A SCIENTIFIC RESULT,displacement-report-draft-v1
non_speaking,0,MOCK_G02,MOCK_S03,right_brow,0.0012914936221104,self-pcmci,True,MOCK DATA / NOT A SCIENTIFIC RESULT,displacement-report-draft-v1
non_speaking,0,MOCK_G02,MOCK_S03,right_cheek,-0.0001908169161917994,self-pcmci,True,MOCK DATA / NOT A SCIENTIFIC RESULT,displacement-report-draft-v1
non_speaking,0,MOCK_G02,MOCK_S03,right_eyelid,0.00020888714235630084,self-pcmci,True,MOCK DATA / NOT A SCIENTIFIC RESULT,displacement-report-draft-v1
non_speaking,0,MOCK_G02,MOCK_S03,whole_face,0.0005688595930950875,self-pcmci,True,MOCK DATA / NOT A SCIENTIFIC RESULT,displacement-report-draft-v1
non_speaking,0,MOCK_G02,MOCK_S04,jaw,0.0012975963327669007,self-pcmci,True,MOCK DATA / NOT A SCIENTIFIC RESULT,displacement-report-draft-v1
non_speaking,0,MOCK_G02,MOCK_S04,left_brow,0.0011309720732149003,self-pcmci,True,MOCK DATA / NOT A SCIENTIFIC RESULT,displacement-report-draft-v1
non_speaking,0,MOCK_G02,MOCK_S04,left_cheek,-0.000380099481868801,self-pcmci,True,MOCK DATA / NOT A SCIENTIFIC RESULT,displacement-report-draft-v1
non_speaking,0,MOCK_G02,MOCK_S04,left_eyelid,0.0006291764295161999,self-pcmci,True,MOCK DATA / NOT A SCIENTIFIC RESULT,displacement-report-draft-v1
non_speaking,0,MOCK_G02,MOCK_S04,mouth,0.0009617101172821,self-pcmci,True,MOCK DATA / NOT A SCIENTIFIC RESULT,displacement-report-draft-v1
non_speaking,0,MOCK_G02,MOCK_S04,right_brow,0.0012459881841972,self-pcmci,True,MOCK DATA / NOT A SCIENTIFIC RESULT,displacement-report-draft-v1
non_speaking,0,MOCK_G02,MOCK_S04,right_cheek,0.00015535997984020018,self-pcmci,True,MOCK DATA / NOT A SCIENTIFIC RESULT,displacement-report-draft-v1
non_speaking,0,MOCK_G02,MOCK_S04,right_eyelid,-0.0001523693081476006,self-pcmci,True,MOCK DATA / NOT A SCIENTIFIC RESULT,displacement-report-draft-v1
non_speaking,0,MOCK_G02,MOCK_S04,whole_face,0.0006110417908501368,self-pcmci,True,MOCK DATA / NOT A SCIENTIFIC RESULT,displacement-report-draft-v1
non_speaking,0,MOCK_G03,MOCK_S05,jaw,0.0011632107997149995,self-pcmci,True,MOCK DATA / NOT A SCIENTIFIC RESULT,displacement-report-draft-v1
non_speaking,0,MOCK_G03,MOCK_S05,left_brow,0.0012914936221104,self-pcmci,True,MOCK DATA / NOT A SCIENTIFIC RESULT,displacement-report-draft-v1
non_speaking,0,MOCK_G03,MOCK_S05,left_cheek,-0.00019081691619180028,self-pcmci,True,MOCK DATA / NOT A SCIENTIFIC RESULT,displacement-report-draft-v1
non_speaking,0,MOCK_G03,MOCK_S05,left_eyelid,0.00020888714235629997,self-pcmci,True,MOCK DATA / NOT A SCIENTIFIC RESULT,displacement-report-draft-v1
non_speaking,0,MOCK_G03,MOCK_S05,mouth,0.0012244607226019992,self-pcmci,True,MOCK DATA / NOT A SCIENTIFIC RESULT,displacement-report-draft-v1
non_speaking,0,MOCK_G03,MOCK_S05,right_brow,0.0010055970777341,self-pcmci,True,MOCK DATA / NOT A SCIENTIFIC RESULT,displacement-report-draft-v1
non_speaking,0,MOCK_G03,MOCK_S05,right_cheek,0.0005736750287372999,self-pcmci,True,MOCK DATA / NOT A SCIENTIFIC RESULT,displacement-report-draft-v1
non_speaking,0,MOCK_G03,MOCK_S05,right_eyelid,-0.00036614474365280047,self-pcmci,True,MOCK DATA / NOT A SCIENTIFIC RESULT,displacement-report-draft-v1
non_speaking,0,MOCK_G03,MOCK_S05,whole_face,0.0006137953416763126,self-pcmci,True,MOCK DATA / NOT A SCIENTIFIC RESULT,displacement-report-draft-v1
non_speaking,0,MOCK_G03,MOCK_S06,jaw,0.0008542063887966005,self-pcmci,True,MOCK DATA / NOT A SCIENTIFIC RESULT,displacement-report-draft-v1
non_speaking,0,MOCK_G03,MOCK_S06,left_brow,0.0012459881841972,self-pcmci,True,MOCK DATA / NOT A SCIENTIFIC RESULT,displacement-report-draft-v1
non_speaking,0,MOCK_G03,MOCK_S06,left_cheek,0.00015535997984020018,self-pcmci,True,MOCK DATA / NOT A SCIENTIFIC RESULT,displacement-report-draft-v1
non_speaking,0,MOCK_G03,MOCK_S06,left_eyelid,-0.00015236930814759974,self-pcmci,True,MOCK DATA / NOT A SCIENTIFIC RESULT,displacement-report-draft-v1
non_speaking,0,MOCK_G03,MOCK_S06,mouth,0.0012975963327669007,self-pcmci,True,MOCK DATA / NOT A SCIENTIFIC RESULT,displacement-report-draft-v1
non_speaking,0,MOCK_G03,MOCK_S06,right_brow,0.0006291764295161999,self-pcmci,True,MOCK DATA / NOT A SCIENTIFIC RESULT,displacement-report-draft-v1
non_speaking,0,MOCK_G03,MOCK_S06,right_cheek,0.0009617101172821,self-pcmci,True,MOCK DATA / NOT A SCIENTIFIC RESULT,displacement-report-draft-v1
non_speaking,0,MOCK_G03,MOCK_S06,right_eyelid,-0.00038009948186880013,self-pcmci,True,MOCK DATA / NOT A SCIENTIFIC RESULT,displacement-report-draft-v1
non_speaking,0,MOCK_G03,MOCK_S06,whole_face,0.0005764460802978495,self-pcmci,True,MOCK DATA / NOT A SCIENTIFIC RESULT,displacement-report-draft-v1
non_speaking,1,MOCK_G04,MOCK_S07,jaw,0.0004462381567102002,self-pcmci,True,MOCK DATA / NOT A SCIENTIFIC RESULT,displacement-report-draft-v1
non_speaking,1,MOCK_G04,MOCK_S07,left_brow,0.0,self-pcmci,True,MOCK DATA / NOT A SCIENTIFIC RESULT,displacement-report-draft-v1
non_speaking,1,MOCK_G04,MOCK_S07,left_cheek,0.0005736750287372999,self-pcmci,True,MOCK DATA / NOT A SCIENTIFIC RESULT,displacement-report-draft-v1
non_speaking,1,MOCK_G04,MOCK_S07,left_eyelid,-0.0003661447436527996,self-pcmci,True,MOCK DATA / NOT A SCIENTIFIC RESULT,displacement-report-draft-v1
non_speaking,1,MOCK_G04,MOCK_S07,mouth,0.0011632107997149995,self-pcmci,True,MOCK DATA / NOT A SCIENTIFIC RESULT,displacement-report-draft-v1
non_speaking,1,MOCK_G04,MOCK_S07,right_brow,0.00020888714235629997,self-pcmci,True,MOCK DATA / NOT A SCIENTIFIC RESULT,displacement-report-draft-v1
non_speaking,1,MOCK_G04,MOCK_S07,right_cheek,0.001224460722602,self-pcmci,True,MOCK DATA / NOT A SCIENTIFIC RESULT,displacement-report-draft-v1
non_speaking,1,MOCK_G04,MOCK_S07,right_eyelid,-0.00019081691619180028,self-pcmci,True,MOCK DATA / NOT A SCIENTIFIC RESULT,displacement-report-draft-v1
non_speaking,1,MOCK_G04,MOCK_S07,whole_face,0.00038243877378452487,self-pcmci,True,MOCK DATA / NOT A SCIENTIFIC RESULT,displacement-report-draft-v1
non_speaking,1,MOCK_G04,MOCK_S08,jaw,3.919095506000128e-05,self-pcmci,True,MOCK DATA / NOT A SCIENTIFIC RESULT,displacement-report-draft-v1
non_speaking,1,MOCK_G04,MOCK_S08,left_brow,0.0,self-pcmci,True,MOCK DATA / NOT A SCIENTIFIC RESULT,displacement-report-draft-v1
non_speaking,1,MOCK_G04,MOCK_S08,left_cheek,0.0009617101172821,self-pcmci,True,MOCK DATA / NOT A SCIENTIFIC RESULT,displacement-report-draft-v1
non_speaking,1,MOCK_G04,MOCK_S08,left_eyelid,-0.00038009948186880013,self-pcmci,True,MOCK DATA / NOT A SCIENTIFIC RESULT,displacement-report-draft-v1
non_speaking,1,MOCK_G04,MOCK_S08,mouth,0.0008542063887966005,self-pcmci,True,MOCK DATA / NOT A SCIENTIFIC RESULT,displacement-report-draft-v1
non_speaking,1,MOCK_G04,MOCK_S08,right_brow,-0.00015236930814759974,self-pcmci,True,MOCK DATA / NOT A SCIENTIFIC RESULT,displacement-report-draft-v1
non_speaking,1,MOCK_G04,MOCK_S08,right_cheek,0.0012975963327669007,self-pcmci,True,MOCK DATA / NOT A SCIENTIFIC RESULT,displacement-report-draft-v1
non_speaking,1,MOCK_G04,MOCK_S08,right_eyelid,0.00015535997984020018,self-pcmci,True,MOCK DATA / NOT A SCIENTIFIC RESULT,displacement-report-draft-v1
non_speaking,1,MOCK_G04,MOCK_S08,whole_face,0.0003469493729661745,self-pcmci,True,MOCK DATA / NOT A SCIENTIFIC RESULT,displacement-report-draft-v1
non_speaking,1,MOCK_G05,MOCK_S09,jaw,-0.0002672758649226014,self-pcmci,True,MOCK DATA / NOT A SCIENTIFIC RESULT,displacement-report-draft-v1
non_speaking,1,MOCK_G05,MOCK_S09,left_brow,0.0,self-pcmci,True,MOCK DATA / NOT A SCIENTIFIC RESULT,displacement-report-draft-v1
non_speaking,1,MOCK_G05,MOCK_S09,left_cheek,0.0012244607226019992,self-pcmci,True,MOCK DATA / NOT A SCIENTIFIC RESULT,displacement-report-draft-v1
non_speaking,1,MOCK_G05,MOCK_S09,left_eyelid,-0.00019081691619180028,self-pcmci,True,MOCK DATA / NOT A SCIENTIFIC RESULT,displacement-report-draft-v1
non_speaking,1,MOCK_G05,MOCK_S09,mouth,0.0004462381567101985,self-pcmci,True,MOCK DATA / NOT A SCIENTIFIC RESULT,displacement-report-draft-v1
non_speaking,1,MOCK_G05,MOCK_S09,right_brow,-0.00036614474365280047,self-pcmci,True,MOCK DATA / NOT A SCIENTIFIC RESULT,displacement-report-draft-v1
non_speaking,1,MOCK_G05,MOCK_S09,right_cheek,0.0011632107997149995,self-pcmci,True,MOCK DATA / NOT A SCIENTIFIC RESULT,displacement-report-draft-v1
non_speaking,1,MOCK_G05,MOCK_S09,right_eyelid,0.0005736750287374005,self-pcmci,True,MOCK DATA / NOT A SCIENTIFIC RESULT,displacement-report-draft-v1
non_speaking,1,MOCK_G05,MOCK_S09,whole_face,0.00032291839787467434,self-pcmci,True,MOCK DATA / NOT A SCIENTIFIC RESULT,displacement-report-draft-v1
non_speaking,1,MOCK_G05,MOCK_S10,jaw,-0.0003981285373017996,self-pcmci,True,MOCK DATA / NOT A SCIENTIFIC RESULT,displacement-report-draft-v1
non_speaking,1,MOCK_G05,MOCK_S10,left_brow,0.0,self-pcmci,True,MOCK DATA / NOT A SCIENTIFIC RESULT,displacement-report-draft-v1
non_speaking,1,MOCK_G05,MOCK_S10,left_cheek,0.0012975963327668998,self-pcmci,True,MOCK DATA / NOT A SCIENTIFIC RESULT,displacement-report-draft-v1
non_speaking,1,MOCK_G05,MOCK_S10,left_eyelid,0.00015535997984029992,self-pcmci,True,MOCK DATA / NOT A SCIENTIFIC RESULT,displacement-report-draft-v1
non_speaking,1,MOCK_G05,MOCK_S10,mouth,3.9190955059999547e-05,self-pcmci,True,MOCK DATA / NOT A SCIENTIFIC RESULT,displacement-report-draft-v1
non_speaking,1,MOCK_G05,MOCK_S10,right_brow,-0.00038009948186880013,self-pcmci,True,MOCK DATA / NOT A SCIENTIFIC RESULT,displacement-report-draft-v1
non_speaking,1,MOCK_G05,MOCK_S10,right_cheek,0.0008542063887965997,self-pcmci,True,MOCK DATA / NOT A SCIENTIFIC RESULT,displacement-report-draft-v1
non_speaking,1,MOCK_G05,MOCK_S10,right_eyelid,0.0009617101172821,self-pcmci,True,MOCK DATA / NOT A SCIENTIFIC RESULT,displacement-report-draft-v1
non_speaking,1,MOCK_G05,MOCK_S10,whole_face,0.0003162294693219124,self-pcmci,True,MOCK DATA / NOT A SCIENTIFIC RESULT,displacement-report-draft-v1
non_speaking,1,MOCK_G06,MOCK_S11,jaw,-0.0003213297642327001,self-pcmci,True,MOCK DATA / NOT A SCIENTIFIC RESULT,displacement-report-draft-v1
non_speaking,1,MOCK_G06,MOCK_S11,left_brow,0.0,self-pcmci,True,MOCK DATA / NOT A SCIENTIFIC RESULT,displacement-report-draft-v1
non_speaking,1,MOCK_G06,MOCK_S11,left_cheek,0.0011632107997148998,self-pcmci,True,MOCK DATA / NOT A SCIENTIFIC RESULT,displacement-report-draft-v1
non_speaking,1,MOCK_G06,MOCK_S11,left_eyelid,0.0005736750287372999,self-pcmci,True,MOCK DATA / NOT A SCIENTIFIC RESULT,displacement-report-draft-v1
non_speaking,1,MOCK_G06,MOCK_S11,mouth,-0.0002672758649227003,self-pcmci,True,MOCK DATA / NOT A SCIENTIFIC RESULT,displacement-report-draft-v1
non_speaking,1,MOCK_G06,MOCK_S11,right_brow,-0.00019081691619180028,self-pcmci,True,MOCK DATA / NOT A SCIENTIFIC RESULT,displacement-report-draft-v1
non_speaking,1,MOCK_G06,MOCK_S11,right_cheek,0.0004462381567100996,self-pcmci,True,MOCK DATA / NOT A SCIENTIFIC RESULT,displacement-report-draft-v1
non_speaking,1,MOCK_G06,MOCK_S11,right_eyelid,0.0012244607226019003,self-pcmci,True,MOCK DATA / NOT A SCIENTIFIC RESULT,displacement-report-draft-v1
non_speaking,1,MOCK_G06,MOCK_S11,whole_face,0.000328520270302125,self-pcmci,True,MOCK DATA / NOT A SCIENTIFIC RESULT,displacement-report-draft-v1
non_speaking,1,MOCK_G06,MOCK_S12,jaw,-5.568256381340009e-05,self-pcmci,True,MOCK DATA / NOT A SCIENTIFIC RESULT,displacement-report-draft-v1
non_speaking,1,MOCK_G06,MOCK_S12,left_brow,0.0,self-pcmci,True,MOCK DATA / NOT A SCIENTIFIC RESULT,displacement-report-draft-v1
non_speaking,1,MOCK_G06,MOCK_S12,left_cheek,0.0008542063887966005,self-pcmci,True,MOCK DATA / NOT A SCIENTIFIC RESULT,displacement-report-draft-v1
non_speaking,1,MOCK_G06,MOCK_S12,left_eyelid,0.0009617101172821,self-pcmci,True,MOCK DATA / NOT A SCIENTIFIC RESULT,displacement-report-draft-v1
non_speaking,1,MOCK_G06,MOCK_S12,mouth,-0.0003981285373017996,self-pcmci,True,MOCK DATA / NOT A SCIENTIFIC RESULT,displacement-report-draft-v1
non_speaking,1,MOCK_G06,MOCK_S12,right_brow,0.00015535997984020018,self-pcmci,True,MOCK DATA / NOT A SCIENTIFIC RESULT,displacement-report-draft-v1
non_speaking,1,MOCK_G06,MOCK_S12,right_cheek,3.91909550598998e-05,self-pcmci,True,MOCK DATA / NOT A SCIENTIFIC RESULT,displacement-report-draft-v1
non_speaking,1,MOCK_G06,MOCK_S12,right_eyelid,0.0012975963327668998,self-pcmci,True,MOCK DATA / NOT A SCIENTIFIC RESULT,displacement-report-draft-v1
non_speaking,1,MOCK_G06,MOCK_S12,whole_face,0.0003567815840788127,self-pcmci,True,MOCK DATA / NOT A SCIENTIFIC RESULT,displacement-report-draft-v1
non_speaking,2,MOCK_G07,MOCK_S13,jaw,0.00033377336452329945,self-pcmci,True,MOCK DATA / NOT A SCIENTIFIC RESULT,displacement-report-draft-v1
non_speaking,2,MOCK_G07,MOCK_S13,left_brow,-0.00019081691619180028,self-pcmci,True,MOCK DATA / NOT A SCIENTIFIC RESULT,displacement-report-draft-v1
non_speaking,2,MOCK_G07,MOCK_S13,left_cheek,0.00044623815671010047,self-pcmci,True,MOCK DATA / NOT A SCIENTIFIC RESULT,displacement-report-draft-v1
non_speaking,2,MOCK_G07,MOCK_S13,left_eyelid,0.001224460722602,self-pcmci,True,MOCK DATA / NOT A SCIENTIFIC RESULT,displacement-report-draft-v1
non_speaking,2,MOCK_G07,MOCK_S13,mouth,-0.0003213297642327001,self-pcmci,True,MOCK DATA / NOT A SCIENTIFIC RESULT,displacement-report-draft-v1
non_speaking,2,MOCK_G07,MOCK_S13,right_brow,0.0005736750287372999,self-pcmci,True,MOCK DATA / NOT A SCIENTIFIC RESULT,displacement-report-draft-v1
non_speaking,2,MOCK_G07,MOCK_S13,right_cheek,-0.00026727586492260053,self-pcmci,True,MOCK DATA / NOT A SCIENTIFIC RESULT,displacement-report-draft-v1
non_speaking,2,MOCK_G07,MOCK_S13,right_eyelid,0.0011632107997149995,self-pcmci,True,MOCK DATA / NOT A SCIENTIFIC RESULT,displacement-report-draft-v1
non_speaking,2,MOCK_G07,MOCK_S13,whole_face,0.0003702419408675743,self-pcmci,True,MOCK DATA / NOT A SCIENTIFIC RESULT,displacement-report-draft-v1
non_speaking,2,MOCK_G07,MOCK_S14,jaw,0.0007516856267703997,self-pcmci,True,MOCK DATA / NOT A SCIENTIFIC RESULT,displacement-report-draft-v1
non_speaking,2,MOCK_G07,MOCK_S14,left_brow,0.00015535997984020018,self-pcmci,True,MOCK DATA / NOT A SCIENTIFIC RESULT,displacement-report-draft-v1
non_speaking,2,MOCK_G07,MOCK_S14,left_cheek,3.91909550598998e-05,self-pcmci,True,MOCK DATA / NOT A SCIENTIFIC RESULT,displacement-report-draft-v1
non_speaking,2,MOCK_G07,MOCK_S14,left_eyelid,0.0012975963327668998,self-pcmci,True,MOCK DATA / NOT A SCIENTIFIC RESULT,displacement-report-draft-v1
non_speaking,2,MOCK_G07,MOCK_S14,mouth,-5.568256381340009e-05,self-pcmci,True,MOCK DATA / NOT A SCIENTIFIC RESULT,displacement-report-draft-v1
non_speaking,2,MOCK_G07,MOCK_S14,right_brow,0.0009617101172821,self-pcmci,True,MOCK DATA / NOT A SCIENTIFIC RESULT,displacement-report-draft-v1
non_speaking,2,MOCK_G07,MOCK_S14,right_cheek,-0.0003981285373017996,self-pcmci,True,MOCK DATA / NOT A SCIENTIFIC RESULT,displacement-report-draft-v1
non_speaking,2,MOCK_G07,MOCK_S14,right_eyelid,0.0008542063887965997,self-pcmci,True,MOCK DATA / NOT A SCIENTIFIC RESULT,displacement-report-draft-v1
non_speaking,2,MOCK_G07,MOCK_S14,whole_face,0.00045074228742511286,self-pcmci,True,MOCK DATA / NOT A SCIENTIFIC RESULT,displacement-report-draft-v1
non_speaking,2,MOCK_G08,MOCK_S15,jaw,0.0010957347259299994,self-pcmci,True,MOCK DATA / NOT A SCIENTIFIC RESULT,displacement-report-draft-v1
non_speaking,2,MOCK_G08,MOCK_S15,left_brow,0.0005736750287372999,self-pcmci,True,MOCK DATA / NOT A SCIENTIFIC RESULT,displacement-report-draft-v1
non_speaking,2,MOCK_G08,MOCK_S15,left_cheek,-0.00026727586492259967,self-pcmci,True,MOCK DATA / NOT A SCIENTIFIC RESULT,displacement-report-draft-v1
non_speaking,2,MOCK_G08,MOCK_S15,left_eyelid,0.0011632107997149995,self-pcmci,True,MOCK DATA / NOT A SCIENTIFIC RESULT,displacement-report-draft-v1
non_speaking,2,MOCK_G08,MOCK_S15,mouth,0.00033377336452329945,self-pcmci,True,MOCK DATA / NOT A SCIENTIFIC RESULT,displacement-report-draft-v1
non_speaking,2,MOCK_G08,MOCK_S15,right_brow,0.001224460722602,self-pcmci,True,MOCK DATA / NOT A SCIENTIFIC RESULT,displacement-report-draft-v1
non_speaking,2,MOCK_G08,MOCK_S15,right_cheek,-0.0003213297642327001,self-pcmci,True,MOCK DATA / NOT A SCIENTIFIC RESULT,displacement-report-draft-v1
non_speaking,2,MOCK_G08,MOCK_S15,right_eyelid,0.0004462381567100996,self-pcmci,True,MOCK DATA / NOT A SCIENTIFIC RESULT,displacement-report-draft-v1
non_speaking,2,MOCK_G08,MOCK_S15,whole_face,0.0005310608961327998,self-pcmci,True,MOCK DATA / NOT A SCIENTIFIC RESULT,displacement-report-draft-v1
non_speaking,2,MOCK_G08,MOCK_S16,jaw,0.0012816854433960996,self-pcmci,True,MOCK DATA / NOT A SCIENTIFIC RESULT,displacement-report-draft-v1
non_speaking,2,MOCK_G08,MOCK_S16,left_brow,0.0009617101172821,self-pcmci,True,MOCK DATA / NOT A SCIENTIFIC RESULT,displacement-report-draft-v1
non_speaking,2,MOCK_G08,MOCK_S16,left_cheek,-0.00039812853730180047,self-pcmci,True,MOCK DATA / NOT A SCIENTIFIC RESULT,displacement-report-draft-v1
non_speaking,2,MOCK_G08,MOCK_S16,left_eyelid,0.0008542063887965997,self-pcmci,True,MOCK DATA / NOT A SCIENTIFIC RESULT,displacement-report-draft-v1
non_speaking,2,MOCK_G08,MOCK_S16,mouth,0.0007516856267703997,self-pcmci,True,MOCK DATA / NOT A SCIENTIFIC RESULT,displacement-report-draft-v1
non_speaking,2,MOCK_G08,MOCK_S16,right_brow,0.0012975963327668998,self-pcmci,True,MOCK DATA / NOT A SCIENTIFIC RESULT,displacement-report-draft-v1
non_speaking,2,MOCK_G08,MOCK_S16,right_cheek,-5.568256381340009e-05,self-pcmci,True,MOCK DATA / NOT A SCIENTIFIC RESULT,displacement-report-draft-v1
non_speaking,2,MOCK_G08,MOCK_S16,right_eyelid,3.9190955059999547e-05,self-pcmci,True,MOCK DATA / NOT A SCIENTIFIC RESULT,displacement-report-draft-v1
non_speaking,2,MOCK_G08,MOCK_S16,whole_face,0.0005915329703696124,self-pcmci,True,MOCK DATA / NOT A SCIENTIFIC RESULT,displacement-report-draft-v1
non_speaking,2,MOCK_G09,MOCK_S17,jaw,0.0012640105582748,self-pcmci,True,MOCK DATA / NOT A SCIENTIFIC RESULT,displacement-report-draft-v1
non_speaking,2,MOCK_G09,MOCK_S17,left_brow,0.0012244607226018995,self-pcmci,True,MOCK DATA / NOT A SCIENTIFIC RESULT,displacement-report-draft-v1
non_speaking,2,MOCK_G09,MOCK_S17,left_cheek,-0.0003213297642327001,self-pcmci,True,MOCK DATA / NOT A SCIENTIFIC RESULT,displacement-report-draft-v1
non_speaking,2,MOCK_G09,MOCK_S17,left_eyelid,0.00044623815671010047,self-pcmci,True,MOCK DATA / NOT A SCIENTIFIC RESULT,displacement-report-draft-v1
non_speaking,2,MOCK_G09,MOCK_S17,mouth,0.0010957347259300003,self-pcmci,True,MOCK DATA / NOT A SCIENTIFIC RESULT,displacement-report-draft-v1
non_speaking,2,MOCK_G09,MOCK_S17,right_brow,0.0011632107997149995,self-pcmci,True,MOCK DATA / NOT A SCIENTIFIC RESULT,displacement-report-draft-v1
non_speaking,2,MOCK_G09,MOCK_S17,right_cheek,0.0003337733645233003,self-pcmci,True,MOCK DATA / NOT A SCIENTIFIC RESULT,displacement-report-draft-v1
non_speaking,2,MOCK_G09,MOCK_S17,right_eyelid,-0.0002672758649226994,self-pcmci,True,MOCK DATA / NOT A SCIENTIFIC RESULT,displacement-report-draft-v1
non_speaking,2,MOCK_G09,MOCK_S17,whole_face,0.0006173528373249627,self-pcmci,True,MOCK DATA / NOT A SCIENTIFIC RESULT,displacement-report-draft-v1
non_speaking,2,MOCK_G09,MOCK_S18,jaw,0.0010470374988773012,self-pcmci,True,MOCK DATA / NOT A SCIENTIFIC RESULT,displacement-report-draft-v1
non_speaking,2,MOCK_G09,MOCK_S18,left_brow,0.0012975963327668998,self-pcmci,True,MOCK DATA / NOT A SCIENTIFIC RESULT,displacement-report-draft-v1
non_speaking,2,MOCK_G09,MOCK_S18,left_cheek,-5.568256381340009e-05,self-pcmci,True,MOCK DATA / NOT A SCIENTIFIC RESULT,displacement-report-draft-v1
non_speaking,2,MOCK_G09,MOCK_S18,left_eyelid,3.9190955060000414e-05,self-pcmci,True,MOCK DATA / NOT A SCIENTIFIC RESULT,displacement-report-draft-v1
non_speaking,2,MOCK_G09,MOCK_S18,mouth,0.0012816854433960988,self-pcmci,True,MOCK DATA / NOT A SCIENTIFIC RESULT,displacement-report-draft-v1
non_speaking,2,MOCK_G09,MOCK_S18,right_brow,0.0008542063887965997,self-pcmci,True,MOCK DATA / NOT A SCIENTIFIC RESULT,displacement-report-draft-v1
non_speaking,2,MOCK_G09,MOCK_S18,right_cheek,0.0007516856267704005,self-pcmci,True,MOCK DATA / NOT A SCIENTIFIC RESULT,displacement-report-draft-v1
non_speaking,2,MOCK_G09,MOCK_S18,right_eyelid,-0.0003981285373017996,self-pcmci,True,MOCK DATA / NOT A SCIENTIFIC RESULT,displacement-report-draft-v1
non_speaking,2,MOCK_G09,MOCK_S18,whole_face,0.0006021988930690128,self-pcmci,True,MOCK DATA / NOT A SCIENTIFIC RESULT,displacement-report-draft-v1
non_speaking,3,MOCK_G10,MOCK_S19,jaw,0.000683888837343799,self-pcmci,True,MOCK DATA / NOT A SCIENTIFIC RESULT,displacement-report-draft-v1
non_speaking,3,MOCK_G10,MOCK_S19,left_brow,0.0011632107997148998,self-pcmci,True,MOCK DATA / NOT A SCIENTIFIC RESULT,displacement-report-draft-v1
non_speaking,3,MOCK_G10,MOCK_S19,left_cheek,0.0003337733645233003,self-pcmci,True,MOCK DATA / NOT A SCIENTIFIC RESULT,displacement-report-draft-v1
non_speaking,3,MOCK_G10,MOCK_S19,left_eyelid,-0.0002672758649226994,self-pcmci,True,MOCK DATA / NOT A SCIENTIFIC RESULT,displacement-report-draft-v1
non_speaking,3,MOCK_G10,MOCK_S19,mouth,0.001264010558274799,self-pcmci,True,MOCK DATA / NOT A SCIENTIFIC RESULT,displacement-report-draft-v1
non_speaking,3,MOCK_G10,MOCK_S19,right_brow,0.0004462381567100996,self-pcmci,True,MOCK DATA / NOT A SCIENTIFIC RESULT,displacement-report-draft-v1
non_speaking,3,MOCK_G10,MOCK_S19,right_cheek,0.0010957347259300003,self-pcmci,True,MOCK DATA / NOT A SCIENTIFIC RESULT,displacement-report-draft-v1
non_speaking,3,MOCK_G10,MOCK_S19,right_eyelid,-0.00032132976423269923,self-pcmci,True,MOCK DATA / NOT A SCIENTIFIC RESULT,displacement-report-draft-v1
non_speaking,3,MOCK_G10,MOCK_S19,whole_face,0.0005497813516676881,self-pcmci,True,MOCK DATA / NOT A SCIENTIFIC RESULT,displacement-report-draft-v1
non_speaking,3,MOCK_G10,MOCK_S20,jaw,0.0002634760312702003,self-pcmci,True,MOCK DATA / NOT A SCIENTIFIC RESULT,displacement-report-draft-v1
non_speaking,3,MOCK_G10,MOCK_S20,left_brow,0.0008542063887965997,self-pcmci,True,MOCK DATA / NOT A SCIENTIFIC RESULT,displacement-report-draft-v1
non_speaking,3,MOCK_G10,MOCK_S20,left_cheek,0.0007516856267703997,self-pcmci,True,MOCK DATA / NOT A SCIENTIFIC RESULT,displacement-report-draft-v1
non_speaking,3,MOCK_G10,MOCK_S20,left_eyelid,-0.00039812853730180047,self-pcmci,True,MOCK DATA / NOT A SCIENTIFIC RESULT,displacement-report-draft-v1
non_speaking,3,MOCK_G10,MOCK_S20,mouth,0.0010470374988772995,self-pcmci,True,MOCK DATA / NOT A SCIENTIFIC RESULT,displacement-report-draft-v1
non_speaking,3,MOCK_G10,MOCK_S20,right_brow,3.91909550598998e-05,self-pcmci,True,MOCK DATA / NOT A SCIENTIFIC RESULT,displacement-report-draft-v1
non_speaking,3,MOCK_G10,MOCK_S20,right_cheek,0.001281685443396,self-pcmci,True,MOCK DATA / NOT A SCIENTIFIC RESULT,displacement-report-draft-v1
non_speaking,3,MOCK_G10,MOCK_S20,right_eyelid,-5.568256381340009e-05,self-pcmci,True,MOCK DATA / NOT A SCIENTIFIC RESULT,displacement-report-draft-v1
non_speaking,3,MOCK_G10,MOCK_S20,whole_face,0.0004729338553818999,self-pcmci,True,MOCK DATA / NOT A SCIENTIFIC RESULT,displacement-report-draft-v1
non_speaking,3,MOCK_G11,MOCK_S21,jaw,-0.00011126920200750165,self-pcmci,True,MOCK DATA / NOT A SCIENTIFIC RESULT,displacement-report-draft-v1
non_speaking,3,MOCK_G11,MOCK_S21,left_brow,0.0004462381567100996,self-pcmci,True,MOCK DATA / NOT A SCIENTIFIC RESULT,displacement-report-draft-v1
non_speaking,3,MOCK_G11,MOCK_S21,left_cheek,0.0010957347259299994,self-pcmci,True,MOCK DATA / NOT A SCIENTIFIC RESULT,displacement-report-draft-v1
non_speaking,3,MOCK_G11,MOCK_S21,left_eyelid,-0.00032132976423269923,self-pcmci,True,MOCK DATA / NOT A SCIENTIFIC RESULT,displacement-report-draft-v1
non_speaking,3,MOCK_G11,MOCK_S21,mouth,0.000683888837343799,self-pcmci,True,MOCK DATA / NOT A SCIENTIFIC RESULT,displacement-report-draft-v1
non_speaking,3,MOCK_G11,MOCK_S21,right_brow,-0.0002672758649227003,self-pcmci,True,MOCK DATA / NOT A SCIENTIFIC RESULT,displacement-report-draft-v1
non_speaking,3,MOCK_G11,MOCK_S21,right_cheek,0.001264010558274799,self-pcmci,True,MOCK DATA / NOT A SCIENTIFIC RESULT,displacement-report-draft-v1
non_speaking,3,MOCK_G11,MOCK_S21,right_eyelid,0.0003337733645233003,self-pcmci,True,MOCK DATA / NOT A SCIENTIFIC RESULT,displacement-report-draft-v1
non_speaking,3,MOCK_G11,MOCK_S21,whole_face,0.00039047135145238703,self-pcmci,True,MOCK DATA / NOT A SCIENTIFIC RESULT,displacement-report-draft-v1
non_speaking,3,MOCK_G11,MOCK_S22,jaw,-0.00034859615968600016,self-pcmci,True,MOCK DATA / NOT A SCIENTIFIC RESULT,displacement-report-draft-v1
non_speaking,3,MOCK_G11,MOCK_S22,left_brow,3.9190955060000414e-05,self-pcmci,True,MOCK DATA / NOT A SCIENTIFIC RESULT,displacement-report-draft-v1
non_speaking,3,MOCK_G11,MOCK_S22,left_cheek,0.0012816854433961005,self-pcmci,True,MOCK DATA / NOT A SCIENTIFIC RESULT,displacement-report-draft-v1
non_speaking,3,MOCK_G11,MOCK_S22,left_eyelid,-5.568256381340009e-05,self-pcmci,True,MOCK DATA / NOT A SCIENTIFIC RESULT,displacement-report-draft-v1
non_speaking,3,MOCK_G11,MOCK_S22,mouth,0.0002634760312703009,self-pcmci,True,MOCK DATA / NOT A SCIENTIFIC RESULT,displacement-report-draft-v1
non_speaking,3,MOCK_G11,MOCK_S22,right_brow,-0.0003981285373017996,self-pcmci,True,MOCK DATA / NOT A SCIENTIFIC RESULT,displacement-report-draft-v1
non_speaking,3,MOCK_G11,MOCK_S22,right_cheek,0.0010470374988773004,self-pcmci,True,MOCK DATA / NOT A SCIENTIFIC RESULT,displacement-report-draft-v1
non_speaking,3,MOCK_G11,MOCK_S22,right_eyelid,0.0007516856267703997,self-pcmci,True,MOCK DATA / NOT A SCIENTIFIC RESULT,displacement-report-draft-v1
non_speaking,3,MOCK_G11,MOCK_S22,whole_face,0.00032258353682161275,self-pcmci,True,MOCK DATA / NOT A SCIENTIFIC RESULT,displacement-report-draft-v1
non_speaking,3,MOCK_G12,MOCK_S23,jaw,-0.0003903989254587011,self-pcmci,True,MOCK DATA / NOT A SCIENTIFIC RESULT,displacement-report-draft-v1
non_speaking,3,MOCK_G12,MOCK_S23,left_brow,-0.00026727586492259967,self-pcmci,True,MOCK DATA / NOT A SCIENTIFIC RESULT,displacement-report-draft-v1
non_speaking,3,MOCK_G12,MOCK_S23,left_cheek,0.0012640105582748,self-pcmci,True,MOCK DATA / NOT A SCIENTIFIC RESULT,displacement-report-draft-v1
non_speaking,3,MOCK_G12,MOCK_S23,left_eyelid,0.0003337733645233003,self-pcmci,True,MOCK DATA / NOT A SCIENTIFIC RESULT,displacement-report-draft-v1
non_speaking,3,MOCK_G12,MOCK_S23,mouth,-0.00011126920200749991,self-pcmci,True,MOCK DATA / NOT A SCIENTIFIC RESULT,displacement-report-draft-v1
non_speaking,3,MOCK_G12,MOCK_S23,right_brow,-0.0003213297642327001,self-pcmci,True,MOCK DATA / NOT A SCIENTIFIC RESULT,displacement-report-draft-v1
non_speaking,3,MOCK_G12,MOCK_S23,right_cheek,0.0006838888373437999,self-pcmci,True,MOCK DATA / NOT A SCIENTIFIC RESULT,displacement-report-draft-v1
non_speaking,3,MOCK_G12,MOCK_S23,right_eyelid,0.0010957347259300003,self-pcmci,True,MOCK DATA / NOT A SCIENTIFIC RESULT,displacement-report-draft-v1
non_speaking,3,MOCK_G12,MOCK_S23,whole_face,0.00028589171618129995,self-pcmci,True,MOCK DATA / NOT A SCIENTIFIC RESULT,displacement-report-draft-v1
non_speaking,3,MOCK_G12,MOCK_S24,jaw,-0.0002264427243418004,self-pcmci,True,MOCK DATA / NOT A SCIENTIFIC RESULT,displacement-report-draft-v1
non_speaking,3,MOCK_G12,MOCK_S24,left_brow,-0.0003981285373017996,self-pcmci,True,MOCK DATA / NOT A SCIENTIFIC RESULT,displacement-report-draft-v1
non_speaking,3,MOCK_G12,MOCK_S24,left_cheek,0.0010470374988772995,self-pcmci,True,MOCK DATA / NOT A SCIENTIFIC RESULT,displacement-report-draft-v1
non_speaking,3,MOCK_G12,MOCK_S24,left_eyelid,0.0007516856267703997,self-pcmci,True,MOCK DATA / NOT A SCIENTIFIC RESULT,displacement-report-draft-v1
non_speaking,3,MOCK_G12,MOCK_S24,mouth,-0.00034859615968600016,self-pcmci,True,MOCK DATA / NOT A SCIENTIFIC RESULT,displacement-report-draft-v1
non_speaking,3,MOCK_G12,MOCK_S24,right_brow,-5.568256381340009e-05,self-pcmci,True,MOCK DATA / NOT A SCIENTIFIC RESULT,displacement-report-draft-v1
non_speaking,3,MOCK_G12,MOCK_S24,right_cheek,0.00026347603127030005,self-pcmci,True,MOCK DATA / NOT A SCIENTIFIC RESULT,displacement-report-draft-v1
non_speaking,3,MOCK_G12,MOCK_S24,right_eyelid,0.0012816854433960996,self-pcmci,True,MOCK DATA / NOT A SCIENTIFIC RESULT,displacement-report-draft-v1
non_speaking,3,MOCK_G12,MOCK_S24,whole_face,0.0002893793268963869,self-pcmci,True,MOCK DATA / NOT A SCIENTIFIC RESULT,displacement-report-draft-v1
non_speaking,4,MOCK_G13,MOCK_S25,jaw,0.00010313024745869925,self-pcmci,True,MOCK DATA / NOT A SCIENTIFIC RESULT,displacement-report-draft-v1
non_speaking,4,MOCK_G13,MOCK_S25,left_brow,-0.0003213297642325995,self-pcmci,True,MOCK DATA / NOT A SCIENTIFIC RESULT,displacement-report-draft-v1
non_speaking,4,MOCK_G13,MOCK_S25,left_cheek,0.0006838888373438996,self-pcmci,True,MOCK DATA / NOT A SCIENTIFIC RESULT,displacement-report-draft-v1
non_speaking,4,MOCK_G13,MOCK_S25,left_eyelid,0.0010957347259300003,self-pcmci,True,MOCK DATA / NOT A SCIENTIFIC RESULT,displacement-report-draft-v1
non_speaking,4,MOCK_G13,MOCK_S25,mouth,-0.0003903989254586005,self-pcmci,True,MOCK DATA / NOT A SCIENTIFIC RESULT,displacement-report-draft-v1
non_speaking,4,MOCK_G13,MOCK_S25,right_brow,0.00033377336452340006,self-pcmci,True,MOCK DATA / NOT A SCIENTIFIC RESULT,displacement-report-draft-v1
non_speaking,4,MOCK_G13,MOCK_S25,right_eyelid,0.0012640105582748997,self-pcmci,True,MOCK DATA / NOT A SCIENTIFIC RESULT,displacement-report-draft-v1
non_speaking,4,MOCK_G13,MOCK_S26,jaw,0.0005176290321866998,self-pcmci,True,MOCK DATA / NOT A SCIENTIFIC RESULT,displacement-report-draft-v1
non_speaking,4,MOCK_G13,MOCK_S26,left_brow,-5.568256381340009e-05,self-pcmci,True,MOCK DATA / NOT A SCIENTIFIC RESULT,displacement-report-draft-v1
non_speaking,4,MOCK_G13,MOCK_S26,left_cheek,0.00026347603127019944,self-pcmci,True,MOCK DATA / NOT A SCIENTIFIC RESULT,displacement-report-draft-v1
non_speaking,4,MOCK_G13,MOCK_S26,left_eyelid,0.001281685443396,self-pcmci,True,MOCK DATA / NOT A SCIENTIFIC RESULT,displacement-report-draft-v1
non_speaking,4,MOCK_G13,MOCK_S26,mouth,-0.000226442724341901,self-pcmci,True,MOCK DATA / NOT A SCIENTIFIC RESULT,displacement-report-draft-v1
non_speaking,4,MOCK_G13,MOCK_S26,right_brow,0.0007516856267703997,self-pcmci,True,MOCK DATA / NOT A SCIENTIFIC RESULT,displacement-report-draft-v1
non_speaking,4,MOCK_G13,MOCK_S26,right_eyelid,0.0010470374988772995,self-pcmci,True,MOCK DATA / NOT A SCIENTIFIC RESULT,displacement-report-draft-v1
non_speaking,4,MOCK_G14,MOCK_S27,jaw,0.0009155698711905986,self-pcmci,True,MOCK DATA / NOT A SCIENTIFIC RESULT,displacement-report-draft-v1
non_speaking,4,MOCK_G14,MOCK_S27,left_brow,0.00033377336452329945,self-pcmci,True,MOCK DATA / NOT A SCIENTIFIC RESULT,displacement-report-draft-v1
non_speaking,4,MOCK_G14,MOCK_S27,left_cheek,-0.00011126920200749991,self-pcmci,True,MOCK DATA / NOT A SCIENTIFIC RESULT,displacement-report-draft-v1
non_speaking,4,MOCK_G14,MOCK_S27,left_eyelid,0.0012640105582748,self-pcmci,True,MOCK DATA / NOT A SCIENTIFIC RESULT,displacement-report-draft-v1
non_speaking,4,MOCK_G14,MOCK_S27,mouth,0.00010313024745859864,self-pcmci,True,MOCK DATA / NOT A SCIENTIFIC RESULT,displacement-report-draft-v1
non_speaking,4,MOCK_G14,MOCK_S27,right_brow,0.0010957347259299994,self-pcmci,True,MOCK DATA / NOT A SCIENTIFIC RESULT,displacement-report-draft-v1
non_speaking,4,MOCK_G14,MOCK_S27,right_eyelid,0.0006838888373438008,self-pcmci,True,MOCK DATA / NOT A SCIENTIFIC RESULT,displacement-report-draft-v1
non_speaking,4,MOCK_G14,MOCK_S28,jaw,0.0011995229684101001,self-pcmci,True,MOCK DATA / NOT A SCIENTIFIC RESULT,displacement-report-draft-v1
non_speaking,4,MOCK_G14,MOCK_S28,left_brow,0.0007516856267703997,self-pcmci,True,MOCK DATA / NOT A SCIENTIFIC RESULT,displacement-report-draft-v1
non_speaking,4,MOCK_G14,MOCK_S28,left_cheek,-0.00034859615968600016,self-pcmci,True,MOCK DATA / NOT A SCIENTIFIC RESULT,displacement-report-draft-v1
non_speaking,4,MOCK_G14,MOCK_S28,left_eyelid,0.0010470374988772995,self-pcmci,True,MOCK DATA / NOT A SCIENTIFIC RESULT,displacement-report-draft-v1
non_speaking,4,MOCK_G14,MOCK_S28,mouth,0.0005176290321868005,self-pcmci,True,MOCK DATA / NOT A SCIENTIFIC RESULT,displacement-report-draft-v1
non_speaking,4,MOCK_G14,MOCK_S28,right_brow,0.0012816854433960996,self-pcmci,True,MOCK DATA / NOT A SCIENTIFIC RESULT,displacement-report-draft-v1
non_speaking,4,MOCK_G14,MOCK_S28,right_eyelid,0.00026347603127030005,self-pcmci,True,MOCK DATA / NOT A SCIENTIFIC RESULT,displacement-report-draft-v1
non_speaking,4,MOCK_G15,MOCK_S29,jaw,0.0012999667024354011,self-pcmci,True,MOCK DATA / NOT A SCIENTIFIC RESULT,displacement-report-draft-v1
non_speaking,4,MOCK_G15,MOCK_S29,left_brow,0.0010957347259299994,self-pcmci,True,MOCK DATA / NOT A SCIENTIFIC RESULT,displacement-report-draft-v1
non_speaking,4,MOCK_G15,MOCK_S29,left_cheek,-0.00039039892545870026,self-pcmci,True,MOCK DATA / NOT A SCIENTIFIC RESULT,displacement-report-draft-v1
non_speaking,4,MOCK_G15,MOCK_S29,left_eyelid,0.0006838888373438008,self-pcmci,True,MOCK DATA / NOT A SCIENTIFIC RESULT,displacement-report-draft-v1
non_speaking,4,MOCK_G15,MOCK_S29,mouth,0.0009155698711905995,self-pcmci,True,MOCK DATA / NOT A SCIENTIFIC RESULT,displacement-report-draft-v1
non_speaking,4,MOCK_G15,MOCK_S29,right_brow,0.0012640105582748997,self-pcmci,True,MOCK DATA / NOT A SCIENTIFIC RESULT,displacement-report-draft-v1
non_speaking,4,MOCK_G15,MOCK_S29,right_eyelid,-0.00011126920200749991,self-pcmci,True,MOCK DATA / NOT A SCIENTIFIC RESULT,displacement-report-draft-v1
non_speaking,4,MOCK_G15,MOCK_S30,jaw,0.0011923089440795,self-pcmci,True,MOCK DATA / NOT A SCIENTIFIC RESULT,displacement-report-draft-v1
non_speaking,4,MOCK_G15,MOCK_S30,left_brow,0.0012816854433960996,self-pcmci,True,MOCK DATA / NOT A SCIENTIFIC RESULT,displacement-report-draft-v1
non_speaking,4,MOCK_G15,MOCK_S30,left_cheek,-0.00022644272434179952,self-pcmci,True,MOCK DATA / NOT A SCIENTIFIC RESULT,displacement-report-draft-v1
non_speaking,4,MOCK_G15,MOCK_S30,left_eyelid,0.00026347603127030005,self-pcmci,True,MOCK DATA / NOT A SCIENTIFIC RESULT,displacement-report-draft-v1
non_speaking,4,MOCK_G15,MOCK_S30,mouth,0.0011995229684101999,self-pcmci,True,MOCK DATA / NOT A SCIENTIFIC RESULT,displacement-report-draft-v1
non_speaking,4,MOCK_G15,MOCK_S30,right_brow,0.0010470374988772995,self-pcmci,True,MOCK DATA / NOT A SCIENTIFIC RESULT,displacement-report-draft-v1
non_speaking,4,MOCK_G15,MOCK_S30,right_eyelid,-0.0003485961596859993,self-pcmci,True,MOCK DATA / NOT A SCIENTIFIC RESULT,displacement-report-draft-v1
speaking,0,MOCK_G01,MOCK_S01,jaw,-0.00019081691619180115,self-pcmci,True,MOCK DATA / NOT A SCIENTIFIC RESULT,displacement-report-draft-v1
speaking,0,MOCK_G01,MOCK_S01,left_brow,-0.0004000000000000002,self-pcmci,True,MOCK DATA / NOT A SCIENTIFIC RESULT,displacement-report-draft-v1
speaking,0,MOCK_G01,MOCK_S01,left_cheek,0.0010055970777341,self-pcmci,True,MOCK DATA / NOT A SCIENTIFIC RESULT,displacement-report-draft-v1
speaking,0,MOCK_G01,MOCK_S01,left_eyelid,0.0008037248110650003,self-pcmci,True,MOCK DATA / NOT A SCIENTIFIC RESULT,displacement-report-draft-v1
speaking,0,MOCK_G01,MOCK_S01,mouth,-0.0003661447436527996,self-pcmci,True,MOCK DATA / NOT A SCIENTIFIC RESULT,displacement-report-draft-v1
speaking,0,MOCK_G01,MOCK_S01,right_brow,-9.256959987899958e-06,self-pcmci,True,MOCK DATA / NOT A SCIENTIFIC RESULT,displacement-report-draft-v1
speaking,0,MOCK_G01,MOCK_S01,right_cheek,0.00020888714235620023,self-pcmci,True,MOCK DATA / NOT A SCIENTIFIC RESULT,displacement-report-draft-v1
speaking,0,MOCK_G01,MOCK_S01,right_eyelid,0.0012914936221103002,self-pcmci,True,MOCK DATA / NOT A SCIENTIFIC RESULT,displacement-report-draft-v1
speaking,0,MOCK_G01,MOCK_S01,whole_face,0.0002929355041791379,self-pcmci,True,MOCK DATA / NOT A SCIENTIFIC RESULT,displacement-report-draft-v1
speaking,0,MOCK_G01,MOCK_S02,jaw,0.0001553599798401993,self-pcmci,True,MOCK DATA / NOT A SCIENTIFIC RESULT,displacement-report-draft-v1
speaking,0,MOCK_G01,MOCK_S02,left_brow,-0.00029594517760679964,self-pcmci,True,MOCK DATA / NOT A SCIENTIFIC RESULT,displacement-report-draft-v1
speaking,0,MOCK_G01,MOCK_S02,left_cheek,0.0006291764295160993,self-pcmci,True,MOCK DATA / NOT A SCIENTIFIC RESULT,displacement-report-draft-v1
speaking,0,MOCK_G01,MOCK_S02,left_eyelid,0.0011309720732148995,self-pcmci,True,MOCK DATA / NOT A SCIENTIFIC RESULT,displacement-report-draft-v1
speaking,0,MOCK_G01,MOCK_S02,mouth,-0.00038009948186880013,self-pcmci,True,MOCK DATA / NOT A SCIENTIFIC RESULT,displacement-report-draft-v1
speaking,0,MOCK_G01,MOCK_S02,right_brow,0.0003898733785823996,self-pcmci,True,MOCK DATA / NOT A SCIENTIFIC RESULT,displacement-report-draft-v1
speaking,0,MOCK_G01,MOCK_S02,right_cheek,-0.0001523693081476006,self-pcmci,True,MOCK DATA / NOT A SCIENTIFIC RESULT,displacement-report-draft-v1
speaking,0,MOCK_G01,MOCK_S02,right_eyelid,0.0012459881841972,self-pcmci,True,MOCK DATA / NOT A SCIENTIFIC RESULT,displacement-report-draft-v1
speaking,0,MOCK_G01,MOCK_S02,whole_face,0.0003403695097159492,self-pcmci,True,MOCK DATA / NOT A SCIENTIFIC RESULT,displacement-report-draft-v1
speaking,0,MOCK_G02,MOCK_S03,jaw,0.0005736750287374005,self-pcmci,True,MOCK DATA / NOT A SCIENTIFIC RESULT,displacement-report-draft-v1
speaking,0,MOCK_G02,MOCK_S03,left_brow,-9.256959987899958e-06,self-pcmci,True,MOCK DATA / NOT A SCIENTIFIC RESULT,displacement-report-draft-v1
speaking,0,MOCK_G02,MOCK_S03,left_cheek,0.00020888714235629997,self-pcmci,True,MOCK DATA / NOT A SCIENTIFIC RESULT,displacement-report-draft-v1
speaking,0,MOCK_G02,MOCK_S03,left_eyelid,0.0012914936221104,self-pcmci,True,MOCK DATA / NOT A SCIENTIFIC RESULT,displacement-report-draft-v1
speaking,0,MOCK_G02,MOCK_S03,mouth,-0.00019081691619180115,self-pcmci,True,MOCK DATA / NOT A SCIENTIFIC RESULT,displacement-report-draft-v1
speaking,0,MOCK_G02,MOCK_S03,right_brow,0.0008037248110651001,self-pcmci,True,MOCK DATA / NOT A SCIENTIFIC RESULT,displacement-report-draft-v1
speaking,0,MOCK_G02,MOCK_S03,right_cheek,-0.00036614474365280047,self-pcmci,True,MOCK DATA / NOT A SCIENTIFIC RESULT,displacement-report-draft-v1
speaking,0,MOCK_G02,MOCK_S03,right_eyelid,0.0010055970777341,self-pcmci,True,MOCK DATA / NOT A SCIENTIFIC RESULT,displacement-report-draft-v1
speaking,0,MOCK_G02,MOCK_S03,whole_face,0.00041464488277134955,self-pcmci,True,MOCK DATA / NOT A SCIENTIFIC RESULT,displacement-report-draft-v1
speaking,0,MOCK_G02,MOCK_S04,jaw,0.0009617101172820991,self-pcmci,True,MOCK DATA / NOT A SCIENTIFIC RESULT,displacement-report-draft-v1
speaking,0,MOCK_G02,MOCK_S04,left_brow,0.0003898733785823996,self-pcmci,True,MOCK DATA / NOT A SCIENTIFIC RESULT,displacement-report-draft-v1
speaking,0,MOCK_G02,MOCK_S04,left_cheek,-0.00015236930814759974,self-pcmci,True,MOCK DATA / NOT A SCIENTIFIC RESULT,displacement-report-draft-v1
speaking,0,MOCK_G02,MOCK_S04,left_eyelid,0.0012459881841972,self-pcmci,True,MOCK DATA / NOT A SCIENTIFIC RESULT,displacement-report-draft-v1
speaking,0,MOCK_G02,MOCK_S04,mouth,0.0001553599798401993,self-pcmci,True,MOCK DATA / NOT A SCIENTIFIC RESULT,displacement-report-draft-v1
speaking,0,MOCK_G02,MOCK_S04,right_brow,0.0011309720732148995,self-pcmci,True,MOCK DATA / NOT A SCIENTIFIC RESULT,displacement-report-draft-v1
speaking,0,MOCK_G02,MOCK_S04,right_cheek,-0.00038009948186879926,self-pcmci,True,MOCK DATA / NOT A SCIENTIFIC RESULT,displacement-report-draft-v1
speaking,0,MOCK_G02,MOCK_S04,right_eyelid,0.0006291764295162008,self-pcmci,True,MOCK DATA / NOT A SCIENTIFIC RESULT,displacement-report-draft-v1
speaking,0,MOCK_G02,MOCK_S04,whole_face,0.0004975764215770758,self-pcmci,True,MOCK DATA / NOT A SCIENTIFIC RESULT,displacement-report-draft-v1
speaking,0,MOCK_G03,MOCK_S05,jaw,0.001224460722602,self-pcmci,True,MOCK DATA / NOT A SCIENTIFIC RESULT,displacement-report-draft-v1
speaking,0,MOCK_G03,MOCK_S05,left_brow,0.0008037248110651001,self-pcmci,True,MOCK DATA / NOT A SCIENTIFIC RESULT,displacement-report-draft-v1
speaking,0,MOCK_G03,MOCK_S05,left_cheek,-0.0003661447436527996,self-pcmci,True,MOCK DATA / NOT A SCIENTIFIC RESULT,displacement-report-draft-v1
speaking,0,MOCK_G03,MOCK_S05,left_eyelid,0.0010055970777341,self-pcmci,True,MOCK DATA / NOT A SCIENTIFIC RESULT,displacement-report-draft-v1
speaking,0,MOCK_G03,MOCK_S05,mouth,0.0005736750287374005,self-pcmci,True,MOCK DATA / NOT A SCIENTIFIC RESULT,displacement-report-draft-v1
speaking,0,MOCK_G03,MOCK_S05,right_brow,0.0012914936221104,self-pcmci,True,MOCK DATA / NOT A SCIENTIFIC RESULT,displacement-report-draft-v1
speaking,0,MOCK_G03,MOCK_S05,right_cheek,-0.0001908169161917994,self-pcmci,True,MOCK DATA / NOT A SCIENTIFIC RESULT,displacement-report-draft-v1
speaking,0,MOCK_G03,MOCK_S05,right_eyelid,0.00020888714235629997,self-pcmci,True,MOCK DATA / NOT A SCIENTIFIC RESULT,displacement-report-draft-v1
speaking,0,MOCK_G03,MOCK_S05,whole_face,0.0005688595930950875,self-pcmci,True,MOCK DATA / NOT A SCIENTIFIC RESULT,displacement-report-draft-v1
speaking,0,MOCK_G03,MOCK_S06,jaw,0.0012975963327669007,self-pcmci,True,MOCK DATA / NOT A SCIENTIFIC RESULT,displacement-report-draft-v1
speaking,0,MOCK_G03,MOCK_S06,left_brow,0.0011309720732149003,self-pcmci,True,MOCK DATA / NOT A SCIENTIFIC RESULT,displacement-report-draft-v1
speaking,0,MOCK_G03,MOCK_S06,left_cheek,-0.00038009948186880013,self-pcmci,True,MOCK DATA / NOT A SCIENTIFIC RESULT,displacement-report-draft-v1
speaking,0,MOCK_G03,MOCK_S06,left_eyelid,0.0006291764295161999,self-pcmci,True,MOCK DATA / NOT A SCIENTIFIC RESULT,displacement-report-draft-v1
speaking,0,MOCK_G03,MOCK_S06,mouth,0.0009617101172821,self-pcmci,True,MOCK DATA / NOT A SCIENTIFIC RESULT,displacement-report-draft-v1
speaking,0,MOCK_G03,MOCK_S06,right_brow,0.0012459881841972,self-pcmci,True,MOCK DATA / NOT A SCIENTIFIC RESULT,displacement-report-draft-v1
speaking,0,MOCK_G03,MOCK_S06,right_cheek,0.0001553599798401993,self-pcmci,True,MOCK DATA / NOT A SCIENTIFIC RESULT,displacement-report-draft-v1
speaking,0,MOCK_G03,MOCK_S06,right_eyelid,-0.0001523693081476006,self-pcmci,True,MOCK DATA / NOT A SCIENTIFIC RESULT,displacement-report-draft-v1
speaking,0,MOCK_G03,MOCK_S06,whole_face,0.0006110417908501376,self-pcmci,True,MOCK DATA / NOT A SCIENTIFIC RESULT,displacement-report-draft-v1
speaking,1,MOCK_G04,MOCK_S07,jaw,0.0011632107997150004,self-pcmci,True,MOCK DATA / NOT A SCIENTIFIC RESULT,displacement-report-draft-v1
speaking,1,MOCK_G04,MOCK_S07,left_brow,0.0012914936221104,self-pcmci,True,MOCK DATA / NOT A SCIENTIFIC RESULT,displacement-report-draft-v1
speaking,1,MOCK_G04,MOCK_S07,left_cheek,-0.00019081691619180028,self-pcmci,True,MOCK DATA / NOT A SCIENTIFIC RESULT,displacement-report-draft-v1
speaking,1,MOCK_G04,MOCK_S07,left_eyelid,0.00020888714235629997,self-pcmci,True,MOCK DATA / NOT A SCIENTIFIC RESULT,displacement-report-draft-v1
speaking,1,MOCK_G04,MOCK_S07,mouth,0.001224460722602,self-pcmci,True,MOCK DATA / NOT A SCIENTIFIC RESULT,displacement-report-draft-v1
speaking,1,MOCK_G04,MOCK_S07,right_brow,0.0010055970777341,self-pcmci,True,MOCK DATA / NOT A SCIENTIFIC RESULT,displacement-report-draft-v1
speaking,1,MOCK_G04,MOCK_S07,right_cheek,0.0005736750287372999,self-pcmci,True,MOCK DATA / NOT A SCIENTIFIC RESULT,displacement-report-draft-v1
speaking,1,MOCK_G04,MOCK_S07,right_eyelid,-0.00036614474365280047,self-pcmci,True,MOCK DATA / NOT A SCIENTIFIC RESULT,displacement-report-draft-v1
speaking,1,MOCK_G04,MOCK_S07,whole_face,0.0006137953416763126,self-pcmci,True,MOCK DATA / NOT A SCIENTIFIC RESULT,displacement-report-draft-v1
speaking,1,MOCK_G04,MOCK_S08,jaw,0.0008542063887965997,self-pcmci,True,MOCK DATA / NOT A SCIENTIFIC RESULT,displacement-report-draft-v1
speaking,1,MOCK_G04,MOCK_S08,left_brow,0.0012459881841972,self-pcmci,True,MOCK DATA / NOT A SCIENTIFIC RESULT,displacement-report-draft-v1
speaking,1,MOCK_G04,MOCK_S08,left_cheek,0.00015535997984020018,self-pcmci,True,MOCK DATA / NOT A SCIENTIFIC RESULT,displacement-report-draft-v1
speaking,1,MOCK_G04,MOCK_S08,left_eyelid,-0.00015236930814759974,self-pcmci,True,MOCK DATA / NOT A SCIENTIFIC RESULT,displacement-report-draft-v1
speaking,1,MOCK_G04,MOCK_S08,mouth,0.0012975963327668998,self-pcmci,True,MOCK DATA / NOT A SCIENTIFIC RESULT,displacement-report-draft-v1
speaking,1,MOCK_G04,MOCK_S08,right_brow,0.0006291764295161999,self-pcmci,True,MOCK DATA / NOT A SCIENTIFIC RESULT,displacement-report-draft-v1
speaking,1,MOCK_G04,MOCK_S08,right_cheek,0.0009617101172821,self-pcmci,True,MOCK DATA / NOT A SCIENTIFIC RESULT,displacement-report-draft-v1
speaking,1,MOCK_G04,MOCK_S08,right_eyelid,-0.00038009948186880013,self-pcmci,True,MOCK DATA / NOT A SCIENTIFIC RESULT,displacement-report-draft-v1
speaking,1,MOCK_G04,MOCK_S08,whole_face,0.0005764460802978504,self-pcmci,True,MOCK DATA / NOT A SCIENTIFIC RESULT,displacement-report-draft-v1
speaking,1,MOCK_G05,MOCK_S09,jaw,0.0004462381567102002,self-pcmci,True,MOCK DATA / NOT A SCIENTIFIC RESULT,displacement-report-draft-v1
speaking,1,MOCK_G05,MOCK_S09,left_brow,0.0010055970777341,self-pcmci,True,MOCK DATA / NOT A SCIENTIFIC RESULT,displacement-report-draft-v1
speaking,1,MOCK_G05,MOCK_S09,left_cheek,0.0005736750287374005,self-pcmci,True,MOCK DATA / NOT A SCIENTIFIC RESULT,displacement-report-draft-v1
speaking,1,MOCK_G05,MOCK_S09,left_eyelid,-0.0003661447436527996,self-pcmci,True,MOCK DATA / NOT A SCIENTIFIC RESULT,displacement-report-draft-v1
speaking,1,MOCK_G05,MOCK_S09,mouth,0.0011632107997149995,self-pcmci,True,MOCK DATA / NOT A SCIENTIFIC RESULT,displacement-report-draft-v1
speaking,1,MOCK_G05,MOCK_S09,right_brow,0.00020888714235629997,self-pcmci,True,MOCK DATA / NOT A SCIENTIFIC RESULT,displacement-report-draft-v1
speaking,1,MOCK_G05,MOCK_S09,right_cheek,0.001224460722602,self-pcmci,True,MOCK DATA / NOT A SCIENTIFIC RESULT,displacement-report-draft-v1
speaking,1,MOCK_G05,MOCK_S09,right_eyelid,-0.0001908169161917994,self-pcmci,True,MOCK DATA / NOT A SCIENTIFIC RESULT,displacement-report-draft-v1
speaking,1,MOCK_G05,MOCK_S09,whole_face,0.0005081384085013005,self-pcmci,True,MOCK DATA / NOT A SCIENTIFIC RESULT,displacement-report-draft-v1
speaking,1,MOCK_G05,MOCK_S10,jaw,3.9190955059999547e-05,self-pcmci,True,MOCK DATA / NOT A SCIENTIFIC RESULT,displacement-report-draft-v1
speaking,1,MOCK_G05,MOCK_S10,left_brow,0.0006291764295161999,self-pcmci,True,MOCK DATA / NOT A SCIENTIFIC RESULT,displacement-report-draft-v1
speaking,1,MOCK_G05,MOCK_S10,left_cheek,0.0009617101172821,self-pcmci,True,MOCK DATA / NOT A SCIENTIFIC RESULT,displacement-report-draft-v1
speaking,1,MOCK_G05,MOCK_S10,left_eyelid,-0.00038009948186880013,self-pcmci,True,MOCK DATA / NOT A SCIENTIFIC RESULT,displacement-report-draft-v1
speaking,1,MOCK_G05,MOCK_S10,mouth,0.0008542063887966005,self-pcmci,True,MOCK DATA / NOT A SCIENTIFIC RESULT,displacement-report-draft-v1
speaking,1,MOCK_G05,MOCK_S10,right_brow,-0.0001523693081475,self-pcmci,True,MOCK DATA / NOT A SCIENTIFIC RESULT,displacement-report-draft-v1
speaking,1,MOCK_G05,MOCK_S10,right_cheek,0.0012975963327668998,self-pcmci,True,MOCK DATA / NOT A SCIENTIFIC RESULT,displacement-report-draft-v1
speaking,1,MOCK_G05,MOCK_S10,right_eyelid,0.00015535997984029992,self-pcmci,True,MOCK DATA / NOT A SCIENTIFIC RESULT,displacement-report-draft-v1
speaking,1,MOCK_G05,MOCK_S10,whole_face,0.00042559642665572495,self-pcmci,True,MOCK DATA / NOT A SCIENTIFIC RESULT,displacement-report-draft-v1
speaking,1,MOCK_G06,MOCK_S11,jaw,-0.0002672758649227003,self-pcmci,True,MOCK DATA / NOT A SCIENTIFIC RESULT,displacement-report-draft-v1
speaking,1,MOCK_G06,MOCK_S11,left_brow,0.00020888714235620023,self-pcmci,True,MOCK DATA / NOT A SCIENTIFIC RESULT,displacement-report-draft-v1
speaking,1,MOCK_G06,MOCK_S11,left_cheek,0.0012244607226018995,self-pcmci,True,MOCK DATA / NOT A SCIENTIFIC RESULT,displacement-report-draft-v1
speaking,1,MOCK_G06,MOCK_S11,left_eyelid,-0.00019081691619180028,self-pcmci,True,MOCK DATA / NOT A SCIENTIFIC RESULT,displacement-report-draft-v1
speaking,1,MOCK_G06,MOCK_S11,mouth,0.00044623815671010047,self-pcmci,True,MOCK DATA / NOT A SCIENTIFIC RESULT,displacement-report-draft-v1
speaking,1,MOCK_G06,MOCK_S11,right_brow,-0.0003661447436529002,self-pcmci,True,MOCK DATA / NOT A SCIENTIFIC RESULT,displacement-report-draft-v1
speaking,1,MOCK_G06,MOCK_S11,right_cheek,0.0011632107997148998,self-pcmci,True,MOCK DATA / NOT A SCIENTIFIC RESULT,displacement-report-draft-v1
speaking,1,MOCK_G06,MOCK_S11,right_eyelid,0.0005736750287372999,self-pcmci,True,MOCK DATA / NOT A SCIENTIFIC RESULT,displacement-report-draft-v1
speaking,1,MOCK_G06,MOCK_S11,whole_face,0.0003490292906691249,self-pcmci,True,MOCK DATA / NOT A SCIENTIFIC RESULT,displacement-report-draft-v1
speaking,1,MOCK_G06,MOCK_S12,jaw,-0.00039812853730180047,self-pcmci,True,MOCK DATA / NOT A SCIENTIFIC RESULT,displacement-report-draft-v1
speaking,1,MOCK_G06,MOCK_S12,left_brow,-0.00015236930814759974,self-pcmci,True,MOCK DATA / NOT A SCIENTIFIC RESULT,displacement-report-draft-v1
speaking,1,MOCK_G06,MOCK_S12,left_cheek,0.0012975963327668998,self-pcmci,True,MOCK DATA / NOT A SCIENTIFIC RESULT,displacement-report-draft-v1
speaking,1,MOCK_G06,MOCK_S12,left_eyelid,0.00015535997984020018,self-pcmci,True,MOCK DATA / NOT A SCIENTIFIC RESULT,displacement-report-draft-v1
speaking,1,MOCK_G06,MOCK_S12,mouth,3.91909550598998e-05,self-pcmci,True,MOCK DATA / NOT A SCIENTIFIC RESULT,displacement-report-draft-v1
speaking,1,MOCK_G06,MOCK_S12,right_brow,-0.0003800994818688999,self-pcmci,True,MOCK DATA / NOT A SCIENTIFIC RESULT,displacement-report-draft-v1
speaking,1,MOCK_G06,MOCK_S12,right_cheek,0.0008542063887965997,self-pcmci,True,MOCK DATA / NOT A SCIENTIFIC RESULT,displacement-report-draft-v1
speaking,1,MOCK_G06,MOCK_S12,right_eyelid,0.0009617101172821,self-pcmci,True,MOCK DATA / NOT A SCIENTIFIC RESULT,displacement-report-draft-v1
speaking,1,MOCK_G06,MOCK_S12,whole_face,0.00029718330580342546,self-pcmci,True,MOCK DATA / NOT A SCIENTIFIC RESULT,displacement-report-draft-v1
speaking,2,MOCK_G07,MOCK_S13,jaw,-0.0003213297642327001,self-pcmci,True,MOCK DATA / NOT A SCIENTIFIC RESULT,displacement-report-draft-v1
speaking,2,MOCK_G07,MOCK_S13,left_brow,-0.00036614474365280047,self-pcmci,True,MOCK DATA / NOT A SCIENTIFIC RESULT,displacement-report-draft-v1
speaking,2,MOCK_G07,MOCK_S13,left_cheek,0.0011632107997150004,self-pcmci,True,MOCK DATA / NOT A SCIENTIFIC RESULT,displacement-report-draft-v1
speaking,2,MOCK_G07,MOCK_S13,left_eyelid,0.0005736750287373008,self-pcmci,True,MOCK DATA / NOT A SCIENTIFIC RESULT,displacement-report-draft-v1
speaking,2,MOCK_G07,MOCK_S13,mouth,-0.00026727586492259967,self-pcmci,True,MOCK DATA / NOT A SCIENTIFIC RESULT,displacement-report-draft-v1
speaking,2,MOCK_G07,MOCK_S13,right_brow,-0.00019081691619180028,self-pcmci,True,MOCK DATA / NOT A SCIENTIFIC RESULT,displacement-report-draft-v1
speaking,2,MOCK_G07,MOCK_S13,right_cheek,0.00044623815671010047,self-pcmci,True,MOCK DATA / NOT A SCIENTIFIC RESULT,displacement-report-draft-v1
speaking,2,MOCK_G07,MOCK_S13,right_eyelid,0.001224460722602,self-pcmci,True,MOCK DATA / NOT A SCIENTIFIC RESULT,displacement-report-draft-v1
speaking,2,MOCK_G07,MOCK_S13,whole_face,0.0002827521773455634,self-pcmci,True,MOCK DATA / NOT A SCIENTIFIC RESULT,displacement-report-draft-v1
speaking,2,MOCK_G07,MOCK_S14,jaw,-5.568256381349897e-05,self-pcmci,True,MOCK DATA / NOT A SCIENTIFIC RESULT,displacement-report-draft-v1
speaking,2,MOCK_G07,MOCK_S14,left_brow,-0.0003800994818688999,self-pcmci,True,MOCK DATA / NOT A SCIENTIFIC RESULT,displacement-report-draft-v1
speaking,2,MOCK_G07,MOCK_S14,left_cheek,0.0008542063887965997,self-pcmci,True,MOCK DATA / NOT A SCIENTIFIC RESULT,displacement-report-draft-v1
speaking,2,MOCK_G07,MOCK_S14,left_eyelid,0.0009617101172821,self-pcmci,True,MOCK DATA / NOT A SCIENTIFIC RESULT,displacement-report-draft-v1
speaking,2,MOCK_G07,MOCK_S14,mouth,-0.0003981285373017996,self-pcmci,True,MOCK DATA / NOT A SCIENTIFIC RESULT,displacement-report-draft-v1
speaking,2,MOCK_G07,MOCK_S14,right_brow,0.00015535997984020018,self-pcmci,True,MOCK DATA / NOT A SCIENTIFIC RESULT,displacement-report-draft-v1
speaking,2,MOCK_G07,MOCK_S14,right_cheek,3.91909550598998e-05,self-pcmci,True,MOCK DATA / NOT A SCIENTIFIC RESULT,displacement-report-draft-v1
speaking,2,MOCK_G07,MOCK_S14,right_eyelid,0.0012975963327668998,self-pcmci,True,MOCK DATA / NOT A SCIENTIFIC RESULT,displacement-report-draft-v1
speaking,2,MOCK_G07,MOCK_S14,whole_face,0.0003092691488451871,self-pcmci,True,MOCK DATA / NOT A SCIENTIFIC RESULT,displacement-report-draft-v1
speaking,2,MOCK_G08,MOCK_S15,jaw,0.00033377336452329945,self-pcmci,True,MOCK DATA / NOT A SCIENTIFIC RESULT,displacement-report-draft-v1
speaking,2,MOCK_G08,MOCK_S15,left_brow,-0.00019081691619180028,self-pcmci,True,MOCK DATA / NOT A SCIENTIFIC RESULT,displacement-report-draft-v1
speaking,2,MOCK_G08,MOCK_S15,left_cheek,0.00044623815671010047,self-pcmci,True,MOCK DATA / NOT A SCIENTIFIC RESULT,displacement-report-draft-v1
speaking,2,MOCK_G08,MOCK_S15,left_eyelid,0.001224460722602,self-pcmci,True,MOCK DATA / NOT A SCIENTIFIC RESULT,displacement-report-draft-v1
speaking,2,MOCK_G08,MOCK_S15,mouth,-0.0003213297642327001,self-pcmci,True,MOCK DATA / NOT A SCIENTIFIC RESULT,displacement-report-draft-v1
speaking,2,MOCK_G08,MOCK_S15,right_brow,0.0005736750287372999,self-pcmci,True,MOCK DATA / NOT A SCIENTIFIC RESULT,displacement-report-draft-v1
speaking,2,MOCK_G08,MOCK_S15,right_cheek,-0.00026727586492259967,self-pcmci,True,MOCK DATA / NOT A SCIENTIFIC RESULT,displacement-report-draft-v1
speaking,2,MOCK_G08,MOCK_S15,right_eyelid,0.0011632107997150004,self-pcmci,True,MOCK DATA / NOT A SCIENTIFIC RESULT,displacement-report-draft-v1
speaking,2,MOCK_G08,MOCK_S15,whole_face,0.00037024194086757514,self-pcmci,True,MOCK DATA / NOT A SCIENTIFIC RESULT,displacement-report-draft-v1
speaking,2,MOCK_G08,MOCK_S16,jaw,0.0007516856267703997,self-pcmci,True,MOCK DATA / NOT A SCIENTIFIC RESULT,displacement-report-draft-v1
speaking,2,MOCK_G08,MOCK_S16,left_brow,0.0001553599798401993,self-pcmci,True,MOCK DATA / NOT A SCIENTIFIC RESULT,displacement-report-draft-v1
speaking,2,MOCK_G08,MOCK_S16,left_cheek,3.9190955060000414e-05,self-pcmci,True,MOCK DATA / NOT A SCIENTIFIC RESULT,displacement-report-draft-v1
speaking,2,MOCK_G08,MOCK_S16,left_eyelid,0.0012975963327669007,self-pcmci,True,MOCK DATA / NOT A SCIENTIFIC RESULT,displacement-report-draft-v1
speaking,2,MOCK_G08,MOCK_S16,mouth,-5.568256381340009e-05,self-pcmci,True,MOCK DATA / NOT A SCIENTIFIC RESULT,displacement-report-draft-v1
speaking,2,MOCK_G08,MOCK_S16,right_brow,0.0009617101172821,self-pcmci,True,MOCK DATA / NOT A SCIENTIFIC RESULT,displacement-report-draft-v1
speaking,2,MOCK_G08,MOCK_S16,right_cheek,-0.0003981285373017996,self-pcmci,True,MOCK DATA / NOT A SCIENTIFIC RESULT,displacement-report-draft-v1
speaking,2,MOCK_G08,MOCK_S16,right_eyelid,0.0008542063887966005,self-pcmci,True,MOCK DATA / NOT A SCIENTIFIC RESULT,displacement-report-draft-v1
speaking,2,MOCK_G08,MOCK_S16,whole_face,0.000450742287425125,self-pcmci,True,MOCK DATA / NOT A SCIENTIFIC RESULT,displacement-report-draft-v1
speaking,2,MOCK_G09,MOCK_S17,jaw,0.0010957347259300003,self-pcmci,True,MOCK DATA / NOT A SCIENTIFIC RESULT,displacement-report-draft-v1
speaking,2,MOCK_G09,MOCK_S17,left_brow,0.0005736750287373008,self-pcmci,True,MOCK DATA / NOT A SCIENTIFIC RESULT,displacement-report-draft-v1
speaking,2,MOCK_G09,MOCK_S17,left_cheek,-0.00026727586492259967,self-pcmci,True,MOCK DATA / NOT A SCIENTIFIC RESULT,displacement-report-draft-v1
speaking,2,MOCK_G09,MOCK_S17,left_eyelid,0.0011632107997150004,self-pcmci,True,MOCK DATA / NOT A SCIENTIFIC RESULT,displacement-report-draft-v1
speaking,2,MOCK_G09,MOCK_S17,mouth,0.0003337733645233003,self-pcmci,True,MOCK DATA / NOT A SCIENTIFIC RESULT,displacement-report-draft-v1
speaking,2,MOCK_G09,MOCK_S17,right_brow,0.0012244607226019003,self-pcmci,True,MOCK DATA / NOT A SCIENTIFIC RESULT,displacement-report-draft-v1
speaking,2,MOCK_G09,MOCK_S17,right_cheek,-0.0003213297642327001,self-pcmci,True,MOCK DATA / NOT A SCIENTIFIC RESULT,displacement-report-draft-v1
speaking,2,MOCK_G09,MOCK_S17,right_eyelid,0.00044623815671010047,self-pcmci,True,MOCK DATA / NOT A SCIENTIFIC RESULT,displacement-report-draft-v1
speaking,2,MOCK_G09,MOCK_S17,whole_face,0.0005310608961327876,self-pcmci,True,MOCK DATA / NOT A SCIENTIFIC RESULT,displacement-report-draft-v1
speaking,2,MOCK_G09,MOCK_S18,jaw,0.0012816854433960996,self-pcmci,True,MOCK DATA / NOT A SCIENTIFIC RESULT,displacement-report-draft-v1
speaking,2,MOCK_G09,MOCK_S18,left_brow,0.0009617101172821,self-pcmci,True,MOCK DATA / NOT A SCIENTIFIC RESULT,displacement-report-draft-v1
speaking,2,MOCK_G09,MOCK_S18,left_cheek,-0.0003981285373017996,self-pcmci,True,MOCK DATA / NOT A SCIENTIFIC RESULT,displacement-report-draft-v1
speaking,2,MOCK_G09,MOCK_S18,left_eyelid,0.0008542063887966005,self-pcmci,True,MOCK DATA / NOT A SCIENTIFIC RESULT,displacement-report-draft-v1
speaking,2,MOCK_G09,MOCK_S18,mouth,0.0007516856267703997,self-pcmci,True,MOCK DATA / NOT A SCIENTIFIC RESULT,displacement-report-draft-v1
speaking,2,MOCK_G09,MOCK_S18,right_brow,0.0012975963327669007,self-pcmci,True,MOCK DATA / NOT A SCIENTIFIC RESULT,displacement-report-draft-v1
speaking,2,MOCK_G09,MOCK_S18,right_cheek,-5.568256381340009e-05,self-pcmci,True,MOCK DATA / NOT A SCIENTIFIC RESULT,displacement-report-draft-v1
speaking,2,MOCK_G09,MOCK_S18,right_eyelid,3.9190955060000414e-05,self-pcmci,True,MOCK DATA / NOT A SCIENTIFIC RESULT,displacement-report-draft-v1
speaking,2,MOCK_G09,MOCK_S18,whole_face,0.0005915329703696124,self-pcmci,True,MOCK DATA / NOT A SCIENTIFIC RESULT,displacement-report-draft-v1
speaking,3,MOCK_G10,MOCK_S19,jaw,0.0012640105582748,self-pcmci,True,MOCK DATA / NOT A SCIENTIFIC RESULT,displacement-report-draft-v1
speaking,3,MOCK_G10,MOCK_S19,left_brow,0.0012244607226019003,self-pcmci,True,MOCK DATA / NOT A SCIENTIFIC RESULT,displacement-report-draft-v1
speaking,3,MOCK_G10,MOCK_S19,left_cheek,-0.0003213297642327001,self-pcmci,True,MOCK DATA / NOT A SCIENTIFIC RESULT,displacement-report-draft-v1
speaking,3,MOCK_G10,MOCK_S19,left_eyelid,0.00044623815671010047,self-pcmci,True,MOCK DATA / NOT A SCIENTIFIC RESULT,displacement-report-draft-v1
speaking,3,MOCK_G10,MOCK_S19,mouth,0.0010957347259298996,self-pcmci,True,MOCK DATA / NOT A SCIENTIFIC RESULT,displacement-report-draft-v1
speaking,3,MOCK_G10,MOCK_S19,right_brow,0.0011632107997149007,self-pcmci,True,MOCK DATA / NOT A SCIENTIFIC RESULT,displacement-report-draft-v1
speaking,3,MOCK_G10,MOCK_S19,right_cheek,0.0003337733645233003,self-pcmci,True,MOCK DATA / NOT A SCIENTIFIC RESULT,displacement-report-draft-v1
speaking,3,MOCK_G10,MOCK_S19,right_eyelid,-0.0002672758649226994,self-pcmci,True,MOCK DATA / NOT A SCIENTIFIC RESULT,displacement-report-draft-v1
speaking,3,MOCK_G10,MOCK_S19,whole_face,0.0006173528373249375,self-pcmci,True,MOCK DATA / NOT A SCIENTIFIC RESULT,displacement-report-draft-v1
speaking,3,MOCK_G10,MOCK_S20,jaw,0.0010470374988773004,self-pcmci,True,MOCK DATA / NOT A SCIENTIFIC RESULT,displacement-report-draft-v1
speaking,3,MOCK_G10,MOCK_S20,left_brow,0.0012975963327668998,self-pcmci,True,MOCK DATA / NOT A SCIENTIFIC RESULT,displacement-report-draft-v1
speaking,3,MOCK_G10,MOCK_S20,left_cheek,-5.568256381340009e-05,self-pcmci,True,MOCK DATA / NOT A SCIENTIFIC RESULT,displacement-report-draft-v1
speaking,3,MOCK_G10,MOCK_S20,left_eyelid,3.91909550598998e-05,self-pcmci,True,MOCK DATA / NOT A SCIENTIFIC RESULT,displacement-report-draft-v1
speaking,3,MOCK_G10,MOCK_S20,mouth,0.001281685443396,self-pcmci,True,MOCK DATA / NOT A SCIENTIFIC RESULT,displacement-report-draft-v1
speaking,3,MOCK_G10,MOCK_S20,right_brow,0.0008542063887965997,self-pcmci,True,MOCK DATA / NOT A SCIENTIFIC RESULT,displacement-report-draft-v1
speaking,3,MOCK_G10,MOCK_S20,right_cheek,0.0007516856267704005,self-pcmci,True,MOCK DATA / NOT A SCIENTIFIC RESULT,displacement-report-draft-v1
speaking,3,MOCK_G10,MOCK_S20,right_eyelid,-0.00039812853730180047,self-pcmci,True,MOCK DATA / NOT A SCIENTIFIC RESULT,displacement-report-draft-v1
speaking,3,MOCK_G10,MOCK_S20,whole_face,0.0006021988930689868,self-pcmci,True,MOCK DATA / NOT A SCIENTIFIC RESULT,displacement-report-draft-v1
speaking,3,MOCK_G11,MOCK_S21,jaw,0.0006838888373437999,self-pcmci,True,MOCK DATA / NOT A SCIENTIFIC RESULT,displacement-report-draft-v1
speaking,3,MOCK_G11,MOCK_S21,left_brow,0.0011632107997149007,self-pcmci,True,MOCK DATA / NOT A SCIENTIFIC RESULT,displacement-report-draft-v1
speaking,3,MOCK_G11,MOCK_S21,left_cheek,0.0003337733645233003,self-pcmci,True,MOCK DATA / NOT A SCIENTIFIC RESULT,displacement-report-draft-v1
speaking,3,MOCK_G11,MOCK_S21,left_eyelid,-0.0002672758649226994,self-pcmci,True,MOCK DATA / NOT A SCIENTIFIC RESULT,displacement-report-draft-v1
speaking,3,MOCK_G11,MOCK_S21,mouth,0.0012640105582748,self-pcmci,True,MOCK DATA / NOT A SCIENTIFIC RESULT,displacement-report-draft-v1
speaking,3,MOCK_G11,MOCK_S21,right_brow,0.00044623815671010047,self-pcmci,True,MOCK DATA / NOT A SCIENTIFIC RESULT,displacement-report-draft-v1
speaking,3,MOCK_G11,MOCK_S21,right_cheek,0.0010957347259300003,self-pcmci,True,MOCK DATA / NOT A SCIENTIFIC RESULT,displacement-report-draft-v1
speaking,3,MOCK_G11,MOCK_S21,right_eyelid,-0.0003213297642327001,self-pcmci,True,MOCK DATA / NOT A SCIENTIFIC RESULT,displacement-report-draft-v1
speaking,3,MOCK_G11,MOCK_S21,whole_face,0.0005497813516676881,self-pcmci,True,MOCK DATA / NOT A SCIENTIFIC RESULT,displacement-report-draft-v1
speaking,3,MOCK_G11,MOCK_S22,jaw,0.0002634760312702992,self-pcmci,True,MOCK DATA / NOT A SCIENTIFIC RESULT,displacement-report-draft-v1
speaking,3,MOCK_G11,MOCK_S22,left_brow,0.0008542063887965997,self-pcmci,True,MOCK DATA / NOT A SCIENTIFIC RESULT,displacement-report-draft-v1
speaking,3,MOCK_G11,MOCK_S22,left_cheek,0.0007516856267703997,self-pcmci,True,MOCK DATA / NOT A SCIENTIFIC RESULT,displacement-report-draft-v1
speaking,3,MOCK_G11,MOCK_S22,left_eyelid,-0.00039812853730180047,self-pcmci,True,MOCK DATA / NOT A SCIENTIFIC RESULT,displacement-report-draft-v1
speaking,3,MOCK_G11,MOCK_S22,mouth,0.0010470374988772995,self-pcmci,True,MOCK DATA / NOT A SCIENTIFIC RESULT,displacement-report-draft-v1
speaking,3,MOCK_G11,MOCK_S22,right_brow,3.9190955059999547e-05,self-pcmci,True,MOCK DATA / NOT A SCIENTIFIC RESULT,displacement-report-draft-v1
speaking,3,MOCK_G11,MOCK_S22,right_cheek,0.0012816854433961005,self-pcmci,True,MOCK DATA / NOT A SCIENTIFIC RESULT,displacement-report-draft-v1
speaking,3,MOCK_G11,MOCK_S22,right_eyelid,-5.568256381340009e-05,self-pcmci,True,MOCK DATA / NOT A SCIENTIFIC RESULT,displacement-report-draft-v1
speaking,3,MOCK_G11,MOCK_S22,whole_face,0.0004729338553819372,self-pcmci,True,MOCK DATA / NOT A SCIENTIFIC RESULT,displacement-report-draft-v1
speaking,3,MOCK_G12,MOCK_S23,jaw,-0.00011126920200749991,self-pcmci,True,MOCK DATA / NOT A SCIENTIFIC RESULT,displacement-report-draft-v1
speaking,3,MOCK_G12,MOCK_S23,left_brow,0.0004462381567100996,self-pcmci,True,MOCK DATA / NOT A SCIENTIFIC RESULT,displacement-report-draft-v1
speaking,3,MOCK_G12,MOCK_S23,left_cheek,0.0010957347259299994,self-pcmci,True,MOCK DATA / NOT A SCIENTIFIC RESULT,displacement-report-draft-v1
speaking,3,MOCK_G12,MOCK_S23,left_eyelid,-0.0003213297642327001,self-pcmci,True,MOCK DATA / NOT A SCIENTIFIC RESULT,displacement-report-draft-v1
speaking,3,MOCK_G12,MOCK_S23,mouth,0.0006838888373438008,self-pcmci,True,MOCK DATA / NOT A SCIENTIFIC RESULT,displacement-report-draft-v1
speaking,3,MOCK_G12,MOCK_S23,right_brow,-0.00026727586492260053,self-pcmci,True,MOCK DATA / NOT A SCIENTIFIC RESULT,displacement-report-draft-v1
speaking,3,MOCK_G12,MOCK_S23,right_cheek,0.0012640105582748008,self-pcmci,True,MOCK DATA / NOT A SCIENTIFIC RESULT,displacement-report-draft-v1
speaking,3,MOCK_G12,MOCK_S23,right_eyelid,0.00033377336452329945,self-pcmci,True,MOCK DATA / NOT A SCIENTIFIC RESULT,displacement-report-draft-v1
speaking,3,MOCK_G12,MOCK_S23,whole_face,0.00039047135145240004,self-pcmci,True,MOCK DATA / NOT A SCIENTIFIC RESULT,displacement-report-draft-v1
speaking,3,MOCK_G12,MOCK_S24,jaw,-0.00034859615968600016,self-pcmci,True,MOCK DATA / NOT A SCIENTIFIC RESULT,displacement-report-draft-v1
speaking,3,MOCK_G12,MOCK_S24,left_brow,3.91909550598998e-05,self-pcmci,True,MOCK DATA / NOT A SCIENTIFIC RESULT,displacement-report-draft-v1
speaking,3,MOCK_G12,MOCK_S24,left_cheek,0.0012816854433960996,self-pcmci,True,MOCK DATA / NOT A SCIENTIFIC RESULT,displacement-report-draft-v1
speaking,3,MOCK_G12,MOCK_S24,left_eyelid,-5.568256381340009e-05,self-pcmci,True,MOCK DATA / NOT A SCIENTIFIC RESULT,displacement-report-draft-v1
speaking,3,MOCK_G12,MOCK_S24,mouth,0.00026347603127030005,self-pcmci,True,MOCK DATA / NOT A SCIENTIFIC RESULT,displacement-report-draft-v1
speaking,3,MOCK_G12,MOCK_S24,right_brow,-0.00039812853730180047,self-pcmci,True,MOCK DATA / NOT A SCIENTIFIC RESULT,displacement-report-draft-v1
speaking,3,MOCK_G12,MOCK_S24,right_cheek,0.0010470374988772995,self-pcmci,True,MOCK DATA / NOT A SCIENTIFIC RESULT,displacement-report-draft-v1
speaking,3,MOCK_G12,MOCK_S24,right_eyelid,0.0007516856267703997,self-pcmci,True,MOCK DATA / NOT A SCIENTIFIC RESULT,displacement-report-draft-v1
speaking,3,MOCK_G12,MOCK_S24,whole_face,0.00032258353682159974,self-pcmci,True,MOCK DATA / NOT A SCIENTIFIC RESULT,displacement-report-draft-v1
speaking,4,MOCK_G13,MOCK_S25,jaw,-0.0003903989254585988,self-pcmci,True,MOCK DATA / NOT A SCIENTIFIC RESULT,displacement-report-draft-v1
speaking,4,MOCK_G13,MOCK_S25,left_brow,-0.00026727586492259967,self-pcmci,True,MOCK DATA / NOT A SCIENTIFIC RESULT,displacement-report-draft-v1
speaking,4,MOCK_G13,MOCK_S25,left_cheek,0.0012640105582748997,self-pcmci,True,MOCK DATA / NOT A SCIENTIFIC RESULT,displacement-report-draft-v1
speaking,4,MOCK_G13,MOCK_S25,left_eyelid,0.00033377336452340006,self-pcmci,True,MOCK DATA / NOT A SCIENTIFIC RESULT,displacement-report-draft-v1
speaking,4,MOCK_G13,MOCK_S25,mouth,-0.00011126920200740017,self-pcmci,True,MOCK DATA / NOT A SCIENTIFIC RESULT,displacement-report-draft-v1
speaking,4,MOCK_G13,MOCK_S25,right_brow,-0.00032132976423260035,self-pcmci,True,MOCK DATA / NOT A SCIENTIFIC RESULT,displacement-report-draft-v1
speaking,4,MOCK_G13,MOCK_S25,right_eyelid,0.0010957347259300003,self-pcmci,True,MOCK DATA / NOT A SCIENTIFIC RESULT,displacement-report-draft-v1
speaking,4,MOCK_G13,MOCK_S26,jaw,-0.00022644272434189927,self-pcmci,True,MOCK DATA / NOT A SCIENTIFIC RESULT,displacement-report-draft-v1
speaking,4,MOCK_G13,MOCK_S26,left_brow,-0.00039812853730180047,self-pcmci,True,MOCK DATA / NOT A SCIENTIFIC RESULT,displacement-report-draft-v1
speaking,4,MOCK_G13,MOCK_S26,left_cheek,0.0010470374988773004,self-pcmci,True,MOCK DATA / NOT A SCIENTIFIC RESULT,displacement-report-draft-v1
speaking,4,MOCK_G13,MOCK_S26,left_eyelid,0.0007516856267703997,self-pcmci,True,MOCK DATA / NOT A SCIENTIFIC RESULT,displacement-report-draft-v1
speaking,4,MOCK_G13,MOCK_S26,mouth,-0.00034859615968600016,self-pcmci,True,MOCK DATA / NOT A SCIENTIFIC RESULT,displacement-report-draft-v1
speaking,4,MOCK_G13,MOCK_S26,right_brow,-5.568256381340009e-05,self-pcmci,True,MOCK DATA / NOT A SCIENTIFIC RESULT,displacement-report-draft-v1
speaking,4,MOCK_G13,MOCK_S26,right_eyelid,0.001281685443396,self-pcmci,True,MOCK DATA / NOT A SCIENTIFIC RESULT,displacement-report-draft-v1
speaking,4,MOCK_G14,MOCK_S27,jaw,0.00010313024745860037,self-pcmci,True,MOCK DATA / NOT A SCIENTIFIC RESULT,displacement-report-draft-v1
speaking,4,MOCK_G14,MOCK_S27,left_brow,-0.0003213297642327001,self-pcmci,True,MOCK DATA / NOT A SCIENTIFIC RESULT,displacement-report-draft-v1
speaking,4,MOCK_G14,MOCK_S27,left_cheek,0.0006838888373437999,self-pcmci,True,MOCK DATA / NOT A SCIENTIFIC RESULT,displacement-report-draft-v1
speaking,4,MOCK_G14,MOCK_S27,left_eyelid,0.0010957347259300003,self-pcmci,True,MOCK DATA / NOT A SCIENTIFIC RESULT,displacement-report-draft-v1
speaking,4,MOCK_G14,MOCK_S27,mouth,-0.0003903989254586994,self-pcmci,True,MOCK DATA / NOT A SCIENTIFIC RESULT,displacement-report-draft-v1
speaking,4,MOCK_G14,MOCK_S27,right_brow,0.0003337733645233003,self-pcmci,True,MOCK DATA / NOT A SCIENTIFIC RESULT,displacement-report-draft-v1
speaking,4,MOCK_G14,MOCK_S27,right_eyelid,0.0012640105582748,self-pcmci,True,MOCK DATA / NOT A SCIENTIFIC RESULT,displacement-report-draft-v1
speaking,4,MOCK_G14,MOCK_S28,jaw,0.0005176290321867987,self-pcmci,True,MOCK DATA / NOT A SCIENTIFIC RESULT,displacement-report-draft-v1
speaking,4,MOCK_G14,MOCK_S28,left_brow,-5.568256381340009e-05,self-pcmci,True,MOCK DATA / NOT A SCIENTIFIC RESULT,displacement-report-draft-v1
speaking,4,MOCK_G14,MOCK_S28,left_cheek,0.0002634760312702992,self-pcmci,True,MOCK DATA / NOT A SCIENTIFIC RESULT,displacement-report-draft-v1
speaking,4,MOCK_G14,MOCK_S28,left_eyelid,0.0012816854433960996,self-pcmci,True,MOCK DATA / NOT A SCIENTIFIC RESULT,displacement-report-draft-v1
speaking,4,MOCK_G14,MOCK_S28,mouth,-0.000226442724341901,self-pcmci,True,MOCK DATA / NOT A SCIENTIFIC RESULT,displacement-report-draft-v1
speaking,4,MOCK_G14,MOCK_S28,right_brow,0.0007516856267703997,self-pcmci,True,MOCK DATA / NOT A SCIENTIFIC RESULT,displacement-report-draft-v1
speaking,4,MOCK_G14,MOCK_S28,right_eyelid,0.0010470374988772995,self-pcmci,True,MOCK DATA / NOT A SCIENTIFIC RESULT,displacement-report-draft-v1
speaking,4,MOCK_G15,MOCK_S29,jaw,0.0009155698711905995,self-pcmci,True,MOCK DATA / NOT A SCIENTIFIC RESULT,displacement-report-draft-v1
speaking,4,MOCK_G15,MOCK_S29,left_brow,0.0003337733645233003,self-pcmci,True,MOCK DATA / NOT A SCIENTIFIC RESULT,displacement-report-draft-v1
speaking,4,MOCK_G15,MOCK_S29,left_cheek,-0.00011126920200749991,self-pcmci,True,MOCK DATA / NOT A SCIENTIFIC RESULT,displacement-report-draft-v1
speaking,4,MOCK_G15,MOCK_S29,left_eyelid,0.0012640105582749006,self-pcmci,True,MOCK DATA / NOT A SCIENTIFIC RESULT,displacement-report-draft-v1
speaking,4,MOCK_G15,MOCK_S29,mouth,0.00010313024745859951,self-pcmci,True,MOCK DATA / NOT A SCIENTIFIC RESULT,displacement-report-draft-v1
speaking,4,MOCK_G15,MOCK_S29,right_brow,0.0010957347259300003,self-pcmci,True,MOCK DATA / NOT A SCIENTIFIC RESULT,displacement-report-draft-v1
speaking,4,MOCK_G15,MOCK_S29,right_eyelid,0.0006838888373437999,self-pcmci,True,MOCK DATA / NOT A SCIENTIFIC RESULT,displacement-report-draft-v1
speaking,4,MOCK_G15,MOCK_S30,jaw,0.0011995229684102007,self-pcmci,True,MOCK DATA / NOT A SCIENTIFIC RESULT,displacement-report-draft-v1
speaking,4,MOCK_G15,MOCK_S30,left_brow,0.0007516856267703997,self-pcmci,True,MOCK DATA / NOT A SCIENTIFIC RESULT,displacement-report-draft-v1
speaking,4,MOCK_G15,MOCK_S30,left_cheek,-0.00034859615968600016,self-pcmci,True,MOCK DATA / NOT A SCIENTIFIC RESULT,displacement-report-draft-v1
speaking,4,MOCK_G15,MOCK_S30,left_eyelid,0.0010470374988773004,self-pcmci,True,MOCK DATA / NOT A SCIENTIFIC RESULT,displacement-report-draft-v1
speaking,4,MOCK_G15,MOCK_S30,mouth,0.0005176290321867996,self-pcmci,True,MOCK DATA / NOT A SCIENTIFIC RESULT,displacement-report-draft-v1
speaking,4,MOCK_G15,MOCK_S30,right_brow,0.0012816854433961005,self-pcmci,True,MOCK DATA / NOT A SCIENTIFIC RESULT,displacement-report-draft-v1
speaking,4,MOCK_G15,MOCK_S30,right_eyelid,0.00026347603127030005,self-pcmci,True,MOCK DATA / NOT A SCIENTIFIC RESULT,displacement-report-draft-v1
non_speaking,0,MOCK_G01,MOCK_S01,jaw,0.0006149629675842993,full-pcmci,True,MOCK DATA / NOT A SCIENTIFIC RESULT,displacement-report-draft-v1
non_speaking,0,MOCK_G01,MOCK_S01,left_brow,-0.0005592569599879998,full-pcmci,True,MOCK DATA / NOT A SCIENTIFIC RESULT,displacement-report-draft-v1
non_speaking,0,MOCK_G01,MOCK_S01,left_cheek,-0.0010222351034209001,full-pcmci,True,MOCK DATA / NOT A SCIENTIFIC RESULT,displacement-report-draft-v1
non_speaking,0,MOCK_G01,MOCK_S01,left_eyelid,0.0015598613062535,full-pcmci,True,MOCK DATA / NOT A SCIENTIFIC RESULT,displacement-report-draft-v1
non_speaking,0,MOCK_G01,MOCK_S01,mouth,-0.0009922908645709,full-pcmci,True,MOCK DATA / NOT A SCIENTIFIC RESULT,displacement-report-draft-v1
non_speaking,0,MOCK_G01,MOCK_S01,right_brow,0.0010110486973922,full-pcmci,True,MOCK DATA / NOT A SCIENTIFIC RESULT,displacement-report-draft-v1
non_speaking,0,MOCK_G01,MOCK_S01,right_cheek,-0.0017791765908497003,full-pcmci,True,MOCK DATA / NOT A SCIENTIFIC RESULT,displacement-report-draft-v1
non_speaking,0,MOCK_G01,MOCK_S01,right_eyelid,0.0005826050849879003,full-pcmci,True,MOCK DATA / NOT A SCIENTIFIC RESULT,displacement-report-draft-v1
non_speaking,0,MOCK_G01,MOCK_S01,whole_face,-7.306018282644995e-05,full-pcmci,True,MOCK DATA / NOT A SCIENTIFIC RESULT,displacement-report-draft-v1
non_speaking,0,MOCK_G01,MOCK_S02,jaw,0.0012828378221105005,full-pcmci,True,MOCK DATA / NOT A SCIENTIFIC RESULT,displacement-report-draft-v1
non_speaking,0,MOCK_G01,MOCK_S02,left_brow,0.0003480516046380005,full-pcmci,True,MOCK DATA / NOT A SCIENTIFIC RESULT,displacement-report-draft-v1
non_speaking,0,MOCK_G01,MOCK_S02,left_cheek,-0.0015966912114176992,full-pcmci,True,MOCK DATA / NOT A SCIENTIFIC RESULT,displacement-report-draft-v1
non_speaking,0,MOCK_G01,MOCK_S02,left_eyelid,0.0011599394188364998,full-pcmci,True,MOCK DATA / NOT A SCIENTIFIC RESULT,displacement-report-draft-v1
non_speaking,0,MOCK_G01,MOCK_S02,mouth,-0.00011425279299769921,full-pcmci,True,MOCK DATA / NOT A SCIENTIFIC RESULT,displacement-report-draft-v1
non_speaking,0,MOCK_G01,MOCK_S02,right_brow,0.0014805883159523005,full-pcmci,True,MOCK DATA / NOT A SCIENTIFIC RESULT,displacement-report-draft-v1
non_speaking,0,MOCK_G01,MOCK_S02,right_cheek,-0.0014982394559539007,full-pcmci,True,MOCK DATA / NOT A SCIENTIFIC RESULT,displacement-report-draft-v1
non_speaking,0,MOCK_G01,MOCK_S02,right_eyelid,-0.00031909196944920025,full-pcmci,True,MOCK DATA / NOT A SCIENTIFIC RESULT,displacement-report-draft-v1
non_speaking,0,MOCK_G01,MOCK_S02,whole_face,9.289271646484992e-05,full-pcmci,True,MOCK DATA / NOT A SCIENTIFIC RESULT,displacement-report-draft-v1
non_speaking,0,MOCK_G02,MOCK_S03,jaw,0.0015211182236136997,full-pcmci,True,MOCK DATA / NOT A SCIENTIFIC RESULT,displacement-report-draft-v1
non_speaking,0,MOCK_G02,MOCK_S03,left_brow,0.0010925599884356006,full-pcmci,True,MOCK DATA / NOT A SCIENTIFIC RESULT,displacement-report-draft-v1
non_speaking,0,MOCK_G02,MOCK_S03,left_cheek,-0.0017112539338010003,full-pcmci,True,MOCK DATA / NOT A SCIENTIFIC RESULT,displacement-report-draft-v1
non_speaking,0,MOCK_G02,MOCK_S03,left_eyelid,0.0004030603486492,full-pcmci,True,MOCK DATA / NOT A SCIENTIFIC RESULT,displacement-report-draft-v1
non_speaking,0,MOCK_G02,MOCK_S03,mouth,0.0007379761062016009,full-pcmci,True,MOCK DATA / NOT A SCIENTIFIC RESULT,displacement-report-draft-v1
non_speaking,0,MOCK_G02,MOCK_S03,right_brow,0.0014691403855480005,full-pcmci,True,MOCK DATA / NOT A SCIENTIFIC RESULT,displacement-report-draft-v1
non_speaking,0,MOCK_G02,MOCK_S03,right_cheek,-0.0008155973787276,full-pcmci,True,MOCK DATA / NOT A SCIENTIFIC RESULT,displacement-report-draft-v1
non_speaking,0,MOCK_G02,MOCK_S03,right_eyelid,-0.0011255310528159998,full-pcmci,True,MOCK DATA / NOT A SCIENTIFIC RESULT,displacement-report-draft-v1
non_speaking,0,MOCK_G02,MOCK_S03,whole_face,0.00019643408588793793,full-pcmci,True,MOCK DATA / NOT A SCIENTIFIC RESULT,displacement-report-draft-v1
non_speaking,0,MOCK_G02,MOCK_S04,jaw,0.0012740218063695009,full-pcmci,True,MOCK DATA / NOT A SCIENTIFIC RESULT,displacement-report-draft-v1
non_speaking,0,MOCK_G02,MOCK_S04,left_brow,0.0014574349410053002,full-pcmci,True,MOCK DATA / NOT A SCIENTIFIC RESULT,displacement-report-draft-v1
non_speaking,0,MOCK_G02,MOCK_S04,left_cheek,-0.0013482414433412006,full-pcmci,True,MOCK DATA / NOT A SCIENTIFIC RESULT,displacement-report-draft-v1
non_speaking,0,MOCK_G02,MOCK_S04,left_eyelid,-0.00047149567233220006,full-pcmci,True,MOCK DATA / NOT A SCIENTIFIC RESULT,displacement-report-draft-v1
non_speaking,0,MOCK_G02,MOCK_S04,mouth,0.0013103991281193002,full-pcmci,True,MOCK DATA / NOT A SCIENTIFIC RESULT,displacement-report-draft-v1
non_speaking,0,MOCK_G02,MOCK_S04,right_brow,0.0009974775193375002,full-pcmci,True,MOCK DATA / NOT A SCIENTIFIC RESULT,displacement-report-draft-v1
non_speaking,0,MOCK_G02,MOCK_S04,right_cheek,5.006199586499952e-05,full-pcmci,True,MOCK DATA / NOT A SCIENTIFIC RESULT,displacement-report-draft-v1
non_speaking,0,MOCK_G02,MOCK_S04,right_eyelid,-0.0015989174560998003,full-pcmci,True,MOCK DATA / NOT A SCIENTIFIC RESULT,displacement-report-draft-v1
non_speaking,0,MOCK_G02,MOCK_S04,whole_face,0.00020884260236542478,full-pcmci,True,MOCK DATA / NOT A SCIENTIFIC RESULT,displacement-report-draft-v1
non_speaking,0,MOCK_G03,MOCK_S05,jaw,0.0006355086826229997,full-pcmci,True,MOCK DATA / NOT A SCIENTIFIC RESULT,displacement-report-draft-v1
non_speaking,0,MOCK_G03,MOCK_S05,left_brow,0.0013494104846063998,full-pcmci,True,MOCK DATA / NOT A SCIENTIFIC RESULT,displacement-report-draft-v1
non_speaking,0,MOCK_G03,MOCK_S05,left_cheek,-0.0006359226318263999,full-pcmci,True,MOCK DATA / NOT A SCIENTIFIC RESULT,displacement-report-draft-v1
non_speaking,0,MOCK_G03,MOCK_S05,left_eyelid,-0.0011975547241443,full-pcmci,True,MOCK DATA / NOT A SCIENTIFIC RESULT,displacement-report-draft-v1
non_speaking,0,MOCK_G03,MOCK_S05,mouth,0.0014435997398813995,full-pcmci,True,MOCK DATA / NOT A SCIENTIFIC RESULT,displacement-report-draft-v1
non_speaking,0,MOCK_G03,MOCK_S05,right_brow,0.00022561008590990007,full-pcmci,True,MOCK DATA / NOT A SCIENTIFIC RESULT,displacement-report-draft-v1
non_speaking,0,MOCK_G03,MOCK_S05,right_cheek,0.0008325123149677,full-pcmci,True,MOCK DATA / NOT A SCIENTIFIC RESULT,displacement-report-draft-v1
non_speaking,0,MOCK_G03,MOCK_S05,right_eyelid,-0.0016116327824532003,full-pcmci,True,MOCK DATA / NOT A SCIENTIFIC RESULT,displacement-report-draft-v1
non_speaking,0,MOCK_G03,MOCK_S05,whole_face,0.00013019139619556246,full-pcmci,True,MOCK DATA / NOT A SCIENTIFIC RESULT,displacement-report-draft-v1
non_speaking,0,MOCK_G03,MOCK_S06,jaw,-0.0001854126110037999,full-pcmci,True,MOCK DATA / NOT A SCIENTIFIC RESULT,displacement-report-draft-v1
non_speaking,0,MOCK_G03,MOCK_S06,left_brow,0.0008229961914511001,full-pcmci,True,MOCK DATA / NOT A SCIENTIFIC RESULT,displacement-report-draft-v1
non_speaking,0,MOCK_G03,MOCK_S06,left_cheek,0.00019664791868710067,full-pcmci,True,MOCK DATA / NOT A SCIENTIFIC RESULT,displacement-report-draft-v1
non_speaking,0,MOCK_G03,MOCK_S06,left_eyelid,-0.0015654011553443998,full-pcmci,True,MOCK DATA / NOT A SCIENTIFIC RESULT,displacement-report-draft-v1
non_speaking,0,MOCK_G03,MOCK_S06,mouth,0.0011185029694845,full-pcmci,True,MOCK DATA / NOT A SCIENTIFIC RESULT,displacement-report-draft-v1
non_speaking,0,MOCK_G03,MOCK_S06,right_brow,-0.0006019458162609004,full-pcmci,True,MOCK DATA / NOT A SCIENTIFIC RESULT,displacement-report-draft-v1
non_speaking,0,MOCK_G03,MOCK_S06,right_cheek,0.0013021325392432006,full-pcmci,True,MOCK DATA / NOT A SCIENTIFIC RESULT,displacement-report-draft-v1
non_speaking,0,MOCK_G03,MOCK_S06,right_eyelid,-0.0011815734302478,full-pcmci,True,MOCK DATA / NOT A SCIENTIFIC RESULT,displacement-report-draft-v1
non_speaking,0,MOCK_G03,MOCK_S06,whole_face,-1.1756674248875401e-05,full-pcmci,True,MOCK DATA / NOT A SCIENTIFIC RESULT,displacement-report-draft-v1
non_speaking,1,MOCK_G04,MOCK_S07,jaw,-0.0009342597227413995,full-pcmci,True,MOCK DATA / NOT A SCIENTIFIC RESULT,displacement-report-draft-v1
non_speaking,1,MOCK_G04,MOCK_S07,left_brow,-0.0009482683989654002,full-pcmci,True,MOCK DATA / NOT A SCIENTIFIC RESULT,displacement-report-draft-v1
non_speaking,1,MOCK_G04,MOCK_S07,left_cheek,0.0008948027335656007,full-pcmci,True,MOCK DATA / NOT A SCIENTIFIC RESULT,displacement-report-draft-v1
non_speaking,1,MOCK_G04,MOCK_S07,left_eyelid,-0.0014842847177378993,full-pcmci,True,MOCK DATA / NOT A SCIENTIFIC RESULT,displacement-report-draft-v1
non_speaking,1,MOCK_G04,MOCK_S07,mouth,0.0004563166966143001,full-pcmci,True,MOCK DATA / NOT A SCIENTIFIC RESULT,displacement-report-draft-v1
non_speaking,1,MOCK_G04,MOCK_S07,right_brow,-0.0012354347609138004,full-pcmci,True,MOCK DATA / NOT A SCIENTIFIC RESULT,displacement-report-draft-v1
non_speaking,1,MOCK_G04,MOCK_S07,right_cheek,0.0013354181106887,full-pcmci,True,MOCK DATA / NOT A SCIENTIFIC RESULT,displacement-report-draft-v1
non_speaking,1,MOCK_G04,MOCK_S07,right_eyelid,-0.0004604296890298003,full-pcmci,True,MOCK DATA / NOT A SCIENTIFIC RESULT,displacement-report-draft-v1
non_speaking,1,MOCK_G04,MOCK_S07,whole_face,-0.0002970174685649621,full-pcmci,True,MOCK DATA / NOT A SCIENTIFIC RESULT,displacement-report-draft-v1
non_speaking,1,MOCK_G04,MOCK_S08,jaw,-0.001392069001176199,full-pcmci,True,MOCK DATA / NOT A SCIENTIFIC RESULT,displacement-report-draft-v1
non_speaking,1,MOCK_G04,MOCK_S08,left_brow,-0.0013344181951722,full-pcmci,True,MOCK DATA / NOT A SCIENTIFIC RESULT,displacement-report-draft-v1
non_speaking,1,MOCK_G04,MOCK_S08,left_cheek,0.0012583676182938994,full-pcmci,True,MOCK DATA / NOT A SCIENTIFIC RESULT,displacement-report-draft-v1
non_speaking,1,MOCK_G04,MOCK_S08,left_eyelid,-0.0010048799444045999,full-pcmci,True,MOCK DATA / NOT A SCIENTIFIC RESULT,displacement-report-draft-v1
non_speaking,1,MOCK_G04,MOCK_S08,mouth,-0.00032568083003760035,full-pcmci,True,MOCK DATA / NOT A SCIENTIFIC RESULT,displacement-report-draft-v1
non_speaking,1,MOCK_G04,MOCK_S08,right_brow,-0.0014974784982957996,full-pcmci,True,MOCK DATA / NOT A SCIENTIFIC RESULT,displacement-report-draft-v1
non_speaking,1,MOCK_G04,MOCK_S08,right_cheek,0.0009481972554570995,full-pcmci,True,MOCK DATA / NOT A SCIENTIFIC RESULT,displacement-report-draft-v1
non_speaking,1,MOCK_G04,MOCK_S08,right_eyelid,0.00031966105730440054,full-pcmci,True,MOCK DATA / NOT A SCIENTIFIC RESULT,displacement-report-draft-v1
non_speaking,1,MOCK_G04,MOCK_S08,whole_face,-0.0003785375672538758,full-pcmci,True,MOCK DATA / NOT A SCIENTIFIC RESULT,displacement-report-draft-v1
non_speaking,1,MOCK_G05,MOCK_S09,jaw,-0.0014414484412220005,full-pcmci,True,MOCK DATA / NOT A SCIENTIFIC RESULT,displacement-report-draft-v1
non_speaking,1,MOCK_G05,MOCK_S09,left_brow,-0.0014465481479522995,full-pcmci,True,MOCK DATA / NOT A SCIENTIFIC RESULT,displacement-report-draft-v1
non_speaking,1,MOCK_G05,MOCK_S09,left_cheek,0.0012008861962045005,full-pcmci,True,MOCK DATA / NOT A SCIENTIFIC RESULT,displacement-report-draft-v1
non_speaking,1,MOCK_G05,MOCK_S09,left_eyelid,-0.0002961149001670998,full-pcmci,True,MOCK DATA / NOT A SCIENTIFIC RESULT,displacement-report-draft-v1
non_speaking,1,MOCK_G05,MOCK_S09,mouth,-0.0009866044503497005,full-pcmci,True,MOCK DATA / NOT A SCIENTIFIC RESULT,displacement-report-draft-v1
non_speaking,1,MOCK_G05,MOCK_S09,right_brow,-0.0013342867051252,full-pcmci,True,MOCK DATA / NOT A SCIENTIFIC RESULT,displacement-report-draft-v1
non_speaking,1,MOCK_G05,MOCK_S09,right_cheek,0.0002833795833882,full-pcmci,True,MOCK DATA / NOT A SCIENTIFIC RESULT,displacement-report-draft-v1
non_speaking,1,MOCK_G05,MOCK_S09,right_eyelid,0.000922364039574501,full-pcmci,True,MOCK DATA / NOT A SCIENTIFIC RESULT,displacement-report-draft-v1
non_speaking,1,MOCK_G05,MOCK_S09,whole_face,-0.00038729660320613746,full-pcmci,True,MOCK DATA / NOT A SCIENTIFIC RESULT,displacement-report-draft-v1
non_speaking,1,MOCK_G05,MOCK_S10,jaw,-0.0010971722952052999,full-pcmci,True,MOCK DATA / NOT A SCIENTIFIC RESULT,displacement-report-draft-v1
non_speaking,1,MOCK_G05,MOCK_S10,left_brow,-0.0012454880388003998,full-pcmci,True,MOCK DATA / NOT A SCIENTIFIC RESULT,displacement-report-draft-v1
non_speaking,1,MOCK_G05,MOCK_S10,left_cheek,0.0007698942156749,full-pcmci,True,MOCK DATA / NOT A SCIENTIFIC RESULT,displacement-report-draft-v1
non_speaking,1,MOCK_G05,MOCK_S10,left_eyelid,0.0004141972660707,full-pcmci,True,MOCK DATA / NOT A SCIENTIFIC RESULT,displacement-report-draft-v1
non_speaking,1,MOCK_G05,MOCK_S10,mouth,-0.0013382047180382,full-pcmci,True,MOCK DATA / NOT A SCIENTIFIC RESULT,displacement-report-draft-v1
non_speaking,1,MOCK_G05,MOCK_S10,right_brow,-0.0008252051975034006,full-pcmci,True,MOCK DATA / NOT A SCIENTIFIC RESULT,displacement-report-draft-v1
non_speaking,1,MOCK_G05,MOCK_S10,right_cheek,-0.00044083743338050024,full-pcmci,True,MOCK DATA / NOT A SCIENTIFIC RESULT,displacement-report-draft-v1
non_speaking,1,MOCK_G05,MOCK_S10,right_eyelid,0.0011808491345615003,full-pcmci,True,MOCK DATA / NOT A SCIENTIFIC RESULT,displacement-report-draft-v1
non_speaking,1,MOCK_G05,MOCK_S10,whole_face,-0.00032274588332758744,full-pcmci,True,MOCK DATA / NOT A SCIENTIFIC RESULT,displacement-report-draft-v1
non_speaking,1,MOCK_G06,MOCK_S11,jaw,-0.0004931794310886993,full-pcmci,True,MOCK DATA / NOT A SCIENTIFIC RESULT,displacement-report-draft-v1
non_speaking,1,MOCK_G06,MOCK_S11,left_brow,-0.0008014739483789999,full-pcmci,True,MOCK DATA / NOT A SCIENTIFIC RESULT,displacement-report-draft-v1
non_speaking,1,MOCK_G06,MOCK_S11,left_cheek,0.00012359179991450024,full-pcmci,True,MOCK DATA / NOT A SCIENTIFIC RESULT,displacement-report-draft-v1
non_speaking,1,MOCK_G06,MOCK_S11,left_eyelid,0.0009140974506983996,full-pcmci,True,MOCK DATA / NOT A SCIENTIFIC RESULT,displacement-report-draft-v1
non_speaking,1,MOCK_G06,MOCK_S11,mouth,-0.0013001914911230997,full-pcmci,True,MOCK DATA / NOT A SCIENTIFIC RESULT,displacement-report-draft-v1
non_speaking,1,MOCK_G06,MOCK_S11,right_brow,-0.00014952897734490066,full-pcmci,True,MOCK DATA / NOT A SCIENTIFIC RESULT,displacement-report-draft-v1
non_speaking,1,MOCK_G06,MOCK_S11,right_cheek,-0.0010037530291855,full-pcmci,True,MOCK DATA / NOT A SCIENTIFIC RESULT,displacement-report-draft-v1
non_speaking,1,MOCK_G06,MOCK_S11,right_eyelid,0.0010453673593195005,full-pcmci,True,MOCK DATA / NOT A SCIENTIFIC RESULT,displacement-report-draft-v1
non_speaking,1,MOCK_G06,MOCK_S11,whole_face,-0.00020813378339859957,full-pcmci,True,MOCK DATA / NOT A SCIENTIFIC RESULT,displacement-report-draft-v1
non_speaking,1,MOCK_G06,MOCK_S12,jaw,0.00016756306955749943,full-pcmci,True,MOCK DATA / NOT A SCIENTIFIC RESULT,displacement-report-draft-v1
non_speaking,1,MOCK_G06,MOCK_S12,left_brow,-0.0002696127728378994,full-pcmci,True,MOCK DATA / NOT A SCIENTIFIC RESULT,displacement-report-draft-v1
non_speaking,1,MOCK_G06,MOCK_S12,left_cheek,-0.0005262914906548994,full-pcmci,True,MOCK DATA / NOT A SCIENTIFIC RESULT,displacement-report-draft-v1
non_speaking,1,MOCK_G06,MOCK_S12,left_eyelid,0.0010726675053688,full-pcmci,True,MOCK DATA / NOT A SCIENTIFIC RESULT,displacement-report-draft-v1
non_speaking,1,MOCK_G06,MOCK_S12,mouth,-0.0009178677948026995,full-pcmci,True,MOCK DATA / NOT A SCIENTIFIC RESULT,displacement-report-draft-v1
non_speaking,1,MOCK_G06,MOCK_S12,right_brow,0.00047648768466859986,full-pcmci,True,MOCK DATA / NOT A SCIENTIFIC RESULT,displacement-report-draft-v1
non_speaking,1,MOCK_G06,MOCK_S12,right_cheek,-0.0012513547804119006,full-pcmci,True,MOCK DATA / NOT A SCIENTIFIC RESULT,displacement-report-draft-v1
non_speaking,1,MOCK_G06,MOCK_S12,right_eyelid,0.0005907022296662992,full-pcmci,True,MOCK DATA / NOT A SCIENTIFIC RESULT,displacement-report-draft-v1
non_speaking,1,MOCK_G06,MOCK_S12,whole_face,-8.221329368077526e-05,full-pcmci,True,MOCK DATA / NOT A SCIENTIFIC RESULT,displacement-report-draft-v1
non_speaking,2,MOCK_G07,MOCK_S13,jaw,0.000681997351968,full-pcmci,True,MOCK DATA / NOT A SCIENTIFIC RESULT,displacement-report-draft-v1
non_speaking,2,MOCK_G07,MOCK_S13,left_brow,-2.651583872750017e-05,full-pcmci,True,MOCK DATA / NOT A SCIENTIFIC RESULT,displacement-report-draft-v1
non_speaking,2,MOCK_G07,MOCK_S13,left_cheek,-0.0009850217995260998,full-pcmci,True,MOCK DATA / NOT A SCIENTIFIC RESULT,displacement-report-draft-v1
non_speaking,2,MOCK_G07,MOCK_S13,left_eyelid,0.0008750616452922006,full-pcmci,True,MOCK DATA / NOT A SCIENTIFIC RESULT,displacement-report-draft-v1
non_speaking,2,MOCK_G07,MOCK_S13,mouth,-0.00033846360099619964,full-pcmci,True,MOCK DATA / NOT A SCIENTIFIC RESULT,displacement-report-draft-v1
non_speaking,2,MOCK_G07,MOCK_S13,right_brow,0.0008703325297491002,full-pcmci,True,MOCK DATA / NOT A SCIENTIFIC RESULT,displacement-report-draft-v1
non_speaking,2,MOCK_G07,MOCK_S13,right_cheek,-0.0011396822189357007,full-pcmci,True,MOCK DATA / NOT A SCIENTIFIC RESULT,displacement-report-draft-v1
non_speaking,2,MOCK_G07,MOCK_S13,right_eyelid,-1.6676419119200474e-05,full-pcmci,True,MOCK DATA / NOT A SCIENTIFIC RESULT,displacement-report-draft-v1
non_speaking,2,MOCK_G07,MOCK_S13,whole_face,-9.871043786925313e-06,full-pcmci,True,MOCK DATA / NOT A SCIENTIFIC RESULT,displacement-report-draft-v1
non_speaking,2,MOCK_G07,MOCK_S14,jaw,0.0009111124874081993,full-pcmci,True,MOCK DATA / NOT A SCIENTIFIC RESULT,displacement-report-draft-v1
non_speaking,2,MOCK_G07,MOCK_S14,left_brow,0.0005040489906773995,full-pcmci,True,MOCK DATA / NOT A SCIENTIFIC RESULT,displacement-report-draft-v1
non_speaking,2,MOCK_G07,MOCK_S14,left_cheek,-0.0011349816212395001,full-pcmci,True,MOCK DATA / NOT A SCIENTIFIC RESULT,displacement-report-draft-v1
non_speaking,2,MOCK_G07,MOCK_S14,left_eyelid,0.0004177651164402,full-pcmci,True,MOCK DATA / NOT A SCIENTIFIC RESULT,displacement-report-draft-v1
non_speaking,2,MOCK_G07,MOCK_S14,mouth,0.0002436435386863004,full-pcmci,True,MOCK DATA / NOT A SCIENTIFIC RESULT,displacement-report-draft-v1
non_speaking,2,MOCK_G07,MOCK_S14,right_brow,0.0009381355908847002,full-pcmci,True,MOCK DATA / NOT A SCIENTIFIC RESULT,displacement-report-draft-v1
non_speaking,2,MOCK_G07,MOCK_S14,right_cheek,-0.0007397696947103998,full-pcmci,True,MOCK DATA / NOT A SCIENTIFIC RESULT,displacement-report-draft-v1
non_speaking,2,MOCK_G07,MOCK_S14,right_eyelid,-0.0005786362182632005,full-pcmci,True,MOCK DATA / NOT A SCIENTIFIC RESULT,displacement-report-draft-v1
non_speaking,2,MOCK_G07,MOCK_S14,whole_face,7.016477373546302e-05,full-pcmci,True,MOCK DATA / NOT A SCIENTIFIC RESULT,displacement-report-draft-v1
non_speaking,2,MOCK_G08,MOCK_S15,jaw,0.0008185412470011009,full-pcmci,True,MOCK DATA / NOT A SCIENTIFIC RESULT,displacement-report-draft-v1
non_speaking,2,MOCK_G08,MOCK_S15,left_brow,0.0007928140460167999,full-pcmci,True,MOCK DATA / NOT A SCIENTIFIC RESULT,displacement-report-draft-v1
non_speaking,2,MOCK_G08,MOCK_S15,left_cheek,-0.0009663196228260991,full-pcmci,True,MOCK DATA / NOT A SCIENTIFIC RESULT,displacement-report-draft-v1
non_speaking,2,MOCK_G08,MOCK_S15,left_eyelid,-0.00013183302246210036,full-pcmci,True,MOCK DATA / NOT A SCIENTIFIC RESULT,displacement-report-draft-v1
non_speaking,2,MOCK_G08,MOCK_S15,mouth,0.0006528653634176994,full-pcmci,True,MOCK DATA / NOT A SCIENTIFIC RESULT,displacement-report-draft-v1
non_speaking,2,MOCK_G08,MOCK_S15,right_brow,0.0006967586055100002,full-pcmci,True,MOCK DATA / NOT A SCIENTIFIC RESULT,displacement-report-draft-v1
non_speaking,2,MOCK_G08,MOCK_S15,right_cheek,-0.00020499146327549941,full-pcmci,True,MOCK DATA / NOT A SCIENTIFIC RESULT,displacement-report-draft-v1
non_speaking,2,MOCK_G08,MOCK_S15,right_eyelid,-0.0009311575163881,full-pcmci,True,MOCK DATA / NOT A SCIENTIFIC RESULT,displacement-report-draft-v1
non_speaking,2,MOCK_G08,MOCK_S15,whole_face,9.0834704624225e-05,full-pcmci,True,MOCK DATA / NOT A SCIENTIFIC RESULT,displacement-report-draft-v1
non_speaking,2,MOCK_G08,MOCK_S16,jaw,0.0004725724583975006,full-pcmci,True,MOCK DATA / NOT A SCIENTIFIC RESULT,displacement-report-draft-v1
non_speaking,2,MOCK_G08,MOCK_S16,left_brow,0.0007826167539997002,full-pcmci,True,MOCK DATA / NOT A SCIENTIFIC RESULT,displacement-report-draft-v1
non_speaking,2,MOCK_G08,MOCK_S16,left_cheek,-0.0005699782041578005,full-pcmci,True,MOCK DATA / NOT A SCIENTIFIC RESULT,displacement-report-draft-v1
non_speaking,2,MOCK_G08,MOCK_S16,left_eyelid,-0.0005957847970989999,full-pcmci,True,MOCK DATA / NOT A SCIENTIFIC RESULT,displacement-report-draft-v1
non_speaking,2,MOCK_G08,MOCK_S16,mouth,0.0007869446829117995,full-pcmci,True,MOCK DATA / NOT A SCIENTIFIC RESULT,displacement-report-draft-v1
non_speaking,2,MOCK_G08,MOCK_S16,right_brow,0.00025797733296650024,full-pcmci,True,MOCK DATA / NOT A SCIENTIFIC RESULT,displacement-report-draft-v1
non_speaking,2,MOCK_G08,MOCK_S16,right_cheek,0.00028586405631200046,full-pcmci,True,MOCK DATA / NOT A SCIENTIFIC RESULT,displacement-report-draft-v1
non_speaking,2,MOCK_G08,MOCK_S16,right_eyelid,-0.0009937246711403998,full-pcmci,True,MOCK DATA / NOT A SCIENTIFIC RESULT,displacement-report-draft-v1
non_speaking,2,MOCK_G08,MOCK_S16,whole_face,5.33109515237877e-05,full-pcmci,True,MOCK DATA / NOT A SCIENTIFIC RESULT,displacement-report-draft-v1
non_speaking,2,MOCK_G09,MOCK_S17,jaw,1.3493687593999805e-05,full-pcmci,True,MOCK DATA / NOT A SCIENTIFIC RESULT,displacement-report-draft-v1
non_speaking,2,MOCK_G09,MOCK_S17,left_brow,0.0005175666195012,full-pcmci,True,MOCK DATA / NOT A SCIENTIFIC RESULT,displacement-report-draft-v1
non_speaking,2,MOCK_G09,MOCK_S17,left_cheek,-9.808413086180058e-05,full-pcmci,True,MOCK DATA / NOT A SCIENTIFIC RESULT,displacement-report-draft-v1
non_speaking,2,MOCK_G09,MOCK_S17,left_eyelid,-0.0008443075787616999,full-pcmci,True,MOCK DATA / NOT A SCIENTIFIC RESULT,displacement-report-draft-v1
non_speaking,2,MOCK_G09,MOCK_S17,mouth,0.0006427130129995004,full-pcmci,True,MOCK DATA / NOT A SCIENTIFIC RESULT,displacement-report-draft-v1
non_speaking,2,MOCK_G09,MOCK_S17,right_brow,-0.00021728707973650042,full-pcmci,True,MOCK DATA / NOT A SCIENTIFIC RESULT,displacement-report-draft-v1
non_speaking,2,MOCK_G09,MOCK_S17,right_cheek,0.0005890854194498,full-pcmci,True,MOCK DATA / NOT A SCIENTIFIC RESULT,displacement-report-draft-v1
non_speaking,2,MOCK_G09,MOCK_S17,right_eyelid,-0.0007870151224235993,full-pcmci,True,MOCK DATA / NOT A SCIENTIFIC RESULT,displacement-report-draft-v1
non_speaking,2,MOCK_G09,MOCK_S17,whole_face,-2.297939652988728e-05,full-pcmci,True,MOCK DATA / NOT A SCIENTIFIC RESULT,displacement-report-draft-v1
non_speaking,2,MOCK_G09,MOCK_S18,jaw,-0.0004001725605601997,full-pcmci,True,MOCK DATA / NOT A SCIENTIFIC RESULT,displacement-report-draft-v1
non_speaking,2,MOCK_G09,MOCK_S18,left_brow,0.00011770911393269978,full-pcmci,True,MOCK DATA / NOT A SCIENTIFIC RESULT,displacement-report-draft-v1
non_speaking,2,MOCK_G09,MOCK_S18,left_cheek,0.00029254142363129964,full-pcmci,True,MOCK DATA / NOT A SCIENTIFIC RESULT,displacement-report-draft-v1
non_speaking,2,MOCK_G09,MOCK_S18,left_eyelid,-0.0008332153989532003,full-pcmci,True,MOCK DATA / NOT A SCIENTIFIC RESULT,displacement-report-draft-v1
non_speaking,2,MOCK_G09,MOCK_S18,mouth,0.00030650565563749947,full-pcmci,True,MOCK DATA / NOT A SCIENTIFIC RESULT,displacement-report-draft-v1
non_speaking,2,MOCK_G09,MOCK_S18,right_brow,-0.0005770535674395998,full-pcmci,True,MOCK DATA / NOT A SCIENTIFIC RESULT,displacement-report-draft-v1
non_speaking,2,MOCK_G09,MOCK_S18,right_cheek,0.0006394444467388008,full-pcmci,True,MOCK DATA / NOT A SCIENTIFIC RESULT,displacement-report-draft-v1
non_speaking,2,MOCK_G09,MOCK_S18,right_eyelid,-0.0004152623740653,full-pcmci,True,MOCK DATA / NOT A SCIENTIFIC RESULT,displacement-report-draft-v1
non_speaking,2,MOCK_G09,MOCK_S18,whole_face,-0.00010868790763475002,full-pcmci,True,MOCK DATA / NOT A SCIENTIFIC RESULT,displacement-report-draft-v1
non_speaking,3,MOCK_G10,MOCK_S19,jaw,-0.0006465931241932,full-pcmci,True,MOCK DATA / NOT A SCIENTIFIC RESULT,displacement-report-draft-v1
non_speaking,3,MOCK_G10,MOCK_S19,left_brow,-0.00026963180734490035,full-pcmci,True,MOCK DATA / NOT A SCIENTIFIC RESULT,displacement-report-draft-v1
non_speaking,3,MOCK_G10,MOCK_S19,left_cheek,0.0004932002251610999,full-pcmci,True,MOCK DATA / NOT A SCIENTIFIC RESULT,displacement-report-draft-v1
non_speaking,3,MOCK_G10,MOCK_S19,left_eyelid,-0.0006089170223312996,full-pcmci,True,MOCK DATA / NOT A SCIENTIFIC RESULT,displacement-report-draft-v1
non_speaking,3,MOCK_G10,MOCK_S19,mouth,-8.47997719484999e-05,full-pcmci,True,MOCK DATA / NOT A SCIENTIFIC RESULT,displacement-report-draft-v1
non_speaking,3,MOCK_G10,MOCK_S19,right_brow,-0.0007279344195893003,full-pcmci,True,MOCK DATA / NOT A SCIENTIFIC RESULT,displacement-report-draft-v1
non_speaking,3,MOCK_G10,MOCK_S19,right_cheek,0.00046301856072509997,full-pcmci,True,MOCK DATA / NOT A SCIENTIFIC RESULT,displacement-report-draft-v1
non_speaking,3,MOCK_G10,MOCK_S19,right_eyelid,-2.20036617329996e-05,full-pcmci,True,MOCK DATA / NOT A SCIENTIFIC RESULT,displacement-report-draft-v1
non_speaking,3,MOCK_G10,MOCK_S19,whole_face,-0.00017545762765674988,full-pcmci,True,MOCK DATA / NOT A SCIENTIFIC RESULT,displacement-report-draft-v1
non_speaking,3,MOCK_G10,MOCK_S20,jaw,-0.0006776330285944996,full-pcmci,True,MOCK DATA / NOT A SCIENTIFIC RESULT,displacement-report-draft-v1
non_speaking,3,MOCK_G10,MOCK_S20,left_brow,-0.0005231892843016008,full-pcmci,True,MOCK DATA / NOT A SCIENTIFIC RESULT,displacement-report-draft-v1
non_speaking,3,MOCK_G10,MOCK_S20,left_cheek,0.00047449214784160004,full-pcmci,True,MOCK DATA / NOT A SCIENTIFIC RESULT,displacement-report-draft-v1
non_speaking,3,MOCK_G10,MOCK_S20,left_eyelid,-0.00028179023634460065,full-pcmci,True,MOCK DATA / NOT A SCIENTIFIC RESULT,displacement-report-draft-v1
non_speaking,3,MOCK_G10,MOCK_S20,mouth,-0.0003963559435462005,full-pcmci,True,MOCK DATA / NOT A SCIENTIFIC RESULT,displacement-report-draft-v1
non_speaking,3,MOCK_G10,MOCK_S20,right_brow,-0.0006598528028434998,full-pcmci,True,MOCK DATA / NOT A SCIENTIFIC RESULT,displacement-report-draft-v1
non_speaking,3,MOCK_G10,MOCK_S20,right_cheek,0.0001573894292829,full-pcmci,True,MOCK DATA / NOT A SCIENTIFIC RESULT,displacement-report-draft-v1
non_speaking,3,MOCK_G10,MOCK_S20,right_eyelid,0.0002634094350809999,full-pcmci,True,MOCK DATA / NOT A SCIENTIFIC RESULT,displacement-report-draft-v1
non_speaking,3,MOCK_G10,MOCK_S20,whole_face,-0.00020544128542811235,full-pcmci,True,MOCK DATA / NOT A SCIENTIFIC RESULT,displacement-report-draft-v1
non_speaking,3,MOCK_G11,MOCK_S21,jaw,-0.0005263797133108015,full-pcmci,True,MOCK DATA / NOT A SCIENTIFIC RESULT,displacement-report-draft-v1
non_speaking,3,MOCK_G11,MOCK_S21,left_brow,-0.0005866774694902998,full-pcmci,True,MOCK DATA / NOT A SCIENTIFIC RESULT,displacement-report-draft-v1
non_speaking,3,MOCK_G11,MOCK_S21,left_cheek,0.0002866217409315001,full-pcmci,True,MOCK DATA / NOT A SCIENTIFIC RESULT,displacement-report-draft-v1
non_speaking,3,MOCK_G11,MOCK_S21,left_eyelid,2.0216855892700447e-05,full-pcmci,True,MOCK DATA / NOT A SCIENTIFIC RESULT,displacement-report-draft-v1
non_speaking,3,MOCK_G11,MOCK_S21,mouth,-0.0005419996847507002,full-pcmci,True,MOCK DATA / NOT A SCIENTIFIC RESULT,displacement-report-draft-v1
non_speaking,3,MOCK_G11,MOCK_S21,right_brow,-0.0004391255317786995,full-pcmci,True,MOCK DATA / NOT A SCIENTIFIC RESULT,displacement-report-draft-v1
non_speaking,3,MOCK_G11,MOCK_S21,right_cheek,-0.0001512471844168006,full-pcmci,True,MOCK DATA / NOT A SCIENTIFIC RESULT,displacement-report-draft-v1
non_speaking,3,MOCK_G11,MOCK_S21,right_eyelid,0.00036903242066470016,full-pcmci,True,MOCK DATA / NOT A SCIENTIFIC RESULT,displacement-report-draft-v1
non_speaking,3,MOCK_G11,MOCK_S21,whole_face,-0.0001961948207823,full-pcmci,True,MOCK DATA / NOT A SCIENTIFIC RESULT,displacement-report-draft-v1
non_speaking,3,MOCK_G11,MOCK_S22,jaw,-0.0002848289016247011,full-pcmci,True,MOCK DATA / NOT A SCIENTIFIC RESULT,displacement-report-draft-v1
non_speaking,3,MOCK_G11,MOCK_S22,left_brow,-0.0004805483024410001,full-pcmci,True,MOCK DATA / NOT A SCIENTIFIC RESULT,displacement-report-draft-v1
non_speaking,3,MOCK_G11,MOCK_S22,left_cheek,3.116857271519974e-05,full-pcmci,True,MOCK DATA / NOT A SCIENTIFIC RESULT,displacement-report-draft-v1
non_speaking,3,MOCK_G11,MOCK_S22,left_eyelid,0.00019962949111299987,full-pcmci,True,MOCK DATA / NOT A SCIENTIFIC RESULT,displacement-report-draft-v1
non_speaking,3,MOCK_G11,MOCK_S22,mouth,-0.0005088002642926999,full-pcmci,True,MOCK DATA / NOT A SCIENTIFIC RESULT,displacement-report-draft-v1
non_speaking,3,MOCK_G11,MOCK_S22,right_brow,-0.00017488290393099983,full-pcmci,True,MOCK DATA / NOT A SCIENTIFIC RESULT,displacement-report-draft-v1
non_speaking,3,MOCK_G11,MOCK_S22,right_cheek,-0.0003569225492490004,full-pcmci,True,MOCK DATA / NOT A SCIENTIFIC RESULT,displacement-report-draft-v1
non_speaking,3,MOCK_G11,MOCK_S22,right_eyelid,0.0002986639138398998,full-pcmci,True,MOCK DATA / NOT A SCIENTIFIC RESULT,displacement-report-draft-v1
non_speaking,3,MOCK_G11,MOCK_S22,whole_face,-0.0001595651179837872,full-pcmci,True,MOCK DATA / NOT A SCIENTIFIC RESULT,displacement-report-draft-v1
non_speaking,3,MOCK_G12,MOCK_S23,jaw,-6.216045946840117e-05,full-pcmci,True,MOCK DATA / NOT A SCIENTIFIC RESULT,displacement-report-draft-v1
non_speaking,3,MOCK_G12,MOCK_S23,left_brow,-0.0002844097016861001,full-pcmci,True,MOCK DATA / NOT A SCIENTIFIC RESULT,displacement-report-draft-v1
non_speaking,3,MOCK_G12,MOCK_S23,left_cheek,-0.00018319950116259948,full-pcmci,True,MOCK DATA / NOT A SCIENTIFIC RESULT,displacement-report-draft-v1
non_speaking,3,MOCK_G12,MOCK_S23,left_eyelid,0.00022153218449170054,full-pcmci,True,MOCK DATA / NOT A SCIENTIFIC RESULT,displacement-report-draft-v1
non_speaking,3,MOCK_G12,MOCK_S23,mouth,-0.0003522857660695992,full-pcmci,True,MOCK DATA / NOT A SCIENTIFIC RESULT,displacement-report-draft-v1
non_speaking,3,MOCK_G12,MOCK_S23,right_brow,2.6894223212100242e-05,full-pcmci,True,MOCK DATA / NOT A SCIENTIFIC RESULT,displacement-report-draft-v1
non_speaking,3,MOCK_G12,MOCK_S23,right_cheek,-0.00041046070282179953,full-pcmci,True,MOCK DATA / NOT A SCIENTIFIC RESULT,displacement-report-draft-v1
non_speaking,3,MOCK_G12,MOCK_S23,right_eyelid,0.00012055493817140009,full-pcmci,True,MOCK DATA / NOT A SCIENTIFIC RESULT,displacement-report-draft-v1
non_speaking,3,MOCK_G12,MOCK_S23,whole_face,-0.00011544184816666189,full-pcmci,True,MOCK DATA / NOT A SCIENTIFIC RESULT,displacement-report-draft-v1
non_speaking,3,MOCK_G12,MOCK_S24,jaw,5.947298632769972e-05,full-pcmci,True,MOCK DATA / NOT A SCIENTIFIC RESULT,displacement-report-draft-v1
non_speaking,3,MOCK_G12,MOCK_S24,left_brow,-9.880243480209997e-05,full-pcmci,True,MOCK DATA / NOT A SCIENTIFIC RESULT,displacement-report-draft-v1
non_speaking,3,MOCK_G12,MOCK_S24,left_cheek,-0.00028344446265970036,full-pcmci,True,MOCK DATA / NOT A SCIENTIFIC RESULT,displacement-report-draft-v1
non_speaking,3,MOCK_G12,MOCK_S24,left_eyelid,0.00011896946156549938,full-pcmci,True,MOCK DATA / NOT A SCIENTIFIC RESULT,displacement-report-draft-v1
non_speaking,3,MOCK_G12,MOCK_S24,mouth,-0.00016628979592960003,full-pcmci,True,MOCK DATA / NOT A SCIENTIFIC RESULT,displacement-report-draft-v1
non_speaking,3,MOCK_G12,MOCK_S24,right_brow,0.00010374429682439949,full-pcmci,True,MOCK DATA / NOT A SCIENTIFIC RESULT,displacement-report-draft-v1
non_speaking,3,MOCK_G12,MOCK_S24,right_cheek,-0.00033110604552019987,full-pcmci,True,MOCK DATA / NOT A SCIENTIFIC RESULT,displacement-report-draft-v1
non_speaking,3,MOCK_G12,MOCK_S24,right_eyelid,-6.712488682729997e-05,full-pcmci,True,MOCK DATA / NOT A SCIENTIFIC RESULT,displacement-report-draft-v1
non_speaking,3,MOCK_G12,MOCK_S24,whole_face,-8.307261012766281e-05,full-pcmci,True,MOCK DATA / NOT A SCIENTIFIC RESULT,displacement-report-draft-v1
non_speaking,4,MOCK_G13,MOCK_S25,jaw,5.471379562459883e-05,full-pcmci,True,MOCK DATA / NOT A SCIENTIFIC RESULT,displacement-report-draft-v1
non_speaking,4,MOCK_G13,MOCK_S25,left_brow,-2.237765338300099e-06,full-pcmci,True,MOCK DATA / NOT A SCIENTIFIC RESULT,displacement-report-draft-v1
non_speaking,4,MOCK_G13,MOCK_S25,left_cheek,-0.00025722022252080024,full-pcmci,True,MOCK DATA / NOT A SCIENTIFIC RESULT,displacement-report-draft-v1
non_speaking,4,MOCK_G13,MOCK_S25,left_eyelid,-2.8561288183200258e-05,full-pcmci,True,MOCK DATA / NOT A SCIENTIFIC RESULT,displacement-report-draft-v1
non_speaking,4,MOCK_G13,MOCK_S25,mouth,-4.058531533020042e-05,full-pcmci,True,MOCK DATA / NOT A SCIENTIFIC RESULT,displacement-report-draft-v1
non_speaking,4,MOCK_G13,MOCK_S25,right_brow,5.657988559449982e-05,full-pcmci,True,MOCK DATA / NOT A SCIENTIFIC RESULT,displacement-report-draft-v1
non_speaking,4,MOCK_G13,MOCK_S25,right_eyelid,-0.00017938288414870007,full-pcmci,True,MOCK DATA / NOT A SCIENTIFIC RESULT,displacement-report-draft-v1
non_speaking,4,MOCK_G13,MOCK_S26,jaw,-4.033714617459987e-05,full-pcmci,True,MOCK DATA / NOT A SCIENTIFIC RESULT,displacement-report-draft-v1
non_speaking,4,MOCK_G13,MOCK_S26,left_brow,-2.042350767200024e-05,full-pcmci,True,MOCK DATA / NOT A SCIENTIFIC RESULT,displacement-report-draft-v1
non_speaking,4,MOCK_G13,MOCK_S26,left_cheek,-0.0001516344800331004,full-pcmci,True,MOCK DATA / NOT A SCIENTIFIC RESULT,displacement-report-draft-v1
non_speaking,4,MOCK_G13,MOCK_S26,left_eyelid,-0.0001335722992955998,full-pcmci,True,MOCK DATA / NOT A SCIENTIFIC RESULT,displacement-report-draft-v1
non_speaking,4,MOCK_G13,MOCK_S26,mouth,-2.3452649659401123e-05,full-pcmci,True,MOCK DATA / NOT A SCIENTIFIC RESULT,displacement-report-draft-v1
non_speaking,4,MOCK_G13,MOCK_S26,right_brow,-5.742735822810048e-05,full-pcmci,True,MOCK DATA / NOT A SCIENTIFIC RESULT,displacement-report-draft-v1
non_speaking,4,MOCK_G13,MOCK_S26,right_eyelid,-0.00017885102321720057,full-pcmci,True,MOCK DATA / NOT A SCIENTIFIC RESULT,displacement-report-draft-v1
non_speaking,4,MOCK_G14,MOCK_S27,jaw,-0.00014916321840800079,full-pcmci,True,MOCK DATA / NOT A SCIENTIFIC RESULT,displacement-report-draft-v1
non_speaking,4,MOCK_G14,MOCK_S27,left_brow,-0.00011924834840720041,full-pcmci,True,MOCK DATA / NOT A SCIENTIFIC RESULT,displacement-report-draft-v1
non_speaking,4,MOCK_G14,MOCK_S27,left_cheek,-4.750194394609851e-05,full-pcmci,True,MOCK DATA / NOT A SCIENTIFIC RESULT,displacement-report-draft-v1
non_speaking,4,MOCK_G14,MOCK_S27,left_eyelid,-0.00013994948985149996,full-pcmci,True,MOCK DATA / NOT A SCIENTIFIC RESULT,displacement-report-draft-v1
non_speaking,4,MOCK_G14,MOCK_S27,mouth,-0.00010374431005190018,full-pcmci,True,MOCK DATA / NOT A SCIENTIFIC RESULT,displacement-report-draft-v1
non_speaking,4,MOCK_G14,MOCK_S27,right_brow,-0.0001547821447507999,full-pcmci,True,MOCK DATA / NOT A SCIENTIFIC RESULT,displacement-report-draft-v1
non_speaking,4,MOCK_G14,MOCK_S27,right_eyelid,-8.838745821909948e-05,full-pcmci,True,MOCK DATA / NOT A SCIENTIFIC RESULT,displacement-report-draft-v1
non_speaking,4,MOCK_G14,MOCK_S28,jaw,-0.00019216595526500013,full-pcmci,True,MOCK DATA / NOT A SCIENTIFIC RESULT,displacement-report-draft-v1
non_speaking,4,MOCK_G14,MOCK_S28,left_brow,-0.0002234941609882005,full-pcmci,True,MOCK DATA / NOT A SCIENTIFIC RESULT,displacement-report-draft-v1
non_speaking,4,MOCK_G14,MOCK_S28,left_cheek,-2.0357693695700202e-05,full-pcmci,True,MOCK DATA / NOT A SCIENTIFIC RESULT,displacement-report-draft-v1
non_speaking,4,MOCK_G14,MOCK_S28,left_eyelid,-4.7312041288400525e-05,full-pcmci,True,MOCK DATA / NOT A SCIENTIFIC RESULT,displacement-report-draft-v1
non_speaking,4,MOCK_G14,MOCK_S28,mouth,-0.0002189737463592998,full-pcmci,True,MOCK DATA / NOT A SCIENTIFIC RESULT,displacement-report-draft-v1
non_speaking,4,MOCK_G14,MOCK_S28,right_brow,-0.00016552461604130066,full-pcmci,True,MOCK DATA / NOT A SCIENTIFIC RESULT,displacement-report-draft-v1
non_speaking,4,MOCK_G14,MOCK_S28,right_eyelid,2.2459467208199926e-05,full-pcmci,True,MOCK DATA / NOT A SCIENTIFIC RESULT,displacement-report-draft-v1
non_speaking,4,MOCK_G15,MOCK_S29,jaw,-0.0001246518987341001,full-pcmci,True,MOCK DATA / NOT A SCIENTIFIC RESULT,displacement-report-draft-v1
non_speaking,4,MOCK_G15,MOCK_S29,left_brow,-0.00025307560429330047,full-pcmci,True,MOCK DATA / NOT A SCIENTIFIC RESULT,displacement-report-draft-v1
non_speaking,4,MOCK_G15,MOCK_S29,left_cheek,-0.00010448321478920101,full-pcmci,True,MOCK DATA / NOT A SCIENTIFIC RESULT,displacement-report-draft-v1
non_speaking,4,MOCK_G15,MOCK_S29,left_eyelid,8.930676055329996e-05,full-pcmci,True,MOCK DATA / NOT A SCIENTIFIC RESULT,displacement-report-draft-v1
non_speaking,4,MOCK_G15,MOCK_S29,mouth,-0.00028557540924919935,full-pcmci,True,MOCK DATA / NOT A SCIENTIFIC RESULT,displacement-report-draft-v1
non_speaking,4,MOCK_G15,MOCK_S29,right_brow,-6.647140326210017e-05,full-pcmci,True,MOCK DATA / NOT A SCIENTIFIC RESULT,displacement-report-draft-v1
non_speaking,4,MOCK_G15,MOCK_S29,right_eyelid,7.103716174889935e-05,full-pcmci,True,MOCK DATA / NOT A SCIENTIFIC RESULT,displacement-report-draft-v1
non_speaking,4,MOCK_G15,MOCK_S30,jaw,4.029010573919963e-05,full-pcmci,True,MOCK DATA / NOT A SCIENTIFIC RESULT,displacement-report-draft-v1
non_speaking,4,MOCK_G15,MOCK_S30,left_brow,-0.00016170799902750013,full-pcmci,True,MOCK DATA / NOT A SCIENTIFIC RESULT,displacement-report-draft-v1
non_speaking,4,MOCK_G15,MOCK_S30,left_cheek,-0.00027485917617589995,full-pcmci,True,MOCK DATA / NOT A SCIENTIFIC RESULT,displacement-report-draft-v1
non_speaking,4,MOCK_G15,MOCK_S30,left_eyelid,0.00018423521991220004,full-pcmci,True,MOCK DATA / NOT A SCIENTIFIC RESULT,displacement-report-draft-v1
non_speaking,4,MOCK_G15,MOCK_S30,mouth,-0.0002387010338984006,full-pcmci,True,MOCK DATA / NOT A SCIENTIFIC RESULT,displacement-report-draft-v1
non_speaking,4,MOCK_G15,MOCK_S30,right_brow,0.00010592843901259964,full-pcmci,True,MOCK DATA / NOT A SCIENTIFIC RESULT,displacement-report-draft-v1
non_speaking,4,MOCK_G15,MOCK_S30,right_eyelid,1.217450442399931e-06,full-pcmci,True,MOCK DATA / NOT A SCIENTIFIC RESULT,displacement-report-draft-v1
speaking,0,MOCK_G01,MOCK_S01,jaw,-0.00014952897734490066,full-pcmci,True,MOCK DATA / NOT A SCIENTIFIC RESULT,displacement-report-draft-v1
speaking,0,MOCK_G01,MOCK_S01,left_brow,-0.0009500000000000003,full-pcmci,True,MOCK DATA / NOT A SCIENTIFIC RESULT,displacement-report-draft-v1
speaking,0,MOCK_G01,MOCK_S01,left_cheek,-0.00022552516804310013,full-pcmci,True,MOCK DATA / NOT A SCIENTIFIC RESULT,displacement-report-draft-v1
speaking,0,MOCK_G01,MOCK_S01,left_eyelid,0.0010720924952082002,full-pcmci,True,MOCK DATA / NOT A SCIENTIFIC RESULT,displacement-report-draft-v1
speaking,0,MOCK_G01,MOCK_S01,mouth,-0.0011676186920318993,full-pcmci,True,MOCK DATA / NOT A SCIENTIFIC RESULT,displacement-report-draft-v1
speaking,0,MOCK_G01,MOCK_S01,right_brow,0.0001980669263392,full-pcmci,True,MOCK DATA / NOT A SCIENTIFIC RESULT,displacement-report-draft-v1
speaking,0,MOCK_G01,MOCK_S01,right_cheek,-0.0012041447048405998,full-pcmci,True,MOCK DATA / NOT A SCIENTIFIC RESULT,displacement-report-draft-v1
speaking,0,MOCK_G01,MOCK_S01,right_eyelid,0.0008685016293642003,full-pcmci,True,MOCK DATA / NOT A SCIENTIFIC RESULT,displacement-report-draft-v1
speaking,0,MOCK_G01,MOCK_S01,whole_face,-0.00019476956141861214,full-pcmci,True,MOCK DATA / NOT A SCIENTIFIC RESULT,displacement-report-draft-v1
speaking,0,MOCK_G01,MOCK_S02,jaw,0.000476487684668599,full-pcmci,True,MOCK DATA / NOT A SCIENTIFIC RESULT,displacement-report-draft-v1
speaking,0,MOCK_G01,MOCK_S02,left_brow,-0.0003377669515511996,full-pcmci,True,MOCK DATA / NOT A SCIENTIFIC RESULT,displacement-report-draft-v1
speaking,0,MOCK_G01,MOCK_S02,left_cheek,-0.0008151454737540002,full-pcmci,True,MOCK DATA / NOT A SCIENTIFIC RESULT,displacement-report-draft-v1
speaking,0,MOCK_G01,MOCK_S02,left_eyelid,0.0010449233078541993,full-pcmci,True,MOCK DATA / NOT A SCIENTIFIC RESULT,displacement-report-draft-v1
speaking,0,MOCK_G01,MOCK_S02,mouth,-0.0006497122547066995,full-pcmci,True,MOCK DATA / NOT A SCIENTIFIC RESULT,displacement-report-draft-v1
speaking,0,MOCK_G01,MOCK_S02,right_brow,0.0007394896213197997,full-pcmci,True,MOCK DATA / NOT A SCIENTIFIC RESULT,displacement-report-draft-v1
speaking,0,MOCK_G01,MOCK_S02,right_cheek,-0.0012705092822327003,full-pcmci,True,MOCK DATA / NOT A SCIENTIFIC RESULT,displacement-report-draft-v1
speaking,0,MOCK_G01,MOCK_S02,right_eyelid,0.00029771978523190044,full-pcmci,True,MOCK DATA / NOT A SCIENTIFIC RESULT,displacement-report-draft-v1
speaking,0,MOCK_G01,MOCK_S02,whole_face,-6.431419539626275e-05,full-pcmci,True,MOCK DATA / NOT A SCIENTIFIC RESULT,displacement-report-draft-v1
speaking,0,MOCK_G02,MOCK_S03,jaw,0.0008703325297491991,full-pcmci,True,MOCK DATA / NOT A SCIENTIFIC RESULT,displacement-report-draft-v1
speaking,0,MOCK_G02,MOCK_S03,left_brow,0.0002795782173826006,full-pcmci,True,MOCK DATA / NOT A SCIENTIFIC RESULT,displacement-report-draft-v1
speaking,0,MOCK_G02,MOCK_S03,left_cheek,-0.0011362220477918999,full-pcmci,True,MOCK DATA / NOT A SCIENTIFIC RESULT,displacement-report-draft-v1
speaking,0,MOCK_G02,MOCK_S03,left_eyelid,0.0006889568930255,full-pcmci,True,MOCK DATA / NOT A SCIENTIFIC RESULT,displacement-report-draft-v1
speaking,0,MOCK_G02,MOCK_S03,mouth,-2.6515838727600785e-05,full-pcmci,True,MOCK DATA / NOT A SCIENTIFIC RESULT,displacement-report-draft-v1
speaking,0,MOCK_G02,MOCK_S03,right_brow,0.0009813715745026997,full-pcmci,True,MOCK DATA / NOT A SCIENTIFIC RESULT,displacement-report-draft-v1
speaking,0,MOCK_G02,MOCK_S03,right_cheek,-0.0009909252061886002,full-pcmci,True,MOCK DATA / NOT A SCIENTIFIC RESULT,displacement-report-draft-v1
speaking,0,MOCK_G02,MOCK_S03,right_eyelid,-0.00032882111743820063,full-pcmci,True,MOCK DATA / NOT A SCIENTIFIC RESULT,displacement-report-draft-v1
speaking,0,MOCK_G02,MOCK_S03,whole_face,4.221937556421213e-05,full-pcmci,True,MOCK DATA / NOT A SCIENTIFIC RESULT,displacement-report-draft-v1
speaking,0,MOCK_G02,MOCK_S04,jaw,0.0009381355908846993,full-pcmci,True,MOCK DATA / NOT A SCIENTIFIC RESULT,displacement-report-draft-v1
speaking,0,MOCK_G02,MOCK_S04,left_brow,0.0007163362463727995,full-pcmci,True,MOCK DATA / NOT A SCIENTIFIC RESULT,displacement-report-draft-v1
speaking,0,MOCK_G02,MOCK_S04,left_cheek,-0.0011205112696200002,full-pcmci,True,MOCK DATA / NOT A SCIENTIFIC RESULT,displacement-report-draft-v1
speaking,0,MOCK_G02,MOCK_S04,left_eyelid,0.00014531608234880002,full-pcmci,True,MOCK DATA / NOT A SCIENTIFIC RESULT,displacement-report-draft-v1
speaking,0,MOCK_G02,MOCK_S04,mouth,0.0005040489906773995,full-pcmci,True,MOCK DATA / NOT A SCIENTIFIC RESULT,displacement-report-draft-v1
speaking,0,MOCK_G02,MOCK_S04,right_brow,0.0008824614083551997,full-pcmci,True,MOCK DATA / NOT A SCIENTIFIC RESULT,displacement-report-draft-v1
speaking,0,MOCK_G02,MOCK_S04,right_cheek,-0.0004853974658439999,full-pcmci,True,MOCK DATA / NOT A SCIENTIFIC RESULT,displacement-report-draft-v1
speaking,0,MOCK_G02,MOCK_S04,right_eyelid,-0.0008173717184359998,full-pcmci,True,MOCK DATA / NOT A SCIENTIFIC RESULT,displacement-report-draft-v1
speaking,0,MOCK_G02,MOCK_S04,whole_face,9.537723309236291e-05,full-pcmci,True,MOCK DATA / NOT A SCIENTIFIC RESULT,displacement-report-draft-v1
speaking,0,MOCK_G03,MOCK_S05,jaw,0.0006967586055100002,full-pcmci,True,MOCK DATA / NOT A SCIENTIFIC RESULT,displacement-report-draft-v1
speaking,0,MOCK_G03,MOCK_S05,left_brow,0.0008616416735610999,full-pcmci,True,MOCK DATA / NOT A SCIENTIFIC RESULT,displacement-report-draft-v1
speaking,0,MOCK_G03,MOCK_S05,left_cheek,-0.0008112504592874001,full-pcmci,True,MOCK DATA / NOT A SCIENTIFIC RESULT,displacement-report-draft-v1
speaking,0,MOCK_G03,MOCK_S05,left_eyelid,-0.00040084478876650006,full-pcmci,True,MOCK DATA / NOT A SCIENTIFIC RESULT,displacement-report-draft-v1
speaking,0,MOCK_G03,MOCK_S05,mouth,0.0007928140460167999,full-pcmci,True,MOCK DATA / NOT A SCIENTIFIC RESULT,displacement-report-draft-v1
speaking,0,MOCK_G03,MOCK_S05,right_brow,0.0005115066302862001,full-pcmci,True,MOCK DATA / NOT A SCIENTIFIC RESULT,displacement-report-draft-v1
speaking,0,MOCK_G03,MOCK_S05,right_cheek,6.802037003860069e-05,full-pcmci,True,MOCK DATA / NOT A SCIENTIFIC RESULT,displacement-report-draft-v1
speaking,0,MOCK_G03,MOCK_S05,right_eyelid,-0.0010366008964440999,full-pcmci,True,MOCK DATA / NOT A SCIENTIFIC RESULT,displacement-report-draft-v1
speaking,0,MOCK_G03,MOCK_S05,whole_face,8.525564761433738e-05,full-pcmci,True,MOCK DATA / NOT A SCIENTIFIC RESULT,displacement-report-draft-v1
speaking,0,MOCK_G03,MOCK_S06,jaw,0.00025797733296650024,full-pcmci,True,MOCK DATA / NOT A SCIENTIFIC RESULT,displacement-report-draft-v1
speaking,0,MOCK_G03,MOCK_S06,left_brow,0.0007079800804688004,full-pcmci,True,MOCK DATA / NOT A SCIENTIFIC RESULT,displacement-report-draft-v1
speaking,0,MOCK_G03,MOCK_S06,left_cheek,-0.00033881154302189964,full-pcmci,True,MOCK DATA / NOT A SCIENTIFIC RESULT,displacement-report-draft-v1
speaking,0,MOCK_G03,MOCK_S06,left_eyelid,-0.0007838554176806001,full-pcmci,True,MOCK DATA / NOT A SCIENTIFIC RESULT,displacement-report-draft-v1
speaking,0,MOCK_G03,MOCK_S06,mouth,0.0007826167539996993,full-pcmci,True,MOCK DATA / NOT A SCIENTIFIC RESULT,displacement-report-draft-v1
speaking,0,MOCK_G03,MOCK_S06,right_brow,1.486593842009963e-05,full-pcmci,True,MOCK DATA / NOT A SCIENTIFIC RESULT,displacement-report-draft-v1
speaking,0,MOCK_G03,MOCK_S06,right_cheek,0.0004957824018012999,full-pcmci,True,MOCK DATA / NOT A SCIENTIFIC RESULT,displacement-report-draft-v1
speaking,0,MOCK_G03,MOCK_S06,right_eyelid,-0.0009538432565266005,full-pcmci,True,MOCK DATA / NOT A SCIENTIFIC RESULT,displacement-report-draft-v1
speaking,0,MOCK_G03,MOCK_S06,whole_face,2.2839036303412726e-05,full-pcmci,True,MOCK DATA / NOT A SCIENTIFIC RESULT,displacement-report-draft-v1
speaking,1,MOCK_G04,MOCK_S07,jaw,-0.00021728707973660017,full-pcmci,True,MOCK DATA / NOT A SCIENTIFIC RESULT,displacement-report-draft-v1
speaking,1,MOCK_G04,MOCK_S07,left_brow,0.00034322522314499983,full-pcmci,True,MOCK DATA / NOT A SCIENTIFIC RESULT,displacement-report-draft-v1
speaking,1,MOCK_G04,MOCK_S07,left_cheek,0.00013031078863649966,full-pcmci,True,MOCK DATA / NOT A SCIENTIFIC RESULT,displacement-report-draft-v1
speaking,1,MOCK_G04,MOCK_S07,left_eyelid,-0.0009092528317287997,full-pcmci,True,MOCK DATA / NOT A SCIENTIFIC RESULT,displacement-report-draft-v1
speaking,1,MOCK_G04,MOCK_S07,mouth,0.0005175666195012998,full-pcmci,True,MOCK DATA / NOT A SCIENTIFIC RESULT,displacement-report-draft-v1
speaking,1,MOCK_G04,MOCK_S07,right_brow,-0.0004387248255359995,full-pcmci,True,MOCK DATA / NOT A SCIENTIFIC RESULT,displacement-report-draft-v1
speaking,1,MOCK_G04,MOCK_S07,right_cheek,0.0006846324168239999,full-pcmci,True,MOCK DATA / NOT A SCIENTIFIC RESULT,displacement-report-draft-v1
speaking,1,MOCK_G04,MOCK_S07,right_eyelid,-0.0006357575164908005,full-pcmci,True,MOCK DATA / NOT A SCIENTIFIC RESULT,displacement-report-draft-v1
speaking,1,MOCK_G04,MOCK_S07,whole_face,-6.566090067317443e-05,full-pcmci,True,MOCK DATA / NOT A SCIENTIFIC RESULT,displacement-report-draft-v1
speaking,1,MOCK_G04,MOCK_S08,jaw,-0.0005770535674395998,full-pcmci,True,MOCK DATA / NOT A SCIENTIFIC RESULT,displacement-report-draft-v1
speaking,1,MOCK_G04,MOCK_S08,left_brow,-8.843001097500001e-05,full-pcmci,True,MOCK DATA / NOT A SCIENTIFIC RESULT,displacement-report-draft-v1
speaking,1,MOCK_G04,MOCK_S08,left_cheek,0.00045201748085200045,full-pcmci,True,MOCK DATA / NOT A SCIENTIFIC RESULT,displacement-report-draft-v1
speaking,1,MOCK_G04,MOCK_S08,left_eyelid,-0.0007771497706833995,full-pcmci,True,MOCK DATA / NOT A SCIENTIFIC RESULT,displacement-report-draft-v1
speaking,1,MOCK_G04,MOCK_S08,mouth,0.00011770911393269978,full-pcmci,True,MOCK DATA / NOT A SCIENTIFIC RESULT,displacement-report-draft-v1
speaking,1,MOCK_G04,MOCK_S08,right_brow,-0.000715932760632,full-pcmci,True,MOCK DATA / NOT A SCIENTIFIC RESULT,displacement-report-draft-v1
speaking,1,MOCK_G04,MOCK_S08,right_cheek,0.0006123110399723006,full-pcmci,True,MOCK DATA / NOT A SCIENTIFIC RESULT,displacement-report-draft-v1
speaking,1,MOCK_G04,MOCK_S08,right_eyelid,-0.00021579840440459977,full-pcmci,True,MOCK DATA / NOT A SCIENTIFIC RESULT,displacement-report-draft-v1
speaking,1,MOCK_G04,MOCK_S08,whole_face,-0.000149040859922199,full-pcmci,True,MOCK DATA / NOT A SCIENTIFIC RESULT,displacement-report-draft-v1
speaking,1,MOCK_G05,MOCK_S09,jaw,-0.0007279344195891997,full-pcmci,True,MOCK DATA / NOT A SCIENTIFIC RESULT,displacement-report-draft-v1
speaking,1,MOCK_G05,MOCK_S09,left_brow,-0.0004409510702181995,full-pcmci,True,MOCK DATA / NOT A SCIENTIFIC RESULT,displacement-report-draft-v1
speaking,1,MOCK_G05,MOCK_S09,left_cheek,0.0005501005023400007,full-pcmci,True,MOCK DATA / NOT A SCIENTIFIC RESULT,displacement-report-draft-v1
speaking,1,MOCK_G05,MOCK_S09,left_eyelid,-0.0004714427276281,full-pcmci,True,MOCK DATA / NOT A SCIENTIFIC RESULT,displacement-report-draft-v1
speaking,1,MOCK_G05,MOCK_S09,mouth,-0.00026963180734490035,full-pcmci,True,MOCK DATA / NOT A SCIENTIFIC RESULT,displacement-report-draft-v1
speaking,1,MOCK_G05,MOCK_S09,right_brow,-0.0007592548191161005,full-pcmci,True,MOCK DATA / NOT A SCIENTIFIC RESULT,displacement-report-draft-v1
speaking,1,MOCK_G05,MOCK_S09,right_cheek,0.00034462950627519966,full-pcmci,True,MOCK DATA / NOT A SCIENTIFIC RESULT,displacement-report-draft-v1
speaking,1,MOCK_G05,MOCK_S09,right_eyelid,0.00015787209464530015,full-pcmci,True,MOCK DATA / NOT A SCIENTIFIC RESULT,displacement-report-draft-v1
speaking,1,MOCK_G05,MOCK_S09,whole_face,-0.00020207659257950004,full-pcmci,True,MOCK DATA / NOT A SCIENTIFIC RESULT,displacement-report-draft-v1
speaking,1,MOCK_G05,MOCK_S10,jaw,-0.0006598528028435007,full-pcmci,True,MOCK DATA / NOT A SCIENTIFIC RESULT,displacement-report-draft-v1
speaking,1,MOCK_G05,MOCK_S10,left_brow,-0.0006163116092841999,full-pcmci,True,MOCK DATA / NOT A SCIENTIFIC RESULT,displacement-report-draft-v1
speaking,1,MOCK_G05,MOCK_S10,left_cheek,0.00043400800019010016,full-pcmci,True,MOCK DATA / NOT A SCIENTIFIC RESULT,displacement-report-draft-v1
speaking,1,MOCK_G05,MOCK_S10,left_eyelid,-0.00012126219563840003,full-pcmci,True,MOCK DATA / NOT A SCIENTIFIC RESULT,displacement-report-draft-v1
speaking,1,MOCK_G05,MOCK_S10,mouth,-0.0005231892843015999,full-pcmci,True,MOCK DATA / NOT A SCIENTIFIC RESULT,displacement-report-draft-v1
speaking,1,MOCK_G05,MOCK_S10,right_brow,-0.0005974750237820996,full-pcmci,True,MOCK DATA / NOT A SCIENTIFIC RESULT,displacement-report-draft-v1
speaking,1,MOCK_G05,MOCK_S10,right_cheek,2.5525105897998904e-06,full-pcmci,True,MOCK DATA / NOT A SCIENTIFIC RESULT,displacement-report-draft-v1
speaking,1,MOCK_G05,MOCK_S10,right_eyelid,0.0003744989971197002,full-pcmci,True,MOCK DATA / NOT A SCIENTIFIC RESULT,displacement-report-draft-v1
speaking,1,MOCK_G05,MOCK_S10,whole_face,-0.0002133789259937749,full-pcmci,True,MOCK DATA / NOT A SCIENTIFIC RESULT,displacement-report-draft-v1
speaking,1,MOCK_G06,MOCK_S11,jaw,-0.00043912553177870035,full-pcmci,True,MOCK DATA / NOT A SCIENTIFIC RESULT,displacement-report-draft-v1
speaking,1,MOCK_G06,MOCK_S11,left_brow,-0.0005925868060227997,full-pcmci,True,MOCK DATA / NOT A SCIENTIFIC RESULT,displacement-report-draft-v1
speaking,1,MOCK_G06,MOCK_S11,left_cheek,0.0001848417228014999,full-pcmci,True,MOCK DATA / NOT A SCIENTIFIC RESULT,displacement-report-draft-v1
speaking,1,MOCK_G06,MOCK_S11,left_eyelid,0.00014960550576930028,full-pcmci,True,MOCK DATA / NOT A SCIENTIFIC RESULT,displacement-report-draft-v1
speaking,1,MOCK_G06,MOCK_S11,mouth,-0.0005866774694902998,full-pcmci,True,MOCK DATA / NOT A SCIENTIFIC RESULT,displacement-report-draft-v1
speaking,1,MOCK_G06,MOCK_S11,right_brow,-0.0003248568048059997,full-pcmci,True,MOCK DATA / NOT A SCIENTIFIC RESULT,displacement-report-draft-v1
speaking,1,MOCK_G06,MOCK_S11,right_cheek,-0.00028678038618069977,full-pcmci,True,MOCK DATA / NOT A SCIENTIFIC RESULT,displacement-report-draft-v1
speaking,1,MOCK_G06,MOCK_S11,right_eyelid,0.00039458166545490014,full-pcmci,True,MOCK DATA / NOT A SCIENTIFIC RESULT,displacement-report-draft-v1
speaking,1,MOCK_G06,MOCK_S11,whole_face,-0.00018762476303159966,full-pcmci,True,MOCK DATA / NOT A SCIENTIFIC RESULT,displacement-report-draft-v1
speaking,1,MOCK_G06,MOCK_S12,jaw,-0.00017488290393090009,full-pcmci,True,MOCK DATA / NOT A SCIENTIFIC RESULT,displacement-report-draft-v1
speaking,1,MOCK_G06,MOCK_S12,left_brow,-0.0004219820809855,full-pcmci,True,MOCK DATA / NOT A SCIENTIFIC RESULT,displacement-report-draft-v1
speaking,1,MOCK_G06,MOCK_S12,left_cheek,-8.290154668460017e-05,full-pcmci,True,MOCK DATA / NOT A SCIENTIFIC RESULT,displacement-report-draft-v1
speaking,1,MOCK_G06,MOCK_S12,left_eyelid,0.0002663173679269002,full-pcmci,True,MOCK DATA / NOT A SCIENTIFIC RESULT,displacement-report-draft-v1
speaking,1,MOCK_G06,MOCK_S12,mouth,-0.0004805483024410001,full-pcmci,True,MOCK DATA / NOT A SCIENTIFIC RESULT,displacement-report-draft-v1
speaking,1,MOCK_G06,MOCK_S12,right_brow,-5.8971777040500196e-05,full-pcmci,True,MOCK DATA / NOT A SCIENTIFIC RESULT,displacement-report-draft-v1
speaking,1,MOCK_G06,MOCK_S12,right_cheek,-0.00043633934667519983,full-pcmci,True,MOCK DATA / NOT A SCIENTIFIC RESULT,displacement-report-draft-v1
speaking,1,MOCK_G06,MOCK_S12,right_eyelid,0.0002548160141815003,full-pcmci,True,MOCK DATA / NOT A SCIENTIFIC RESULT,displacement-report-draft-v1
speaking,1,MOCK_G06,MOCK_S12,whole_face,-0.00014181157195616162,full-pcmci,True,MOCK DATA / NOT A SCIENTIFIC RESULT,displacement-report-draft-v1
speaking,2,MOCK_G07,MOCK_S13,jaw,2.6894223212000495e-05,full-pcmci,True,MOCK DATA / NOT A SCIENTIFIC RESULT,displacement-report-draft-v1
speaking,2,MOCK_G07,MOCK_S13,left_brow,-0.00020184366618850036,full-pcmci,True,MOCK DATA / NOT A SCIENTIFIC RESULT,displacement-report-draft-v1
speaking,2,MOCK_G07,MOCK_S13,left_cheek,-0.0002680491565211999,full-pcmci,True,MOCK DATA / NOT A SCIENTIFIC RESULT,displacement-report-draft-v1
speaking,2,MOCK_G07,MOCK_S13,left_eyelid,0.0002242759514275005,full-pcmci,True,MOCK DATA / NOT A SCIENTIFIC RESULT,displacement-report-draft-v1
speaking,2,MOCK_G07,MOCK_S13,mouth,-0.0002844097016861001,full-pcmci,True,MOCK DATA / NOT A SCIENTIFIC RESULT,displacement-report-draft-v1
speaking,2,MOCK_G07,MOCK_S13,right_brow,0.00010584058481999999,full-pcmci,True,MOCK DATA / NOT A SCIENTIFIC RESULT,displacement-report-draft-v1
speaking,2,MOCK_G07,MOCK_S13,right_cheek,-0.00042616819730299967,full-pcmci,True,MOCK DATA / NOT A SCIENTIFIC RESULT,displacement-report-draft-v1
speaking,2,MOCK_G07,MOCK_S13,right_eyelid,4.457350376780005e-05,full-pcmci,True,MOCK DATA / NOT A SCIENTIFIC RESULT,displacement-report-draft-v1
speaking,2,MOCK_G07,MOCK_S13,whole_face,-9.736080730893704e-05,full-pcmci,True,MOCK DATA / NOT A SCIENTIFIC RESULT,displacement-report-draft-v1
speaking,2,MOCK_G07,MOCK_S14,jaw,0.00010374429682430061,full-pcmci,True,MOCK DATA / NOT A SCIENTIFIC RESULT,displacement-report-draft-v1
speaking,2,MOCK_G07,MOCK_S14,left_brow,-3.14104710316997e-05,full-pcmci,True,MOCK DATA / NOT A SCIENTIFIC RESULT,displacement-report-draft-v1
speaking,2,MOCK_G07,MOCK_S14,left_cheek,-0.00031996618750280027,full-pcmci,True,MOCK DATA / NOT A SCIENTIFIC RESULT,displacement-report-draft-v1
speaking,2,MOCK_G07,MOCK_S14,left_eyelid,8.18789009554002e-05,full-pcmci,True,MOCK DATA / NOT A SCIENTIFIC RESULT,displacement-report-draft-v1
speaking,2,MOCK_G07,MOCK_S14,mouth,-9.880243480210084e-05,full-pcmci,True,MOCK DATA / NOT A SCIENTIFIC RESULT,displacement-report-draft-v1
speaking,2,MOCK_G07,MOCK_S14,right_brow,0.00013178545344280038,full-pcmci,True,MOCK DATA / NOT A SCIENTIFIC RESULT,displacement-report-draft-v1
speaking,2,MOCK_G07,MOCK_S14,right_cheek,-0.00030245020234869954,full-pcmci,True,MOCK DATA / NOT A SCIENTIFIC RESULT,displacement-report-draft-v1
speaking,2,MOCK_G07,MOCK_S14,right_eyelid,-0.00013524627429290035,full-pcmci,True,MOCK DATA / NOT A SCIENTIFIC RESULT,displacement-report-draft-v1
speaking,2,MOCK_G07,MOCK_S14,whole_face,-7.130836484446276e-05,full-pcmci,True,MOCK DATA / NOT A SCIENTIFIC RESULT,displacement-report-draft-v1
speaking,2,MOCK_G08,MOCK_S15,jaw,5.657988559439921e-05,full-pcmci,True,MOCK DATA / NOT A SCIENTIFIC RESULT,displacement-report-draft-v1
speaking,2,MOCK_G08,MOCK_S15,left_brow,2.832210108769974e-05,full-pcmci,True,MOCK DATA / NOT A SCIENTIFIC RESULT,displacement-report-draft-v1
speaking,2,MOCK_G08,MOCK_S15,left_cheek,-0.0002528056011933998,full-pcmci,True,MOCK DATA / NOT A SCIENTIFIC RESULT,displacement-report-draft-v1
speaking,2,MOCK_G08,MOCK_S15,left_eyelid,-7.05830995751007e-05,full-pcmci,True,MOCK DATA / NOT A SCIENTIFIC RESULT,displacement-report-draft-v1
speaking,2,MOCK_G08,MOCK_S15,mouth,-2.237765338300099e-06,full-pcmci,True,MOCK DATA / NOT A SCIENTIFIC RESULT,displacement-report-draft-v1
speaking,2,MOCK_G08,MOCK_S15,right_brow,4.5972911645300076e-05,full-pcmci,True,MOCK DATA / NOT A SCIENTIFIC RESULT,displacement-report-draft-v1
speaking,2,MOCK_G08,MOCK_S15,right_cheek,-0.00015093756396539898,full-pcmci,True,MOCK DATA / NOT A SCIENTIFIC RESULT,displacement-report-draft-v1
speaking,2,MOCK_G08,MOCK_S15,right_eyelid,-0.00021418487338320004,full-pcmci,True,MOCK DATA / NOT A SCIENTIFIC RESULT,displacement-report-draft-v1
speaking,2,MOCK_G08,MOCK_S15,whole_face,-6.998425064100051e-05,full-pcmci,True,MOCK DATA / NOT A SCIENTIFIC RESULT,displacement-report-draft-v1
speaking,2,MOCK_G08,MOCK_S16,jaw,-5.742735822820023e-05,full-pcmci,True,MOCK DATA / NOT A SCIENTIFIC RESULT,displacement-report-draft-v1
speaking,2,MOCK_G08,MOCK_S16,left_brow,-2.3733383442200474e-05,full-pcmci,True,MOCK DATA / NOT A SCIENTIFIC RESULT,displacement-report-draft-v1
speaking,2,MOCK_G08,MOCK_S16,left_cheek,-0.00013265871179599965,full-pcmci,True,MOCK DATA / NOT A SCIENTIFIC RESULT,displacement-report-draft-v1
speaking,2,MOCK_G08,MOCK_S16,left_eyelid,-0.00015239485312869977,full-pcmci,True,MOCK DATA / NOT A SCIENTIFIC RESULT,displacement-report-draft-v1
speaking,2,MOCK_G08,MOCK_S16,mouth,-2.042350767200024e-05,full-pcmci,True,MOCK DATA / NOT A SCIENTIFIC RESULT,displacement-report-draft-v1
speaking,2,MOCK_G08,MOCK_S16,right_brow,-7.790888251830042e-05,full-pcmci,True,MOCK DATA / NOT A SCIENTIFIC RESULT,displacement-report-draft-v1
speaking,2,MOCK_G08,MOCK_S16,right_cheek,-5.658191717639906e-05,full-pcmci,True,MOCK DATA / NOT A SCIENTIFIC RESULT,displacement-report-draft-v1
speaking,2,MOCK_G08,MOCK_S16,right_eyelid,-0.00017870923740379973,full-pcmci,True,MOCK DATA / NOT A SCIENTIFIC RESULT,displacement-report-draft-v1
speaking,2,MOCK_G08,MOCK_S16,whole_face,-8.74797314207006e-05,full-pcmci,True,MOCK DATA / NOT A SCIENTIFIC RESULT,displacement-report-draft-v1
speaking,2,MOCK_G09,MOCK_S17,jaw,-0.00015478214475080077,full-pcmci,True,MOCK DATA / NOT A SCIENTIFIC RESULT,displacement-report-draft-v1
speaking,2,MOCK_G09,MOCK_S17,left_brow,-0.0001332190743633995,full-pcmci,True,MOCK DATA / NOT A SCIENTIFIC RESULT,displacement-report-draft-v1
speaking,2,MOCK_G09,MOCK_S17,left_cheek,-4.403023155170015e-05,full-pcmci,True,MOCK DATA / NOT A SCIENTIFIC RESULT,displacement-report-draft-v1
speaking,2,MOCK_G09,MOCK_S17,left_eyelid,-0.00012733493575679995,full-pcmci,True,MOCK DATA / NOT A SCIENTIFIC RESULT,displacement-report-draft-v1
speaking,2,MOCK_G09,MOCK_S17,mouth,-0.00011924834840719954,full-pcmci,True,MOCK DATA / NOT A SCIENTIFIC RESULT,displacement-report-draft-v1
speaking,2,MOCK_G09,MOCK_S17,right_brow,-0.00015603715684959964,full-pcmci,True,MOCK DATA / NOT A SCIENTIFIC RESULT,displacement-report-draft-v1
speaking,2,MOCK_G09,MOCK_S17,right_cheek,-6.601770930620039e-05,full-pcmci,True,MOCK DATA / NOT A SCIENTIFIC RESULT,displacement-report-draft-v1
speaking,2,MOCK_G09,MOCK_S17,right_eyelid,-7.350110079079944e-05,full-pcmci,True,MOCK DATA / NOT A SCIENTIFIC RESULT,displacement-report-draft-v1
speaking,2,MOCK_G09,MOCK_S17,whole_face,-0.00010927133772206232,full-pcmci,True,MOCK DATA / NOT A SCIENTIFIC RESULT,displacement-report-draft-v1
speaking,2,MOCK_G09,MOCK_S18,jaw,-0.0001655246160414004,full-pcmci,True,MOCK DATA / NOT A SCIENTIFIC RESULT,displacement-report-draft-v1
speaking,2,MOCK_G09,MOCK_S18,left_brow,-0.00021817710155210002,full-pcmci,True,MOCK DATA / NOT A SCIENTIFIC RESULT,displacement-report-draft-v1
speaking,2,MOCK_G09,MOCK_S18,left_cheek,-4.990454985709988e-05,full-pcmci,True,MOCK DATA / NOT A SCIENTIFIC RESULT,displacement-report-draft-v1
speaking,2,MOCK_G09,MOCK_S18,left_eyelid,-1.8199965216599348e-05,full-pcmci,True,MOCK DATA / NOT A SCIENTIFIC RESULT,displacement-report-draft-v1
speaking,2,MOCK_G09,MOCK_S18,mouth,-0.0002234941609882005,full-pcmci,True,MOCK DATA / NOT A SCIENTIFIC RESULT,displacement-report-draft-v1
speaking,2,MOCK_G09,MOCK_S18,right_brow,-0.00013366362346929964,full-pcmci,True,MOCK DATA / NOT A SCIENTIFIC RESULT,displacement-report-draft-v1
speaking,2,MOCK_G09,MOCK_S18,right_cheek,-0.00016792374384499986,full-pcmci,True,MOCK DATA / NOT A SCIENTIFIC RESULT,displacement-report-draft-v1
speaking,2,MOCK_G09,MOCK_S18,right_eyelid,2.2057118296500006e-05,full-pcmci,True,MOCK DATA / NOT A SCIENTIFIC RESULT,displacement-report-draft-v1
speaking,2,MOCK_G09,MOCK_S18,whole_face,-0.00011935383033415039,full-pcmci,True,MOCK DATA / NOT A SCIENTIFIC RESULT,displacement-report-draft-v1
speaking,3,MOCK_G10,MOCK_S19,jaw,-6.647140326219991e-05,full-pcmci,True,MOCK DATA / NOT A SCIENTIFIC RESULT,displacement-report-draft-v1
speaking,3,MOCK_G10,MOCK_S19,left_brow,-0.00020838188445789982,full-pcmci,True,MOCK DATA / NOT A SCIENTIFIC RESULT,displacement-report-draft-v1
speaking,3,MOCK_G10,MOCK_S19,left_cheek,-0.00016190290359490052,full-pcmci,True,MOCK DATA / NOT A SCIENTIFIC RESULT,displacement-report-draft-v1
speaking,3,MOCK_G10,MOCK_S19,left_eyelid,0.00010459699930150026,full-pcmci,True,MOCK DATA / NOT A SCIENTIFIC RESULT,displacement-report-draft-v1
speaking,3,MOCK_G10,MOCK_S19,mouth,-0.0002530756042934002,full-pcmci,True,MOCK DATA / NOT A SCIENTIFIC RESULT,displacement-report-draft-v1
speaking,3,MOCK_G10,MOCK_S19,right_brow,-1.0961776584499268e-05,full-pcmci,True,MOCK DATA / NOT A SCIENTIFIC RESULT,displacement-report-draft-v1
speaking,3,MOCK_G10,MOCK_S19,right_cheek,-0.00029894280068159997,full-pcmci,True,MOCK DATA / NOT A SCIENTIFIC RESULT,displacement-report-draft-v1
speaking,3,MOCK_G10,MOCK_S19,right_eyelid,3.205023757700022e-05,full-pcmci,True,MOCK DATA / NOT A SCIENTIFIC RESULT,displacement-report-draft-v1
speaking,3,MOCK_G10,MOCK_S19,whole_face,-0.00010788614199950045,full-pcmci,True,MOCK DATA / NOT A SCIENTIFIC RESULT,displacement-report-draft-v1
speaking,3,MOCK_G10,MOCK_S20,jaw,0.0001059284390126005,full-pcmci,True,MOCK DATA / NOT A SCIENTIFIC RESULT,displacement-report-draft-v1
speaking,3,MOCK_G10,MOCK_S20,left_brow,-7.979934033129979e-05,full-pcmci,True,MOCK DATA / NOT A SCIENTIFIC RESULT,displacement-report-draft-v1
speaking,3,MOCK_G10,MOCK_S20,left_cheek,-0.0003328760427421997,full-pcmci,True,MOCK DATA / NOT A SCIENTIFIC RESULT,displacement-report-draft-v1
speaking,3,MOCK_G10,MOCK_S20,left_eyelid,0.00015552925601710049,full-pcmci,True,MOCK DATA / NOT A SCIENTIFIC RESULT,displacement-report-draft-v1
speaking,3,MOCK_G10,MOCK_S20,mouth,-0.00016170799902750013,full-pcmci,True,MOCK DATA / NOT A SCIENTIFIC RESULT,displacement-report-draft-v1
speaking,3,MOCK_G10,MOCK_S20,right_brow,0.00015516263089320002,full-pcmci,True,MOCK DATA / NOT A SCIENTIFIC RESULT,displacement-report-draft-v1
speaking,3,MOCK_G10,MOCK_S20,right_cheek,-0.00037261038734270023,full-pcmci,True,MOCK DATA / NOT A SCIENTIFIC RESULT,displacement-report-draft-v1
speaking,3,MOCK_G10,MOCK_S20,right_eyelid,-7.903653840740047e-05,full-pcmci,True,MOCK DATA / NOT A SCIENTIFIC RESULT,displacement-report-draft-v1
speaking,3,MOCK_G10,MOCK_S20,whole_face,-7.617624774102546e-05,full-pcmci,True,MOCK DATA / NOT A SCIENTIFIC RESULT,displacement-report-draft-v1
speaking,3,MOCK_G11,MOCK_S21,jaw,0.00026877832604050005,full-pcmci,True,MOCK DATA / NOT A SCIENTIFIC RESULT,displacement-report-draft-v1
speaking,3,MOCK_G11,MOCK_S21,left_brow,0.0001302951735145004,full-pcmci,True,MOCK DATA / NOT A SCIENTIFIC RESULT,displacement-report-draft-v1
speaking,3,MOCK_G11,MOCK_S21,left_cheek,-0.00047533962047519984,full-pcmci,True,MOCK DATA / NOT A SCIENTIFIC RESULT,displacement-report-draft-v1
speaking,3,MOCK_G11,MOCK_S21,left_eyelid,7.427075520270027e-05,full-pcmci,True,MOCK DATA / NOT A SCIENTIFIC RESULT,displacement-report-draft-v1
speaking,3,MOCK_G11,MOCK_S21,mouth,3.8122036180299884e-05,full-pcmci,True,MOCK DATA / NOT A SCIENTIFIC RESULT,displacement-report-draft-v1
speaking,3,MOCK_G11,MOCK_S21,right_brow,0.0002743884898541004,full-pcmci,True,MOCK DATA / NOT A SCIENTIFIC RESULT,displacement-report-draft-v1
speaking,3,MOCK_G11,MOCK_S21,right_cheek,-0.00031952301676159943,full-pcmci,True,MOCK DATA / NOT A SCIENTIFIC RESULT,displacement-report-draft-v1
speaking,3,MOCK_G11,MOCK_S21,right_eyelid,-0.00028607070809130025,full-pcmci,True,MOCK DATA / NOT A SCIENTIFIC RESULT,displacement-report-draft-v1
speaking,3,MOCK_G11,MOCK_S21,whole_face,-3.6884820566998947e-05,full-pcmci,True,MOCK DATA / NOT A SCIENTIFIC RESULT,displacement-report-draft-v1
speaking,3,MOCK_G11,MOCK_S22,jaw,0.0003272432893316,full-pcmci,True,MOCK DATA / NOT A SCIENTIFIC RESULT,displacement-report-draft-v1
speaking,3,MOCK_G11,MOCK_S22,left_brow,0.0003344671312956,full-pcmci,True,MOCK DATA / NOT A SCIENTIFIC RESULT,displacement-report-draft-v1
speaking,3,MOCK_G11,MOCK_S22,left_cheek,-0.0004988312439105002,full-pcmci,True,MOCK DATA / NOT A SCIENTIFIC RESULT,displacement-report-draft-v1
speaking,3,MOCK_G11,MOCK_S22,left_eyelid,-0.0001428164823754005,full-pcmci,True,MOCK DATA / NOT A SCIENTIFIC RESULT,displacement-report-draft-v1
speaking,3,MOCK_G11,MOCK_S22,mouth,0.0002747612033143004,full-pcmci,True,MOCK DATA / NOT A SCIENTIFIC RESULT,displacement-report-draft-v1
speaking,3,MOCK_G11,MOCK_S22,right_brow,0.0002624365884307993,full-pcmci,True,MOCK DATA / NOT A SCIENTIFIC RESULT,displacement-report-draft-v1
speaking,3,MOCK_G11,MOCK_S22,right_cheek,-0.00012227460473020028,full-pcmci,True,MOCK DATA / NOT A SCIENTIFIC RESULT,displacement-report-draft-v1
speaking,3,MOCK_G11,MOCK_S22,right_eyelid,-0.0005087042767438999,full-pcmci,True,MOCK DATA / NOT A SCIENTIFIC RESULT,displacement-report-draft-v1
speaking,3,MOCK_G11,MOCK_S22,whole_face,-9.214799423462768e-06,full-pcmci,True,MOCK DATA / NOT A SCIENTIFIC RESULT,displacement-report-draft-v1
speaking,3,MOCK_G12,MOCK_S23,jaw,0.00021696926398280005,full-pcmci,True,MOCK DATA / NOT A SCIENTIFIC RESULT,displacement-report-draft-v1
speaking,3,MOCK_G12,MOCK_S23,left_brow,0.00042910431994660006,full-pcmci,True,MOCK DATA / NOT A SCIENTIFIC RESULT,displacement-report-draft-v1
speaking,3,MOCK_G12,MOCK_S23,left_cheek,-0.00035147533350740005,full-pcmci,True,MOCK DATA / NOT A SCIENTIFIC RESULT,displacement-report-draft-v1
speaking,3,MOCK_G12,MOCK_S23,left_eyelid,-0.0004335709442642001,full-pcmci,True,MOCK DATA / NOT A SCIENTIFIC RESULT,displacement-report-draft-v1
speaking,3,MOCK_G12,MOCK_S23,mouth,0.0004428722732817006,full-pcmci,True,MOCK DATA / NOT A SCIENTIFIC RESULT,displacement-report-draft-v1
speaking,3,MOCK_G12,MOCK_S23,right_brow,8.094812252219981e-05,full-pcmci,True,MOCK DATA / NOT A SCIENTIFIC RESULT,displacement-report-draft-v1
speaking,3,MOCK_G12,MOCK_S23,right_cheek,0.00016966101810920054,full-pcmci,True,MOCK DATA / NOT A SCIENTIFIC RESULT,displacement-report-draft-v1
speaking,3,MOCK_G12,MOCK_S23,right_eyelid,-0.0006414064232352999,full-pcmci,True,MOCK DATA / NOT A SCIENTIFIC RESULT,displacement-report-draft-v1
speaking,3,MOCK_G12,MOCK_S23,whole_face,-1.0862212895549651e-05,full-pcmci,True,MOCK DATA / NOT A SCIENTIFIC RESULT,displacement-report-draft-v1
speaking,3,MOCK_G12,MOCK_S24,jaw,-6.268044901650005e-05,full-pcmci,True,MOCK DATA / NOT A SCIENTIFIC RESULT,displacement-report-draft-v1
speaking,3,MOCK_G12,MOCK_S24,left_brow,0.00033851705755959943,full-pcmci,True,MOCK DATA / NOT A SCIENTIFIC RESULT,displacement-report-draft-v1
speaking,3,MOCK_G12,MOCK_S24,left_cheek,-4.879651814090023e-05,full-pcmci,True,MOCK DATA / NOT A SCIENTIFIC RESULT,displacement-report-draft-v1
speaking,3,MOCK_G12,MOCK_S24,left_eyelid,-0.0006883987290182995,full-pcmci,True,MOCK DATA / NOT A SCIENTIFIC RESULT,displacement-report-draft-v1
speaking,3,MOCK_G12,MOCK_S24,mouth,0.0004457823950266993,full-pcmci,True,MOCK DATA / NOT A SCIENTIFIC RESULT,displacement-report-draft-v1
speaking,3,MOCK_G12,MOCK_S24,right_brow,-0.00023870167666400002,full-pcmci,True,MOCK DATA / NOT A SCIENTIFIC RESULT,displacement-report-draft-v1
speaking,3,MOCK_G12,MOCK_S24,right_cheek,0.0004524554220867996,full-pcmci,True,MOCK DATA / NOT A SCIENTIFIC RESULT,displacement-report-draft-v1
speaking,3,MOCK_G12,MOCK_S24,right_eyelid,-0.0005971247034529999,full-pcmci,True,MOCK DATA / NOT A SCIENTIFIC RESULT,displacement-report-draft-v1
speaking,3,MOCK_G12,MOCK_S24,whole_face,-4.986840020244996e-05,full-pcmci,True,MOCK DATA / NOT A SCIENTIFIC RESULT,displacement-report-draft-v1
speaking,4,MOCK_G13,MOCK_S25,jaw,-0.0004388153772926992,full-pcmci,True,MOCK DATA / NOT A SCIENTIFIC RESULT,displacement-report-draft-v1
speaking,4,MOCK_G13,MOCK_S25,left_brow,5.181613397170059e-05,full-pcmci,True,MOCK DATA / NOT A SCIENTIFIC RESULT,displacement-report-draft-v1
speaking,4,MOCK_G13,MOCK_S25,left_cheek,0.00032290149841019983,full-pcmci,True,MOCK DATA / NOT A SCIENTIFIC RESULT,displacement-report-draft-v1
speaking,4,MOCK_G13,MOCK_S25,left_eyelid,-0.0007905226495897996,full-pcmci,True,MOCK DATA / NOT A SCIENTIFIC RESULT,displacement-report-draft-v1
speaking,4,MOCK_G13,MOCK_S25,mouth,0.0002385444081210008,full-pcmci,True,MOCK DATA / NOT A SCIENTIFIC RESULT,displacement-report-draft-v1
speaking,4,MOCK_G13,MOCK_S25,right_brow,-0.0005985232431615006,full-pcmci,True,MOCK DATA / NOT A SCIENTIFIC RESULT,displacement-report-draft-v1
speaking,4,MOCK_G13,MOCK_S25,right_eyelid,-0.0003476587164935995,full-pcmci,True,MOCK DATA / NOT A SCIENTIFIC RESULT,displacement-report-draft-v1
speaking,4,MOCK_G13,MOCK_S26,jaw,-0.0007844089027031998,full-pcmci,True,MOCK DATA / NOT A SCIENTIFIC RESULT,displacement-report-draft-v1
speaking,4,MOCK_G13,MOCK_S26,left_brow,-0.0003628694811604006,full-pcmci,True,MOCK DATA / NOT A SCIENTIFIC RESULT,displacement-report-draft-v1
speaking,4,MOCK_G13,MOCK_S26,left_cheek,0.0006319269875739997,full-pcmci,True,MOCK DATA / NOT A SCIENTIFIC RESULT,displacement-report-draft-v1
speaking,4,MOCK_G13,MOCK_S26,left_eyelid,-0.0006635721159212,full-pcmci,True,MOCK DATA / NOT A SCIENTIFIC RESULT,displacement-report-draft-v1
speaking,4,MOCK_G13,MOCK_S26,mouth,-0.00014560608500350028,full-pcmci,True,MOCK DATA / NOT A SCIENTIFIC RESULT,displacement-report-draft-v1
speaking,4,MOCK_G13,MOCK_S26,right_brow,-0.0008647955488119002,full-pcmci,True,MOCK DATA / NOT A SCIENTIFIC RESULT,displacement-report-draft-v1
speaking,4,MOCK_G13,MOCK_S26,right_eyelid,5.5796921301500685e-05,full-pcmci,True,MOCK DATA / NOT A SCIENTIFIC RESULT,displacement-report-draft-v1
speaking,4,MOCK_G14,MOCK_S27,jaw,-0.0009616028421399999,full-pcmci,True,MOCK DATA / NOT A SCIENTIFIC RESULT,displacement-report-draft-v1
speaking,4,MOCK_G14,MOCK_S27,left_brow,-0.0007743514771632,full-pcmci,True,MOCK DATA / NOT A SCIENTIFIC RESULT,displacement-report-draft-v1
speaking,4,MOCK_G14,MOCK_S27,left_cheek,0.0007476560954051996,full-pcmci,True,MOCK DATA / NOT A SCIENTIFIC RESULT,displacement-report-draft-v1
speaking,4,MOCK_G14,MOCK_S27,left_eyelid,-0.00030822532219629967,full-pcmci,True,MOCK DATA / NOT A SCIENTIFIC RESULT,displacement-report-draft-v1
speaking,4,MOCK_G14,MOCK_S27,mouth,-0.0005972734829692,full-pcmci,True,MOCK DATA / NOT A SCIENTIFIC RESULT,displacement-report-draft-v1
speaking,4,MOCK_G14,MOCK_S27,right_brow,-0.0009167435061574998,full-pcmci,True,MOCK DATA / NOT A SCIENTIFIC RESULT,displacement-report-draft-v1
speaking,4,MOCK_G14,MOCK_S27,right_eyelid,0.0004917342627118997,full-pcmci,True,MOCK DATA / NOT A SCIENTIFIC RESULT,displacement-report-draft-v1
speaking,4,MOCK_G14,MOCK_S28,jaw,-0.0008740598914883007,full-pcmci,True,MOCK DATA / NOT A SCIENTIFIC RESULT,displacement-report-draft-v1
speaking,4,MOCK_G14,MOCK_S28,left_brow,-0.0010308623515720003,full-pcmci,True,MOCK DATA / NOT A SCIENTIFIC RESULT,displacement-report-draft-v1
speaking,4,MOCK_G14,MOCK_S28,left_cheek,0.0005917144972605991,full-pcmci,True,MOCK DATA / NOT A SCIENTIFIC RESULT,displacement-report-draft-v1
speaking,4,MOCK_G14,MOCK_S28,left_eyelid,0.0001873359032303996,full-pcmci,True,MOCK DATA / NOT A SCIENTIFIC RESULT,displacement-report-draft-v1
speaking,4,MOCK_G14,MOCK_S28,mouth,-0.0009630455028880004,full-pcmci,True,MOCK DATA / NOT A SCIENTIFIC RESULT,displacement-report-draft-v1
speaking,4,MOCK_G14,MOCK_S28,right_brow,-0.0006955244326669998,full-pcmci,True,MOCK DATA / NOT A SCIENTIFIC RESULT,displacement-report-draft-v1
speaking,4,MOCK_G14,MOCK_S28,right_eyelid,0.0008060209348152002,full-pcmci,True,MOCK DATA / NOT A SCIENTIFIC RESULT,displacement-report-draft-v1
speaking,4,MOCK_G15,MOCK_S29,jaw,-0.0005090487299789,full-pcmci,True,MOCK DATA / NOT A SCIENTIFIC RESULT,displacement-report-draft-v1
speaking,4,MOCK_G15,MOCK_S29,left_brow,-0.0010150369657000004,full-pcmci,True,MOCK DATA / NOT A SCIENTIFIC RESULT,displacement-report-draft-v1
speaking,4,MOCK_G15,MOCK_S29,left_cheek,0.0001746465086620002,full-pcmci,True,MOCK DATA / NOT A SCIENTIFIC RESULT,displacement-report-draft-v1
speaking,4,MOCK_G15,MOCK_S29,left_eyelid,0.0006694284814844007,full-pcmci,True,MOCK DATA / NOT A SCIENTIFIC RESULT,displacement-report-draft-v1
speaking,4,MOCK_G15,MOCK_S29,mouth,-0.0010980150329812002,full-pcmci,True,MOCK DATA / NOT A SCIENTIFIC RESULT,displacement-report-draft-v1
speaking,4,MOCK_G15,MOCK_S29,right_brow,-0.00023474723560699962,full-pcmci,True,MOCK DATA / NOT A SCIENTIFIC RESULT,displacement-report-draft-v1
speaking,4,MOCK_G15,MOCK_S29,right_eyelid,0.0008661952011002,full-pcmci,True,MOCK DATA / NOT A SCIENTIFIC RESULT,displacement-report-draft-v1
speaking,4,MOCK_G15,MOCK_S30,jaw,4.750413006989959e-05,full-pcmci,True,MOCK DATA / NOT A SCIENTIFIC RESULT,displacement-report-draft-v1
speaking,4,MOCK_G15,MOCK_S30,left_brow,-0.0006917078156532001,full-pcmci,True,MOCK DATA / NOT A SCIENTIFIC RESULT,displacement-report-draft-v1
speaking,4,MOCK_G15,MOCK_S30,left_cheek,-0.0003970126115201006,full-pcmci,True,MOCK DATA / NOT A SCIENTIFIC RESULT,displacement-report-draft-v1
speaking,4,MOCK_G15,MOCK_S30,left_eyelid,0.0009677966875192004,full-pcmci,True,MOCK DATA / NOT A SCIENTIFIC RESULT,displacement-report-draft-v1
speaking,4,MOCK_G15,MOCK_S30,mouth,-0.0009205949701218,full-pcmci,True,MOCK DATA / NOT A SCIENTIFIC RESULT,displacement-report-draft-v1
speaking,4,MOCK_G15,MOCK_S30,right_brow,0.00034057638353139977,full-pcmci,True,MOCK DATA / NOT A SCIENTIFIC RESULT,displacement-report-draft-v1
speaking,4,MOCK_G15,MOCK_S30,right_eyelid,0.0006132896413987001,full-pcmci,True,MOCK DATA / NOT A SCIENTIFIC RESULT,displacement-report-draft-v1
