condition,outer_fold,target,source,band,n_lags,opportunities,selected_count,failures,frequency,frequency_low,frequency_high,primary_selected,is_synthetic,synthetic_notice,protocol_id
non_speaking,0,jaw,left_brow,0–100 ms,3,100,25,0,0.25,0.25,0.25,False,True,MOCK DATA / NOT A SCIENTIFIC RESULT,displacement-report-draft-v1
non_speaking,0,jaw,left_brow,100–250 ms,4,100,94,0,0.94,0.94,0.94,True,True,MOCK DATA / NOT A SCIENTIFIC RESULT,displacement-report-draft-v1
non_speaking,0,jaw,left_brow,250–500 ms,8,100,47,0,0.47,0.47,0.47,False,True,MOCK DATA / NOT A SCIENTIFIC RESULT,displacement-report-draft-v1
non_speaking,0,jaw,left_cheek,0–100 ms,3,100,14,0,0.14,0.14,0.14,False,True,MOCK DATA / NOT A SCIENTIFIC RESULT,displacement-report-draft-v1
non_speaking,0,jaw,left_cheek,100–250 ms,4,100,33,0,0.33,0.33,0.33,False,True,MOCK DATA / NOT A SCIENTIFIC RESULT,displacement-report-draft-v1
non_speaking,0,jaw,left_cheek,250–500 ms,8,100,55,0,0.55,0.55,0.55,False,True,MOCK DATA / NOT A SCIENTIFIC RESULT,displacement-report-draft-v1
non_speaking,0,jaw,left_eyelid,0–100 ms,3,100,57,0,0.57,0.57,0.57,True,True,MOCK DATA / NOT A SCIENTIFIC RESULT,displacement-report-draft-v1
non_speaking,0,jaw,left_eyelid,100–250 ms,4,100,22,0,0.22,0.22,0.22,False,True,MOCK DATA / NOT A SCIENTIFIC RESULT,displacement-report-draft-v1
non_speaking,0,jaw,left_eyelid,250–500 ms,8,100,47,0,0.47,0.47,0.47,False,True,MOCK DATA / NOT A SCIENTIFIC RESULT,displacement-report-draft-v1
non_speaking,0,jaw,mouth,0–100 ms,3,100,19,0,0.19,0.19,0.19,False,True,MOCK DATA / NOT A SCIENTIFIC RESULT,displacement-report-draft-v1
non_speaking,0,jaw,mouth,100–250 ms,4,100,27,0,0.27,0.27,0.27,False,True,MOCK DATA / NOT A SCIENTIFIC RESULT,displacement-report-draft-v1
non_speaking,0,jaw,mouth,250–500 ms,8,100,45,0,0.45,0.45,0.45,False,True,MOCK DATA / NOT A SCIENTIFIC RESULT,displacement-report-draft-v1
non_speaking,0,jaw,right_brow,0–100 ms,3,100,25,0,0.25,0.25,0.25,False,True,MOCK DATA / NOT A SCIENTIFIC RESULT,displacement-report-draft-v1
non_speaking,0,jaw,right_brow,100–250 ms,4,100,30,0,0.3,0.3,0.3,False,True,MOCK DATA / NOT A SCIENTIFIC RESULT,displacement-report-draft-v1
non_speaking,0,jaw,right_brow,250–500 ms,8,100,39,0,0.39,0.39,0.39,False,True,MOCK DATA / NOT A SCIENTIFIC RESULT,displacement-report-draft-v1
non_speaking,0,jaw,right_cheek,0–100 ms,3,100,19,0,0.19,0.19,0.19,False,True,MOCK DATA / NOT A SCIENTIFIC RESULT,displacement-report-draft-v1
non_speaking,0,jaw,right_cheek,100–250 ms,4,100,25,0,0.25,0.25,0.25,False,True,MOCK DATA / NOT A SCIENTIFIC RESULT,displacement-report-draft-v1
non_speaking,0,jaw,right_cheek,250–500 ms,8,100,44,0,0.44,0.44,0.44,False,True,MOCK DATA / NOT A SCIENTIFIC RESULT,displacement-report-draft-v1
non_speaking,0,jaw,right_eyelid,0–100 ms,3,100,20,0,0.2,0.2,0.2,False,True,MOCK DATA / NOT A SCIENTIFIC RESULT,displacement-report-draft-v1
non_speaking,0,jaw,right_eyelid,100–250 ms,4,100,32,0,0.32,0.32,0.32,False,True,MOCK DATA / NOT A SCIENTIFIC RESULT,displacement-report-draft-v1
non_speaking,0,jaw,right_eyelid,250–500 ms,8,100,53,0,0.53,0.53,0.53,False,True,MOCK DATA / NOT A SCIENTIFIC RESULT,displacement-report-draft-v1
non_speaking,0,left_brow,jaw,0–100 ms,3,100,23,0,0.23,0.23,0.23,False,True,MOCK DATA / NOT A SCIENTIFIC RESULT,displacement-report-draft-v1
non_speaking,0,left_brow,jaw,100–250 ms,4,100,30,0,0.3,0.3,0.3,False,True,MOCK DATA / NOT A SCIENTIFIC RESULT,displacement-report-draft-v1
non_speaking,0,left_brow,jaw,250–500 ms,8,100,42,0,0.42,0.42,0.42,False,True,MOCK DATA / NOT A SCIENTIFIC RESULT,displacement-report-draft-v1
non_speaking,0,left_brow,left_cheek,0–100 ms,3,100,16,0,0.16,0.16,0.16,False,True,MOCK DATA / NOT A SCIENTIFIC RESULT,displacement-report-draft-v1
non_speaking,0,left_brow,left_cheek,100–250 ms,4,100,32,0,0.32,0.32,0.32,False,True,MOCK DATA / NOT A SCIENTIFIC RESULT,displacement-report-draft-v1
non_speaking,0,left_brow,left_cheek,250–500 ms,8,100,54,0,0.54,0.54,0.54,False,True,MOCK DATA / NOT A SCIENTIFIC RESULT,displacement-report-draft-v1
non_speaking,0,left_brow,left_eyelid,0–100 ms,3,100,22,0,0.22,0.22,0.22,False,True,MOCK DATA / NOT A SCIENTIFIC RESULT,displacement-report-draft-v1
non_speaking,0,left_brow,left_eyelid,100–250 ms,4,100,28,0,0.28,0.28,0.28,False,True,MOCK DATA / NOT A SCIENTIFIC RESULT,displacement-report-draft-v1
non_speaking,0,left_brow,left_eyelid,250–500 ms,8,100,47,0,0.47,0.47,0.47,False,True,MOCK DATA / NOT A SCIENTIFIC RESULT,displacement-report-draft-v1
non_speaking,0,left_brow,mouth,0–100 ms,3,100,20,0,0.2,0.2,0.2,False,True,MOCK DATA / NOT A SCIENTIFIC RESULT,displacement-report-draft-v1
non_speaking,0,left_brow,mouth,100–250 ms,4,100,20,0,0.2,0.2,0.2,False,True,MOCK DATA / NOT A SCIENTIFIC RESULT,displacement-report-draft-v1
non_speaking,0,left_brow,mouth,250–500 ms,8,100,49,0,0.49,0.49,0.49,False,True,MOCK DATA / NOT A SCIENTIFIC RESULT,displacement-report-draft-v1
non_speaking,0,left_brow,right_brow,0–100 ms,3,100,20,0,0.2,0.2,0.2,False,True,MOCK DATA / NOT A SCIENTIFIC RESULT,displacement-report-draft-v1
non_speaking,0,left_brow,right_brow,100–250 ms,4,100,94,0,0.94,0.94,0.94,True,True,MOCK DATA / NOT A SCIENTIFIC RESULT,displacement-report-draft-v1
non_speaking,0,left_brow,right_brow,250–500 ms,8,100,43,0,0.43,0.43,0.43,False,True,MOCK DATA / NOT A SCIENTIFIC RESULT,displacement-report-draft-v1
non_speaking,0,left_brow,right_cheek,0–100 ms,3,100,32,0,0.32,0.32,0.32,False,True,MOCK DATA / NOT A SCIENTIFIC RESULT,displacement-report-draft-v1
non_speaking,0,left_brow,right_cheek,100–250 ms,4,100,23,0,0.23,0.23,0.23,False,True,MOCK DATA / NOT A SCIENTIFIC RESULT,displacement-report-draft-v1
non_speaking,0,left_brow,right_cheek,250–500 ms,8,100,45,0,0.45,0.45,0.45,False,True,MOCK DATA / NOT A SCIENTIFIC RESULT,displacement-report-draft-v1
non_speaking,0,left_brow,right_eyelid,0–100 ms,3,100,20,0,0.2,0.2,0.2,False,True,MOCK DATA / NOT A SCIENTIFIC RESULT,displacement-report-draft-v1
non_speaking,0,left_brow,right_eyelid,100–250 ms,4,100,25,0,0.25,0.25,0.25,False,True,MOCK DATA / NOT A SCIENTIFIC RESULT,displacement-report-draft-v1
non_speaking,0,left_brow,right_eyelid,250–500 ms,8,100,66,0,0.66,0.66,0.66,True,True,MOCK DATA / NOT A SCIENTIFIC RESULT,displacement-report-draft-v1
non_speaking,0,left_cheek,jaw,0–100 ms,3,100,24,0,0.24,0.24,0.24,False,True,MOCK DATA / NOT A SCIENTIFIC RESULT,displacement-report-draft-v1
non_speaking,0,left_cheek,jaw,100–250 ms,4,100,26,0,0.26,0.26,0.26,False,True,MOCK DATA / NOT A SCIENTIFIC RESULT,displacement-report-draft-v1
non_speaking,0,left_cheek,jaw,250–500 ms,8,100,64,0,0.64,0.64,0.64,True,True,MOCK DATA / NOT A SCIENTIFIC RESULT,displacement-report-draft-v1
non_speaking,0,left_cheek,left_brow,0–100 ms,3,100,25,0,0.25,0.25,0.25,False,True,MOCK DATA / NOT A SCIENTIFIC RESULT,displacement-report-draft-v1
non_speaking,0,left_cheek,left_brow,100–250 ms,4,100,30,0,0.3,0.3,0.3,False,True,MOCK DATA / NOT A SCIENTIFIC RESULT,displacement-report-draft-v1
non_speaking,0,left_cheek,left_brow,250–500 ms,8,100,40,0,0.4,0.4,0.4,False,True,MOCK DATA / NOT A SCIENTIFIC RESULT,displacement-report-draft-v1
non_speaking,0,left_cheek,left_eyelid,0–100 ms,3,100,19,0,0.19,0.19,0.19,False,True,MOCK DATA / NOT A SCIENTIFIC RESULT,displacement-report-draft-v1
non_speaking,0,left_cheek,left_eyelid,100–250 ms,4,100,26,0,0.26,0.26,0.26,False,True,MOCK DATA / NOT A SCIENTIFIC RESULT,displacement-report-draft-v1
non_speaking,0,left_cheek,left_eyelid,250–500 ms,8,100,48,0,0.48,0.48,0.48,False,True,MOCK DATA / NOT A SCIENTIFIC RESULT,displacement-report-draft-v1
non_speaking,0,left_cheek,mouth,0–100 ms,3,100,18,0,0.18,0.18,0.18,False,True,MOCK DATA / NOT A SCIENTIFIC RESULT,displacement-report-draft-v1
non_speaking,0,left_cheek,mouth,100–250 ms,4,100,32,0,0.32,0.32,0.32,False,True,MOCK DATA / NOT A SCIENTIFIC RESULT,displacement-report-draft-v1
non_speaking,0,left_cheek,mouth,250–500 ms,8,100,46,0,0.46,0.46,0.46,False,True,MOCK DATA / NOT A SCIENTIFIC RESULT,displacement-report-draft-v1
non_speaking,0,left_cheek,right_brow,0–100 ms,3,100,21,0,0.21,0.21,0.21,False,True,MOCK DATA / NOT A SCIENTIFIC RESULT,displacement-report-draft-v1
non_speaking,0,left_cheek,right_brow,100–250 ms,4,100,36,0,0.36,0.36,0.36,False,True,MOCK DATA / NOT A SCIENTIFIC RESULT,displacement-report-draft-v1
non_speaking,0,left_cheek,right_brow,250–500 ms,8,100,49,0,0.49,0.49,0.49,False,True,MOCK DATA / NOT A SCIENTIFIC RESULT,displacement-report-draft-v1
non_speaking,0,left_cheek,right_cheek,0–100 ms,3,100,27,0,0.27,0.27,0.27,False,True,MOCK DATA / NOT A SCIENTIFIC RESULT,displacement-report-draft-v1
non_speaking,0,left_cheek,right_cheek,100–250 ms,4,100,90,0,0.9,0.9,0.9,True,True,MOCK DATA / NOT A SCIENTIFIC RESULT,displacement-report-draft-v1
non_speaking,0,left_cheek,right_cheek,250–500 ms,8,100,52,0,0.52,0.52,0.52,False,True,MOCK DATA / NOT A SCIENTIFIC RESULT,displacement-report-draft-v1
non_speaking,0,left_cheek,right_eyelid,0–100 ms,3,100,20,0,0.2,0.2,0.2,False,True,MOCK DATA / NOT A SCIENTIFIC RESULT,displacement-report-draft-v1
non_speaking,0,left_cheek,right_eyelid,100–250 ms,4,100,32,0,0.32,0.32,0.32,False,True,MOCK DATA / NOT A SCIENTIFIC RESULT,displacement-report-draft-v1
non_speaking,0,left_cheek,right_eyelid,250–500 ms,8,100,51,0,0.51,0.51,0.51,False,True,MOCK DATA / NOT A SCIENTIFIC RESULT,displacement-report-draft-v1
non_speaking,0,left_eyelid,jaw,0–100 ms,3,100,18,0,0.18,0.18,0.18,False,True,MOCK DATA / NOT A SCIENTIFIC RESULT,displacement-report-draft-v1
non_speaking,0,left_eyelid,jaw,100–250 ms,4,100,28,0,0.28,0.28,0.28,False,True,MOCK DATA / NOT A SCIENTIFIC RESULT,displacement-report-draft-v1
non_speaking,0,left_eyelid,jaw,250–500 ms,8,100,46,0,0.46,0.46,0.46,False,True,MOCK DATA / NOT A SCIENTIFIC RESULT,displacement-report-draft-v1
non_speaking,0,left_eyelid,left_brow,0–100 ms,3,100,13,0,0.13,0.13,0.13,False,True,MOCK DATA / NOT A SCIENTIFIC RESULT,displacement-report-draft-v1
non_speaking,0,left_eyelid,left_brow,100–250 ms,4,100,24,0,0.24,0.24,0.24,False,True,MOCK DATA / NOT A SCIENTIFIC RESULT,displacement-report-draft-v1
non_speaking,0,left_eyelid,left_brow,250–500 ms,8,100,45,0,0.45,0.45,0.45,False,True,MOCK DATA / NOT A SCIENTIFIC RESULT,displacement-report-draft-v1
non_speaking,0,left_eyelid,left_cheek,0–100 ms,3,100,19,0,0.19,0.19,0.19,False,True,MOCK DATA / NOT A SCIENTIFIC RESULT,displacement-report-draft-v1
non_speaking,0,left_eyelid,left_cheek,100–250 ms,4,100,29,0,0.29,0.29,0.29,False,True,MOCK DATA / NOT A SCIENTIFIC RESULT,displacement-report-draft-v1
non_speaking,0,left_eyelid,left_cheek,250–500 ms,8,100,43,0,0.43,0.43,0.43,False,True,MOCK DATA / NOT A SCIENTIFIC RESULT,displacement-report-draft-v1
non_speaking,0,left_eyelid,mouth,0–100 ms,3,100,23,0,0.23,0.23,0.23,False,True,MOCK DATA / NOT A SCIENTIFIC RESULT,displacement-report-draft-v1
non_speaking,0,left_eyelid,mouth,100–250 ms,4,100,38,0,0.38,0.38,0.38,False,True,MOCK DATA / NOT A SCIENTIFIC RESULT,displacement-report-draft-v1
non_speaking,0,left_eyelid,mouth,250–500 ms,8,100,44,0,0.44,0.44,0.44,False,True,MOCK DATA / NOT A SCIENTIFIC RESULT,displacement-report-draft-v1
non_speaking,0,left_eyelid,right_brow,0–100 ms,3,100,16,0,0.16,0.16,0.16,False,True,MOCK DATA / NOT A SCIENTIFIC RESULT,displacement-report-draft-v1
non_speaking,0,left_eyelid,right_brow,100–250 ms,4,100,28,0,0.28,0.28,0.28,False,True,MOCK DATA / NOT A SCIENTIFIC RESULT,displacement-report-draft-v1
non_speaking,0,left_eyelid,right_brow,250–500 ms,8,100,55,0,0.55,0.55,0.55,False,True,MOCK DATA / NOT A SCIENTIFIC RESULT,displacement-report-draft-v1
non_speaking,0,left_eyelid,right_cheek,0–100 ms,3,100,17,0,0.17,0.17,0.17,False,True,MOCK DATA / NOT A SCIENTIFIC RESULT,displacement-report-draft-v1
non_speaking,0,left_eyelid,right_cheek,100–250 ms,4,100,29,0,0.29,0.29,0.29,False,True,MOCK DATA / NOT A SCIENTIFIC RESULT,displacement-report-draft-v1
non_speaking,0,left_eyelid,right_cheek,250–500 ms,8,100,65,0,0.65,0.65,0.65,True,True,MOCK DATA / NOT A SCIENTIFIC RESULT,displacement-report-draft-v1
non_speaking,0,left_eyelid,right_eyelid,0–100 ms,3,100,21,0,0.21,0.21,0.21,False,True,MOCK DATA / NOT A SCIENTIFIC RESULT,displacement-report-draft-v1
non_speaking,0,left_eyelid,right_eyelid,100–250 ms,4,100,77,0,0.77,0.77,0.77,True,True,MOCK DATA / NOT A SCIENTIFIC RESULT,displacement-report-draft-v1
non_speaking,0,left_eyelid,right_eyelid,250–500 ms,8,100,84,0,0.84,0.84,0.84,True,True,MOCK DATA / NOT A SCIENTIFIC RESULT,displacement-report-draft-v1
non_speaking,0,mouth,jaw,0–100 ms,3,100,18,0,0.18,0.18,0.18,False,True,MOCK DATA / NOT A SCIENTIFIC RESULT,displacement-report-draft-v1
non_speaking,0,mouth,jaw,100–250 ms,4,100,96,0,0.96,0.96,0.96,True,True,MOCK DATA / NOT A SCIENTIFIC RESULT,displacement-report-draft-v1
non_speaking,0,mouth,jaw,250–500 ms,8,100,53,0,0.53,0.53,0.53,False,True,MOCK DATA / NOT A SCIENTIFIC RESULT,displacement-report-draft-v1
non_speaking,0,mouth,left_brow,0–100 ms,3,100,20,0,0.2,0.2,0.2,False,True,MOCK DATA / NOT A SCIENTIFIC RESULT,displacement-report-draft-v1
non_speaking,0,mouth,left_brow,100–250 ms,4,100,33,0,0.33,0.33,0.33,False,True,MOCK DATA / NOT A SCIENTIFIC RESULT,displacement-report-draft-v1
non_speaking,0,mouth,left_brow,250–500 ms,8,100,47,0,0.47,0.47,0.47,False,True,MOCK DATA / NOT A SCIENTIFIC RESULT,displacement-report-draft-v1
non_speaking,0,mouth,left_cheek,0–100 ms,3,100,21,0,0.21,0.21,0.21,False,True,MOCK DATA / NOT A SCIENTIFIC RESULT,displacement-report-draft-v1
non_speaking,0,mouth,left_cheek,100–250 ms,4,100,30,0,0.3,0.3,0.3,False,True,MOCK DATA / NOT A SCIENTIFIC RESULT,displacement-report-draft-v1
non_speaking,0,mouth,left_cheek,250–500 ms,8,100,59,0,0.59,0.59,0.59,False,True,MOCK DATA / NOT A SCIENTIFIC RESULT,displacement-report-draft-v1
non_speaking,0,mouth,left_eyelid,0–100 ms,3,100,23,0,0.23,0.23,0.23,False,True,MOCK DATA / NOT A SCIENTIFIC RESULT,displacement-report-draft-v1
non_speaking,0,mouth,left_eyelid,100–250 ms,4,100,28,0,0.28,0.28,0.28,False,True,MOCK DATA / NOT A SCIENTIFIC RESULT,displacement-report-draft-v1
non_speaking,0,mouth,left_eyelid,250–500 ms,8,100,39,0,0.39,0.39,0.39,False,True,MOCK DATA / NOT A SCIENTIFIC RESULT,displacement-report-draft-v1
non_speaking,0,mouth,right_brow,0–100 ms,3,100,28,0,0.28,0.28,0.28,False,True,MOCK DATA / NOT A SCIENTIFIC RESULT,displacement-report-draft-v1
non_speaking,0,mouth,right_brow,100–250 ms,4,100,30,0,0.3,0.3,0.3,False,True,MOCK DATA / NOT A SCIENTIFIC RESULT,displacement-report-draft-v1
non_speaking,0,mouth,right_brow,250–500 ms,8,100,70,0,0.7,0.7,0.7,True,True,MOCK DATA / NOT A SCIENTIFIC RESULT,displacement-report-draft-v1
non_speaking,0,mouth,right_cheek,0–100 ms,3,100,17,0,0.17,0.17,0.17,False,True,MOCK DATA / NOT A SCIENTIFIC RESULT,displacement-report-draft-v1
non_speaking,0,mouth,right_cheek,100–250 ms,4,100,24,0,0.24,0.24,0.24,False,True,MOCK DATA / NOT A SCIENTIFIC RESULT,displacement-report-draft-v1
non_speaking,0,mouth,right_cheek,250–500 ms,8,100,51,0,0.51,0.51,0.51,False,True,MOCK DATA / NOT A SCIENTIFIC RESULT,displacement-report-draft-v1
non_speaking,0,mouth,right_eyelid,0–100 ms,3,100,21,0,0.21,0.21,0.21,False,True,MOCK DATA / NOT A SCIENTIFIC RESULT,displacement-report-draft-v1
non_speaking,0,mouth,right_eyelid,100–250 ms,4,100,23,0,0.23,0.23,0.23,False,True,MOCK DATA / NOT A SCIENTIFIC RESULT,displacement-report-draft-v1
non_speaking,0,mouth,right_eyelid,250–500 ms,8,100,43,0,0.43,0.43,0.43,False,True,MOCK DATA / NOT A SCIENTIFIC RESULT,displacement-report-draft-v1
non_speaking,0,right_brow,jaw,0–100 ms,3,100,28,0,0.28,0.28,0.28,False,True,MOCK DATA / NOT A SCIENTIFIC RESULT,displacement-report-draft-v1
non_speaking,0,right_brow,jaw,100–250 ms,4,100,25,0,0.25,0.25,0.25,False,True,MOCK DATA / NOT A SCIENTIFIC RESULT,displacement-report-draft-v1
non_speaking,0,right_brow,jaw,250–500 ms,8,100,53,0,0.53,0.53,0.53,False,True,MOCK DATA / NOT A SCIENTIFIC RESULT,displacement-report-draft-v1
non_speaking,0,right_brow,left_brow,0–100 ms,3,100,22,0,0.22,0.22,0.22,False,True,MOCK DATA / NOT A SCIENTIFIC RESULT,displacement-report-draft-v1
non_speaking,0,right_brow,left_brow,100–250 ms,4,100,26,0,0.26,0.26,0.26,False,True,MOCK DATA / NOT A SCIENTIFIC RESULT,displacement-report-draft-v1
non_speaking,0,right_brow,left_brow,250–500 ms,8,100,51,0,0.51,0.51,0.51,False,True,MOCK DATA / NOT A SCIENTIFIC RESULT,displacement-report-draft-v1
non_speaking,0,right_brow,left_cheek,0–100 ms,3,100,43,0,0.43,0.43,0.43,True,True,MOCK DATA / NOT A SCIENTIFIC RESULT,displacement-report-draft-v1
non_speaking,0,right_brow,left_cheek,100–250 ms,4,100,30,0,0.3,0.3,0.3,False,True,MOCK DATA / NOT A SCIENTIFIC RESULT,displacement-report-draft-v1
non_speaking,0,right_brow,left_cheek,250–500 ms,8,100,54,0,0.54,0.54,0.54,False,True,MOCK DATA / NOT A SCIENTIFIC RESULT,displacement-report-draft-v1
non_speaking,0,right_brow,left_eyelid,0–100 ms,3,100,22,0,0.22,0.22,0.22,False,True,MOCK DATA / NOT A SCIENTIFIC RESULT,displacement-report-draft-v1
non_speaking,0,right_brow,left_eyelid,100–250 ms,4,100,97,0,0.97,0.97,0.97,True,True,MOCK DATA / NOT A SCIENTIFIC RESULT,displacement-report-draft-v1
non_speaking,0,right_brow,left_eyelid,250–500 ms,8,100,50,0,0.5,0.5,0.5,False,True,MOCK DATA / NOT A SCIENTIFIC RESULT,displacement-report-draft-v1
non_speaking,0,right_brow,mouth,0–100 ms,3,100,23,0,0.23,0.23,0.23,False,True,MOCK DATA / NOT A SCIENTIFIC RESULT,displacement-report-draft-v1
non_speaking,0,right_brow,mouth,100–250 ms,4,100,27,0,0.27,0.27,0.27,False,True,MOCK DATA / NOT A SCIENTIFIC RESULT,displacement-report-draft-v1
non_speaking,0,right_brow,mouth,250–500 ms,8,100,59,0,0.59,0.59,0.59,False,True,MOCK DATA / NOT A SCIENTIFIC RESULT,displacement-report-draft-v1
non_speaking,0,right_brow,right_cheek,0–100 ms,3,100,22,0,0.22,0.22,0.22,False,True,MOCK DATA / NOT A SCIENTIFIC RESULT,displacement-report-draft-v1
non_speaking,0,right_brow,right_cheek,100–250 ms,4,100,28,0,0.28,0.28,0.28,False,True,MOCK DATA / NOT A SCIENTIFIC RESULT,displacement-report-draft-v1
non_speaking,0,right_brow,right_cheek,250–500 ms,8,100,45,0,0.45,0.45,0.45,False,True,MOCK DATA / NOT A SCIENTIFIC RESULT,displacement-report-draft-v1
non_speaking,0,right_brow,right_eyelid,0–100 ms,3,100,25,0,0.25,0.25,0.25,False,True,MOCK DATA / NOT A SCIENTIFIC RESULT,displacement-report-draft-v1
non_speaking,0,right_brow,right_eyelid,100–250 ms,4,100,28,0,0.28,0.28,0.28,False,True,MOCK DATA / NOT A SCIENTIFIC RESULT,displacement-report-draft-v1
non_speaking,0,right_brow,right_eyelid,250–500 ms,8,100,46,0,0.46,0.46,0.46,False,True,MOCK DATA / NOT A SCIENTIFIC RESULT,displacement-report-draft-v1
non_speaking,0,right_cheek,jaw,0–100 ms,3,100,14,0,0.14,0.14,0.14,False,True,MOCK DATA / NOT A SCIENTIFIC RESULT,displacement-report-draft-v1
non_speaking,0,right_cheek,jaw,100–250 ms,4,100,28,0,0.28,0.28,0.28,False,True,MOCK DATA / NOT A SCIENTIFIC RESULT,displacement-report-draft-v1
non_speaking,0,right_cheek,jaw,250–500 ms,8,100,47,0,0.47,0.47,0.47,False,True,MOCK DATA / NOT A SCIENTIFIC RESULT,displacement-report-draft-v1
non_speaking,0,right_cheek,left_brow,0–100 ms,3,100,47,0,0.47,0.47,0.47,True,True,MOCK DATA / NOT A SCIENTIFIC RESULT,displacement-report-draft-v1
non_speaking,0,right_cheek,left_brow,100–250 ms,4,100,28,0,0.28,0.28,0.28,False,True,MOCK DATA / NOT A SCIENTIFIC RESULT,displacement-report-draft-v1
non_speaking,0,right_cheek,left_brow,250–500 ms,8,100,41,0,0.41,0.41,0.41,False,True,MOCK DATA / NOT A SCIENTIFIC RESULT,displacement-report-draft-v1
non_speaking,0,right_cheek,left_cheek,0–100 ms,3,100,28,0,0.28,0.28,0.28,False,True,MOCK DATA / NOT A SCIENTIFIC RESULT,displacement-report-draft-v1
non_speaking,0,right_cheek,left_cheek,100–250 ms,4,100,33,0,0.33,0.33,0.33,False,True,MOCK DATA / NOT A SCIENTIFIC RESULT,displacement-report-draft-v1
non_speaking,0,right_cheek,left_cheek,250–500 ms,8,100,50,0,0.5,0.5,0.5,False,True,MOCK DATA / NOT A SCIENTIFIC RESULT,displacement-report-draft-v1
non_speaking,0,right_cheek,left_eyelid,0–100 ms,3,100,24,0,0.24,0.24,0.24,False,True,MOCK DATA / NOT A SCIENTIFIC RESULT,displacement-report-draft-v1
non_speaking,0,right_cheek,left_eyelid,100–250 ms,4,100,26,0,0.26,0.26,0.26,False,True,MOCK DATA / NOT A SCIENTIFIC RESULT,displacement-report-draft-v1
non_speaking,0,right_cheek,left_eyelid,250–500 ms,8,100,44,0,0.44,0.44,0.44,False,True,MOCK DATA / NOT A SCIENTIFIC RESULT,displacement-report-draft-v1
non_speaking,0,right_cheek,mouth,0–100 ms,3,100,29,0,0.29,0.29,0.29,False,True,MOCK DATA / NOT A SCIENTIFIC RESULT,displacement-report-draft-v1
non_speaking,0,right_cheek,mouth,100–250 ms,4,100,76,0,0.76,0.76,0.76,True,True,MOCK DATA / NOT A SCIENTIFIC RESULT,displacement-report-draft-v1
non_speaking,0,right_cheek,mouth,250–500 ms,8,100,79,0,0.79,0.79,0.79,True,True,MOCK DATA / NOT A SCIENTIFIC RESULT,displacement-report-draft-v1
non_speaking,0,right_cheek,right_brow,0–100 ms,3,100,27,0,0.27,0.27,0.27,False,True,MOCK DATA / NOT A SCIENTIFIC RESULT,displacement-report-draft-v1
non_speaking,0,right_cheek,right_brow,100–250 ms,4,100,30,0,0.3,0.3,0.3,False,True,MOCK DATA / NOT A SCIENTIFIC RESULT,displacement-report-draft-v1
non_speaking,0,right_cheek,right_brow,250–500 ms,8,100,47,0,0.47,0.47,0.47,False,True,MOCK DATA / NOT A SCIENTIFIC RESULT,displacement-report-draft-v1
non_speaking,0,right_cheek,right_eyelid,0–100 ms,3,100,29,0,0.29,0.29,0.29,False,True,MOCK DATA / NOT A SCIENTIFIC RESULT,displacement-report-draft-v1
non_speaking,0,right_cheek,right_eyelid,100–250 ms,4,100,21,0,0.21,0.21,0.21,False,True,MOCK DATA / NOT A SCIENTIFIC RESULT,displacement-report-draft-v1
non_speaking,0,right_cheek,right_eyelid,250–500 ms,8,100,51,0,0.51,0.51,0.51,False,True,MOCK DATA / NOT A SCIENTIFIC RESULT,displacement-report-draft-v1
non_speaking,0,right_eyelid,jaw,0–100 ms,3,100,13,0,0.13,0.13,0.13,False,True,MOCK DATA / NOT A SCIENTIFIC RESULT,displacement-report-draft-v1
non_speaking,0,right_eyelid,jaw,100–250 ms,4,100,33,0,0.33,0.33,0.33,False,True,MOCK DATA / NOT A SCIENTIFIC RESULT,displacement-report-draft-v1
non_speaking,0,right_eyelid,jaw,250–500 ms,8,100,53,0,0.53,0.53,0.53,False,True,MOCK DATA / NOT A SCIENTIFIC RESULT,displacement-report-draft-v1
non_speaking,0,right_eyelid,left_brow,0–100 ms,3,100,25,0,0.25,0.25,0.25,False,True,MOCK DATA / NOT A SCIENTIFIC RESULT,displacement-report-draft-v1
non_speaking,0,right_eyelid,left_brow,100–250 ms,4,100,25,0,0.25,0.25,0.25,False,True,MOCK DATA / NOT A SCIENTIFIC RESULT,displacement-report-draft-v1
non_speaking,0,right_eyelid,left_brow,250–500 ms,8,100,45,0,0.45,0.45,0.45,False,True,MOCK DATA / NOT A SCIENTIFIC RESULT,displacement-report-draft-v1
non_speaking,0,right_eyelid,left_cheek,0–100 ms,3,100,29,0,0.29,0.29,0.29,False,True,MOCK DATA / NOT A SCIENTIFIC RESULT,displacement-report-draft-v1
non_speaking,0,right_eyelid,left_cheek,100–250 ms,4,100,92,0,0.92,0.92,0.92,True,True,MOCK DATA / NOT A SCIENTIFIC RESULT,displacement-report-draft-v1
non_speaking,0,right_eyelid,left_cheek,250–500 ms,8,100,53,0,0.53,0.53,0.53,False,True,MOCK DATA / NOT A SCIENTIFIC RESULT,displacement-report-draft-v1
non_speaking,0,right_eyelid,left_eyelid,0–100 ms,3,100,21,0,0.21,0.21,0.21,False,True,MOCK DATA / NOT A SCIENTIFIC RESULT,displacement-report-draft-v1
non_speaking,0,right_eyelid,left_eyelid,100–250 ms,4,100,29,0,0.29,0.29,0.29,False,True,MOCK DATA / NOT A SCIENTIFIC RESULT,displacement-report-draft-v1
non_speaking,0,right_eyelid,left_eyelid,250–500 ms,8,100,61,0,0.61,0.61,0.61,False,True,MOCK DATA / NOT A SCIENTIFIC RESULT,displacement-report-draft-v1
non_speaking,0,right_eyelid,mouth,0–100 ms,3,100,50,0,0.5,0.5,0.5,True,True,MOCK DATA / NOT A SCIENTIFIC RESULT,displacement-report-draft-v1
non_speaking,0,right_eyelid,mouth,100–250 ms,4,100,25,0,0.25,0.25,0.25,False,True,MOCK DATA / NOT A SCIENTIFIC RESULT,displacement-report-draft-v1
non_speaking,0,right_eyelid,mouth,250–500 ms,8,100,50,0,0.5,0.5,0.5,False,True,MOCK DATA / NOT A SCIENTIFIC RESULT,displacement-report-draft-v1
non_speaking,0,right_eyelid,right_brow,0–100 ms,3,100,21,0,0.21,0.21,0.21,False,True,MOCK DATA / NOT A SCIENTIFIC RESULT,displacement-report-draft-v1
non_speaking,0,right_eyelid,right_brow,100–250 ms,4,100,30,0,0.3,0.3,0.3,False,True,MOCK DATA / NOT A SCIENTIFIC RESULT,displacement-report-draft-v1
non_speaking,0,right_eyelid,right_brow,250–500 ms,8,100,48,0,0.48,0.48,0.48,False,True,MOCK DATA / NOT A SCIENTIFIC RESULT,displacement-report-draft-v1
non_speaking,0,right_eyelid,right_cheek,0–100 ms,3,100,21,0,0.21,0.21,0.21,False,True,MOCK DATA / NOT A SCIENTIFIC RESULT,displacement-report-draft-v1
non_speaking,0,right_eyelid,right_cheek,100–250 ms,4,100,30,0,0.3,0.3,0.3,False,True,MOCK DATA / NOT A SCIENTIFIC RESULT,displacement-report-draft-v1
non_speaking,0,right_eyelid,right_cheek,250–500 ms,8,100,48,0,0.48,0.48,0.48,False,True,MOCK DATA / NOT A SCIENTIFIC RESULT,displacement-report-draft-v1
non_speaking,1,jaw,left_brow,0–100 ms,3,100,26,0,0.26,0.26,0.26,False,True,MOCK DATA / NOT A SCIENTIFIC RESULT,displacement-report-draft-v1
non_speaking,1,jaw,left_brow,100–250 ms,4,100,95,0,0.95,0.95,0.95,True,True,MOCK DATA / NOT A SCIENTIFIC RESULT,displacement-report-draft-v1
non_speaking,1,jaw,left_brow,250–500 ms,8,100,54,0,0.54,0.54,0.54,False,True,MOCK DATA / NOT A SCIENTIFIC RESULT,displacement-report-draft-v1
non_speaking,1,jaw,left_cheek,0–100 ms,3,100,22,0,0.22,0.22,0.22,False,True,MOCK DATA / NOT A SCIENTIFIC RESULT,displacement-report-draft-v1
non_speaking,1,jaw,left_cheek,100–250 ms,4,100,25,0,0.25,0.25,0.25,False,True,MOCK DATA / NOT A SCIENTIFIC RESULT,displacement-report-draft-v1
non_speaking,1,jaw,left_cheek,250–500 ms,8,100,53,0,0.53,0.53,0.53,False,True,MOCK DATA / NOT A SCIENTIFIC RESULT,displacement-report-draft-v1
non_speaking,1,jaw,left_eyelid,0–100 ms,3,100,57,0,0.57,0.57,0.57,True,True,MOCK DATA / NOT A SCIENTIFIC RESULT,displacement-report-draft-v1
non_speaking,1,jaw,left_eyelid,100–250 ms,4,100,25,0,0.25,0.25,0.25,False,True,MOCK DATA / NOT A SCIENTIFIC RESULT,displacement-report-draft-v1
non_speaking,1,jaw,left_eyelid,250–500 ms,8,100,43,0,0.43,0.43,0.43,False,True,MOCK DATA / NOT A SCIENTIFIC RESULT,displacement-report-draft-v1
non_speaking,1,jaw,mouth,0–100 ms,3,100,21,0,0.21,0.21,0.21,False,True,MOCK DATA / NOT A SCIENTIFIC RESULT,displacement-report-draft-v1
non_speaking,1,jaw,mouth,100–250 ms,4,100,26,0,0.26,0.26,0.26,False,True,MOCK DATA / NOT A SCIENTIFIC RESULT,displacement-report-draft-v1
non_speaking,1,jaw,mouth,250–500 ms,8,100,51,0,0.51,0.51,0.51,False,True,MOCK DATA / NOT A SCIENTIFIC RESULT,displacement-report-draft-v1
non_speaking,1,jaw,right_brow,0–100 ms,3,100,18,0,0.18,0.18,0.18,False,True,MOCK DATA / NOT A SCIENTIFIC RESULT,displacement-report-draft-v1
non_speaking,1,jaw,right_brow,100–250 ms,4,100,29,0,0.29,0.29,0.29,False,True,MOCK DATA / NOT A SCIENTIFIC RESULT,displacement-report-draft-v1
non_speaking,1,jaw,right_brow,250–500 ms,8,100,52,0,0.52,0.52,0.52,False,True,MOCK DATA / NOT A SCIENTIFIC RESULT,displacement-report-draft-v1
non_speaking,1,jaw,right_cheek,0–100 ms,3,100,26,0,0.26,0.26,0.26,False,True,MOCK DATA / NOT A SCIENTIFIC RESULT,displacement-report-draft-v1
non_speaking,1,jaw,right_cheek,100–250 ms,4,100,28,0,0.28,0.28,0.28,False,True,MOCK DATA / NOT A SCIENTIFIC RESULT,displacement-report-draft-v1
non_speaking,1,jaw,right_cheek,250–500 ms,8,100,50,0,0.5,0.5,0.5,False,True,MOCK DATA / NOT A SCIENTIFIC RESULT,displacement-report-draft-v1
non_speaking,1,jaw,right_eyelid,0–100 ms,3,100,26,0,0.26,0.26,0.26,False,True,MOCK DATA / NOT A SCIENTIFIC RESULT,displacement-report-draft-v1
non_speaking,1,jaw,right_eyelid,100–250 ms,4,100,19,0,0.19,0.19,0.19,False,True,MOCK DATA / NOT A SCIENTIFIC RESULT,displacement-report-draft-v1
non_speaking,1,jaw,right_eyelid,250–500 ms,8,100,49,0,0.49,0.49,0.49,False,True,MOCK DATA / NOT A SCIENTIFIC RESULT,displacement-report-draft-v1
non_speaking,1,left_brow,jaw,0–100 ms,3,100,22,0,0.22,0.22,0.22,False,True,MOCK DATA / NOT A SCIENTIFIC RESULT,displacement-report-draft-v1
non_speaking,1,left_brow,jaw,100–250 ms,4,100,29,0,0.29,0.29,0.29,False,True,MOCK DATA / NOT A SCIENTIFIC RESULT,displacement-report-draft-v1
non_speaking,1,left_brow,jaw,250–500 ms,8,100,48,0,0.48,0.48,0.48,False,True,MOCK DATA / NOT A SCIENTIFIC RESULT,displacement-report-draft-v1
non_speaking,1,left_brow,left_cheek,0–100 ms,3,100,28,0,0.28,0.28,0.28,False,True,MOCK DATA / NOT A SCIENTIFIC RESULT,displacement-report-draft-v1
non_speaking,1,left_brow,left_cheek,100–250 ms,4,100,30,0,0.3,0.3,0.3,False,True,MOCK DATA / NOT A SCIENTIFIC RESULT,displacement-report-draft-v1
non_speaking,1,left_brow,left_cheek,250–500 ms,8,100,41,0,0.41,0.41,0.41,False,True,MOCK DATA / NOT A SCIENTIFIC RESULT,displacement-report-draft-v1
non_speaking,1,left_brow,left_eyelid,0–100 ms,3,100,22,0,0.22,0.22,0.22,False,True,MOCK DATA / NOT A SCIENTIFIC RESULT,displacement-report-draft-v1
non_speaking,1,left_brow,left_eyelid,100–250 ms,4,100,32,0,0.32,0.32,0.32,False,True,MOCK DATA / NOT A SCIENTIFIC RESULT,displacement-report-draft-v1
non_speaking,1,left_brow,left_eyelid,250–500 ms,8,100,49,0,0.49,0.49,0.49,False,True,MOCK DATA / NOT A SCIENTIFIC RESULT,displacement-report-draft-v1
non_speaking,1,left_brow,mouth,0–100 ms,3,100,26,0,0.26,0.26,0.26,False,True,MOCK DATA / NOT A SCIENTIFIC RESULT,displacement-report-draft-v1
non_speaking,1,left_brow,mouth,100–250 ms,4,100,25,0,0.25,0.25,0.25,False,True,MOCK DATA / NOT A SCIENTIFIC RESULT,displacement-report-draft-v1
non_speaking,1,left_brow,mouth,250–500 ms,8,100,51,0,0.51,0.51,0.51,False,True,MOCK DATA / NOT A SCIENTIFIC RESULT,displacement-report-draft-v1
non_speaking,1,left_brow,right_brow,0–100 ms,3,100,18,0,0.18,0.18,0.18,False,True,MOCK DATA / NOT A SCIENTIFIC RESULT,displacement-report-draft-v1
non_speaking,1,left_brow,right_brow,100–250 ms,4,100,96,0,0.96,0.96,0.96,False,True,MOCK DATA / NOT A SCIENTIFIC RESULT,displacement-report-draft-v1
non_speaking,1,left_brow,right_brow,250–500 ms,8,100,51,0,0.51,0.51,0.51,False,True,MOCK DATA / NOT A SCIENTIFIC RESULT,displacement-report-draft-v1
non_speaking,1,left_brow,right_cheek,0–100 ms,3,100,28,0,0.28,0.28,0.28,False,True,MOCK DATA / NOT A SCIENTIFIC RESULT,displacement-report-draft-v1
non_speaking,1,left_brow,right_cheek,100–250 ms,4,100,34,0,0.34,0.34,0.34,False,True,MOCK DATA / NOT A SCIENTIFIC RESULT,displacement-report-draft-v1
non_speaking,1,left_brow,right_cheek,250–500 ms,8,100,50,0,0.5,0.5,0.5,False,True,MOCK DATA / NOT A SCIENTIFIC RESULT,displacement-report-draft-v1
non_speaking,1,left_brow,right_eyelid,0–100 ms,3,100,27,0,0.27,0.27,0.27,False,True,MOCK DATA / NOT A SCIENTIFIC RESULT,displacement-report-draft-v1
non_speaking,1,left_brow,right_eyelid,100–250 ms,4,100,23,0,0.23,0.23,0.23,False,True,MOCK DATA / NOT A SCIENTIFIC RESULT,displacement-report-draft-v1
non_speaking,1,left_brow,right_eyelid,250–500 ms,8,100,60,0,0.6,0.6,0.6,False,True,MOCK DATA / NOT A SCIENTIFIC RESULT,displacement-report-draft-v1
non_speaking,1,left_cheek,jaw,0–100 ms,3,100,27,0,0.27,0.27,0.27,False,True,MOCK DATA / NOT A SCIENTIFIC RESULT,displacement-report-draft-v1
non_speaking,1,left_cheek,jaw,100–250 ms,4,100,23,0,0.23,0.23,0.23,False,True,MOCK DATA / NOT A SCIENTIFIC RESULT,displacement-report-draft-v1
non_speaking,1,left_cheek,jaw,250–500 ms,8,100,63,0,0.63,0.63,0.63,True,True,MOCK DATA / NOT A SCIENTIFIC RESULT,displacement-report-draft-v1
non_speaking,1,left_cheek,left_brow,0–100 ms,3,100,20,0,0.2,0.2,0.2,False,True,MOCK DATA / NOT A SCIENTIFIC RESULT,displacement-report-draft-v1
non_speaking,1,left_cheek,left_brow,100–250 ms,4,100,25,0,0.25,0.25,0.25,False,True,MOCK DATA / NOT A SCIENTIFIC RESULT,displacement-report-draft-v1
non_speaking,1,left_cheek,left_brow,250–500 ms,8,100,53,0,0.53,0.53,0.53,False,True,MOCK DATA / NOT A SCIENTIFIC RESULT,displacement-report-draft-v1
non_speaking,1,left_cheek,left_eyelid,0–100 ms,3,100,20,0,0.2,0.2,0.2,False,True,MOCK DATA / NOT A SCIENTIFIC RESULT,displacement-report-draft-v1
non_speaking,1,left_cheek,left_eyelid,100–250 ms,4,100,29,0,0.29,0.29,0.29,False,True,MOCK DATA / NOT A SCIENTIFIC RESULT,displacement-report-draft-v1
non_speaking,1,left_cheek,left_eyelid,250–500 ms,8,100,45,0,0.45,0.45,0.45,False,True,MOCK DATA / NOT A SCIENTIFIC RESULT,displacement-report-draft-v1
non_speaking,1,left_cheek,mouth,0–100 ms,3,100,26,0,0.26,0.26,0.26,False,True,MOCK DATA / NOT A SCIENTIFIC RESULT,displacement-report-draft-v1
non_speaking,1,left_cheek,mouth,100–250 ms,4,100,27,0,0.27,0.27,0.27,False,True,MOCK DATA / NOT A SCIENTIFIC RESULT,displacement-report-draft-v1
non_speaking,1,left_cheek,mouth,250–500 ms,8,100,51,0,0.51,0.51,0.51,False,True,MOCK DATA / NOT A SCIENTIFIC RESULT,displacement-report-draft-v1
non_speaking,1,left_cheek,right_brow,0–100 ms,3,100,18,0,0.18,0.18,0.18,False,True,MOCK DATA / NOT A SCIENTIFIC RESULT,displacement-report-draft-v1
non_speaking,1,left_cheek,right_brow,100–250 ms,4,100,30,0,0.3,0.3,0.3,False,True,MOCK DATA / NOT A SCIENTIFIC RESULT,displacement-report-draft-v1
non_speaking,1,left_cheek,right_brow,250–500 ms,8,100,43,0,0.43,0.43,0.43,False,True,MOCK DATA / NOT A SCIENTIFIC RESULT,displacement-report-draft-v1
non_speaking,1,left_cheek,right_cheek,0–100 ms,3,100,20,0,0.2,0.2,0.2,False,True,MOCK DATA / NOT A SCIENTIFIC RESULT,displacement-report-draft-v1
non_speaking,1,left_cheek,right_cheek,100–250 ms,4,100,97,0,0.97,0.97,0.97,True,True,MOCK DATA / NOT A SCIENTIFIC RESULT,displacement-report-draft-v1
non_speaking,1,left_cheek,right_cheek,250–500 ms,8,100,47,0,0.47,0.47,0.47,False,True,MOCK DATA / NOT A SCIENTIFIC RESULT,displacement-report-draft-v1
non_speaking,1,left_cheek,right_eyelid,0–100 ms,3,100,16,0,0.16,0.16,0.16,False,True,MOCK DATA / NOT A SCIENTIFIC RESULT,displacement-report-draft-v1
non_speaking,1,left_cheek,right_eyelid,100–250 ms,4,100,37,0,0.37,0.37,0.37,False,True,MOCK DATA / NOT A SCIENTIFIC RESULT,displacement-report-draft-v1
non_speaking,1,left_cheek,right_eyelid,250–500 ms,8,100,45,0,0.45,0.45,0.45,False,True,MOCK DATA / NOT A SCIENTIFIC RESULT,displacement-report-draft-v1
non_speaking,1,left_eyelid,jaw,0–100 ms,3,100,25,0,0.25,0.25,0.25,False,True,MOCK DATA / NOT A SCIENTIFIC RESULT,displacement-report-draft-v1
non_speaking,1,left_eyelid,jaw,100–250 ms,4,100,23,0,0.23,0.23,0.23,False,True,MOCK DATA / NOT A SCIENTIFIC RESULT,displacement-report-draft-v1
non_speaking,1,left_eyelid,jaw,250–500 ms,8,100,53,0,0.53,0.53,0.53,False,True,MOCK DATA / NOT A SCIENTIFIC RESULT,displacement-report-draft-v1
non_speaking,1,left_eyelid,left_brow,0–100 ms,3,100,27,0,0.27,0.27,0.27,False,True,MOCK DATA / NOT A SCIENTIFIC RESULT,displacement-report-draft-v1
non_speaking,1,left_eyelid,left_brow,100–250 ms,4,100,31,0,0.31,0.31,0.31,False,True,MOCK DATA / NOT A SCIENTIFIC RESULT,displacement-report-draft-v1
non_speaking,1,left_eyelid,left_brow,250–500 ms,8,100,49,0,0.49,0.49,0.49,False,True,MOCK DATA / NOT A SCIENTIFIC RESULT,displacement-report-draft-v1
non_speaking,1,left_eyelid,left_cheek,0–100 ms,3,100,25,0,0.25,0.25,0.25,False,True,MOCK DATA / NOT A SCIENTIFIC RESULT,displacement-report-draft-v1
non_speaking,1,left_eyelid,left_cheek,100–250 ms,4,100,26,0,0.26,0.26,0.26,False,True,MOCK DATA / NOT A SCIENTIFIC RESULT,displacement-report-draft-v1
non_speaking,1,left_eyelid,left_cheek,250–500 ms,8,100,47,0,0.47,0.47,0.47,False,True,MOCK DATA / NOT A SCIENTIFIC RESULT,displacement-report-draft-v1
non_speaking,1,left_eyelid,mouth,0–100 ms,3,100,27,0,0.27,0.27,0.27,False,True,MOCK DATA / NOT A SCIENTIFIC RESULT,displacement-report-draft-v1
non_speaking,1,left_eyelid,mouth,100–250 ms,4,100,38,0,0.38,0.38,0.38,False,True,MOCK DATA / NOT A SCIENTIFIC RESULT,displacement-report-draft-v1
non_speaking,1,left_eyelid,mouth,250–500 ms,8,100,53,0,0.53,0.53,0.53,False,True,MOCK DATA / NOT A SCIENTIFIC RESULT,displacement-report-draft-v1
non_speaking,1,left_eyelid,right_brow,0–100 ms,3,100,19,0,0.19,0.19,0.19,False,True,MOCK DATA / NOT A SCIENTIFIC RESULT,displacement-report-draft-v1
non_speaking,1,left_eyelid,right_brow,100–250 ms,4,100,31,0,0.31,0.31,0.31,False,True,MOCK DATA / NOT A SCIENTIFIC RESULT,displacement-report-draft-v1
non_speaking,1,left_eyelid,right_brow,250–500 ms,8,100,38,0,0.38,0.38,0.38,False,True,MOCK DATA / NOT A SCIENTIFIC RESULT,displacement-report-draft-v1
non_speaking,1,left_eyelid,right_cheek,0–100 ms,3,100,18,0,0.18,0.18,0.18,False,True,MOCK DATA / NOT A SCIENTIFIC RESULT,displacement-report-draft-v1
non_speaking,1,left_eyelid,right_cheek,100–250 ms,4,100,26,0,0.26,0.26,0.26,False,True,MOCK DATA / NOT A SCIENTIFIC RESULT,displacement-report-draft-v1
non_speaking,1,left_eyelid,right_cheek,250–500 ms,8,100,65,0,0.65,0.65,0.65,True,True,MOCK DATA / NOT A SCIENTIFIC RESULT,displacement-report-draft-v1
non_speaking,1,left_eyelid,right_eyelid,0–100 ms,3,100,21,0,0.21,0.21,0.21,False,True,MOCK DATA / NOT A SCIENTIFIC RESULT,displacement-report-draft-v1
non_speaking,1,left_eyelid,right_eyelid,100–250 ms,4,100,80,0,0.8,0.8,0.8,True,True,MOCK DATA / NOT A SCIENTIFIC RESULT,displacement-report-draft-v1
non_speaking,1,left_eyelid,right_eyelid,250–500 ms,8,100,85,0,0.85,0.85,0.85,True,True,MOCK DATA / NOT A SCIENTIFIC RESULT,displacement-report-draft-v1
non_speaking,1,mouth,jaw,0–100 ms,3,100,22,0,0.22,0.22,0.22,False,True,MOCK DATA / NOT A SCIENTIFIC RESULT,displacement-report-draft-v1
non_speaking,1,mouth,jaw,100–250 ms,4,100,94,0,0.94,0.94,0.94,True,True,MOCK DATA / NOT A SCIENTIFIC RESULT,displacement-report-draft-v1
non_speaking,1,mouth,jaw,250–500 ms,8,100,53,0,0.53,0.53,0.53,False,True,MOCK DATA / NOT A SCIENTIFIC RESULT,displacement-report-draft-v1
non_speaking,1,mouth,left_brow,0–100 ms,3,100,18,0,0.18,0.18,0.18,False,True,MOCK DATA / NOT A SCIENTIFIC RESULT,displacement-report-draft-v1
non_speaking,1,mouth,left_brow,100–250 ms,4,100,26,0,0.26,0.26,0.26,False,True,MOCK DATA / NOT A SCIENTIFIC RESULT,displacement-report-draft-v1
non_speaking,1,mouth,left_brow,250–500 ms,8,100,50,0,0.5,0.5,0.5,False,True,MOCK DATA / NOT A SCIENTIFIC RESULT,displacement-report-draft-v1
non_speaking,1,mouth,left_cheek,0–100 ms,3,100,24,0,0.24,0.24,0.24,False,True,MOCK DATA / NOT A SCIENTIFIC RESULT,displacement-report-draft-v1
non_speaking,1,mouth,left_cheek,100–250 ms,4,100,27,0,0.27,0.27,0.27,False,True,MOCK DATA / NOT A SCIENTIFIC RESULT,displacement-report-draft-v1
non_speaking,1,mouth,left_cheek,250–500 ms,8,100,47,0,0.47,0.47,0.47,False,True,MOCK DATA / NOT A SCIENTIFIC RESULT,displacement-report-draft-v1
non_speaking,1,mouth,left_eyelid,0–100 ms,3,100,30,0,0.3,0.3,0.3,False,True,MOCK DATA / NOT A SCIENTIFIC RESULT,displacement-report-draft-v1
non_speaking,1,mouth,left_eyelid,100–250 ms,4,100,25,0,0.25,0.25,0.25,False,True,MOCK DATA / NOT A SCIENTIFIC RESULT,displacement-report-draft-v1
non_speaking,1,mouth,left_eyelid,250–500 ms,8,100,47,0,0.47,0.47,0.47,False,True,MOCK DATA / NOT A SCIENTIFIC RESULT,displacement-report-draft-v1
non_speaking,1,mouth,right_brow,0–100 ms,3,100,24,0,0.24,0.24,0.24,False,True,MOCK DATA / NOT A SCIENTIFIC RESULT,displacement-report-draft-v1
non_speaking,1,mouth,right_brow,100–250 ms,4,100,25,0,0.25,0.25,0.25,False,True,MOCK DATA / NOT A SCIENTIFIC RESULT,displacement-report-draft-v1
non_speaking,1,mouth,right_brow,250–500 ms,8,100,67,0,0.67,0.67,0.67,True,True,MOCK DATA / NOT A SCIENTIFIC RESULT,displacement-report-draft-v1
non_speaking,1,mouth,right_cheek,0–100 ms,3,100,21,0,0.21,0.21,0.21,False,True,MOCK DATA / NOT A SCIENTIFIC RESULT,displacement-report-draft-v1
non_speaking,1,mouth,right_cheek,100–250 ms,4,100,26,0,0.26,0.26,0.26,False,True,MOCK DATA / NOT A SCIENTIFIC RESULT,displacement-report-draft-v1
non_speaking,1,mouth,right_cheek,250–500 ms,8,100,39,0,0.39,0.39,0.39,False,True,MOCK DATA / NOT A SCIENTIFIC RESULT,displacement-report-draft-v1
non_speaking,1,mouth,right_eyelid,0–100 ms,3,100,22,0,0.22,0.22,0.22,False,True,MOCK DATA / NOT A SCIENTIFIC RESULT,displacement-report-draft-v1
non_speaking,1,mouth,right_eyelid,100–250 ms,4,100,30,0,0.3,0.3,0.3,False,True,MOCK DATA / NOT A SCIENTIFIC RESULT,displacement-report-draft-v1
non_speaking,1,mouth,right_eyelid,250–500 ms,8,100,56,0,0.56,0.56,0.56,False,True,MOCK DATA / NOT A SCIENTIFIC RESULT,displacement-report-draft-v1
non_speaking,1,right_brow,jaw,0–100 ms,3,100,25,0,0.25,0.25,0.25,False,True,MOCK DATA / NOT A SCIENTIFIC RESULT,displacement-report-draft-v1
non_speaking,1,right_brow,jaw,100–250 ms,4,100,38,0,0.38,0.38,0.38,False,True,MOCK DATA / NOT A SCIENTIFIC RESULT,displacement-report-draft-v1
non_speaking,1,right_brow,jaw,250–500 ms,8,100,38,0,0.38,0.38,0.38,False,True,MOCK DATA / NOT A SCIENTIFIC RESULT,displacement-report-draft-v1
non_speaking,1,right_brow,left_brow,0–100 ms,3,100,28,0,0.28,0.28,0.28,False,True,MOCK DATA / NOT A SCIENTIFIC RESULT,displacement-report-draft-v1
non_speaking,1,right_brow,left_brow,100–250 ms,4,100,23,0,0.23,0.23,0.23,False,True,MOCK DATA / NOT A SCIENTIFIC RESULT,displacement-report-draft-v1
non_speaking,1,right_brow,left_brow,250–500 ms,8,100,48,0,0.48,0.48,0.48,False,True,MOCK DATA / NOT A SCIENTIFIC RESULT,displacement-report-draft-v1
non_speaking,1,right_brow,left_cheek,0–100 ms,3,100,41,0,0.41,0.41,0.41,True,True,MOCK DATA / NOT A SCIENTIFIC RESULT,displacement-report-draft-v1
non_speaking,1,right_brow,left_cheek,100–250 ms,4,100,28,0,0.28,0.28,0.28,False,True,MOCK DATA / NOT A SCIENTIFIC RESULT,displacement-report-draft-v1
non_speaking,1,right_brow,left_cheek,250–500 ms,8,100,44,0,0.44,0.44,0.44,False,True,MOCK DATA / NOT A SCIENTIFIC RESULT,displacement-report-draft-v1
non_speaking,1,right_brow,left_eyelid,0–100 ms,3,100,24,0,0.24,0.24,0.24,False,True,MOCK DATA / NOT A SCIENTIFIC RESULT,displacement-report-draft-v1
non_speaking,1,right_brow,left_eyelid,100–250 ms,4,100,91,0,0.91,0.91,0.91,True,True,MOCK DATA / NOT A SCIENTIFIC RESULT,displacement-report-draft-v1
non_speaking,1,right_brow,left_eyelid,250–500 ms,8,100,45,0,0.45,0.45,0.45,False,True,MOCK DATA / NOT A SCIENTIFIC RESULT,displacement-report-draft-v1
non_speaking,1,right_brow,mouth,0–100 ms,3,100,16,0,0.16,0.16,0.16,False,True,MOCK DATA / NOT A SCIENTIFIC RESULT,displacement-report-draft-v1
non_speaking,1,right_brow,mouth,100–250 ms,4,100,36,0,0.36,0.36,0.36,False,True,MOCK DATA / NOT A SCIENTIFIC RESULT,displacement-report-draft-v1
non_speaking,1,right_brow,mouth,250–500 ms,8,100,43,0,0.43,0.43,0.43,False,True,MOCK DATA / NOT A SCIENTIFIC RESULT,displacement-report-draft-v1
non_speaking,1,right_brow,right_cheek,0–100 ms,3,100,19,0,0.19,0.19,0.19,False,True,MOCK DATA / NOT A SCIENTIFIC RESULT,displacement-report-draft-v1
non_speaking,1,right_brow,right_cheek,100–250 ms,4,100,33,0,0.33,0.33,0.33,False,True,MOCK DATA / NOT A SCIENTIFIC RESULT,displacement-report-draft-v1
non_speaking,1,right_brow,right_cheek,250–500 ms,8,100,49,0,0.49,0.49,0.49,False,True,MOCK DATA / NOT A SCIENTIFIC RESULT,displacement-report-draft-v1
non_speaking,1,right_brow,right_eyelid,0–100 ms,3,100,21,0,0.21,0.21,0.21,False,True,MOCK DATA / NOT A SCIENTIFIC RESULT,displacement-report-draft-v1
non_speaking,1,right_brow,right_eyelid,100–250 ms,4,100,38,0,0.38,0.38,0.38,False,True,MOCK DATA / NOT A SCIENTIFIC RESULT,displacement-report-draft-v1
non_speaking,1,right_brow,right_eyelid,250–500 ms,8,100,49,0,0.49,0.49,0.49,False,True,MOCK DATA / NOT A SCIENTIFIC RESULT,displacement-report-draft-v1
non_speaking,1,right_cheek,jaw,0–100 ms,3,100,15,0,0.15,0.15,0.15,False,True,MOCK DATA / NOT A SCIENTIFIC RESULT,displacement-report-draft-v1
non_speaking,1,right_cheek,jaw,100–250 ms,4,100,28,0,0.28,0.28,0.28,False,True,MOCK DATA / NOT A SCIENTIFIC RESULT,displacement-report-draft-v1
non_speaking,1,right_cheek,jaw,250–500 ms,8,100,38,0,0.38,0.38,0.38,False,True,MOCK DATA / NOT A SCIENTIFIC RESULT,displacement-report-draft-v1
non_speaking,1,right_cheek,left_brow,0–100 ms,3,100,44,0,0.44,0.44,0.44,True,True,MOCK DATA / NOT A SCIENTIFIC RESULT,displacement-report-draft-v1
non_speaking,1,right_cheek,left_brow,100–250 ms,4,100,28,0,0.28,0.28,0.28,False,True,MOCK DATA / NOT A SCIENTIFIC RESULT,displacement-report-draft-v1
non_speaking,1,right_cheek,left_brow,250–500 ms,8,100,44,0,0.44,0.44,0.44,False,True,MOCK DATA / NOT A SCIENTIFIC RESULT,displacement-report-draft-v1
non_speaking,1,right_cheek,left_cheek,0–100 ms,3,100,22,0,0.22,0.22,0.22,False,True,MOCK DATA / NOT A SCIENTIFIC RESULT,displacement-report-draft-v1
non_speaking,1,right_cheek,left_cheek,100–250 ms,4,100,28,0,0.28,0.28,0.28,False,True,MOCK DATA / NOT A SCIENTIFIC RESULT,displacement-report-draft-v1
non_speaking,1,right_cheek,left_cheek,250–500 ms,8,100,51,0,0.51,0.51,0.51,False,True,MOCK DATA / NOT A SCIENTIFIC RESULT,displacement-report-draft-v1
non_speaking,1,right_cheek,left_eyelid,0–100 ms,3,100,18,0,0.18,0.18,0.18,False,True,MOCK DATA / NOT A SCIENTIFIC RESULT,displacement-report-draft-v1
non_speaking,1,right_cheek,left_eyelid,100–250 ms,4,100,21,0,0.21,0.21,0.21,False,True,MOCK DATA / NOT A SCIENTIFIC RESULT,displacement-report-draft-v1
non_speaking,1,right_cheek,left_eyelid,250–500 ms,8,100,50,0,0.5,0.5,0.5,False,True,MOCK DATA / NOT A SCIENTIFIC RESULT,displacement-report-draft-v1
non_speaking,1,right_cheek,mouth,0–100 ms,3,100,15,0,0.15,0.15,0.15,False,True,MOCK DATA / NOT A SCIENTIFIC RESULT,displacement-report-draft-v1
non_speaking,1,right_cheek,mouth,100–250 ms,4,100,81,0,0.81,0.81,0.81,True,True,MOCK DATA / NOT A SCIENTIFIC RESULT,displacement-report-draft-v1
non_speaking,1,right_cheek,mouth,250–500 ms,8,100,85,0,0.85,0.85,0.85,True,True,MOCK DATA / NOT A SCIENTIFIC RESULT,displacement-report-draft-v1
non_speaking,1,right_cheek,right_brow,0–100 ms,3,100,22,0,0.22,0.22,0.22,False,True,MOCK DATA / NOT A SCIENTIFIC RESULT,displacement-report-draft-v1
non_speaking,1,right_cheek,right_brow,100–250 ms,4,100,27,0,0.27,0.27,0.27,False,True,MOCK DATA / NOT A SCIENTIFIC RESULT,displacement-report-draft-v1
non_speaking,1,right_cheek,right_brow,250–500 ms,8,100,44,0,0.44,0.44,0.44,False,True,MOCK DATA / NOT A SCIENTIFIC RESULT,displacement-report-draft-v1
non_speaking,1,right_cheek,right_eyelid,0–100 ms,3,100,19,0,0.19,0.19,0.19,False,True,MOCK DATA / NOT A SCIENTIFIC RESULT,displacement-report-draft-v1
non_speaking,1,right_cheek,right_eyelid,100–250 ms,4,100,26,0,0.26,0.26,0.26,False,True,MOCK DATA / NOT A SCIENTIFIC RESULT,displacement-report-draft-v1
non_speaking,1,right_cheek,right_eyelid,250–500 ms,8,100,42,0,0.42,0.42,0.42,False,True,MOCK DATA / NOT A SCIENTIFIC RESULT,displacement-report-draft-v1
non_speaking,1,right_eyelid,jaw,0–100 ms,3,100,23,0,0.23,0.23,0.23,False,True,MOCK DATA / NOT A SCIENTIFIC RESULT,displacement-report-draft-v1
non_speaking,1,right_eyelid,jaw,100–250 ms,4,100,32,0,0.32,0.32,0.32,False,True,MOCK DATA / NOT A SCIENTIFIC RESULT,displacement-report-draft-v1
non_speaking,1,right_eyelid,jaw,250–500 ms,8,100,53,0,0.53,0.53,0.53,False,True,MOCK DATA / NOT A SCIENTIFIC RESULT,displacement-report-draft-v1
non_speaking,1,right_eyelid,left_brow,0–100 ms,3,100,29,0,0.29,0.29,0.29,False,True,MOCK DATA / NOT A SCIENTIFIC RESULT,displacement-report-draft-v1
non_speaking,1,right_eyelid,left_brow,100–250 ms,4,100,28,0,0.28,0.28,0.28,False,True,MOCK DATA / NOT A SCIENTIFIC RESULT,displacement-report-draft-v1
non_speaking,1,right_eyelid,left_brow,250–500 ms,8,100,46,0,0.46,0.46,0.46,False,True,MOCK DATA / NOT A SCIENTIFIC RESULT,displacement-report-draft-v1
non_speaking,1,right_eyelid,left_cheek,0–100 ms,3,100,18,0,0.18,0.18,0.18,False,True,MOCK DATA / NOT A SCIENTIFIC RESULT,displacement-report-draft-v1
non_speaking,1,right_eyelid,left_cheek,100–250 ms,4,100,94,0,0.94,0.94,0.94,True,True,MOCK DATA / NOT A SCIENTIFIC RESULT,displacement-report-draft-v1
non_speaking,1,right_eyelid,left_cheek,250–500 ms,8,100,40,0,0.4,0.4,0.4,False,True,MOCK DATA / NOT A SCIENTIFIC RESULT,displacement-report-draft-v1
non_speaking,1,right_eyelid,left_eyelid,0–100 ms,3,100,18,0,0.18,0.18,0.18,False,True,MOCK DATA / NOT A SCIENTIFIC RESULT,displacement-report-draft-v1
non_speaking,1,right_eyelid,left_eyelid,100–250 ms,4,100,31,0,0.31,0.31,0.31,False,True,MOCK DATA / NOT A SCIENTIFIC RESULT,displacement-report-draft-v1
non_speaking,1,right_eyelid,left_eyelid,250–500 ms,8,100,54,0,0.54,0.54,0.54,False,True,MOCK DATA / NOT A SCIENTIFIC RESULT,displacement-report-draft-v1
non_speaking,1,right_eyelid,mouth,0–100 ms,3,100,54,0,0.54,0.54,0.54,True,True,MOCK DATA / NOT A SCIENTIFIC RESULT,displacement-report-draft-v1
non_speaking,1,right_eyelid,mouth,100–250 ms,4,100,25,0,0.25,0.25,0.25,False,True,MOCK DATA / NOT A SCIENTIFIC RESULT,displacement-report-draft-v1
non_speaking,1,right_eyelid,mouth,250–500 ms,8,100,53,0,0.53,0.53,0.53,False,True,MOCK DATA / NOT A SCIENTIFIC RESULT,displacement-report-draft-v1
non_speaking,1,right_eyelid,right_brow,0–100 ms,3,100,26,0,0.26,0.26,0.26,False,True,MOCK DATA / NOT A SCIENTIFIC RESULT,displacement-report-draft-v1
non_speaking,1,right_eyelid,right_brow,100–250 ms,4,100,31,0,0.31,0.31,0.31,False,True,MOCK DATA / NOT A SCIENTIFIC RESULT,displacement-report-draft-v1
non_speaking,1,right_eyelid,right_brow,250–500 ms,8,100,43,0,0.43,0.43,0.43,False,True,MOCK DATA / NOT A SCIENTIFIC RESULT,displacement-report-draft-v1
non_speaking,1,right_eyelid,right_cheek,0–100 ms,3,100,26,0,0.26,0.26,0.26,False,True,MOCK DATA / NOT A SCIENTIFIC RESULT,displacement-report-draft-v1
non_speaking,1,right_eyelid,right_cheek,100–250 ms,4,100,27,0,0.27,0.27,0.27,False,True,MOCK DATA / NOT A SCIENTIFIC RESULT,displacement-report-draft-v1
non_speaking,1,right_eyelid,right_cheek,250–500 ms,8,100,45,0,0.45,0.45,0.45,False,True,MOCK DATA / NOT A SCIENTIFIC RESULT,displacement-report-draft-v1
non_speaking,2,jaw,left_brow,0–100 ms,3,100,16,0,0.16,0.16,0.16,False,True,MOCK DATA / NOT A SCIENTIFIC RESULT,displacement-report-draft-v1
non_speaking,2,jaw,left_brow,100–250 ms,4,100,94,0,0.94,0.94,0.94,True,True,MOCK DATA / NOT A SCIENTIFIC RESULT,displacement-report-draft-v1
non_speaking,2,jaw,left_brow,250–500 ms,8,100,56,0,0.56,0.56,0.56,False,True,MOCK DATA / NOT A SCIENTIFIC RESULT,displacement-report-draft-v1
non_speaking,2,jaw,left_cheek,0–100 ms,3,100,21,0,0.21,0.21,0.21,False,True,MOCK DATA / NOT A SCIENTIFIC RESULT,displacement-report-draft-v1
non_speaking,2,jaw,left_cheek,100–250 ms,4,100,23,0,0.23,0.23,0.23,False,True,MOCK DATA / NOT A SCIENTIFIC RESULT,displacement-report-draft-v1
non_speaking,2,jaw,left_cheek,250–500 ms,8,100,58,0,0.58,0.58,0.58,False,True,MOCK DATA / NOT A SCIENTIFIC RESULT,displacement-report-draft-v1
non_speaking,2,jaw,left_eyelid,0–100 ms,3,100,50,0,0.5,0.5,0.5,True,True,MOCK DATA / NOT A SCIENTIFIC RESULT,displacement-report-draft-v1
non_speaking,2,jaw,left_eyelid,100–250 ms,4,100,31,0,0.31,0.31,0.31,False,True,MOCK DATA / NOT A SCIENTIFIC RESULT,displacement-report-draft-v1
non_speaking,2,jaw,left_eyelid,250–500 ms,8,100,47,0,0.47,0.47,0.47,False,True,MOCK DATA / NOT A SCIENTIFIC RESULT,displacement-report-draft-v1
non_speaking,2,jaw,mouth,0–100 ms,3,100,32,0,0.32,0.32,0.32,False,True,MOCK DATA / NOT A SCIENTIFIC RESULT,displacement-report-draft-v1
non_speaking,2,jaw,mouth,100–250 ms,4,100,27,0,0.27,0.27,0.27,False,True,MOCK DATA / NOT A SCIENTIFIC RESULT,displacement-report-draft-v1
non_speaking,2,jaw,mouth,250–500 ms,8,100,45,0,0.45,0.45,0.45,False,True,MOCK DATA / NOT A SCIENTIFIC RESULT,displacement-report-draft-v1
non_speaking,2,jaw,right_brow,0–100 ms,3,100,19,0,0.19,0.19,0.19,False,True,MOCK DATA / NOT A SCIENTIFIC RESULT,displacement-report-draft-v1
non_speaking,2,jaw,right_brow,100–250 ms,4,100,24,0,0.24,0.24,0.24,False,True,MOCK DATA / NOT A SCIENTIFIC RESULT,displacement-report-draft-v1
non_speaking,2,jaw,right_brow,250–500 ms,8,100,43,0,0.43,0.43,0.43,False,True,MOCK DATA / NOT A SCIENTIFIC RESULT,displacement-report-draft-v1
non_speaking,2,jaw,right_cheek,0–100 ms,3,100,30,0,0.3,0.3,0.3,False,True,MOCK DATA / NOT A SCIENTIFIC RESULT,displacement-report-draft-v1
non_speaking,2,jaw,right_cheek,100–250 ms,4,100,25,0,0.25,0.25,0.25,False,True,MOCK DATA / NOT A SCIENTIFIC RESULT,displacement-report-draft-v1
non_speaking,2,jaw,right_cheek,250–500 ms,8,100,48,0,0.48,0.48,0.48,False,True,MOCK DATA / NOT A SCIENTIFIC RESULT,displacement-report-draft-v1
non_speaking,2,jaw,right_eyelid,0–100 ms,3,100,28,0,0.28,0.28,0.28,False,True,MOCK DATA / NOT A SCIENTIFIC RESULT,displacement-report-draft-v1
non_speaking,2,jaw,right_eyelid,100–250 ms,4,100,24,0,0.24,0.24,0.24,False,True,MOCK DATA / NOT A SCIENTIFIC RESULT,displacement-report-draft-v1
non_speaking,2,jaw,right_eyelid,250–500 ms,8,100,43,0,0.43,0.43,0.43,False,True,MOCK DATA / NOT A SCIENTIFIC RESULT,displacement-report-draft-v1
non_speaking,2,left_brow,jaw,0–100 ms,3,100,27,0,0.27,0.27,0.27,False,True,MOCK DATA / NOT A SCIENTIFIC RESULT,displacement-report-draft-v1
non_speaking,2,left_brow,jaw,100–250 ms,4,100,26,0,0.26,0.26,0.26,False,True,MOCK DATA / NOT A SCIENTIFIC RESULT,displacement-report-draft-v1
non_speaking,2,left_brow,jaw,250–500 ms,8,100,43,0,0.43,0.43,0.43,False,True,MOCK DATA / NOT A SCIENTIFIC RESULT,displacement-report-draft-v1
non_speaking,2,left_brow,left_cheek,0–100 ms,3,100,20,0,0.2,0.2,0.2,False,True,MOCK DATA / NOT A SCIENTIFIC RESULT,displacement-report-draft-v1
non_speaking,2,left_brow,left_cheek,100–250 ms,4,100,38,0,0.38,0.38,0.38,False,True,MOCK DATA / NOT A SCIENTIFIC RESULT,displacement-report-draft-v1
non_speaking,2,left_brow,left_cheek,250–500 ms,8,100,56,0,0.56,0.56,0.56,False,True,MOCK DATA / NOT A SCIENTIFIC RESULT,displacement-report-draft-v1
non_speaking,2,left_brow,left_eyelid,0–100 ms,3,100,19,0,0.19,0.19,0.19,False,True,MOCK DATA / NOT A SCIENTIFIC RESULT,displacement-report-draft-v1
non_speaking,2,left_brow,left_eyelid,100–250 ms,4,100,23,0,0.23,0.23,0.23,False,True,MOCK DATA / NOT A SCIENTIFIC RESULT,displacement-report-draft-v1
non_speaking,2,left_brow,left_eyelid,250–500 ms,8,100,61,0,0.61,0.61,0.61,False,True,MOCK DATA / NOT A SCIENTIFIC RESULT,displacement-report-draft-v1
non_speaking,2,left_brow,mouth,0–100 ms,3,100,24,0,0.24,0.24,0.24,False,True,MOCK DATA / NOT A SCIENTIFIC RESULT,displacement-report-draft-v1
non_speaking,2,left_brow,mouth,100–250 ms,4,100,27,0,0.27,0.27,0.27,False,True,MOCK DATA / NOT A SCIENTIFIC RESULT,displacement-report-draft-v1
non_speaking,2,left_brow,mouth,250–500 ms,8,100,44,0,0.44,0.44,0.44,False,True,MOCK DATA / NOT A SCIENTIFIC RESULT,displacement-report-draft-v1
non_speaking,2,left_brow,right_brow,0–100 ms,3,100,30,0,0.3,0.3,0.3,False,True,MOCK DATA / NOT A SCIENTIFIC RESULT,displacement-report-draft-v1
non_speaking,2,left_brow,right_brow,100–250 ms,4,100,92,0,0.92,0.92,0.92,True,True,MOCK DATA / NOT A SCIENTIFIC RESULT,displacement-report-draft-v1
non_speaking,2,left_brow,right_brow,250–500 ms,8,100,47,0,0.47,0.47,0.47,False,True,MOCK DATA / NOT A SCIENTIFIC RESULT,displacement-report-draft-v1
non_speaking,2,left_brow,right_cheek,0–100 ms,3,100,28,0,0.28,0.28,0.28,False,True,MOCK DATA / NOT A SCIENTIFIC RESULT,displacement-report-draft-v1
non_speaking,2,left_brow,right_cheek,100–250 ms,4,100,32,0,0.32,0.32,0.32,False,True,MOCK DATA / NOT A SCIENTIFIC RESULT,displacement-report-draft-v1
non_speaking,2,left_brow,right_cheek,250–500 ms,8,100,48,0,0.48,0.48,0.48,False,True,MOCK DATA / NOT A SCIENTIFIC RESULT,displacement-report-draft-v1
non_speaking,2,left_brow,right_eyelid,0–100 ms,3,100,21,0,0.21,0.21,0.21,False,True,MOCK DATA / NOT A SCIENTIFIC RESULT,displacement-report-draft-v1
non_speaking,2,left_brow,right_eyelid,100–250 ms,4,100,31,0,0.31,0.31,0.31,False,True,MOCK DATA / NOT A SCIENTIFIC RESULT,displacement-report-draft-v1
non_speaking,2,left_brow,right_eyelid,250–500 ms,8,100,72,0,0.72,0.72,0.72,True,True,MOCK DATA / NOT A SCIENTIFIC RESULT,displacement-report-draft-v1
non_speaking,2,left_cheek,jaw,0–100 ms,3,100,20,0,0.2,0.2,0.2,False,True,MOCK DATA / NOT A SCIENTIFIC RESULT,displacement-report-draft-v1
non_speaking,2,left_cheek,jaw,100–250 ms,4,100,30,0,0.3,0.3,0.3,False,True,MOCK DATA / NOT A SCIENTIFIC RESULT,displacement-report-draft-v1
non_speaking,2,left_cheek,jaw,250–500 ms,8,100,61,0,0.61,0.61,0.61,True,True,MOCK DATA / NOT A SCIENTIFIC RESULT,displacement-report-draft-v1
non_speaking,2,left_cheek,left_brow,0–100 ms,3,100,19,0,0.19,0.19,0.19,False,True,MOCK DATA / NOT A SCIENTIFIC RESULT,displacement-report-draft-v1
non_speaking,2,left_cheek,left_brow,100–250 ms,4,100,24,0,0.24,0.24,0.24,False,True,MOCK DATA / NOT A SCIENTIFIC RESULT,displacement-report-draft-v1
non_speaking,2,left_cheek,left_brow,250–500 ms,8,100,46,0,0.46,0.46,0.46,False,True,MOCK DATA / NOT A SCIENTIFIC RESULT,displacement-report-draft-v1
non_speaking,2,left_cheek,left_eyelid,0–100 ms,3,100,18,0,0.18,0.18,0.18,False,True,MOCK DATA / NOT A SCIENTIFIC RESULT,displacement-report-draft-v1
non_speaking,2,left_cheek,left_eyelid,100–250 ms,4,100,29,0,0.29,0.29,0.29,False,True,MOCK DATA / NOT A SCIENTIFIC RESULT,displacement-report-draft-v1
non_speaking,2,left_cheek,left_eyelid,250–500 ms,8,100,47,0,0.47,0.47,0.47,False,True,MOCK DATA / NOT A SCIENTIFIC RESULT,displacement-report-draft-v1
non_speaking,2,left_cheek,mouth,0–100 ms,3,100,21,0,0.21,0.21,0.21,False,True,MOCK DATA / NOT A SCIENTIFIC RESULT,displacement-report-draft-v1
non_speaking,2,left_cheek,mouth,100–250 ms,4,100,31,0,0.31,0.31,0.31,False,True,MOCK DATA / NOT A SCIENTIFIC RESULT,displacement-report-draft-v1
non_speaking,2,left_cheek,mouth,250–500 ms,8,100,49,0,0.49,0.49,0.49,False,True,MOCK DATA / NOT A SCIENTIFIC RESULT,displacement-report-draft-v1
non_speaking,2,left_cheek,right_brow,0–100 ms,3,100,26,0,0.26,0.26,0.26,False,True,MOCK DATA / NOT A SCIENTIFIC RESULT,displacement-report-draft-v1
non_speaking,2,left_cheek,right_brow,100–250 ms,4,100,27,0,0.27,0.27,0.27,False,True,MOCK DATA / NOT A SCIENTIFIC RESULT,displacement-report-draft-v1
non_speaking,2,left_cheek,right_brow,250–500 ms,8,100,49,0,0.49,0.49,0.49,False,True,MOCK DATA / NOT A SCIENTIFIC RESULT,displacement-report-draft-v1
non_speaking,2,left_cheek,right_cheek,0–100 ms,3,100,33,0,0.33,0.33,0.33,False,True,MOCK DATA / NOT A SCIENTIFIC RESULT,displacement-report-draft-v1
non_speaking,2,left_cheek,right_cheek,100–250 ms,4,100,90,0,0.9,0.9,0.9,True,True,MOCK DATA / NOT A SCIENTIFIC RESULT,displacement-report-draft-v1
non_speaking,2,left_cheek,right_cheek,250–500 ms,8,100,44,0,0.44,0.44,0.44,False,True,MOCK DATA / NOT A SCIENTIFIC RESULT,displacement-report-draft-v1
non_speaking,2,left_cheek,right_eyelid,0–100 ms,3,100,24,0,0.24,0.24,0.24,False,True,MOCK DATA / NOT A SCIENTIFIC RESULT,displacement-report-draft-v1
non_speaking,2,left_cheek,right_eyelid,100–250 ms,4,100,22,0,0.22,0.22,0.22,False,True,MOCK DATA / NOT A SCIENTIFIC RESULT,displacement-report-draft-v1
non_speaking,2,left_cheek,right_eyelid,250–500 ms,8,100,50,0,0.5,0.5,0.5,False,True,MOCK DATA / NOT A SCIENTIFIC RESULT,displacement-report-draft-v1
non_speaking,2,left_eyelid,jaw,0–100 ms,3,100,23,0,0.23,0.23,0.23,False,True,MOCK DATA / NOT A SCIENTIFIC RESULT,displacement-report-draft-v1
non_speaking,2,left_eyelid,jaw,100–250 ms,4,100,28,0,0.28,0.28,0.28,False,True,MOCK DATA / NOT A SCIENTIFIC RESULT,displacement-report-draft-v1
non_speaking,2,left_eyelid,jaw,250–500 ms,8,100,46,0,0.46,0.46,0.46,False,True,MOCK DATA / NOT A SCIENTIFIC RESULT,displacement-report-draft-v1
non_speaking,2,left_eyelid,left_brow,0–100 ms,3,100,25,0,0.25,0.25,0.25,False,True,MOCK DATA / NOT A SCIENTIFIC RESULT,displacement-report-draft-v1
non_speaking,2,left_eyelid,left_brow,100–250 ms,4,100,26,0,0.26,0.26,0.26,False,True,MOCK DATA / NOT A SCIENTIFIC RESULT,displacement-report-draft-v1
non_speaking,2,left_eyelid,left_brow,250–500 ms,8,100,52,0,0.52,0.52,0.52,False,True,MOCK DATA / NOT A SCIENTIFIC RESULT,displacement-report-draft-v1
non_speaking,2,left_eyelid,left_cheek,0–100 ms,3,100,22,0,0.22,0.22,0.22,False,True,MOCK DATA / NOT A SCIENTIFIC RESULT,displacement-report-draft-v1
non_speaking,2,left_eyelid,left_cheek,100–250 ms,4,100,22,0,0.22,0.22,0.22,False,True,MOCK DATA / NOT A SCIENTIFIC RESULT,displacement-report-draft-v1
non_speaking,2,left_eyelid,left_cheek,250–500 ms,8,100,41,0,0.41,0.41,0.41,False,True,MOCK DATA / NOT A SCIENTIFIC RESULT,displacement-report-draft-v1
non_speaking,2,left_eyelid,mouth,0–100 ms,3,100,24,0,0.24,0.24,0.24,False,True,MOCK DATA / NOT A SCIENTIFIC RESULT,displacement-report-draft-v1
non_speaking,2,left_eyelid,mouth,100–250 ms,4,100,29,0,0.29,0.29,0.29,False,True,MOCK DATA / NOT A SCIENTIFIC RESULT,displacement-report-draft-v1
non_speaking,2,left_eyelid,mouth,250–500 ms,8,100,55,0,0.55,0.55,0.55,False,True,MOCK DATA / NOT A SCIENTIFIC RESULT,displacement-report-draft-v1
non_speaking,2,left_eyelid,right_brow,0–100 ms,3,100,24,0,0.24,0.24,0.24,False,True,MOCK DATA / NOT A SCIENTIFIC RESULT,displacement-report-draft-v1
non_speaking,2,left_eyelid,right_brow,100–250 ms,4,100,32,0,0.32,0.32,0.32,False,True,MOCK DATA / NOT A SCIENTIFIC RESULT,displacement-report-draft-v1
non_speaking,2,left_eyelid,right_brow,250–500 ms,8,100,42,0,0.42,0.42,0.42,False,True,MOCK DATA / NOT A SCIENTIFIC RESULT,displacement-report-draft-v1
non_speaking,2,left_eyelid,right_cheek,0–100 ms,3,100,20,0,0.2,0.2,0.2,False,True,MOCK DATA / NOT A SCIENTIFIC RESULT,displacement-report-draft-v1
non_speaking,2,left_eyelid,right_cheek,100–250 ms,4,100,28,0,0.28,0.28,0.28,False,True,MOCK DATA / NOT A SCIENTIFIC RESULT,displacement-report-draft-v1
non_speaking,2,left_eyelid,right_cheek,250–500 ms,8,100,67,0,0.67,0.67,0.67,True,True,MOCK DATA / NOT A SCIENTIFIC RESULT,displacement-report-draft-v1
non_speaking,2,left_eyelid,right_eyelid,0–100 ms,3,100,22,0,0.22,0.22,0.22,False,True,MOCK DATA / NOT A SCIENTIFIC RESULT,displacement-report-draft-v1
non_speaking,2,left_eyelid,right_eyelid,100–250 ms,4,100,78,0,0.78,0.78,0.78,True,True,MOCK DATA / NOT A SCIENTIFIC RESULT,displacement-report-draft-v1
non_speaking,2,left_eyelid,right_eyelid,250–500 ms,8,100,83,0,0.83,0.83,0.83,True,True,MOCK DATA / NOT A SCIENTIFIC RESULT,displacement-report-draft-v1
non_speaking,2,mouth,jaw,0–100 ms,3,100,20,0,0.2,0.2,0.2,False,True,MOCK DATA / NOT A SCIENTIFIC RESULT,displacement-report-draft-v1
non_speaking,2,mouth,jaw,100–250 ms,4,100,91,0,0.91,0.91,0.91,True,True,MOCK DATA / NOT A SCIENTIFIC RESULT,displacement-report-draft-v1
non_speaking,2,mouth,jaw,250–500 ms,8,100,50,0,0.5,0.5,0.5,False,True,MOCK DATA / NOT A SCIENTIFIC RESULT,displacement-report-draft-v1
non_speaking,2,mouth,left_brow,0–100 ms,3,100,14,0,0.14,0.14,0.14,False,True,MOCK DATA / NOT A SCIENTIFIC RESULT,displacement-report-draft-v1
non_speaking,2,mouth,left_brow,100–250 ms,4,100,25,0,0.25,0.25,0.25,False,True,MOCK DATA / NOT A SCIENTIFIC RESULT,displacement-report-draft-v1
non_speaking,2,mouth,left_brow,250–500 ms,8,100,40,0,0.4,0.4,0.4,False,True,MOCK DATA / NOT A SCIENTIFIC RESULT,displacement-report-draft-v1
non_speaking,2,mouth,left_cheek,0–100 ms,3,100,30,0,0.3,0.3,0.3,False,True,MOCK DATA / NOT A SCIENTIFIC RESULT,displacement-report-draft-v1
non_speaking,2,mouth,left_cheek,100–250 ms,4,100,31,0,0.31,0.31,0.31,False,True,MOCK DATA / NOT A SCIENTIFIC RESULT,displacement-report-draft-v1
non_speaking,2,mouth,left_cheek,250–500 ms,8,100,43,0,0.43,0.43,0.43,False,True,MOCK DATA / NOT A SCIENTIFIC RESULT,displacement-report-draft-v1
non_speaking,2,mouth,left_eyelid,0–100 ms,3,100,16,0,0.16,0.16,0.16,False,True,MOCK DATA / NOT A SCIENTIFIC RESULT,displacement-report-draft-v1
non_speaking,2,mouth,left_eyelid,100–250 ms,4,100,29,0,0.29,0.29,0.29,False,True,MOCK DATA / NOT A SCIENTIFIC RESULT,displacement-report-draft-v1
non_speaking,2,mouth,left_eyelid,250–500 ms,8,100,55,0,0.55,0.55,0.55,False,True,MOCK DATA / NOT A SCIENTIFIC RESULT,displacement-report-draft-v1
non_speaking,2,mouth,right_brow,0–100 ms,3,100,24,0,0.24,0.24,0.24,False,True,MOCK DATA / NOT A SCIENTIFIC RESULT,displacement-report-draft-v1
non_speaking,2,mouth,right_brow,100–250 ms,4,100,38,0,0.38,0.38,0.38,False,True,MOCK DATA / NOT A SCIENTIFIC RESULT,displacement-report-draft-v1
non_speaking,2,mouth,right_brow,250–500 ms,8,100,56,0,0.56,0.56,0.56,True,True,MOCK DATA / NOT A SCIENTIFIC RESULT,displacement-report-draft-v1
non_speaking,2,mouth,right_cheek,0–100 ms,3,100,17,0,0.17,0.17,0.17,False,True,MOCK DATA / NOT A SCIENTIFIC RESULT,displacement-report-draft-v1
non_speaking,2,mouth,right_cheek,100–250 ms,4,100,27,0,0.27,0.27,0.27,False,True,MOCK DATA / NOT A SCIENTIFIC RESULT,displacement-report-draft-v1
non_speaking,2,mouth,right_cheek,250–500 ms,8,100,37,0,0.37,0.37,0.37,False,True,MOCK DATA / NOT A SCIENTIFIC RESULT,displacement-report-draft-v1
non_speaking,2,mouth,right_eyelid,0–100 ms,3,100,21,0,0.21,0.21,0.21,False,True,MOCK DATA / NOT A SCIENTIFIC RESULT,displacement-report-draft-v1
non_speaking,2,mouth,right_eyelid,100–250 ms,4,100,31,0,0.31,0.31,0.31,False,True,MOCK DATA / NOT A SCIENTIFIC RESULT,displacement-report-draft-v1
non_speaking,2,mouth,right_eyelid,250–500 ms,8,100,46,0,0.46,0.46,0.46,False,True,MOCK DATA / NOT A SCIENTIFIC RESULT,displacement-report-draft-v1
non_speaking,2,right_brow,jaw,0–100 ms,3,100,19,0,0.19,0.19,0.19,False,True,MOCK DATA / NOT A SCIENTIFIC RESULT,displacement-report-draft-v1
non_speaking,2,right_brow,jaw,100–250 ms,4,100,24,0,0.24,0.24,0.24,False,True,MOCK DATA / NOT A SCIENTIFIC RESULT,displacement-report-draft-v1
non_speaking,2,right_brow,jaw,250–500 ms,8,100,44,0,0.44,0.44,0.44,False,True,MOCK DATA / NOT A SCIENTIFIC RESULT,displacement-report-draft-v1
non_speaking,2,right_brow,left_brow,0–100 ms,3,100,21,0,0.21,0.21,0.21,False,True,MOCK DATA / NOT A SCIENTIFIC RESULT,displacement-report-draft-v1
non_speaking,2,right_brow,left_brow,100–250 ms,4,100,18,0,0.18,0.18,0.18,False,True,MOCK DATA / NOT A SCIENTIFIC RESULT,displacement-report-draft-v1
non_speaking,2,right_brow,left_brow,250–500 ms,8,100,46,0,0.46,0.46,0.46,False,True,MOCK DATA / NOT A SCIENTIFIC RESULT,displacement-report-draft-v1
non_speaking,2,right_brow,left_cheek,0–100 ms,3,100,47,0,0.47,0.47,0.47,True,True,MOCK DATA / NOT A SCIENTIFIC RESULT,displacement-report-draft-v1
non_speaking,2,right_brow,left_cheek,100–250 ms,4,100,29,0,0.29,0.29,0.29,False,True,MOCK DATA / NOT A SCIENTIFIC RESULT,displacement-report-draft-v1
non_speaking,2,right_brow,left_cheek,250–500 ms,8,100,43,0,0.43,0.43,0.43,False,True,MOCK DATA / NOT A SCIENTIFIC RESULT,displacement-report-draft-v1
non_speaking,2,right_brow,left_eyelid,0–100 ms,3,100,21,0,0.21,0.21,0.21,False,True,MOCK DATA / NOT A SCIENTIFIC RESULT,displacement-report-draft-v1
non_speaking,2,right_brow,left_eyelid,100–250 ms,4,100,95,0,0.95,0.95,0.95,True,True,MOCK DATA / NOT A SCIENTIFIC RESULT,displacement-report-draft-v1
non_speaking,2,right_brow,left_eyelid,250–500 ms,8,100,57,0,0.57,0.57,0.57,False,True,MOCK DATA / NOT A SCIENTIFIC RESULT,displacement-report-draft-v1
non_speaking,2,right_brow,mouth,0–100 ms,3,100,20,0,0.2,0.2,0.2,False,True,MOCK DATA / NOT A SCIENTIFIC RESULT,displacement-report-draft-v1
non_speaking,2,right_brow,mouth,100–250 ms,4,100,27,0,0.27,0.27,0.27,False,True,MOCK DATA / NOT A SCIENTIFIC RESULT,displacement-report-draft-v1
non_speaking,2,right_brow,mouth,250–500 ms,8,100,52,0,0.52,0.52,0.52,False,True,MOCK DATA / NOT A SCIENTIFIC RESULT,displacement-report-draft-v1
non_speaking,2,right_brow,right_cheek,0–100 ms,3,100,24,0,0.24,0.24,0.24,False,True,MOCK DATA / NOT A SCIENTIFIC RESULT,displacement-report-draft-v1
non_speaking,2,right_brow,right_cheek,100–250 ms,4,100,29,0,0.29,0.29,0.29,False,True,MOCK DATA / NOT A SCIENTIFIC RESULT,displacement-report-draft-v1
non_speaking,2,right_brow,right_cheek,250–500 ms,8,100,48,0,0.48,0.48,0.48,False,True,MOCK DATA / NOT A SCIENTIFIC RESULT,displacement-report-draft-v1
non_speaking,2,right_brow,right_eyelid,0–100 ms,3,100,21,0,0.21,0.21,0.21,False,True,MOCK DATA / NOT A SCIENTIFIC RESULT,displacement-report-draft-v1
non_speaking,2,right_brow,right_eyelid,100–250 ms,4,100,27,0,0.27,0.27,0.27,False,True,MOCK DATA / NOT A SCIENTIFIC RESULT,displacement-report-draft-v1
non_speaking,2,right_brow,right_eyelid,250–500 ms,8,100,51,0,0.51,0.51,0.51,False,True,MOCK DATA / NOT A SCIENTIFIC RESULT,displacement-report-draft-v1
non_speaking,2,right_cheek,jaw,0–100 ms,3,100,21,0,0.21,0.21,0.21,False,True,MOCK DATA / NOT A SCIENTIFIC RESULT,displacement-report-draft-v1
non_speaking,2,right_cheek,jaw,100–250 ms,4,100,24,0,0.24,0.24,0.24,False,True,MOCK DATA / NOT A SCIENTIFIC RESULT,displacement-report-draft-v1
non_speaking,2,right_cheek,jaw,250–500 ms,8,100,39,0,0.39,0.39,0.39,False,True,MOCK DATA / NOT A SCIENTIFIC RESULT,displacement-report-draft-v1
non_speaking,2,right_cheek,left_brow,0–100 ms,3,100,50,0,0.5,0.5,0.5,True,True,MOCK DATA / NOT A SCIENTIFIC RESULT,displacement-report-draft-v1
non_speaking,2,right_cheek,left_brow,100–250 ms,4,100,25,0,0.25,0.25,0.25,False,True,MOCK DATA / NOT A SCIENTIFIC RESULT,displacement-report-draft-v1
non_speaking,2,right_cheek,left_brow,250–500 ms,8,100,54,0,0.54,0.54,0.54,False,True,MOCK DATA / NOT A SCIENTIFIC RESULT,displacement-report-draft-v1
non_speaking,2,right_cheek,left_cheek,0–100 ms,3,100,21,0,0.21,0.21,0.21,False,True,MOCK DATA / NOT A SCIENTIFIC RESULT,displacement-report-draft-v1
non_speaking,2,right_cheek,left_cheek,100–250 ms,4,100,24,0,0.24,0.24,0.24,False,True,MOCK DATA / NOT A SCIENTIFIC RESULT,displacement-report-draft-v1
non_speaking,2,right_cheek,left_cheek,250–500 ms,8,100,39,0,0.39,0.39,0.39,False,True,MOCK DATA / NOT A SCIENTIFIC RESULT,displacement-report-draft-v1
non_speaking,2,right_cheek,left_eyelid,0–100 ms,3,100,20,0,0.2,0.2,0.2,False,True,MOCK DATA / NOT A SCIENTIFIC RESULT,displacement-report-draft-v1
non_speaking,2,right_cheek,left_eyelid,100–250 ms,4,100,26,0,0.26,0.26,0.26,False,True,MOCK DATA / NOT A SCIENTIFIC RESULT,displacement-report-draft-v1
non_speaking,2,right_cheek,left_eyelid,250–500 ms,8,100,56,0,0.56,0.56,0.56,False,True,MOCK DATA / NOT A SCIENTIFIC RESULT,displacement-report-draft-v1
non_speaking,2,right_cheek,mouth,0–100 ms,3,100,16,0,0.16,0.16,0.16,False,True,MOCK DATA / NOT A SCIENTIFIC RESULT,displacement-report-draft-v1
non_speaking,2,right_cheek,mouth,100–250 ms,4,100,76,0,0.76,0.76,0.76,True,True,MOCK DATA / NOT A SCIENTIFIC RESULT,displacement-report-draft-v1
non_speaking,2,right_cheek,mouth,250–500 ms,8,100,80,0,0.8,0.8,0.8,True,True,MOCK DATA / NOT A SCIENTIFIC RESULT,displacement-report-draft-v1
non_speaking,2,right_cheek,right_brow,0–100 ms,3,100,19,0,0.19,0.19,0.19,False,True,MOCK DATA / NOT A SCIENTIFIC RESULT,displacement-report-draft-v1
non_speaking,2,right_cheek,right_brow,100–250 ms,4,100,34,0,0.34,0.34,0.34,False,True,MOCK DATA / NOT A SCIENTIFIC RESULT,displacement-report-draft-v1
non_speaking,2,right_cheek,right_brow,250–500 ms,8,100,46,0,0.46,0.46,0.46,False,True,MOCK DATA / NOT A SCIENTIFIC RESULT,displacement-report-draft-v1
non_speaking,2,right_cheek,right_eyelid,0–100 ms,3,100,20,0,0.2,0.2,0.2,False,True,MOCK DATA / NOT A SCIENTIFIC RESULT,displacement-report-draft-v1
non_speaking,2,right_cheek,right_eyelid,100–250 ms,4,100,41,0,0.41,0.41,0.41,False,True,MOCK DATA / NOT A SCIENTIFIC RESULT,displacement-report-draft-v1
non_speaking,2,right_cheek,right_eyelid,250–500 ms,8,100,42,0,0.42,0.42,0.42,False,True,MOCK DATA / NOT A SCIENTIFIC RESULT,displacement-report-draft-v1
non_speaking,2,right_eyelid,jaw,0–100 ms,3,100,22,0,0.22,0.22,0.22,False,True,MOCK DATA / NOT A SCIENTIFIC RESULT,displacement-report-draft-v1
non_speaking,2,right_eyelid,jaw,100–250 ms,4,100,26,0,0.26,0.26,0.26,False,True,MOCK DATA / NOT A SCIENTIFIC RESULT,displacement-report-draft-v1
non_speaking,2,right_eyelid,jaw,250–500 ms,8,100,47,0,0.47,0.47,0.47,False,True,MOCK DATA / NOT A SCIENTIFIC RESULT,displacement-report-draft-v1
non_speaking,2,right_eyelid,left_brow,0–100 ms,3,100,26,0,0.26,0.26,0.26,False,True,MOCK DATA / NOT A SCIENTIFIC RESULT,displacement-report-draft-v1
non_speaking,2,right_eyelid,left_brow,100–250 ms,4,100,22,0,0.22,0.22,0.22,False,True,MOCK DATA / NOT A SCIENTIFIC RESULT,displacement-report-draft-v1
non_speaking,2,right_eyelid,left_brow,250–500 ms,8,100,50,0,0.5,0.5,0.5,False,True,MOCK DATA / NOT A SCIENTIFIC RESULT,displacement-report-draft-v1
non_speaking,2,right_eyelid,left_cheek,0–100 ms,3,100,23,0,0.23,0.23,0.23,False,True,MOCK DATA / NOT A SCIENTIFIC RESULT,displacement-report-draft-v1
non_speaking,2,right_eyelid,left_cheek,100–250 ms,4,100,87,0,0.87,0.87,0.87,True,True,MOCK DATA / NOT A SCIENTIFIC RESULT,displacement-report-draft-v1
non_speaking,2,right_eyelid,left_cheek,250–500 ms,8,100,50,0,0.5,0.5,0.5,False,True,MOCK DATA / NOT A SCIENTIFIC RESULT,displacement-report-draft-v1
non_speaking,2,right_eyelid,left_eyelid,0–100 ms,3,100,23,0,0.23,0.23,0.23,False,True,MOCK DATA / NOT A SCIENTIFIC RESULT,displacement-report-draft-v1
non_speaking,2,right_eyelid,left_eyelid,100–250 ms,4,100,30,0,0.3,0.3,0.3,False,True,MOCK DATA / NOT A SCIENTIFIC RESULT,displacement-report-draft-v1
non_speaking,2,right_eyelid,left_eyelid,250–500 ms,8,100,43,0,0.43,0.43,0.43,False,True,MOCK DATA / NOT A SCIENTIFIC RESULT,displacement-report-draft-v1
non_speaking,2,right_eyelid,mouth,0–100 ms,3,100,49,0,0.49,0.49,0.49,True,True,MOCK DATA / NOT A SCIENTIFIC RESULT,displacement-report-draft-v1
non_speaking,2,right_eyelid,mouth,100–250 ms,4,100,22,0,0.22,0.22,0.22,False,True,MOCK DATA / NOT A SCIENTIFIC RESULT,displacement-report-draft-v1
non_speaking,2,right_eyelid,mouth,250–500 ms,8,100,53,0,0.53,0.53,0.53,False,True,MOCK DATA / NOT A SCIENTIFIC RESULT,displacement-report-draft-v1
non_speaking,2,right_eyelid,right_brow,0–100 ms,3,100,22,0,0.22,0.22,0.22,False,True,MOCK DATA / NOT A SCIENTIFIC RESULT,displacement-report-draft-v1
non_speaking,2,right_eyelid,right_brow,100–250 ms,4,100,27,0,0.27,0.27,0.27,False,True,MOCK DATA / NOT A SCIENTIFIC RESULT,displacement-report-draft-v1
non_speaking,2,right_eyelid,right_brow,250–500 ms,8,100,48,0,0.48,0.48,0.48,False,True,MOCK DATA / NOT A SCIENTIFIC RESULT,displacement-report-draft-v1
non_speaking,2,right_eyelid,right_cheek,0–100 ms,3,100,25,0,0.25,0.25,0.25,False,True,MOCK DATA / NOT A SCIENTIFIC RESULT,displacement-report-draft-v1
non_speaking,2,right_eyelid,right_cheek,100–250 ms,4,100,29,0,0.29,0.29,0.29,False,True,MOCK DATA / NOT A SCIENTIFIC RESULT,displacement-report-draft-v1
non_speaking,2,right_eyelid,right_cheek,250–500 ms,8,100,51,0,0.51,0.51,0.51,False,True,MOCK DATA / NOT A SCIENTIFIC RESULT,displacement-report-draft-v1
non_speaking,3,jaw,left_brow,0–100 ms,3,100,22,0,0.22,0.22,0.22,False,True,MOCK DATA / NOT A SCIENTIFIC RESULT,displacement-report-draft-v1
non_speaking,3,jaw,left_brow,100–250 ms,4,100,94,0,0.94,0.94,0.94,True,True,MOCK DATA / NOT A SCIENTIFIC RESULT,displacement-report-draft-v1
non_speaking,3,jaw,left_brow,250–500 ms,8,100,52,0,0.52,0.52,0.52,False,True,MOCK DATA / NOT A SCIENTIFIC RESULT,displacement-report-draft-v1
non_speaking,3,jaw,left_cheek,0–100 ms,3,100,23,0,0.23,0.23,0.23,False,True,MOCK DATA / NOT A SCIENTIFIC RESULT,displacement-report-draft-v1
non_speaking,3,jaw,left_cheek,100–250 ms,4,100,30,0,0.3,0.3,0.3,False,True,MOCK DATA / NOT A SCIENTIFIC RESULT,displacement-report-draft-v1
non_speaking,3,jaw,left_cheek,250–500 ms,8,100,53,0,0.53,0.53,0.53,False,True,MOCK DATA / NOT A SCIENTIFIC RESULT,displacement-report-draft-v1
non_speaking,3,jaw,left_eyelid,0–100 ms,3,100,42,0,0.42,0.42,0.42,True,True,MOCK DATA / NOT A SCIENTIFIC RESULT,displacement-report-draft-v1
non_speaking,3,jaw,left_eyelid,100–250 ms,4,100,28,0,0.28,0.28,0.28,False,True,MOCK DATA / NOT A SCIENTIFIC RESULT,displacement-report-draft-v1
non_speaking,3,jaw,left_eyelid,250–500 ms,8,100,46,0,0.46,0.46,0.46,False,True,MOCK DATA / NOT A SCIENTIFIC RESULT,displacement-report-draft-v1
non_speaking,3,jaw,mouth,0–100 ms,3,100,16,0,0.16,0.16,0.16,False,True,MOCK DATA / NOT A SCIENTIFIC RESULT,displacement-report-draft-v1
non_speaking,3,jaw,mouth,100–250 ms,4,100,28,0,0.28,0.28,0.28,False,True,MOCK DATA / NOT A SCIENTIFIC RESULT,displacement-report-draft-v1
non_speaking,3,jaw,mouth,250–500 ms,8,100,59,0,0.59,0.59,0.59,False,True,MOCK DATA / NOT A SCIENTIFIC RESULT,displacement-report-draft-v1
non_speaking,3,jaw,right_brow,0–100 ms,3,100,23,0,0.23,0.23,0.23,False,True,MOCK DATA / NOT A SCIENTIFIC RESULT,displacement-report-draft-v1
non_speaking,3,jaw,right_brow,100–250 ms,4,100,33,0,0.33,0.33,0.33,False,True,MOCK DATA / NOT A SCIENTIFIC RESULT,displacement-report-draft-v1
non_speaking,3,jaw,right_brow,250–500 ms,8,100,50,0,0.5,0.5,0.5,False,True,MOCK DATA / NOT A SCIENTIFIC RESULT,displacement-report-draft-v1
non_speaking,3,jaw,right_cheek,0–100 ms,3,100,24,0,0.24,0.24,0.24,False,True,MOCK DATA / NOT A SCIENTIFIC RESULT,displacement-report-draft-v1
non_speaking,3,jaw,right_cheek,100–250 ms,4,100,26,0,0.26,0.26,0.26,False,True,MOCK DATA / NOT A SCIENTIFIC RESULT,displacement-report-draft-v1
non_speaking,3,jaw,right_cheek,250–500 ms,8,100,51,0,0.51,0.51,0.51,False,True,MOCK DATA / NOT A SCIENTIFIC RESULT,displacement-report-draft-v1
non_speaking,3,jaw,right_eyelid,0–100 ms,3,100,26,0,0.26,0.26,0.26,False,True,MOCK DATA / NOT A SCIENTIFIC RESULT,displacement-report-draft-v1
non_speaking,3,jaw,right_eyelid,100–250 ms,4,100,30,0,0.3,0.3,0.3,False,True,MOCK DATA / NOT A SCIENTIFIC RESULT,displacement-report-draft-v1
non_speaking,3,jaw,right_eyelid,250–500 ms,8,100,52,0,0.52,0.52,0.52,False,True,MOCK DATA / NOT A SCIENTIFIC RESULT,displacement-report-draft-v1
non_speaking,3,left_brow,jaw,0–100 ms,3,100,20,0,0.2,0.2,0.2,False,True,MOCK DATA / NOT A SCIENTIFIC RESULT,displacement-report-draft-v1
non_speaking,3,left_brow,jaw,100–250 ms,4,100,26,0,0.26,0.26,0.26,False,True,MOCK DATA / NOT A SCIENTIFIC RESULT,displacement-report-draft-v1
non_speaking,3,left_brow,jaw,250–500 ms,8,100,52,0,0.52,0.52,0.52,False,True,MOCK DATA / NOT A SCIENTIFIC RESULT,displacement-report-draft-v1
non_speaking,3,left_brow,left_cheek,0–100 ms,3,100,19,0,0.19,0.19,0.19,False,True,MOCK DATA / NOT A SCIENTIFIC RESULT,displacement-report-draft-v1
non_speaking,3,left_brow,left_cheek,100–250 ms,4,100,34,0,0.34,0.34,0.34,False,True,MOCK DATA / NOT A SCIENTIFIC RESULT,displacement-report-draft-v1
non_speaking,3,left_brow,left_cheek,250–500 ms,8,100,49,0,0.49,0.49,0.49,False,True,MOCK DATA / NOT A SCIENTIFIC RESULT,displacement-report-draft-v1
non_speaking,3,left_brow,left_eyelid,0–100 ms,3,100,31,0,0.31,0.31,0.31,False,True,MOCK DATA / NOT A SCIENTIFIC RESULT,displacement-report-draft-v1
non_speaking,3,left_brow,left_eyelid,100–250 ms,4,100,28,0,0.28,0.28,0.28,False,True,MOCK DATA / NOT A SCIENTIFIC RESULT,displacement-report-draft-v1
non_speaking,3,left_brow,left_eyelid,250–500 ms,8,100,57,0,0.57,0.57,0.57,False,True,MOCK DATA / NOT A SCIENTIFIC RESULT,displacement-report-draft-v1
non_speaking,3,left_brow,mouth,0–100 ms,3,100,17,0,0.17,0.17,0.17,False,True,MOCK DATA / NOT A SCIENTIFIC RESULT,displacement-report-draft-v1
non_speaking,3,left_brow,mouth,100–250 ms,4,100,26,0,0.26,0.26,0.26,False,True,MOCK DATA / NOT A SCIENTIFIC RESULT,displacement-report-draft-v1
non_speaking,3,left_brow,mouth,250–500 ms,8,100,54,0,0.54,0.54,0.54,False,True,MOCK DATA / NOT A SCIENTIFIC RESULT,displacement-report-draft-v1
non_speaking,3,left_brow,right_brow,0–100 ms,3,100,21,0,0.21,0.21,0.21,False,True,MOCK DATA / NOT A SCIENTIFIC RESULT,displacement-report-draft-v1
non_speaking,3,left_brow,right_brow,100–250 ms,4,100,94,0,0.94,0.94,0.94,True,True,MOCK DATA / NOT A SCIENTIFIC RESULT,displacement-report-draft-v1
non_speaking,3,left_brow,right_brow,250–500 ms,8,100,37,0,0.37,0.37,0.37,False,True,MOCK DATA / NOT A SCIENTIFIC RESULT,displacement-report-draft-v1
non_speaking,3,left_brow,right_cheek,0–100 ms,3,100,19,0,0.19,0.19,0.19,False,True,MOCK DATA / NOT A SCIENTIFIC RESULT,displacement-report-draft-v1
non_speaking,3,left_brow,right_cheek,100–250 ms,4,100,19,0,0.19,0.19,0.19,False,True,MOCK DATA / NOT A SCIENTIFIC RESULT,displacement-report-draft-v1
non_speaking,3,left_brow,right_cheek,250–500 ms,8,100,40,0,0.4,0.4,0.4,False,True,MOCK DATA / NOT A SCIENTIFIC RESULT,displacement-report-draft-v1
non_speaking,3,left_brow,right_eyelid,0–100 ms,3,100,26,0,0.26,0.26,0.26,False,True,MOCK DATA / NOT A SCIENTIFIC RESULT,displacement-report-draft-v1
non_speaking,3,left_brow,right_eyelid,100–250 ms,4,100,30,0,0.3,0.3,0.3,False,True,MOCK DATA / NOT A SCIENTIFIC RESULT,displacement-report-draft-v1
non_speaking,3,left_brow,right_eyelid,250–500 ms,8,100,64,0,0.64,0.64,0.64,True,True,MOCK DATA / NOT A SCIENTIFIC RESULT,displacement-report-draft-v1
non_speaking,3,left_cheek,jaw,0–100 ms,3,100,26,0,0.26,0.26,0.26,False,True,MOCK DATA / NOT A SCIENTIFIC RESULT,displacement-report-draft-v1
non_speaking,3,left_cheek,jaw,100–250 ms,4,100,31,0,0.31,0.31,0.31,False,True,MOCK DATA / NOT A SCIENTIFIC RESULT,displacement-report-draft-v1
non_speaking,3,left_cheek,jaw,250–500 ms,8,100,77,0,0.77,0.77,0.77,True,True,MOCK DATA / NOT A SCIENTIFIC RESULT,displacement-report-draft-v1
non_speaking,3,left_cheek,left_brow,0–100 ms,3,100,24,0,0.24,0.24,0.24,False,True,MOCK DATA / NOT A SCIENTIFIC RESULT,displacement-report-draft-v1
non_speaking,3,left_cheek,left_brow,100–250 ms,4,100,27,0,0.27,0.27,0.27,False,True,MOCK DATA / NOT A SCIENTIFIC RESULT,displacement-report-draft-v1
non_speaking,3,left_cheek,left_brow,250–500 ms,8,100,45,0,0.45,0.45,0.45,False,True,MOCK DATA / NOT A SCIENTIFIC RESULT,displacement-report-draft-v1
non_speaking,3,left_cheek,left_eyelid,0–100 ms,3,100,26,0,0.26,0.26,0.26,False,True,MOCK DATA / NOT A SCIENTIFIC RESULT,displacement-report-draft-v1
non_speaking,3,left_cheek,left_eyelid,100–250 ms,4,100,29,0,0.29,0.29,0.29,False,True,MOCK DATA / NOT A SCIENTIFIC RESULT,displacement-report-draft-v1
non_speaking,3,left_cheek,left_eyelid,250–500 ms,8,100,48,0,0.48,0.48,0.48,False,True,MOCK DATA / NOT A SCIENTIFIC RESULT,displacement-report-draft-v1
non_speaking,3,left_cheek,mouth,0–100 ms,3,100,29,0,0.29,0.29,0.29,False,True,MOCK DATA / NOT A SCIENTIFIC RESULT,displacement-report-draft-v1
non_speaking,3,left_cheek,mouth,100–250 ms,4,100,33,0,0.33,0.33,0.33,False,True,MOCK DATA / NOT A SCIENTIFIC RESULT,displacement-report-draft-v1
non_speaking,3,left_cheek,mouth,250–500 ms,8,100,49,0,0.49,0.49,0.49,False,True,MOCK DATA / NOT A SCIENTIFIC RESULT,displacement-report-draft-v1
non_speaking,3,left_cheek,right_brow,0–100 ms,3,100,31,0,0.31,0.31,0.31,False,True,MOCK DATA / NOT A SCIENTIFIC RESULT,displacement-report-draft-v1
non_speaking,3,left_cheek,right_brow,100–250 ms,4,100,33,0,0.33,0.33,0.33,False,True,MOCK DATA / NOT A SCIENTIFIC RESULT,displacement-report-draft-v1
non_speaking,3,left_cheek,right_brow,250–500 ms,8,100,53,0,0.53,0.53,0.53,False,True,MOCK DATA / NOT A SCIENTIFIC RESULT,displacement-report-draft-v1
non_speaking,3,left_cheek,right_cheek,0–100 ms,3,100,27,0,0.27,0.27,0.27,False,True,MOCK DATA / NOT A SCIENTIFIC RESULT,displacement-report-draft-v1
non_speaking,3,left_cheek,right_cheek,100–250 ms,4,100,94,0,0.94,0.94,0.94,True,True,MOCK DATA / NOT A SCIENTIFIC RESULT,displacement-report-draft-v1
non_speaking,3,left_cheek,right_cheek,250–500 ms,8,100,48,0,0.48,0.48,0.48,False,True,MOCK DATA / NOT A SCIENTIFIC RESULT,displacement-report-draft-v1
non_speaking,3,left_cheek,right_eyelid,0–100 ms,3,100,16,0,0.16,0.16,0.16,False,True,MOCK DATA / NOT A SCIENTIFIC RESULT,displacement-report-draft-v1
non_speaking,3,left_cheek,right_eyelid,100–250 ms,4,100,19,0,0.19,0.19,0.19,False,True,MOCK DATA / NOT A SCIENTIFIC RESULT,displacement-report-draft-v1
non_speaking,3,left_cheek,right_eyelid,250–500 ms,8,100,35,0,0.35,0.35,0.35,False,True,MOCK DATA / NOT A SCIENTIFIC RESULT,displacement-report-draft-v1
non_speaking,3,left_eyelid,jaw,0–100 ms,3,100,18,0,0.18,0.18,0.18,False,True,MOCK DATA / NOT A SCIENTIFIC RESULT,displacement-report-draft-v1
non_speaking,3,left_eyelid,jaw,100–250 ms,4,100,31,0,0.31,0.31,0.31,False,True,MOCK DATA / NOT A SCIENTIFIC RESULT,displacement-report-draft-v1
non_speaking,3,left_eyelid,jaw,250–500 ms,8,100,59,0,0.59,0.59,0.59,False,True,MOCK DATA / NOT A SCIENTIFIC RESULT,displacement-report-draft-v1
non_speaking,3,left_eyelid,left_brow,0–100 ms,3,100,23,0,0.23,0.23,0.23,False,True,MOCK DATA / NOT A SCIENTIFIC RESULT,displacement-report-draft-v1
non_speaking,3,left_eyelid,left_brow,100–250 ms,4,100,23,0,0.23,0.23,0.23,False,True,MOCK DATA / NOT A SCIENTIFIC RESULT,displacement-report-draft-v1
non_speaking,3,left_eyelid,left_brow,250–500 ms,8,100,51,0,0.51,0.51,0.51,False,True,MOCK DATA / NOT A SCIENTIFIC RESULT,displacement-report-draft-v1
non_speaking,3,left_eyelid,left_cheek,0–100 ms,3,100,22,0,0.22,0.22,0.22,False,True,MOCK DATA / NOT A SCIENTIFIC RESULT,displacement-report-draft-v1
non_speaking,3,left_eyelid,left_cheek,100–250 ms,4,100,31,0,0.31,0.31,0.31,False,True,MOCK DATA / NOT A SCIENTIFIC RESULT,displacement-report-draft-v1
non_speaking,3,left_eyelid,left_cheek,250–500 ms,8,100,48,0,0.48,0.48,0.48,False,True,MOCK DATA / NOT A SCIENTIFIC RESULT,displacement-report-draft-v1
non_speaking,3,left_eyelid,mouth,0–100 ms,3,100,18,0,0.18,0.18,0.18,False,True,MOCK DATA / NOT A SCIENTIFIC RESULT,displacement-report-draft-v1
non_speaking,3,left_eyelid,mouth,100–250 ms,4,100,23,0,0.23,0.23,0.23,False,True,MOCK DATA / NOT A SCIENTIFIC RESULT,displacement-report-draft-v1
non_speaking,3,left_eyelid,mouth,250–500 ms,8,100,48,0,0.48,0.48,0.48,False,True,MOCK DATA / NOT A SCIENTIFIC RESULT,displacement-report-draft-v1
non_speaking,3,left_eyelid,right_brow,0–100 ms,3,100,21,0,0.21,0.21,0.21,False,True,MOCK DATA / NOT A SCIENTIFIC RESULT,displacement-report-draft-v1
non_speaking,3,left_eyelid,right_brow,100–250 ms,4,100,21,0,0.21,0.21,0.21,False,True,MOCK DATA / NOT A SCIENTIFIC RESULT,displacement-report-draft-v1
non_speaking,3,left_eyelid,right_brow,250–500 ms,8,100,50,0,0.5,0.5,0.5,False,True,MOCK DATA / NOT A SCIENTIFIC RESULT,displacement-report-draft-v1
non_speaking,3,left_eyelid,right_cheek,0–100 ms,3,100,18,0,0.18,0.18,0.18,False,True,MOCK DATA / NOT A SCIENTIFIC RESULT,displacement-report-draft-v1
non_speaking,3,left_eyelid,right_cheek,100–250 ms,4,100,31,0,0.31,0.31,0.31,False,True,MOCK DATA / NOT A SCIENTIFIC RESULT,displacement-report-draft-v1
non_speaking,3,left_eyelid,right_cheek,250–500 ms,8,100,62,0,0.62,0.62,0.62,True,True,MOCK DATA / NOT A SCIENTIFIC RESULT,displacement-report-draft-v1
non_speaking,3,left_eyelid,right_eyelid,0–100 ms,3,100,27,0,0.27,0.27,0.27,False,True,MOCK DATA / NOT A SCIENTIFIC RESULT,displacement-report-draft-v1
non_speaking,3,left_eyelid,right_eyelid,100–250 ms,4,100,67,0,0.67,0.67,0.67,True,True,MOCK DATA / NOT A SCIENTIFIC RESULT,displacement-report-draft-v1
non_speaking,3,left_eyelid,right_eyelid,250–500 ms,8,100,84,0,0.84,0.84,0.84,True,True,MOCK DATA / NOT A SCIENTIFIC RESULT,displacement-report-draft-v1
non_speaking,3,mouth,jaw,0–100 ms,3,100,23,0,0.23,0.23,0.23,False,True,MOCK DATA / NOT A SCIENTIFIC RESULT,displacement-report-draft-v1
non_speaking,3,mouth,jaw,100–250 ms,4,100,95,0,0.95,0.95,0.95,True,True,MOCK DATA / NOT A SCIENTIFIC RESULT,displacement-report-draft-v1
non_speaking,3,mouth,jaw,250–500 ms,8,100,49,0,0.49,0.49,0.49,False,True,MOCK DATA / NOT A SCIENTIFIC RESULT,displacement-report-draft-v1
non_speaking,3,mouth,left_brow,0–100 ms,3,100,20,0,0.2,0.2,0.2,False,True,MOCK DATA / NOT A SCIENTIFIC RESULT,displacement-report-draft-v1
non_speaking,3,mouth,left_brow,100–250 ms,4,100,30,0,0.3,0.3,0.3,False,True,MOCK DATA / NOT A SCIENTIFIC RESULT,displacement-report-draft-v1
non_speaking,3,mouth,left_brow,250–500 ms,8,100,45,0,0.45,0.45,0.45,False,True,MOCK DATA / NOT A SCIENTIFIC RESULT,displacement-report-draft-v1
non_speaking,3,mouth,left_cheek,0–100 ms,3,100,25,0,0.25,0.25,0.25,False,True,MOCK DATA / NOT A SCIENTIFIC RESULT,displacement-report-draft-v1
non_speaking,3,mouth,left_cheek,100–250 ms,4,100,25,0,0.25,0.25,0.25,False,True,MOCK DATA / NOT A SCIENTIFIC RESULT,displacement-report-draft-v1
non_speaking,3,mouth,left_cheek,250–500 ms,8,100,51,0,0.51,0.51,0.51,False,True,MOCK DATA / NOT A SCIENTIFIC RESULT,displacement-report-draft-v1
non_speaking,3,mouth,left_eyelid,0–100 ms,3,100,11,0,0.11,0.11,0.11,False,True,MOCK DATA / NOT A SCIENTIFIC RESULT,displacement-report-draft-v1
non_speaking,3,mouth,left_eyelid,100–250 ms,4,100,28,0,0.28,0.28,0.28,False,True,MOCK DATA / NOT A SCIENTIFIC RESULT,displacement-report-draft-v1
non_speaking,3,mouth,left_eyelid,250–500 ms,8,100,60,0,0.6,0.6,0.6,False,True,MOCK DATA / NOT A SCIENTIFIC RESULT,displacement-report-draft-v1
non_speaking,3,mouth,right_brow,0–100 ms,3,100,24,0,0.24,0.24,0.24,False,True,MOCK DATA / NOT A SCIENTIFIC RESULT,displacement-report-draft-v1
non_speaking,3,mouth,right_brow,100–250 ms,4,100,26,0,0.26,0.26,0.26,False,True,MOCK DATA / NOT A SCIENTIFIC RESULT,displacement-report-draft-v1
non_speaking,3,mouth,right_brow,250–500 ms,8,100,63,0,0.63,0.63,0.63,True,True,MOCK DATA / NOT A SCIENTIFIC RESULT,displacement-report-draft-v1
non_speaking,3,mouth,right_cheek,0–100 ms,3,100,27,0,0.27,0.27,0.27,False,True,MOCK DATA / NOT A SCIENTIFIC RESULT,displacement-report-draft-v1
non_speaking,3,mouth,right_cheek,100–250 ms,4,100,26,0,0.26,0.26,0.26,False,True,MOCK DATA / NOT A SCIENTIFIC RESULT,displacement-report-draft-v1
non_speaking,3,mouth,right_cheek,250–500 ms,8,100,50,0,0.5,0.5,0.5,False,True,MOCK DATA / NOT A SCIENTIFIC RESULT,displacement-report-draft-v1
non_speaking,3,mouth,right_eyelid,0–100 ms,3,100,30,0,0.3,0.3,0.3,False,True,MOCK DATA / NOT A SCIENTIFIC RESULT,displacement-report-draft-v1
non_speaking,3,mouth,right_eyelid,100–250 ms,4,100,30,0,0.3,0.3,0.3,False,True,MOCK DATA / NOT A SCIENTIFIC RESULT,displacement-report-draft-v1
non_speaking,3,mouth,right_eyelid,250–500 ms,8,100,55,0,0.55,0.55,0.55,False,True,MOCK DATA / NOT A SCIENTIFIC RESULT,displacement-report-draft-v1
non_speaking,3,right_brow,jaw,0–100 ms,3,100,22,0,0.22,0.22,0.22,False,True,MOCK DATA / NOT A SCIENTIFIC RESULT,displacement-report-draft-v1
non_speaking,3,right_brow,jaw,100–250 ms,4,100,29,0,0.29,0.29,0.29,False,True,MOCK DATA / NOT A SCIENTIFIC RESULT,displacement-report-draft-v1
non_speaking,3,right_brow,jaw,250–500 ms,8,100,45,0,0.45,0.45,0.45,False,True,MOCK DATA / NOT A SCIENTIFIC RESULT,displacement-report-draft-v1
non_speaking,3,right_brow,left_brow,0–100 ms,3,100,28,0,0.28,0.28,0.28,False,True,MOCK DATA / NOT A SCIENTIFIC RESULT,displacement-report-draft-v1
non_speaking,3,right_brow,left_brow,100–250 ms,4,100,24,0,0.24,0.24,0.24,False,True,MOCK DATA / NOT A SCIENTIFIC RESULT,displacement-report-draft-v1
non_speaking,3,right_brow,left_brow,250–500 ms,8,100,50,0,0.5,0.5,0.5,False,True,MOCK DATA / NOT A SCIENTIFIC RESULT,displacement-report-draft-v1
non_speaking,3,right_brow,left_cheek,0–100 ms,3,100,45,0,0.45,0.45,0.45,True,True,MOCK DATA / NOT A SCIENTIFIC RESULT,displacement-report-draft-v1
non_speaking,3,right_brow,left_cheek,100–250 ms,4,100,29,0,0.29,0.29,0.29,False,True,MOCK DATA / NOT A SCIENTIFIC RESULT,displacement-report-draft-v1
non_speaking,3,right_brow,left_cheek,250–500 ms,8,100,52,0,0.52,0.52,0.52,False,True,MOCK DATA / NOT A SCIENTIFIC RESULT,displacement-report-draft-v1
non_speaking,3,right_brow,left_eyelid,0–100 ms,3,100,27,0,0.27,0.27,0.27,False,True,MOCK DATA / NOT A SCIENTIFIC RESULT,displacement-report-draft-v1
non_speaking,3,right_brow,left_eyelid,100–250 ms,4,100,96,0,0.96,0.96,0.96,True,True,MOCK DATA / NOT A SCIENTIFIC RESULT,displacement-report-draft-v1
non_speaking,3,right_brow,left_eyelid,250–500 ms,8,100,48,0,0.48,0.48,0.48,False,True,MOCK DATA / NOT A SCIENTIFIC RESULT,displacement-report-draft-v1
non_speaking,3,right_brow,mouth,0–100 ms,3,100,29,0,0.29,0.29,0.29,False,True,MOCK DATA / NOT A SCIENTIFIC RESULT,displacement-report-draft-v1
non_speaking,3,right_brow,mouth,100–250 ms,4,100,33,0,0.33,0.33,0.33,False,True,MOCK DATA / NOT A SCIENTIFIC RESULT,displacement-report-draft-v1
non_speaking,3,right_brow,mouth,250–500 ms,8,100,41,0,0.41,0.41,0.41,False,True,MOCK DATA / NOT A SCIENTIFIC RESULT,displacement-report-draft-v1
non_speaking,3,right_brow,right_cheek,0–100 ms,3,100,23,0,0.23,0.23,0.23,False,True,MOCK DATA / NOT A SCIENTIFIC RESULT,displacement-report-draft-v1
non_speaking,3,right_brow,right_cheek,100–250 ms,4,100,32,0,0.32,0.32,0.32,False,True,MOCK DATA / NOT A SCIENTIFIC RESULT,displacement-report-draft-v1
non_speaking,3,right_brow,right_cheek,250–500 ms,8,100,49,0,0.49,0.49,0.49,False,True,MOCK DATA / NOT A SCIENTIFIC RESULT,displacement-report-draft-v1
non_speaking,3,right_brow,right_eyelid,0–100 ms,3,100,16,0,0.16,0.16,0.16,False,True,MOCK DATA / NOT A SCIENTIFIC RESULT,displacement-report-draft-v1
non_speaking,3,right_brow,right_eyelid,100–250 ms,4,100,29,0,0.29,0.29,0.29,False,True,MOCK DATA / NOT A SCIENTIFIC RESULT,displacement-report-draft-v1
non_speaking,3,right_brow,right_eyelid,250–500 ms,8,100,54,0,0.54,0.54,0.54,False,True,MOCK DATA / NOT A SCIENTIFIC RESULT,displacement-report-draft-v1
non_speaking,3,right_cheek,jaw,0–100 ms,3,100,23,0,0.23,0.23,0.23,False,True,MOCK DATA / NOT A SCIENTIFIC RESULT,displacement-report-draft-v1
non_speaking,3,right_cheek,jaw,100–250 ms,4,100,31,0,0.31,0.31,0.31,False,True,MOCK DATA / NOT A SCIENTIFIC RESULT,displacement-report-draft-v1
non_speaking,3,right_cheek,jaw,250–500 ms,8,100,58,0,0.58,0.58,0.58,False,True,MOCK DATA / NOT A SCIENTIFIC RESULT,displacement-report-draft-v1
non_speaking,3,right_cheek,left_brow,0–100 ms,3,100,62,0,0.62,0.62,0.62,True,True,MOCK DATA / NOT A SCIENTIFIC RESULT,displacement-report-draft-v1
non_speaking,3,right_cheek,left_brow,100–250 ms,4,100,34,0,0.34,0.34,0.34,False,True,MOCK DATA / NOT A SCIENTIFIC RESULT,displacement-report-draft-v1
non_speaking,3,right_cheek,left_brow,250–500 ms,8,100,47,0,0.47,0.47,0.47,False,True,MOCK DATA / NOT A SCIENTIFIC RESULT,displacement-report-draft-v1
non_speaking,3,right_cheek,left_cheek,0–100 ms,3,100,25,0,0.25,0.25,0.25,False,True,MOCK DATA / NOT A SCIENTIFIC RESULT,displacement-report-draft-v1
non_speaking,3,right_cheek,left_cheek,100–250 ms,4,100,40,0,0.4,0.4,0.4,False,True,MOCK DATA / NOT A SCIENTIFIC RESULT,displacement-report-draft-v1
non_speaking,3,right_cheek,left_cheek,250–500 ms,8,100,47,0,0.47,0.47,0.47,False,True,MOCK DATA / NOT A SCIENTIFIC RESULT,displacement-report-draft-v1
non_speaking,3,right_cheek,left_eyelid,0–100 ms,3,100,23,0,0.23,0.23,0.23,False,True,MOCK DATA / NOT A SCIENTIFIC RESULT,displacement-report-draft-v1
non_speaking,3,right_cheek,left_eyelid,100–250 ms,4,100,27,0,0.27,0.27,0.27,False,True,MOCK DATA / NOT A SCIENTIFIC RESULT,displacement-report-draft-v1
non_speaking,3,right_cheek,left_eyelid,250–500 ms,8,100,50,0,0.5,0.5,0.5,False,True,MOCK DATA / NOT A SCIENTIFIC RESULT,displacement-report-draft-v1
non_speaking,3,right_cheek,mouth,0–100 ms,3,100,21,0,0.21,0.21,0.21,False,True,MOCK DATA / NOT A SCIENTIFIC RESULT,displacement-report-draft-v1
non_speaking,3,right_cheek,mouth,100–250 ms,4,100,79,0,0.79,0.79,0.79,True,True,MOCK DATA / NOT A SCIENTIFIC RESULT,displacement-report-draft-v1
non_speaking,3,right_cheek,mouth,250–500 ms,8,100,80,0,0.8,0.8,0.8,True,True,MOCK DATA / NOT A SCIENTIFIC RESULT,displacement-report-draft-v1
non_speaking,3,right_cheek,right_brow,0–100 ms,3,100,29,0,0.29,0.29,0.29,False,True,MOCK DATA / NOT A SCIENTIFIC RESULT,displacement-report-draft-v1
non_speaking,3,right_cheek,right_brow,100–250 ms,4,100,27,0,0.27,0.27,0.27,False,True,MOCK DATA / NOT A SCIENTIFIC RESULT,displacement-report-draft-v1
non_speaking,3,right_cheek,right_brow,250–500 ms,8,100,45,0,0.45,0.45,0.45,False,True,MOCK DATA / NOT A SCIENTIFIC RESULT,displacement-report-draft-v1
non_speaking,3,right_cheek,right_eyelid,0–100 ms,3,100,18,0,0.18,0.18,0.18,False,True,MOCK DATA / NOT A SCIENTIFIC RESULT,displacement-report-draft-v1
non_speaking,3,right_cheek,right_eyelid,100–250 ms,4,100,28,0,0.28,0.28,0.28,False,True,MOCK DATA / NOT A SCIENTIFIC RESULT,displacement-report-draft-v1
non_speaking,3,right_cheek,right_eyelid,250–500 ms,8,100,46,0,0.46,0.46,0.46,False,True,MOCK DATA / NOT A SCIENTIFIC RESULT,displacement-report-draft-v1
non_speaking,3,right_eyelid,jaw,0–100 ms,3,100,20,0,0.2,0.2,0.2,False,True,MOCK DATA / NOT A SCIENTIFIC RESULT,displacement-report-draft-v1
non_speaking,3,right_eyelid,jaw,100–250 ms,4,100,23,0,0.23,0.23,0.23,False,True,MOCK DATA / NOT A SCIENTIFIC RESULT,displacement-report-draft-v1
non_speaking,3,right_eyelid,jaw,250–500 ms,8,100,47,0,0.47,0.47,0.47,False,True,MOCK DATA / NOT A SCIENTIFIC RESULT,displacement-report-draft-v1
non_speaking,3,right_eyelid,left_brow,0–100 ms,3,100,22,0,0.22,0.22,0.22,False,True,MOCK DATA / NOT A SCIENTIFIC RESULT,displacement-report-draft-v1
non_speaking,3,right_eyelid,left_brow,100–250 ms,4,100,31,0,0.31,0.31,0.31,False,True,MOCK DATA / NOT A SCIENTIFIC RESULT,displacement-report-draft-v1
non_speaking,3,right_eyelid,left_brow,250–500 ms,8,100,54,0,0.54,0.54,0.54,False,True,MOCK DATA / NOT A SCIENTIFIC RESULT,displacement-report-draft-v1
non_speaking,3,right_eyelid,left_cheek,0–100 ms,3,100,18,0,0.18,0.18,0.18,False,True,MOCK DATA / NOT A SCIENTIFIC RESULT,displacement-report-draft-v1
non_speaking,3,right_eyelid,left_cheek,100–250 ms,4,100,94,0,0.94,0.94,0.94,True,True,MOCK DATA / NOT A SCIENTIFIC RESULT,displacement-report-draft-v1
non_speaking,3,right_eyelid,left_cheek,250–500 ms,8,100,56,0,0.56,0.56,0.56,False,True,MOCK DATA / NOT A SCIENTIFIC RESULT,displacement-report-draft-v1
non_speaking,3,right_eyelid,left_eyelid,0–100 ms,3,100,15,0,0.15,0.15,0.15,False,True,MOCK DATA / NOT A SCIENTIFIC RESULT,displacement-report-draft-v1
non_speaking,3,right_eyelid,left_eyelid,100–250 ms,4,100,27,0,0.27,0.27,0.27,False,True,MOCK DATA / NOT A SCIENTIFIC RESULT,displacement-report-draft-v1
non_speaking,3,right_eyelid,left_eyelid,250–500 ms,8,100,51,0,0.51,0.51,0.51,False,True,MOCK DATA / NOT A SCIENTIFIC RESULT,displacement-report-draft-v1
non_speaking,3,right_eyelid,mouth,0–100 ms,3,100,44,0,0.44,0.44,0.44,True,True,MOCK DATA / NOT A SCIENTIFIC RESULT,displacement-report-draft-v1
non_speaking,3,right_eyelid,mouth,100–250 ms,4,100,30,0,0.3,0.3,0.3,False,True,MOCK DATA / NOT A SCIENTIFIC RESULT,displacement-report-draft-v1
non_speaking,3,right_eyelid,mouth,250–500 ms,8,100,42,0,0.42,0.42,0.42,False,True,MOCK DATA / NOT A SCIENTIFIC RESULT,displacement-report-draft-v1
non_speaking,3,right_eyelid,right_brow,0–100 ms,3,100,17,0,0.17,0.17,0.17,False,True,MOCK DATA / NOT A SCIENTIFIC RESULT,displacement-report-draft-v1
non_speaking,3,right_eyelid,right_brow,100–250 ms,4,100,27,0,0.27,0.27,0.27,False,True,MOCK DATA / NOT A SCIENTIFIC RESULT,displacement-report-draft-v1
non_speaking,3,right_eyelid,right_brow,250–500 ms,8,100,44,0,0.44,0.44,0.44,False,True,MOCK DATA / NOT A SCIENTIFIC RESULT,displacement-report-draft-v1
non_speaking,3,right_eyelid,right_cheek,0–100 ms,3,100,26,0,0.26,0.26,0.26,False,True,MOCK DATA / NOT A SCIENTIFIC RESULT,displacement-report-draft-v1
non_speaking,3,right_eyelid,right_cheek,100–250 ms,4,100,34,0,0.34,0.34,0.34,False,True,MOCK DATA / NOT A SCIENTIFIC RESULT,displacement-report-draft-v1
non_speaking,3,right_eyelid,right_cheek,250–500 ms,8,100,38,0,0.38,0.38,0.38,False,True,MOCK DATA / NOT A SCIENTIFIC RESULT,displacement-report-draft-v1
non_speaking,4,jaw,left_brow,0–100 ms,3,100,26,2,,0.26,0.28,False,True,MOCK DATA / NOT A SCIENTIFIC RESULT,displacement-report-draft-v1
non_speaking,4,jaw,left_brow,100–250 ms,4,100,93,2,,0.93,0.95,True,True,MOCK DATA / NOT A SCIENTIFIC RESULT,displacement-report-draft-v1
non_speaking,4,jaw,left_brow,250–500 ms,8,100,51,2,,0.51,0.53,False,True,MOCK DATA / NOT A SCIENTIFIC RESULT,displacement-report-draft-v1
non_speaking,4,jaw,left_cheek,0–100 ms,3,100,21,2,,0.21,0.23,False,True,MOCK DATA / NOT A SCIENTIFIC RESULT,displacement-report-draft-v1
non_speaking,4,jaw,left_cheek,100–250 ms,4,100,31,2,,0.31,0.33,False,True,MOCK DATA / NOT A SCIENTIFIC RESULT,displacement-report-draft-v1
non_speaking,4,jaw,left_cheek,250–500 ms,8,100,61,2,,0.61,0.63,False,True,MOCK DATA / NOT A SCIENTIFIC RESULT,displacement-report-draft-v1
non_speaking,4,jaw,left_eyelid,0–100 ms,3,100,44,2,,0.44,0.46,True,True,MOCK DATA / NOT A SCIENTIFIC RESULT,displacement-report-draft-v1
non_speaking,4,jaw,left_eyelid,100–250 ms,4,100,24,2,,0.24,0.26,False,True,MOCK DATA / NOT A SCIENTIFIC RESULT,displacement-report-draft-v1
non_speaking,4,jaw,left_eyelid,250–500 ms,8,100,46,2,,0.46,0.48,False,True,MOCK DATA / NOT A SCIENTIFIC RESULT,displacement-report-draft-v1
non_speaking,4,jaw,mouth,0–100 ms,3,100,13,2,,0.13,0.15,False,True,MOCK DATA / NOT A SCIENTIFIC RESULT,displacement-report-draft-v1
non_speaking,4,jaw,mouth,100–250 ms,4,100,25,2,,0.25,0.27,False,True,MOCK DATA / NOT A SCIENTIFIC RESULT,displacement-report-draft-v1
non_speaking,4,jaw,mouth,250–500 ms,8,100,37,2,,0.37,0.39,False,True,MOCK DATA / NOT A SCIENTIFIC RESULT,displacement-report-draft-v1
non_speaking,4,jaw,right_brow,0–100 ms,3,100,23,2,,0.23,0.25,False,True,MOCK DATA / NOT A SCIENTIFIC RESULT,displacement-report-draft-v1
non_speaking,4,jaw,right_brow,100–250 ms,4,100,30,2,,0.3,0.32,False,True,MOCK DATA / NOT A SCIENTIFIC RESULT,displacement-report-draft-v1
non_speaking,4,jaw,right_brow,250–500 ms,8,100,48,2,,0.48,0.5,False,True,MOCK DATA / NOT A SCIENTIFIC RESULT,displacement-report-draft-v1
non_speaking,4,jaw,right_cheek,0–100 ms,3,0,0,0,,,,False,True,MOCK DATA / NOT A SCIENTIFIC RESULT,displacement-report-draft-v1
non_speaking,4,jaw,right_cheek,100–250 ms,4,0,0,0,,,,False,True,MOCK DATA / NOT A SCIENTIFIC RESULT,displacement-report-draft-v1
non_speaking,4,jaw,right_cheek,250–500 ms,8,0,0,0,,,,False,True,MOCK DATA / NOT A SCIENTIFIC RESULT,displacement-report-draft-v1
non_speaking,4,jaw,right_eyelid,0–100 ms,3,100,25,2,,0.25,0.27,False,True,MOCK DATA / NOT A SCIENTIFIC RESULT,displacement-report-draft-v1
non_speaking,4,jaw,right_eyelid,100–250 ms,4,100,27,2,,0.27,0.29,False,True,MOCK DATA / NOT A SCIENTIFIC RESULT,displacement-report-draft-v1
non_speaking,4,jaw,right_eyelid,250–500 ms,8,100,40,2,,0.4,0.42,False,True,MOCK DATA / NOT A SCIENTIFIC RESULT,displacement-report-draft-v1
non_speaking,4,left_brow,jaw,0–100 ms,3,100,21,2,,0.21,0.23,False,True,MOCK DATA / NOT A SCIENTIFIC RESULT,displacement-report-draft-v1
non_speaking,4,left_brow,jaw,100–250 ms,4,100,30,2,,0.3,0.32,False,True,MOCK DATA / NOT A SCIENTIFIC RESULT,displacement-report-draft-v1
non_speaking,4,left_brow,jaw,250–500 ms,8,100,45,2,,0.45,0.47,False,True,MOCK DATA / NOT A SCIENTIFIC RESULT,displacement-report-draft-v1
non_speaking,4,left_brow,left_cheek,0–100 ms,3,100,22,2,,0.22,0.24,False,True,MOCK DATA / NOT A SCIENTIFIC RESULT,displacement-report-draft-v1
non_speaking,4,left_brow,left_cheek,100–250 ms,4,100,29,2,,0.29,0.31,False,True,MOCK DATA / NOT A SCIENTIFIC RESULT,displacement-report-draft-v1
non_speaking,4,left_brow,left_cheek,250–500 ms,8,100,50,2,,0.5,0.52,False,True,MOCK DATA / NOT A SCIENTIFIC RESULT,displacement-report-draft-v1
non_speaking,4,left_brow,left_eyelid,0–100 ms,3,100,17,2,,0.17,0.19,False,True,MOCK DATA / NOT A SCIENTIFIC RESULT,displacement-report-draft-v1
non_speaking,4,left_brow,left_eyelid,100–250 ms,4,100,31,2,,0.31,0.33,False,True,MOCK DATA / NOT A SCIENTIFIC RESULT,displacement-report-draft-v1
non_speaking,4,left_brow,left_eyelid,250–500 ms,8,100,47,2,,0.47,0.49,False,True,MOCK DATA / NOT A SCIENTIFIC RESULT,displacement-report-draft-v1
non_speaking,4,left_brow,mouth,0–100 ms,3,100,22,2,,0.22,0.24,False,True,MOCK DATA / NOT A SCIENTIFIC RESULT,displacement-report-draft-v1
non_speaking,4,left_brow,mouth,100–250 ms,4,100,24,2,,0.24,0.26,False,True,MOCK DATA / NOT A SCIENTIFIC RESULT,displacement-report-draft-v1
non_speaking,4,left_brow,mouth,250–500 ms,8,100,42,2,,0.42,0.44,False,True,MOCK DATA / NOT A SCIENTIFIC RESULT,displacement-report-draft-v1
non_speaking,4,left_brow,right_brow,0–100 ms,3,100,19,2,,0.19,0.21,False,True,MOCK DATA / NOT A SCIENTIFIC RESULT,displacement-report-draft-v1
non_speaking,4,left_brow,right_brow,100–250 ms,4,100,96,2,,0.96,0.98,True,True,MOCK DATA / NOT A SCIENTIFIC RESULT,displacement-report-draft-v1
non_speaking,4,left_brow,right_brow,250–500 ms,8,100,50,2,,0.5,0.52,False,True,MOCK DATA / NOT A SCIENTIFIC RESULT,displacement-report-draft-v1
non_speaking,4,left_brow,right_cheek,0–100 ms,3,0,0,0,,,,False,True,MOCK DATA / NOT A SCIENTIFIC RESULT,displacement-report-draft-v1
non_speaking,4,left_brow,right_cheek,100–250 ms,4,0,0,0,,,,False,True,MOCK DATA / NOT A SCIENTIFIC RESULT,displacement-report-draft-v1
non_speaking,4,left_brow,right_cheek,250–500 ms,8,0,0,0,,,,False,True,MOCK DATA / NOT A SCIENTIFIC RESULT,displacement-report-draft-v1
non_speaking,4,left_brow,right_eyelid,0–100 ms,3,100,22,2,,0.22,0.24,False,True,MOCK DATA / NOT A SCIENTIFIC RESULT,displacement-report-draft-v1
non_speaking,4,left_brow,right_eyelid,100–250 ms,4,100,33,2,,0.33,0.35,False,True,MOCK DATA / NOT A SCIENTIFIC RESULT,displacement-report-draft-v1
non_speaking,4,left_brow,right_eyelid,250–500 ms,8,100,57,2,,0.57,0.59,True,True,MOCK DATA / NOT A SCIENTIFIC RESULT,displacement-report-draft-v1
non_speaking,4,left_cheek,jaw,0–100 ms,3,100,23,2,,0.23,0.25,False,True,MOCK DATA / NOT A SCIENTIFIC RESULT,displacement-report-draft-v1
non_speaking,4,left_cheek,jaw,100–250 ms,4,100,35,2,,0.35,0.37,False,True,MOCK DATA / NOT A SCIENTIFIC RESULT,displacement-report-draft-v1
non_speaking,4,left_cheek,jaw,250–500 ms,8,100,63,2,,0.63,0.65,True,True,MOCK DATA / NOT A SCIENTIFIC RESULT,displacement-report-draft-v1
non_speaking,4,left_cheek,left_brow,0–100 ms,3,100,19,2,,0.19,0.21,False,True,MOCK DATA / NOT A SCIENTIFIC RESULT,displacement-report-draft-v1
non_speaking,4,left_cheek,left_brow,100–250 ms,4,100,33,2,,0.33,0.35,False,True,MOCK DATA / NOT A SCIENTIFIC RESULT,displacement-report-draft-v1
non_speaking,4,left_cheek,left_brow,250–500 ms,8,100,46,2,,0.46,0.48,False,True,MOCK DATA / NOT A SCIENTIFIC RESULT,displacement-report-draft-v1
non_speaking,4,left_cheek,left_eyelid,0–100 ms,3,100,25,2,,0.25,0.27,False,True,MOCK DATA / NOT A SCIENTIFIC RESULT,displacement-report-draft-v1
non_speaking,4,left_cheek,left_eyelid,100–250 ms,4,100,30,2,,0.3,0.32,False,True,MOCK DATA / NOT A SCIENTIFIC RESULT,displacement-report-draft-v1
non_speaking,4,left_cheek,left_eyelid,250–500 ms,8,100,52,2,,0.52,0.54,False,True,MOCK DATA / NOT A SCIENTIFIC RESULT,displacement-report-draft-v1
non_speaking,4,left_cheek,mouth,0–100 ms,3,100,28,2,,0.28,0.3,False,True,MOCK DATA / NOT A SCIENTIFIC RESULT,displacement-report-draft-v1
non_speaking,4,left_cheek,mouth,100–250 ms,4,100,28,2,,0.28,0.3,False,True,MOCK DATA / NOT A SCIENTIFIC RESULT,displacement-report-draft-v1
non_speaking,4,left_cheek,mouth,250–500 ms,8,100,40,2,,0.4,0.42,False,True,MOCK DATA / NOT A SCIENTIFIC RESULT,displacement-report-draft-v1
non_speaking,4,left_cheek,right_brow,0–100 ms,3,100,25,2,,0.25,0.27,False,True,MOCK DATA / NOT A SCIENTIFIC RESULT,displacement-report-draft-v1
non_speaking,4,left_cheek,right_brow,100–250 ms,4,100,26,2,,0.26,0.28,False,True,MOCK DATA / NOT A SCIENTIFIC RESULT,displacement-report-draft-v1
non_speaking,4,left_cheek,right_brow,250–500 ms,8,100,43,2,,0.43,0.45,False,True,MOCK DATA / NOT A SCIENTIFIC RESULT,displacement-report-draft-v1
non_speaking,4,left_cheek,right_cheek,0–100 ms,3,0,0,0,,,,False,True,MOCK DATA / NOT A SCIENTIFIC RESULT,displacement-report-draft-v1
non_speaking,4,left_cheek,right_cheek,100–250 ms,4,0,0,0,,,,False,True,MOCK DATA / NOT A SCIENTIFIC RESULT,displacement-report-draft-v1
non_speaking,4,left_cheek,right_cheek,250–500 ms,8,0,0,0,,,,False,True,MOCK DATA / NOT A SCIENTIFIC RESULT,displacement-report-draft-v1
non_speaking,4,left_cheek,right_eyelid,0–100 ms,3,100,22,2,,0.22,0.24,False,True,MOCK DATA / NOT A SCIENTIFIC RESULT,displacement-report-draft-v1
non_speaking,4,left_cheek,right_eyelid,100–250 ms,4,100,27,2,,0.27,0.29,False,True,MOCK DATA / NOT A SCIENTIFIC RESULT,displacement-report-draft-v1
non_speaking,4,left_cheek,right_eyelid,250–500 ms,8,100,46,2,,0.46,0.48,False,True,MOCK DATA / NOT A SCIENTIFIC RESULT,displacement-report-draft-v1
non_speaking,4,left_eyelid,jaw,0–100 ms,3,100,26,2,,0.26,0.28,False,True,MOCK DATA / NOT A SCIENTIFIC RESULT,displacement-report-draft-v1
non_speaking,4,left_eyelid,jaw,100–250 ms,4,100,25,2,,0.25,0.27,False,True,MOCK DATA / NOT A SCIENTIFIC RESULT,displacement-report-draft-v1
non_speaking,4,left_eyelid,jaw,250–500 ms,8,100,53,2,,0.53,0.55,False,True,MOCK DATA / NOT A SCIENTIFIC RESULT,displacement-report-draft-v1
non_speaking,4,left_eyelid,left_brow,0–100 ms,3,100,19,2,,0.19,0.21,False,True,MOCK DATA / NOT A SCIENTIFIC RESULT,displacement-report-draft-v1
non_speaking,4,left_eyelid,left_brow,100–250 ms,4,100,35,2,,0.35,0.37,False,True,MOCK DATA / NOT A SCIENTIFIC RESULT,displacement-report-draft-v1
non_speaking,4,left_eyelid,left_brow,250–500 ms,8,100,48,2,,0.48,0.5,False,True,MOCK DATA / NOT A SCIENTIFIC RESULT,displacement-report-draft-v1
non_speaking,4,left_eyelid,left_cheek,0–100 ms,3,100,23,2,,0.23,0.25,False,True,MOCK DATA / NOT A SCIENTIFIC RESULT,displacement-report-draft-v1
non_speaking,4,left_eyelid,left_cheek,100–250 ms,4,100,24,2,,0.24,0.26,False,True,MOCK DATA / NOT A SCIENTIFIC RESULT,displacement-report-draft-v1
non_speaking,4,left_eyelid,left_cheek,250–500 ms,8,100,54,2,,0.54,0.56,False,True,MOCK DATA / NOT A SCIENTIFIC RESULT,displacement-report-draft-v1
non_speaking,4,left_eyelid,mouth,0–100 ms,3,100,23,2,,0.23,0.25,False,True,MOCK DATA / NOT A SCIENTIFIC RESULT,displacement-report-draft-v1
non_speaking,4,left_eyelid,mouth,100–250 ms,4,100,29,2,,0.29,0.31,False,True,MOCK DATA / NOT A SCIENTIFIC RESULT,displacement-report-draft-v1
non_speaking,4,left_eyelid,mouth,250–500 ms,8,100,53,2,,0.53,0.55,False,True,MOCK DATA / NOT A SCIENTIFIC RESULT,displacement-report-draft-v1
non_speaking,4,left_eyelid,right_brow,0–100 ms,3,100,19,2,,0.19,0.21,False,True,MOCK DATA / NOT A SCIENTIFIC RESULT,displacement-report-draft-v1
non_speaking,4,left_eyelid,right_brow,100–250 ms,4,100,23,2,,0.23,0.25,False,True,MOCK DATA / NOT A SCIENTIFIC RESULT,displacement-report-draft-v1
non_speaking,4,left_eyelid,right_brow,250–500 ms,8,100,52,2,,0.52,0.54,False,True,MOCK DATA / NOT A SCIENTIFIC RESULT,displacement-report-draft-v1
non_speaking,4,left_eyelid,right_cheek,0–100 ms,3,0,0,0,,,,False,True,MOCK DATA / NOT A SCIENTIFIC RESULT,displacement-report-draft-v1
non_speaking,4,left_eyelid,right_cheek,100–250 ms,4,0,0,0,,,,False,True,MOCK DATA / NOT A SCIENTIFIC RESULT,displacement-report-draft-v1
non_speaking,4,left_eyelid,right_cheek,250–500 ms,8,0,0,0,,,,False,True,MOCK DATA / NOT A SCIENTIFIC RESULT,displacement-report-draft-v1
non_speaking,4,left_eyelid,right_eyelid,0–100 ms,3,100,20,2,,0.2,0.22,False,True,MOCK DATA / NOT A SCIENTIFIC RESULT,displacement-report-draft-v1
non_speaking,4,left_eyelid,right_eyelid,100–250 ms,4,100,79,2,,0.79,0.81,True,True,MOCK DATA / NOT A SCIENTIFIC RESULT,displacement-report-draft-v1
non_speaking,4,left_eyelid,right_eyelid,250–500 ms,8,100,86,2,,0.86,0.88,True,True,MOCK DATA / NOT A SCIENTIFIC RESULT,displacement-report-draft-v1
non_speaking,4,mouth,jaw,0–100 ms,3,100,26,2,,0.26,0.28,False,True,MOCK DATA / NOT A SCIENTIFIC RESULT,displacement-report-draft-v1
non_speaking,4,mouth,jaw,100–250 ms,4,100,96,2,,0.96,0.98,True,True,MOCK DATA / NOT A SCIENTIFIC RESULT,displacement-report-draft-v1
non_speaking,4,mouth,jaw,250–500 ms,8,100,53,2,,0.53,0.55,False,True,MOCK DATA / NOT A SCIENTIFIC RESULT,displacement-report-draft-v1
non_speaking,4,mouth,left_brow,0–100 ms,3,100,22,2,,0.22,0.24,False,True,MOCK DATA / NOT A SCIENTIFIC RESULT,displacement-report-draft-v1
non_speaking,4,mouth,left_brow,100–250 ms,4,100,27,2,,0.27,0.29,False,True,MOCK DATA / NOT A SCIENTIFIC RESULT,displacement-report-draft-v1
non_speaking,4,mouth,left_brow,250–500 ms,8,100,57,2,,0.57,0.59,False,True,MOCK DATA / NOT A SCIENTIFIC RESULT,displacement-report-draft-v1
non_speaking,4,mouth,left_cheek,0–100 ms,3,100,24,2,,0.24,0.26,False,True,MOCK DATA / NOT A SCIENTIFIC RESULT,displacement-report-draft-v1
non_speaking,4,mouth,left_cheek,100–250 ms,4,100,27,2,,0.27,0.29,False,True,MOCK DATA / NOT A SCIENTIFIC RESULT,displacement-report-draft-v1
non_speaking,4,mouth,left_cheek,250–500 ms,8,100,46,2,,0.46,0.48,False,True,MOCK DATA / NOT A SCIENTIFIC RESULT,displacement-report-draft-v1
non_speaking,4,mouth,left_eyelid,0–100 ms,3,100,19,2,,0.19,0.21,False,True,MOCK DATA / NOT A SCIENTIFIC RESULT,displacement-report-draft-v1
non_speaking,4,mouth,left_eyelid,100–250 ms,4,100,25,2,,0.25,0.27,False,True,MOCK DATA / NOT A SCIENTIFIC RESULT,displacement-report-draft-v1
non_speaking,4,mouth,left_eyelid,250–500 ms,8,100,44,2,,0.44,0.46,False,True,MOCK DATA / NOT A SCIENTIFIC RESULT,displacement-report-draft-v1
non_speaking,4,mouth,right_brow,0–100 ms,3,100,25,2,,0.25,0.27,False,True,MOCK DATA / NOT A SCIENTIFIC RESULT,displacement-report-draft-v1
non_speaking,4,mouth,right_brow,100–250 ms,4,100,17,2,,0.17,0.19,False,True,MOCK DATA / NOT A SCIENTIFIC RESULT,displacement-report-draft-v1
non_speaking,4,mouth,right_brow,250–500 ms,8,100,63,2,,0.63,0.65,True,True,MOCK DATA / NOT A SCIENTIFIC RESULT,displacement-report-draft-v1
non_speaking,4,mouth,right_cheek,0–100 ms,3,0,0,0,,,,False,True,MOCK DATA / NOT A SCIENTIFIC RESULT,displacement-report-draft-v1
non_speaking,4,mouth,right_cheek,100–250 ms,4,0,0,0,,,,False,True,MOCK DATA / NOT A SCIENTIFIC RESULT,displacement-report-draft-v1
non_speaking,4,mouth,right_cheek,250–500 ms,8,0,0,0,,,,False,True,MOCK DATA / NOT A SCIENTIFIC RESULT,displacement-report-draft-v1
non_speaking,4,mouth,right_eyelid,0–100 ms,3,100,34,2,,0.34,0.36,False,True,MOCK DATA / NOT A SCIENTIFIC RESULT,displacement-report-draft-v1
non_speaking,4,mouth,right_eyelid,100–250 ms,4,100,28,2,,0.28,0.3,False,True,MOCK DATA / NOT A SCIENTIFIC RESULT,displacement-report-draft-v1
non_speaking,4,mouth,right_eyelid,250–500 ms,8,100,42,2,,0.42,0.44,False,True,MOCK DATA / NOT A SCIENTIFIC RESULT,displacement-report-draft-v1
non_speaking,4,right_brow,jaw,0–100 ms,3,100,21,2,,0.21,0.23,False,True,MOCK DATA / NOT A SCIENTIFIC RESULT,displacement-report-draft-v1
non_speaking,4,right_brow,jaw,100–250 ms,4,100,28,2,,0.28,0.3,False,True,MOCK DATA / NOT A SCIENTIFIC RESULT,displacement-report-draft-v1
non_speaking,4,right_brow,jaw,250–500 ms,8,100,38,2,,0.38,0.4,False,True,MOCK DATA / NOT A SCIENTIFIC RESULT,displacement-report-draft-v1
non_speaking,4,right_brow,left_brow,0–100 ms,3,100,20,2,,0.2,0.22,False,True,MOCK DATA / NOT A SCIENTIFIC RESULT,displacement-report-draft-v1
non_speaking,4,right_brow,left_brow,100–250 ms,4,100,28,2,,0.28,0.3,False,True,MOCK DATA / NOT A SCIENTIFIC RESULT,displacement-report-draft-v1
non_speaking,4,right_brow,left_brow,250–500 ms,8,100,44,2,,0.44,0.46,False,True,MOCK DATA / NOT A SCIENTIFIC RESULT,displacement-report-draft-v1
non_speaking,4,right_brow,left_cheek,0–100 ms,3,100,40,2,,0.4,0.42,True,True,MOCK DATA / NOT A SCIENTIFIC RESULT,displacement-report-draft-v1
non_speaking,4,right_brow,left_cheek,100–250 ms,4,100,25,2,,0.25,0.27,False,True,MOCK DATA / NOT A SCIENTIFIC RESULT,displacement-report-draft-v1
non_speaking,4,right_brow,left_cheek,250–500 ms,8,100,40,2,,0.4,0.42,False,True,MOCK DATA / NOT A SCIENTIFIC RESULT,displacement-report-draft-v1
non_speaking,4,right_brow,left_eyelid,0–100 ms,3,100,21,2,,0.21,0.23,False,True,MOCK DATA / NOT A SCIENTIFIC RESULT,displacement-report-draft-v1
non_speaking,4,right_brow,left_eyelid,100–250 ms,4,100,92,2,,0.92,0.94,True,True,MOCK DATA / NOT A SCIENTIFIC RESULT,displacement-report-draft-v1
non_speaking,4,right_brow,left_eyelid,250–500 ms,8,100,58,2,,0.58,0.6,False,True,MOCK DATA / NOT A SCIENTIFIC RESULT,displacement-report-draft-v1
non_speaking,4,right_brow,mouth,0–100 ms,3,100,18,2,,0.18,0.2,False,True,MOCK DATA / NOT A SCIENTIFIC RESULT,displacement-report-draft-v1
non_speaking,4,right_brow,mouth,100–250 ms,4,100,29,2,,0.29,0.31,False,True,MOCK DATA / NOT A SCIENTIFIC RESULT,displacement-report-draft-v1
non_speaking,4,right_brow,mouth,250–500 ms,8,100,39,2,,0.39,0.41,False,True,MOCK DATA / NOT A SCIENTIFIC RESULT,displacement-report-draft-v1
non_speaking,4,right_brow,right_cheek,0–100 ms,3,0,0,0,,,,False,True,MOCK DATA / NOT A SCIENTIFIC RESULT,displacement-report-draft-v1
non_speaking,4,right_brow,right_cheek,100–250 ms,4,0,0,0,,,,False,True,MOCK DATA / NOT A SCIENTIFIC RESULT,displacement-report-draft-v1
non_speaking,4,right_brow,right_cheek,250–500 ms,8,0,0,0,,,,False,True,MOCK DATA / NOT A SCIENTIFIC RESULT,displacement-report-draft-v1
non_speaking,4,right_brow,right_eyelid,0–100 ms,3,100,17,2,,0.17,0.19,False,True,MOCK DATA / NOT A SCIENTIFIC RESULT,displacement-report-draft-v1
non_speaking,4,right_brow,right_eyelid,100–250 ms,4,100,24,2,,0.24,0.26,False,True,MOCK DATA / NOT A SCIENTIFIC RESULT,displacement-report-draft-v1
non_speaking,4,right_brow,right_eyelid,250–500 ms,8,100,55,2,,0.55,0.57,False,True,MOCK DATA / NOT A SCIENTIFIC RESULT,displacement-report-draft-v1
non_speaking,4,right_cheek,jaw,0–100 ms,3,0,0,0,,,,False,True,MOCK DATA / NOT A SCIENTIFIC RESULT,displacement-report-draft-v1
non_speaking,4,right_cheek,jaw,100–250 ms,4,0,0,0,,,,False,True,MOCK DATA / NOT A SCIENTIFIC RESULT,displacement-report-draft-v1
non_speaking,4,right_cheek,jaw,250–500 ms,8,0,0,0,,,,False,True,MOCK DATA / NOT A SCIENTIFIC RESULT,displacement-report-draft-v1
non_speaking,4,right_cheek,left_brow,0–100 ms,3,0,0,0,,,,False,True,MOCK DATA / NOT A SCIENTIFIC RESULT,displacement-report-draft-v1
non_speaking,4,right_cheek,left_brow,100–250 ms,4,0,0,0,,,,False,True,MOCK DATA / NOT A SCIENTIFIC RESULT,displacement-report-draft-v1
non_speaking,4,right_cheek,left_brow,250–500 ms,8,0,0,0,,,,False,True,MOCK DATA / NOT A SCIENTIFIC RESULT,displacement-report-draft-v1
non_speaking,4,right_cheek,left_cheek,0–100 ms,3,0,0,0,,,,False,True,MOCK DATA / NOT A SCIENTIFIC RESULT,displacement-report-draft-v1
non_speaking,4,right_cheek,left_cheek,100–250 ms,4,0,0,0,,,,False,True,MOCK DATA / NOT A SCIENTIFIC RESULT,displacement-report-draft-v1
non_speaking,4,right_cheek,left_cheek,250–500 ms,8,0,0,0,,,,False,True,MOCK DATA / NOT A SCIENTIFIC RESULT,displacement-report-draft-v1
non_speaking,4,right_cheek,left_eyelid,0–100 ms,3,0,0,0,,,,False,True,MOCK DATA / NOT A SCIENTIFIC RESULT,displacement-report-draft-v1
non_speaking,4,right_cheek,left_eyelid,100–250 ms,4,0,0,0,,,,False,True,MOCK DATA / NOT A SCIENTIFIC RESULT,displacement-report-draft-v1
non_speaking,4,right_cheek,left_eyelid,250–500 ms,8,0,0,0,,,,False,True,MOCK DATA / NOT A SCIENTIFIC RESULT,displacement-report-draft-v1
non_speaking,4,right_cheek,mouth,0–100 ms,3,0,0,0,,,,False,True,MOCK DATA / NOT A SCIENTIFIC RESULT,displacement-report-draft-v1
non_speaking,4,right_cheek,mouth,100–250 ms,4,0,0,0,,,,False,True,MOCK DATA / NOT A SCIENTIFIC RESULT,displacement-report-draft-v1
non_speaking,4,right_cheek,mouth,250–500 ms,8,0,0,0,,,,False,True,MOCK DATA / NOT A SCIENTIFIC RESULT,displacement-report-draft-v1
non_speaking,4,right_cheek,right_brow,0–100 ms,3,0,0,0,,,,False,True,MOCK DATA / NOT A SCIENTIFIC RESULT,displacement-report-draft-v1
non_speaking,4,right_cheek,right_brow,100–250 ms,4,0,0,0,,,,False,True,MOCK DATA / NOT A SCIENTIFIC RESULT,displacement-report-draft-v1
non_speaking,4,right_cheek,right_brow,250–500 ms,8,0,0,0,,,,False,True,MOCK DATA / NOT A SCIENTIFIC RESULT,displacement-report-draft-v1
non_speaking,4,right_cheek,right_eyelid,0–100 ms,3,0,0,0,,,,False,True,MOCK DATA / NOT A SCIENTIFIC RESULT,displacement-report-draft-v1
non_speaking,4,right_cheek,right_eyelid,100–250 ms,4,0,0,0,,,,False,True,MOCK DATA / NOT A SCIENTIFIC RESULT,displacement-report-draft-v1
non_speaking,4,right_cheek,right_eyelid,250–500 ms,8,0,0,0,,,,False,True,MOCK DATA / NOT A SCIENTIFIC RESULT,displacement-report-draft-v1
non_speaking,4,right_eyelid,jaw,0–100 ms,3,100,20,2,,0.2,0.22,False,True,MOCK DATA / NOT A SCIENTIFIC RESULT,displacement-report-draft-v1
non_speaking,4,right_eyelid,jaw,100–250 ms,4,100,38,2,,0.38,0.4,False,True,MOCK DATA / NOT A SCIENTIFIC RESULT,displacement-report-draft-v1
non_speaking,4,right_eyelid,jaw,250–500 ms,8,100,43,2,,0.43,0.45,False,True,MOCK DATA / NOT A SCIENTIFIC RESULT,displacement-report-draft-v1
non_speaking,4,right_eyelid,left_brow,0–100 ms,3,100,25,2,,0.25,0.27,False,True,MOCK DATA / NOT A SCIENTIFIC RESULT,displacement-report-draft-v1
non_speaking,4,right_eyelid,left_brow,100–250 ms,4,100,29,2,,0.29,0.31,False,True,MOCK DATA / NOT A SCIENTIFIC RESULT,displacement-report-draft-v1
non_speaking,4,right_eyelid,left_brow,250–500 ms,8,100,45,2,,0.45,0.47,False,True,MOCK DATA / NOT A SCIENTIFIC RESULT,displacement-report-draft-v1
non_speaking,4,right_eyelid,left_cheek,0–100 ms,3,100,21,2,,0.21,0.23,False,True,MOCK DATA / NOT A SCIENTIFIC RESULT,displacement-report-draft-v1
non_speaking,4,right_eyelid,left_cheek,100–250 ms,4,100,90,2,,0.9,0.92,True,True,MOCK DATA / NOT A SCIENTIFIC RESULT,displacement-report-draft-v1
non_speaking,4,right_eyelid,left_cheek,250–500 ms,8,100,51,2,,0.51,0.53,False,True,MOCK DATA / NOT A SCIENTIFIC RESULT,displacement-report-draft-v1
non_speaking,4,right_eyelid,left_eyelid,0–100 ms,3,100,16,2,,0.16,0.18,False,True,MOCK DATA / NOT A SCIENTIFIC RESULT,displacement-report-draft-v1
non_speaking,4,right_eyelid,left_eyelid,100–250 ms,4,100,24,2,,0.24,0.26,False,True,MOCK DATA / NOT A SCIENTIFIC RESULT,displacement-report-draft-v1
non_speaking,4,right_eyelid,left_eyelid,250–500 ms,8,100,53,2,,0.53,0.55,False,True,MOCK DATA / NOT A SCIENTIFIC RESULT,displacement-report-draft-v1
non_speaking,4,right_eyelid,mouth,0–100 ms,3,100,50,2,,0.5,0.52,True,True,MOCK DATA / NOT A SCIENTIFIC RESULT,displacement-report-draft-v1
non_speaking,4,right_eyelid,mouth,100–250 ms,4,100,24,2,,0.24,0.26,False,True,MOCK DATA / NOT A SCIENTIFIC RESULT,displacement-report-draft-v1
non_speaking,4,right_eyelid,mouth,250–500 ms,8,100,56,2,,0.56,0.58,False,True,MOCK DATA / NOT A SCIENTIFIC RESULT,displacement-report-draft-v1
non_speaking,4,right_eyelid,right_brow,0–100 ms,3,100,19,2,,0.19,0.21,False,True,MOCK DATA / NOT A SCIENTIFIC RESULT,displacement-report-draft-v1
non_speaking,4,right_eyelid,right_brow,100–250 ms,4,100,33,2,,0.33,0.35,False,True,MOCK DATA / NOT A SCIENTIFIC RESULT,displacement-report-draft-v1
non_speaking,4,right_eyelid,right_brow,250–500 ms,8,100,49,2,,0.49,0.51,False,True,MOCK DATA / NOT A SCIENTIFIC RESULT,displacement-report-draft-v1
non_speaking,4,right_eyelid,right_cheek,0–100 ms,3,0,0,0,,,,False,True,MOCK DATA / NOT A SCIENTIFIC RESULT,displacement-report-draft-v1
non_speaking,4,right_eyelid,right_cheek,100–250 ms,4,0,0,0,,,,False,True,MOCK DATA / NOT A SCIENTIFIC RESULT,displacement-report-draft-v1
non_speaking,4,right_eyelid,right_cheek,250–500 ms,8,0,0,0,,,,False,True,MOCK DATA / NOT A SCIENTIFIC RESULT,displacement-report-draft-v1
speaking,0,jaw,left_brow,0–100 ms,3,100,30,0,0.3,0.3,0.3,False,True,MOCK DATA / NOT A SCIENTIFIC RESULT,displacement-report-draft-v1
speaking,0,jaw,left_brow,100–250 ms,4,100,92,0,0.92,0.92,0.92,True,True,MOCK DATA / NOT A SCIENTIFIC RESULT,displacement-report-draft-v1
speaking,0,jaw,left_brow,250–500 ms,8,100,45,0,0.45,0.45,0.45,False,True,MOCK DATA / NOT A SCIENTIFIC RESULT,displacement-report-draft-v1
speaking,0,jaw,left_cheek,0–100 ms,3,100,21,0,0.21,0.21,0.21,False,True,MOCK DATA / NOT A SCIENTIFIC RESULT,displacement-report-draft-v1
speaking,0,jaw,left_cheek,100–250 ms,4,100,28,0,0.28,0.28,0.28,False,True,MOCK DATA / NOT A SCIENTIFIC RESULT,displacement-report-draft-v1
speaking,0,jaw,left_cheek,250–500 ms,8,100,52,0,0.52,0.52,0.52,False,True,MOCK DATA / NOT A SCIENTIFIC RESULT,displacement-report-draft-v1
speaking,0,jaw,left_eyelid,0–100 ms,3,100,49,0,0.49,0.49,0.49,True,True,MOCK DATA / NOT A SCIENTIFIC RESULT,displacement-report-draft-v1
speaking,0,jaw,left_eyelid,100–250 ms,4,100,33,0,0.33,0.33,0.33,False,True,MOCK DATA / NOT A SCIENTIFIC RESULT,displacement-report-draft-v1
speaking,0,jaw,left_eyelid,250–500 ms,8,100,49,0,0.49,0.49,0.49,False,True,MOCK DATA / NOT A SCIENTIFIC RESULT,displacement-report-draft-v1
speaking,0,jaw,mouth,0–100 ms,3,100,28,0,0.28,0.28,0.28,False,True,MOCK DATA / NOT A SCIENTIFIC RESULT,displacement-report-draft-v1
speaking,0,jaw,mouth,100–250 ms,4,100,23,0,0.23,0.23,0.23,False,True,MOCK DATA / NOT A SCIENTIFIC RESULT,displacement-report-draft-v1
speaking,0,jaw,mouth,250–500 ms,8,100,49,0,0.49,0.49,0.49,False,True,MOCK DATA / NOT A SCIENTIFIC RESULT,displacement-report-draft-v1
speaking,0,jaw,right_brow,0–100 ms,3,100,24,0,0.24,0.24,0.24,False,True,MOCK DATA / NOT A SCIENTIFIC RESULT,displacement-report-draft-v1
speaking,0,jaw,right_brow,100–250 ms,4,100,28,0,0.28,0.28,0.28,False,True,MOCK DATA / NOT A SCIENTIFIC RESULT,displacement-report-draft-v1
speaking,0,jaw,right_brow,250–500 ms,8,100,48,0,0.48,0.48,0.48,False,True,MOCK DATA / NOT A SCIENTIFIC RESULT,displacement-report-draft-v1
speaking,0,jaw,right_cheek,0–100 ms,3,100,18,0,0.18,0.18,0.18,False,True,MOCK DATA / NOT A SCIENTIFIC RESULT,displacement-report-draft-v1
speaking,0,jaw,right_cheek,100–250 ms,4,100,34,0,0.34,0.34,0.34,False,True,MOCK DATA / NOT A SCIENTIFIC RESULT,displacement-report-draft-v1
speaking,0,jaw,right_cheek,250–500 ms,8,100,50,0,0.5,0.5,0.5,False,True,MOCK DATA / NOT A SCIENTIFIC RESULT,displacement-report-draft-v1
speaking,0,jaw,right_eyelid,0–100 ms,3,100,17,0,0.17,0.17,0.17,False,True,MOCK DATA / NOT A SCIENTIFIC RESULT,displacement-report-draft-v1
speaking,0,jaw,right_eyelid,100–250 ms,4,100,26,0,0.26,0.26,0.26,False,True,MOCK DATA / NOT A SCIENTIFIC RESULT,displacement-report-draft-v1
speaking,0,jaw,right_eyelid,250–500 ms,8,100,47,0,0.47,0.47,0.47,False,True,MOCK DATA / NOT A SCIENTIFIC RESULT,displacement-report-draft-v1
speaking,0,left_brow,jaw,0–100 ms,3,100,23,0,0.23,0.23,0.23,False,True,MOCK DATA / NOT A SCIENTIFIC RESULT,displacement-report-draft-v1
speaking,0,left_brow,jaw,100–250 ms,4,100,29,0,0.29,0.29,0.29,False,True,MOCK DATA / NOT A SCIENTIFIC RESULT,displacement-report-draft-v1
speaking,0,left_brow,jaw,250–500 ms,8,100,46,0,0.46,0.46,0.46,False,True,MOCK DATA / NOT A SCIENTIFIC RESULT,displacement-report-draft-v1
speaking,0,left_brow,left_cheek,0–100 ms,3,100,18,0,0.18,0.18,0.18,False,True,MOCK DATA / NOT A SCIENTIFIC RESULT,displacement-report-draft-v1
speaking,0,left_brow,left_cheek,100–250 ms,4,100,26,0,0.26,0.26,0.26,False,True,MOCK DATA / NOT A SCIENTIFIC RESULT,displacement-report-draft-v1
speaking,0,left_brow,left_cheek,250–500 ms,8,100,43,0,0.43,0.43,0.43,False,True,MOCK DATA / NOT A SCIENTIFIC RESULT,displacement-report-draft-v1
speaking,0,left_brow,left_eyelid,0–100 ms,3,100,24,0,0.24,0.24,0.24,False,True,MOCK DATA / NOT A SCIENTIFIC RESULT,displacement-report-draft-v1
speaking,0,left_brow,left_eyelid,100–250 ms,4,100,30,0,0.3,0.3,0.3,False,True,MOCK DATA / NOT A SCIENTIFIC RESULT,displacement-report-draft-v1
speaking,0,left_brow,left_eyelid,250–500 ms,8,100,50,0,0.5,0.5,0.5,False,True,MOCK DATA / NOT A SCIENTIFIC RESULT,displacement-report-draft-v1
speaking,0,left_brow,mouth,0–100 ms,3,100,23,0,0.23,0.23,0.23,False,True,MOCK DATA / NOT A SCIENTIFIC RESULT,displacement-report-draft-v1
speaking,0,left_brow,mouth,100–250 ms,4,100,32,0,0.32,0.32,0.32,False,True,MOCK DATA / NOT A SCIENTIFIC RESULT,displacement-report-draft-v1
speaking,0,left_brow,mouth,250–500 ms,8,100,48,0,0.48,0.48,0.48,False,True,MOCK DATA / NOT A SCIENTIFIC RESULT,displacement-report-draft-v1
speaking,0,left_brow,right_brow,0–100 ms,3,100,19,0,0.19,0.19,0.19,False,True,MOCK DATA / NOT A SCIENTIFIC RESULT,displacement-report-draft-v1
speaking,0,left_brow,right_brow,100–250 ms,4,100,93,0,0.93,0.93,0.93,True,True,MOCK DATA / NOT A SCIENTIFIC RESULT,displacement-report-draft-v1
speaking,0,left_brow,right_brow,250–500 ms,8,100,47,0,0.47,0.47,0.47,False,True,MOCK DATA / NOT A SCIENTIFIC RESULT,displacement-report-draft-v1
speaking,0,left_brow,right_cheek,0–100 ms,3,100,22,0,0.22,0.22,0.22,False,True,MOCK DATA / NOT A SCIENTIFIC RESULT,displacement-report-draft-v1
speaking,0,left_brow,right_cheek,100–250 ms,4,100,22,0,0.22,0.22,0.22,False,True,MOCK DATA / NOT A SCIENTIFIC RESULT,displacement-report-draft-v1
speaking,0,left_brow,right_cheek,250–500 ms,8,100,51,0,0.51,0.51,0.51,False,True,MOCK DATA / NOT A SCIENTIFIC RESULT,displacement-report-draft-v1
speaking,0,left_brow,right_eyelid,0–100 ms,3,100,20,0,0.2,0.2,0.2,False,True,MOCK DATA / NOT A SCIENTIFIC RESULT,displacement-report-draft-v1
speaking,0,left_brow,right_eyelid,100–250 ms,4,100,32,0,0.32,0.32,0.32,False,True,MOCK DATA / NOT A SCIENTIFIC RESULT,displacement-report-draft-v1
speaking,0,left_brow,right_eyelid,250–500 ms,8,100,57,0,0.57,0.57,0.57,True,True,MOCK DATA / NOT A SCIENTIFIC RESULT,displacement-report-draft-v1
speaking,0,left_cheek,jaw,0–100 ms,3,100,23,0,0.23,0.23,0.23,False,True,MOCK DATA / NOT A SCIENTIFIC RESULT,displacement-report-draft-v1
speaking,0,left_cheek,jaw,100–250 ms,4,100,27,0,0.27,0.27,0.27,False,True,MOCK DATA / NOT A SCIENTIFIC RESULT,displacement-report-draft-v1
speaking,0,left_cheek,jaw,250–500 ms,8,100,68,0,0.68,0.68,0.68,True,True,MOCK DATA / NOT A SCIENTIFIC RESULT,displacement-report-draft-v1
speaking,0,left_cheek,left_brow,0–100 ms,3,100,20,0,0.2,0.2,0.2,False,True,MOCK DATA / NOT A SCIENTIFIC RESULT,displacement-report-draft-v1
speaking,0,left_cheek,left_brow,100–250 ms,4,100,26,0,0.26,0.26,0.26,False,True,MOCK DATA / NOT A SCIENTIFIC RESULT,displacement-report-draft-v1
speaking,0,left_cheek,left_brow,250–500 ms,8,100,58,0,0.58,0.58,0.58,False,True,MOCK DATA / NOT A SCIENTIFIC RESULT,displacement-report-draft-v1
speaking,0,left_cheek,left_eyelid,0–100 ms,3,100,23,0,0.23,0.23,0.23,False,True,MOCK DATA / NOT A SCIENTIFIC RESULT,displacement-report-draft-v1
speaking,0,left_cheek,left_eyelid,100–250 ms,4,100,31,0,0.31,0.31,0.31,False,True,MOCK DATA / NOT A SCIENTIFIC RESULT,displacement-report-draft-v1
speaking,0,left_cheek,left_eyelid,250–500 ms,8,100,48,0,0.48,0.48,0.48,False,True,MOCK DATA / NOT A SCIENTIFIC RESULT,displacement-report-draft-v1
speaking,0,left_cheek,mouth,0–100 ms,3,100,20,0,0.2,0.2,0.2,False,True,MOCK DATA / NOT A SCIENTIFIC RESULT,displacement-report-draft-v1
speaking,0,left_cheek,mouth,100–250 ms,4,100,30,0,0.3,0.3,0.3,False,True,MOCK DATA / NOT A SCIENTIFIC RESULT,displacement-report-draft-v1
speaking,0,left_cheek,mouth,250–500 ms,8,100,43,0,0.43,0.43,0.43,False,True,MOCK DATA / NOT A SCIENTIFIC RESULT,displacement-report-draft-v1
speaking,0,left_cheek,right_brow,0–100 ms,3,100,20,0,0.2,0.2,0.2,False,True,MOCK DATA / NOT A SCIENTIFIC RESULT,displacement-report-draft-v1
speaking,0,left_cheek,right_brow,100–250 ms,4,100,28,0,0.28,0.28,0.28,False,True,MOCK DATA / NOT A SCIENTIFIC RESULT,displacement-report-draft-v1
speaking,0,left_cheek,right_brow,250–500 ms,8,100,46,0,0.46,0.46,0.46,False,True,MOCK DATA / NOT A SCIENTIFIC RESULT,displacement-report-draft-v1
speaking,0,left_cheek,right_cheek,0–100 ms,3,100,17,0,0.17,0.17,0.17,False,True,MOCK DATA / NOT A SCIENTIFIC RESULT,displacement-report-draft-v1
speaking,0,left_cheek,right_cheek,100–250 ms,4,100,93,0,0.93,0.93,0.93,True,True,MOCK DATA / NOT A SCIENTIFIC RESULT,displacement-report-draft-v1
speaking,0,left_cheek,right_cheek,250–500 ms,8,100,43,0,0.43,0.43,0.43,False,True,MOCK DATA / NOT A SCIENTIFIC RESULT,displacement-report-draft-v1
speaking,0,left_cheek,right_eyelid,0–100 ms,3,100,20,0,0.2,0.2,0.2,False,True,MOCK DATA / NOT A SCIENTIFIC RESULT,displacement-report-draft-v1
speaking,0,left_cheek,right_eyelid,100–250 ms,4,100,34,0,0.34,0.34,0.34,False,True,MOCK DATA / NOT A SCIENTIFIC RESULT,displacement-report-draft-v1
speaking,0,left_cheek,right_eyelid,250–500 ms,8,100,49,0,0.49,0.49,0.49,False,True,MOCK DATA / NOT A SCIENTIFIC RESULT,displacement-report-draft-v1
speaking,0,left_eyelid,jaw,0–100 ms,3,100,27,0,0.27,0.27,0.27,False,True,MOCK DATA / NOT A SCIENTIFIC RESULT,displacement-report-draft-v1
speaking,0,left_eyelid,jaw,100–250 ms,4,100,38,0,0.38,0.38,0.38,False,True,MOCK DATA / NOT A SCIENTIFIC RESULT,displacement-report-draft-v1
speaking,0,left_eyelid,jaw,250–500 ms,8,100,48,0,0.48,0.48,0.48,False,True,MOCK DATA / NOT A SCIENTIFIC RESULT,displacement-report-draft-v1
speaking,0,left_eyelid,left_brow,0–100 ms,3,100,28,0,0.28,0.28,0.28,False,True,MOCK DATA / NOT A SCIENTIFIC RESULT,displacement-report-draft-v1
speaking,0,left_eyelid,left_brow,100–250 ms,4,100,32,0,0.32,0.32,0.32,False,True,MOCK DATA / NOT A SCIENTIFIC RESULT,displacement-report-draft-v1
speaking,0,left_eyelid,left_brow,250–500 ms,8,100,43,0,0.43,0.43,0.43,False,True,MOCK DATA / NOT A SCIENTIFIC RESULT,displacement-report-draft-v1
speaking,0,left_eyelid,left_cheek,0–100 ms,3,100,32,0,0.32,0.32,0.32,False,True,MOCK DATA / NOT A SCIENTIFIC RESULT,displacement-report-draft-v1
speaking,0,left_eyelid,left_cheek,100–250 ms,4,100,29,0,0.29,0.29,0.29,False,True,MOCK DATA / NOT A SCIENTIFIC RESULT,displacement-report-draft-v1
speaking,0,left_eyelid,left_cheek,250–500 ms,8,100,41,0,0.41,0.41,0.41,False,True,MOCK DATA / NOT A SCIENTIFIC RESULT,displacement-report-draft-v1
speaking,0,left_eyelid,mouth,0–100 ms,3,100,20,0,0.2,0.2,0.2,False,True,MOCK DATA / NOT A SCIENTIFIC RESULT,displacement-report-draft-v1
speaking,0,left_eyelid,mouth,100–250 ms,4,100,29,0,0.29,0.29,0.29,False,True,MOCK DATA / NOT A SCIENTIFIC RESULT,displacement-report-draft-v1
speaking,0,left_eyelid,mouth,250–500 ms,8,100,47,0,0.47,0.47,0.47,False,True,MOCK DATA / NOT A SCIENTIFIC RESULT,displacement-report-draft-v1
speaking,0,left_eyelid,right_brow,0–100 ms,3,100,23,0,0.23,0.23,0.23,False,True,MOCK DATA / NOT A SCIENTIFIC RESULT,displacement-report-draft-v1
speaking,0,left_eyelid,right_brow,100–250 ms,4,100,25,0,0.25,0.25,0.25,False,True,MOCK DATA / NOT A SCIENTIFIC RESULT,displacement-report-draft-v1
speaking,0,left_eyelid,right_brow,250–500 ms,8,100,51,0,0.51,0.51,0.51,False,True,MOCK DATA / NOT A SCIENTIFIC RESULT,displacement-report-draft-v1
speaking,0,left_eyelid,right_cheek,0–100 ms,3,100,24,0,0.24,0.24,0.24,False,True,MOCK DATA / NOT A SCIENTIFIC RESULT,displacement-report-draft-v1
speaking,0,left_eyelid,right_cheek,100–250 ms,4,100,34,0,0.34,0.34,0.34,False,True,MOCK DATA / NOT A SCIENTIFIC RESULT,displacement-report-draft-v1
speaking,0,left_eyelid,right_cheek,250–500 ms,8,100,66,0,0.66,0.66,0.66,True,True,MOCK DATA / NOT A SCIENTIFIC RESULT,displacement-report-draft-v1
speaking,0,left_eyelid,right_eyelid,0–100 ms,3,100,29,0,0.29,0.29,0.29,False,True,MOCK DATA / NOT A SCIENTIFIC RESULT,displacement-report-draft-v1
speaking,0,left_eyelid,right_eyelid,100–250 ms,4,100,75,0,0.75,0.75,0.75,True,True,MOCK DATA / NOT A SCIENTIFIC RESULT,displacement-report-draft-v1
speaking,0,left_eyelid,right_eyelid,250–500 ms,8,100,84,0,0.84,0.84,0.84,True,True,MOCK DATA / NOT A SCIENTIFIC RESULT,displacement-report-draft-v1
speaking,0,mouth,jaw,0–100 ms,3,100,21,0,0.21,0.21,0.21,False,True,MOCK DATA / NOT A SCIENTIFIC RESULT,displacement-report-draft-v1
speaking,0,mouth,jaw,100–250 ms,4,100,93,0,0.93,0.93,0.93,True,True,MOCK DATA / NOT A SCIENTIFIC RESULT,displacement-report-draft-v1
speaking,0,mouth,jaw,250–500 ms,8,100,46,0,0.46,0.46,0.46,False,True,MOCK DATA / NOT A SCIENTIFIC RESULT,displacement-report-draft-v1
speaking,0,mouth,left_brow,0–100 ms,3,100,24,0,0.24,0.24,0.24,False,True,MOCK DATA / NOT A SCIENTIFIC RESULT,displacement-report-draft-v1
speaking,0,mouth,left_brow,100–250 ms,4,100,29,0,0.29,0.29,0.29,False,True,MOCK DATA / NOT A SCIENTIFIC RESULT,displacement-report-draft-v1
speaking,0,mouth,left_brow,250–500 ms,8,100,51,0,0.51,0.51,0.51,False,True,MOCK DATA / NOT A SCIENTIFIC RESULT,displacement-report-draft-v1
speaking,0,mouth,left_cheek,0–100 ms,3,100,21,0,0.21,0.21,0.21,False,True,MOCK DATA / NOT A SCIENTIFIC RESULT,displacement-report-draft-v1
speaking,0,mouth,left_cheek,100–250 ms,4,100,31,0,0.31,0.31,0.31,False,True,MOCK DATA / NOT A SCIENTIFIC RESULT,displacement-report-draft-v1
speaking,0,mouth,left_cheek,250–500 ms,8,100,54,0,0.54,0.54,0.54,False,True,MOCK DATA / NOT A SCIENTIFIC RESULT,displacement-report-draft-v1
speaking,0,mouth,left_eyelid,0–100 ms,3,100,23,0,0.23,0.23,0.23,False,True,MOCK DATA / NOT A SCIENTIFIC RESULT,displacement-report-draft-v1
speaking,0,mouth,left_eyelid,100–250 ms,4,100,28,0,0.28,0.28,0.28,False,True,MOCK DATA / NOT A SCIENTIFIC RESULT,displacement-report-draft-v1
speaking,0,mouth,left_eyelid,250–500 ms,8,100,52,0,0.52,0.52,0.52,False,True,MOCK DATA / NOT A SCIENTIFIC RESULT,displacement-report-draft-v1
speaking,0,mouth,right_brow,0–100 ms,3,100,27,0,0.27,0.27,0.27,False,True,MOCK DATA / NOT A SCIENTIFIC RESULT,displacement-report-draft-v1
speaking,0,mouth,right_brow,100–250 ms,4,100,32,0,0.32,0.32,0.32,False,True,MOCK DATA / NOT A SCIENTIFIC RESULT,displacement-report-draft-v1
speaking,0,mouth,right_brow,250–500 ms,8,100,67,0,0.67,0.67,0.67,True,True,MOCK DATA / NOT A SCIENTIFIC RESULT,displacement-report-draft-v1
speaking,0,mouth,right_cheek,0–100 ms,3,100,16,0,0.16,0.16,0.16,False,True,MOCK DATA / NOT A SCIENTIFIC RESULT,displacement-report-draft-v1
speaking,0,mouth,right_cheek,100–250 ms,4,100,26,0,0.26,0.26,0.26,False,True,MOCK DATA / NOT A SCIENTIFIC RESULT,displacement-report-draft-v1
speaking,0,mouth,right_cheek,250–500 ms,8,100,43,0,0.43,0.43,0.43,False,True,MOCK DATA / NOT A SCIENTIFIC RESULT,displacement-report-draft-v1
speaking,0,mouth,right_eyelid,0–100 ms,3,100,27,0,0.27,0.27,0.27,False,True,MOCK DATA / NOT A SCIENTIFIC RESULT,displacement-report-draft-v1
speaking,0,mouth,right_eyelid,100–250 ms,4,100,34,0,0.34,0.34,0.34,False,True,MOCK DATA / NOT A SCIENTIFIC RESULT,displacement-report-draft-v1
speaking,0,mouth,right_eyelid,250–500 ms,8,100,45,0,0.45,0.45,0.45,False,True,MOCK DATA / NOT A SCIENTIFIC RESULT,displacement-report-draft-v1
speaking,0,right_brow,jaw,0–100 ms,3,100,21,0,0.21,0.21,0.21,False,True,MOCK DATA / NOT A SCIENTIFIC RESULT,displacement-report-draft-v1
speaking,0,right_brow,jaw,100–250 ms,4,100,33,0,0.33,0.33,0.33,False,True,MOCK DATA / NOT A SCIENTIFIC RESULT,displacement-report-draft-v1
speaking,0,right_brow,jaw,250–500 ms,8,100,51,0,0.51,0.51,0.51,False,True,MOCK DATA / NOT A SCIENTIFIC RESULT,displacement-report-draft-v1
speaking,0,right_brow,left_brow,0–100 ms,3,100,22,0,0.22,0.22,0.22,False,True,MOCK DATA / NOT A SCIENTIFIC RESULT,displacement-report-draft-v1
speaking,0,right_brow,left_brow,100–250 ms,4,100,27,0,0.27,0.27,0.27,False,True,MOCK DATA / NOT A SCIENTIFIC RESULT,displacement-report-draft-v1
speaking,0,right_brow,left_brow,250–500 ms,8,100,45,0,0.45,0.45,0.45,False,True,MOCK DATA / NOT A SCIENTIFIC RESULT,displacement-report-draft-v1
speaking,0,right_brow,left_cheek,0–100 ms,3,100,48,0,0.48,0.48,0.48,True,True,MOCK DATA / NOT A SCIENTIFIC RESULT,displacement-report-draft-v1
speaking,0,right_brow,left_cheek,100–250 ms,4,100,30,0,0.3,0.3,0.3,False,True,MOCK DATA / NOT A SCIENTIFIC RESULT,displacement-report-draft-v1
speaking,0,right_brow,left_cheek,250–500 ms,8,100,44,0,0.44,0.44,0.44,False,True,MOCK DATA / NOT A SCIENTIFIC RESULT,displacement-report-draft-v1
speaking,0,right_brow,left_eyelid,0–100 ms,3,100,21,0,0.21,0.21,0.21,False,True,MOCK DATA / NOT A SCIENTIFIC RESULT,displacement-report-draft-v1
speaking,0,right_brow,left_eyelid,100–250 ms,4,100,95,0,0.95,0.95,0.95,True,True,MOCK DATA / NOT A SCIENTIFIC RESULT,displacement-report-draft-v1
speaking,0,right_brow,left_eyelid,250–500 ms,8,100,44,0,0.44,0.44,0.44,False,True,MOCK DATA / NOT A SCIENTIFIC RESULT,displacement-report-draft-v1
speaking,0,right_brow,mouth,0–100 ms,3,100,22,0,0.22,0.22,0.22,False,True,MOCK DATA / NOT A SCIENTIFIC RESULT,displacement-report-draft-v1
speaking,0,right_brow,mouth,100–250 ms,4,100,29,0,0.29,0.29,0.29,False,True,MOCK DATA / NOT A SCIENTIFIC RESULT,displacement-report-draft-v1
speaking,0,right_brow,mouth,250–500 ms,8,100,46,0,0.46,0.46,0.46,False,True,MOCK DATA / NOT A SCIENTIFIC RESULT,displacement-report-draft-v1
speaking,0,right_brow,right_cheek,0–100 ms,3,100,16,0,0.16,0.16,0.16,False,True,MOCK DATA / NOT A SCIENTIFIC RESULT,displacement-report-draft-v1
speaking,0,right_brow,right_cheek,100–250 ms,4,100,30,0,0.3,0.3,0.3,False,True,MOCK DATA / NOT A SCIENTIFIC RESULT,displacement-report-draft-v1
speaking,0,right_brow,right_cheek,250–500 ms,8,100,44,0,0.44,0.44,0.44,False,True,MOCK DATA / NOT A SCIENTIFIC RESULT,displacement-report-draft-v1
speaking,0,right_brow,right_eyelid,0–100 ms,3,100,19,0,0.19,0.19,0.19,False,True,MOCK DATA / NOT A SCIENTIFIC RESULT,displacement-report-draft-v1
speaking,0,right_brow,right_eyelid,100–250 ms,4,100,34,0,0.34,0.34,0.34,False,True,MOCK DATA / NOT A SCIENTIFIC RESULT,displacement-report-draft-v1
speaking,0,right_brow,right_eyelid,250–500 ms,8,100,47,0,0.47,0.47,0.47,False,True,MOCK DATA / NOT A SCIENTIFIC RESULT,displacement-report-draft-v1
speaking,0,right_cheek,jaw,0–100 ms,3,100,23,0,0.23,0.23,0.23,False,True,MOCK DATA / NOT A SCIENTIFIC RESULT,displacement-report-draft-v1
speaking,0,right_cheek,jaw,100–250 ms,4,100,37,0,0.37,0.37,0.37,False,True,MOCK DATA / NOT A SCIENTIFIC RESULT,displacement-report-draft-v1
speaking,0,right_cheek,jaw,250–500 ms,8,100,48,0,0.48,0.48,0.48,False,True,MOCK DATA / NOT A SCIENTIFIC RESULT,displacement-report-draft-v1
speaking,0,right_cheek,left_brow,0–100 ms,3,100,52,0,0.52,0.52,0.52,True,True,MOCK DATA / NOT A SCIENTIFIC RESULT,displacement-report-draft-v1
speaking,0,right_cheek,left_brow,100–250 ms,4,100,28,0,0.28,0.28,0.28,False,True,MOCK DATA / NOT A SCIENTIFIC RESULT,displacement-report-draft-v1
speaking,0,right_cheek,left_brow,250–500 ms,8,100,51,0,0.51,0.51,0.51,False,True,MOCK DATA / NOT A SCIENTIFIC RESULT,displacement-report-draft-v1
speaking,0,right_cheek,left_cheek,0–100 ms,3,100,24,0,0.24,0.24,0.24,False,True,MOCK DATA / NOT A SCIENTIFIC RESULT,displacement-report-draft-v1
speaking,0,right_cheek,left_cheek,100–250 ms,4,100,34,0,0.34,0.34,0.34,False,True,MOCK DATA / NOT A SCIENTIFIC RESULT,displacement-report-draft-v1
speaking,0,right_cheek,left_cheek,250–500 ms,8,100,49,0,0.49,0.49,0.49,False,True,MOCK DATA / NOT A SCIENTIFIC RESULT,displacement-report-draft-v1
speaking,0,right_cheek,left_eyelid,0–100 ms,3,100,25,0,0.25,0.25,0.25,False,True,MOCK DATA / NOT A SCIENTIFIC RESULT,displacement-report-draft-v1
speaking,0,right_cheek,left_eyelid,100–250 ms,4,100,26,0,0.26,0.26,0.26,False,True,MOCK DATA / NOT A SCIENTIFIC RESULT,displacement-report-draft-v1
speaking,0,right_cheek,left_eyelid,250–500 ms,8,100,51,0,0.51,0.51,0.51,False,True,MOCK DATA / NOT A SCIENTIFIC RESULT,displacement-report-draft-v1
speaking,0,right_cheek,mouth,0–100 ms,3,100,23,0,0.23,0.23,0.23,False,True,MOCK DATA / NOT A SCIENTIFIC RESULT,displacement-report-draft-v1
speaking,0,right_cheek,mouth,100–250 ms,4,100,81,0,0.81,0.81,0.81,True,True,MOCK DATA / NOT A SCIENTIFIC RESULT,displacement-report-draft-v1
speaking,0,right_cheek,mouth,250–500 ms,8,100,83,0,0.83,0.83,0.83,True,True,MOCK DATA / NOT A SCIENTIFIC RESULT,displacement-report-draft-v1
speaking,0,right_cheek,right_brow,0–100 ms,3,100,22,0,0.22,0.22,0.22,False,True,MOCK DATA / NOT A SCIENTIFIC RESULT,displacement-report-draft-v1
speaking,0,right_cheek,right_brow,100–250 ms,4,100,35,0,0.35,0.35,0.35,False,True,MOCK DATA / NOT A SCIENTIFIC RESULT,displacement-report-draft-v1
speaking,0,right_cheek,right_brow,250–500 ms,8,100,49,0,0.49,0.49,0.49,False,True,MOCK DATA / NOT A SCIENTIFIC RESULT,displacement-report-draft-v1
speaking,0,right_cheek,right_eyelid,0–100 ms,3,100,27,0,0.27,0.27,0.27,False,True,MOCK DATA / NOT A SCIENTIFIC RESULT,displacement-report-draft-v1
speaking,0,right_cheek,right_eyelid,100–250 ms,4,100,32,0,0.32,0.32,0.32,False,True,MOCK DATA / NOT A SCIENTIFIC RESULT,displacement-report-draft-v1
speaking,0,right_cheek,right_eyelid,250–500 ms,8,100,55,0,0.55,0.55,0.55,False,True,MOCK DATA / NOT A SCIENTIFIC RESULT,displacement-report-draft-v1
speaking,0,right_eyelid,jaw,0–100 ms,3,100,23,0,0.23,0.23,0.23,False,True,MOCK DATA / NOT A SCIENTIFIC RESULT,displacement-report-draft-v1
speaking,0,right_eyelid,jaw,100–250 ms,4,100,29,0,0.29,0.29,0.29,False,True,MOCK DATA / NOT A SCIENTIFIC RESULT,displacement-report-draft-v1
speaking,0,right_eyelid,jaw,250–500 ms,8,100,45,0,0.45,0.45,0.45,False,True,MOCK DATA / NOT A SCIENTIFIC RESULT,displacement-report-draft-v1
speaking,0,right_eyelid,left_brow,0–100 ms,3,100,31,0,0.31,0.31,0.31,False,True,MOCK DATA / NOT A SCIENTIFIC RESULT,displacement-report-draft-v1
speaking,0,right_eyelid,left_brow,100–250 ms,4,100,29,0,0.29,0.29,0.29,False,True,MOCK DATA / NOT A SCIENTIFIC RESULT,displacement-report-draft-v1
speaking,0,right_eyelid,left_brow,250–500 ms,8,100,53,0,0.53,0.53,0.53,False,True,MOCK DATA / NOT A SCIENTIFIC RESULT,displacement-report-draft-v1
speaking,0,right_eyelid,left_cheek,0–100 ms,3,100,21,0,0.21,0.21,0.21,False,True,MOCK DATA / NOT A SCIENTIFIC RESULT,displacement-report-draft-v1
speaking,0,right_eyelid,left_cheek,100–250 ms,4,100,95,0,0.95,0.95,0.95,True,True,MOCK DATA / NOT A SCIENTIFIC RESULT,displacement-report-draft-v1
speaking,0,right_eyelid,left_cheek,250–500 ms,8,100,52,0,0.52,0.52,0.52,False,True,MOCK DATA / NOT A SCIENTIFIC RESULT,displacement-report-draft-v1
speaking,0,right_eyelid,left_eyelid,0–100 ms,3,100,22,0,0.22,0.22,0.22,False,True,MOCK DATA / NOT A SCIENTIFIC RESULT,displacement-report-draft-v1
speaking,0,right_eyelid,left_eyelid,100–250 ms,4,100,27,0,0.27,0.27,0.27,False,True,MOCK DATA / NOT A SCIENTIFIC RESULT,displacement-report-draft-v1
speaking,0,right_eyelid,left_eyelid,250–500 ms,8,100,45,0,0.45,0.45,0.45,False,True,MOCK DATA / NOT A SCIENTIFIC RESULT,displacement-report-draft-v1
speaking,0,right_eyelid,mouth,0–100 ms,3,100,60,0,0.6,0.6,0.6,True,True,MOCK DATA / NOT A SCIENTIFIC RESULT,displacement-report-draft-v1
speaking,0,right_eyelid,mouth,100–250 ms,4,100,25,0,0.25,0.25,0.25,False,True,MOCK DATA / NOT A SCIENTIFIC RESULT,displacement-report-draft-v1
speaking,0,right_eyelid,mouth,250–500 ms,8,100,52,0,0.52,0.52,0.52,False,True,MOCK DATA / NOT A SCIENTIFIC RESULT,displacement-report-draft-v1
speaking,0,right_eyelid,right_brow,0–100 ms,3,100,26,0,0.26,0.26,0.26,False,True,MOCK DATA / NOT A SCIENTIFIC RESULT,displacement-report-draft-v1
speaking,0,right_eyelid,right_brow,100–250 ms,4,100,30,0,0.3,0.3,0.3,False,True,MOCK DATA / NOT A SCIENTIFIC RESULT,displacement-report-draft-v1
speaking,0,right_eyelid,right_brow,250–500 ms,8,100,52,0,0.52,0.52,0.52,False,True,MOCK DATA / NOT A SCIENTIFIC RESULT,displacement-report-draft-v1
speaking,0,right_eyelid,right_cheek,0–100 ms,3,100,18,0,0.18,0.18,0.18,False,True,MOCK DATA / NOT A SCIENTIFIC RESULT,displacement-report-draft-v1
speaking,0,right_eyelid,right_cheek,100–250 ms,4,100,29,0,0.29,0.29,0.29,False,True,MOCK DATA / NOT A SCIENTIFIC RESULT,displacement-report-draft-v1
speaking,0,right_eyelid,right_cheek,250–500 ms,8,100,56,0,0.56,0.56,0.56,False,True,MOCK DATA / NOT A SCIENTIFIC RESULT,displacement-report-draft-v1
speaking,1,jaw,left_brow,0–100 ms,3,100,20,0,0.2,0.2,0.2,False,True,MOCK DATA / NOT A SCIENTIFIC RESULT,displacement-report-draft-v1
speaking,1,jaw,left_brow,100–250 ms,4,100,95,0,0.95,0.95,0.95,True,True,MOCK DATA / NOT A SCIENTIFIC RESULT,displacement-report-draft-v1
speaking,1,jaw,left_brow,250–500 ms,8,100,50,0,0.5,0.5,0.5,False,True,MOCK DATA / NOT A SCIENTIFIC RESULT,displacement-report-draft-v1
speaking,1,jaw,left_cheek,0–100 ms,3,100,24,0,0.24,0.24,0.24,False,True,MOCK DATA / NOT A SCIENTIFIC RESULT,displacement-report-draft-v1
speaking,1,jaw,left_cheek,100–250 ms,4,100,27,0,0.27,0.27,0.27,False,True,MOCK DATA / NOT A SCIENTIFIC RESULT,displacement-report-draft-v1
speaking,1,jaw,left_cheek,250–500 ms,8,100,57,0,0.57,0.57,0.57,False,True,MOCK DATA / NOT A SCIENTIFIC RESULT,displacement-report-draft-v1
speaking,1,jaw,left_eyelid,0–100 ms,3,100,46,0,0.46,0.46,0.46,True,True,MOCK DATA / NOT A SCIENTIFIC RESULT,displacement-report-draft-v1
speaking,1,jaw,left_eyelid,100–250 ms,4,100,24,0,0.24,0.24,0.24,False,True,MOCK DATA / NOT A SCIENTIFIC RESULT,displacement-report-draft-v1
speaking,1,jaw,left_eyelid,250–500 ms,8,100,48,0,0.48,0.48,0.48,False,True,MOCK DATA / NOT A SCIENTIFIC RESULT,displacement-report-draft-v1
speaking,1,jaw,mouth,0–100 ms,3,100,19,0,0.19,0.19,0.19,False,True,MOCK DATA / NOT A SCIENTIFIC RESULT,displacement-report-draft-v1
speaking,1,jaw,mouth,100–250 ms,4,100,36,0,0.36,0.36,0.36,False,True,MOCK DATA / NOT A SCIENTIFIC RESULT,displacement-report-draft-v1
speaking,1,jaw,mouth,250–500 ms,8,100,51,0,0.51,0.51,0.51,False,True,MOCK DATA / NOT A SCIENTIFIC RESULT,displacement-report-draft-v1
speaking,1,jaw,right_brow,0–100 ms,3,100,23,0,0.23,0.23,0.23,False,True,MOCK DATA / NOT A SCIENTIFIC RESULT,displacement-report-draft-v1
speaking,1,jaw,right_brow,100–250 ms,4,100,23,0,0.23,0.23,0.23,False,True,MOCK DATA / NOT A SCIENTIFIC RESULT,displacement-report-draft-v1
speaking,1,jaw,right_brow,250–500 ms,8,100,42,0,0.42,0.42,0.42,False,True,MOCK DATA / NOT A SCIENTIFIC RESULT,displacement-report-draft-v1
speaking,1,jaw,right_cheek,0–100 ms,3,100,25,0,0.25,0.25,0.25,False,True,MOCK DATA / NOT A SCIENTIFIC RESULT,displacement-report-draft-v1
speaking,1,jaw,right_cheek,100–250 ms,4,100,27,0,0.27,0.27,0.27,False,True,MOCK DATA / NOT A SCIENTIFIC RESULT,displacement-report-draft-v1
speaking,1,jaw,right_cheek,250–500 ms,8,100,53,0,0.53,0.53,0.53,False,True,MOCK DATA / NOT A SCIENTIFIC RESULT,displacement-report-draft-v1
speaking,1,jaw,right_eyelid,0–100 ms,3,100,21,0,0.21,0.21,0.21,False,True,MOCK DATA / NOT A SCIENTIFIC RESULT,displacement-report-draft-v1
speaking,1,jaw,right_eyelid,100–250 ms,4,100,29,0,0.29,0.29,0.29,False,True,MOCK DATA / NOT A SCIENTIFIC RESULT,displacement-report-draft-v1
speaking,1,jaw,right_eyelid,250–500 ms,8,100,56,0,0.56,0.56,0.56,False,True,MOCK DATA / NOT A SCIENTIFIC RESULT,displacement-report-draft-v1
speaking,1,left_brow,jaw,0–100 ms,3,100,13,0,0.13,0.13,0.13,False,True,MOCK DATA / NOT A SCIENTIFIC RESULT,displacement-report-draft-v1
speaking,1,left_brow,jaw,100–250 ms,4,100,24,0,0.24,0.24,0.24,False,True,MOCK DATA / NOT A SCIENTIFIC RESULT,displacement-report-draft-v1
speaking,1,left_brow,jaw,250–500 ms,8,100,54,0,0.54,0.54,0.54,False,True,MOCK DATA / NOT A SCIENTIFIC RESULT,displacement-report-draft-v1
speaking,1,left_brow,left_cheek,0–100 ms,3,100,17,0,0.17,0.17,0.17,False,True,MOCK DATA / NOT A SCIENTIFIC RESULT,displacement-report-draft-v1
speaking,1,left_brow,left_cheek,100–250 ms,4,100,31,0,0.31,0.31,0.31,False,True,MOCK DATA / NOT A SCIENTIFIC RESULT,displacement-report-draft-v1
speaking,1,left_brow,left_cheek,250–500 ms,8,100,43,0,0.43,0.43,0.43,False,True,MOCK DATA / NOT A SCIENTIFIC RESULT,displacement-report-draft-v1
speaking,1,left_brow,left_eyelid,0–100 ms,3,100,26,0,0.26,0.26,0.26,False,True,MOCK DATA / NOT A SCIENTIFIC RESULT,displacement-report-draft-v1
speaking,1,left_brow,left_eyelid,100–250 ms,4,100,23,0,0.23,0.23,0.23,False,True,MOCK DATA / NOT A SCIENTIFIC RESULT,displacement-report-draft-v1
speaking,1,left_brow,left_eyelid,250–500 ms,8,100,48,0,0.48,0.48,0.48,False,True,MOCK DATA / NOT A SCIENTIFIC RESULT,displacement-report-draft-v1
speaking,1,left_brow,mouth,0–100 ms,3,100,22,0,0.22,0.22,0.22,False,True,MOCK DATA / NOT A SCIENTIFIC RESULT,displacement-report-draft-v1
speaking,1,left_brow,mouth,100–250 ms,4,100,24,0,0.24,0.24,0.24,False,True,MOCK DATA / NOT A SCIENTIFIC RESULT,displacement-report-draft-v1
speaking,1,left_brow,mouth,250–500 ms,8,100,53,0,0.53,0.53,0.53,False,True,MOCK DATA / NOT A SCIENTIFIC RESULT,displacement-report-draft-v1
speaking,1,left_brow,right_brow,0–100 ms,3,100,21,0,0.21,0.21,0.21,False,True,MOCK DATA / NOT A SCIENTIFIC RESULT,displacement-report-draft-v1
speaking,1,left_brow,right_brow,100–250 ms,4,100,97,0,0.97,0.97,0.97,True,True,MOCK DATA / NOT A SCIENTIFIC RESULT,displacement-report-draft-v1
speaking,1,left_brow,right_brow,250–500 ms,8,100,49,0,0.49,0.49,0.49,False,True,MOCK DATA / NOT A SCIENTIFIC RESULT,displacement-report-draft-v1
speaking,1,left_brow,right_cheek,0–100 ms,3,100,22,0,0.22,0.22,0.22,False,True,MOCK DATA / NOT A SCIENTIFIC RESULT,displacement-report-draft-v1
speaking,1,left_brow,right_cheek,100–250 ms,4,100,26,0,0.26,0.26,0.26,False,True,MOCK DATA / NOT A SCIENTIFIC RESULT,displacement-report-draft-v1
speaking,1,left_brow,right_cheek,250–500 ms,8,100,51,0,0.51,0.51,0.51,False,True,MOCK DATA / NOT A SCIENTIFIC RESULT,displacement-report-draft-v1
speaking,1,left_brow,right_eyelid,0–100 ms,3,100,17,0,0.17,0.17,0.17,False,True,MOCK DATA / NOT A SCIENTIFIC RESULT,displacement-report-draft-v1
speaking,1,left_brow,right_eyelid,100–250 ms,4,100,31,0,0.31,0.31,0.31,False,True,MOCK DATA / NOT A SCIENTIFIC RESULT,displacement-report-draft-v1
speaking,1,left_brow,right_eyelid,250–500 ms,8,100,69,0,0.69,0.69,0.69,True,True,MOCK DATA / NOT A SCIENTIFIC RESULT,displacement-report-draft-v1
speaking,1,left_cheek,jaw,0–100 ms,3,100,24,0,0.24,0.24,0.24,False,True,MOCK DATA / NOT A SCIENTIFIC RESULT,displacement-report-draft-v1
speaking,1,left_cheek,jaw,100–250 ms,4,100,26,0,0.26,0.26,0.26,False,True,MOCK DATA / NOT A SCIENTIFIC RESULT,displacement-report-draft-v1
speaking,1,left_cheek,jaw,250–500 ms,8,100,69,0,0.69,0.69,0.69,True,True,MOCK DATA / NOT A SCIENTIFIC RESULT,displacement-report-draft-v1
speaking,1,left_cheek,left_brow,0–100 ms,3,100,22,0,0.22,0.22,0.22,False,True,MOCK DATA / NOT A SCIENTIFIC RESULT,displacement-report-draft-v1
speaking,1,left_cheek,left_brow,100–250 ms,4,100,30,0,0.3,0.3,0.3,False,True,MOCK DATA / NOT A SCIENTIFIC RESULT,displacement-report-draft-v1
speaking,1,left_cheek,left_brow,250–500 ms,8,100,47,0,0.47,0.47,0.47,False,True,MOCK DATA / NOT A SCIENTIFIC RESULT,displacement-report-draft-v1
speaking,1,left_cheek,left_eyelid,0–100 ms,3,100,16,0,0.16,0.16,0.16,False,True,MOCK DATA / NOT A SCIENTIFIC RESULT,displacement-report-draft-v1
speaking,1,left_cheek,left_eyelid,100–250 ms,4,100,25,0,0.25,0.25,0.25,False,True,MOCK DATA / NOT A SCIENTIFIC RESULT,displacement-report-draft-v1
speaking,1,left_cheek,left_eyelid,250–500 ms,8,100,44,0,0.44,0.44,0.44,False,True,MOCK DATA / NOT A SCIENTIFIC RESULT,displacement-report-draft-v1
speaking,1,left_cheek,mouth,0–100 ms,3,100,18,0,0.18,0.18,0.18,False,True,MOCK DATA / NOT A SCIENTIFIC RESULT,displacement-report-draft-v1
speaking,1,left_cheek,mouth,100–250 ms,4,100,26,0,0.26,0.26,0.26,False,True,MOCK DATA / NOT A SCIENTIFIC RESULT,displacement-report-draft-v1
speaking,1,left_cheek,mouth,250–500 ms,8,100,52,0,0.52,0.52,0.52,False,True,MOCK DATA / NOT A SCIENTIFIC RESULT,displacement-report-draft-v1
speaking,1,left_cheek,right_brow,0–100 ms,3,100,21,0,0.21,0.21,0.21,False,True,MOCK DATA / NOT A SCIENTIFIC RESULT,displacement-report-draft-v1
speaking,1,left_cheek,right_brow,100–250 ms,4,100,30,0,0.3,0.3,0.3,False,True,MOCK DATA / NOT A SCIENTIFIC RESULT,displacement-report-draft-v1
speaking,1,left_cheek,right_brow,250–500 ms,8,100,43,0,0.43,0.43,0.43,False,True,MOCK DATA / NOT A SCIENTIFIC RESULT,displacement-report-draft-v1
speaking,1,left_cheek,right_cheek,0–100 ms,3,100,19,0,0.19,0.19,0.19,False,True,MOCK DATA / NOT A SCIENTIFIC RESULT,displacement-report-draft-v1
speaking,1,left_cheek,right_cheek,100–250 ms,4,100,98,0,0.98,0.98,0.98,True,True,MOCK DATA / NOT A SCIENTIFIC RESULT,displacement-report-draft-v1
speaking,1,left_cheek,right_cheek,250–500 ms,8,100,55,0,0.55,0.55,0.55,False,True,MOCK DATA / NOT A SCIENTIFIC RESULT,displacement-report-draft-v1
speaking,1,left_cheek,right_eyelid,0–100 ms,3,100,18,0,0.18,0.18,0.18,False,True,MOCK DATA / NOT A SCIENTIFIC RESULT,displacement-report-draft-v1
speaking,1,left_cheek,right_eyelid,100–250 ms,4,100,21,0,0.21,0.21,0.21,False,True,MOCK DATA / NOT A SCIENTIFIC RESULT,displacement-report-draft-v1
speaking,1,left_cheek,right_eyelid,250–500 ms,8,100,49,0,0.49,0.49,0.49,False,True,MOCK DATA / NOT A SCIENTIFIC RESULT,displacement-report-draft-v1
speaking,1,left_eyelid,jaw,0–100 ms,3,100,24,0,0.24,0.24,0.24,False,True,MOCK DATA / NOT A SCIENTIFIC RESULT,displacement-report-draft-v1
speaking,1,left_eyelid,jaw,100–250 ms,4,100,31,0,0.31,0.31,0.31,False,True,MOCK DATA / NOT A SCIENTIFIC RESULT,displacement-report-draft-v1
speaking,1,left_eyelid,jaw,250–500 ms,8,100,49,0,0.49,0.49,0.49,False,True,MOCK DATA / NOT A SCIENTIFIC RESULT,displacement-report-draft-v1
speaking,1,left_eyelid,left_brow,0–100 ms,3,100,25,0,0.25,0.25,0.25,False,True,MOCK DATA / NOT A SCIENTIFIC RESULT,displacement-report-draft-v1
speaking,1,left_eyelid,left_brow,100–250 ms,4,100,32,0,0.32,0.32,0.32,False,True,MOCK DATA / NOT A SCIENTIFIC RESULT,displacement-report-draft-v1
speaking,1,left_eyelid,left_brow,250–500 ms,8,100,44,0,0.44,0.44,0.44,False,True,MOCK DATA / NOT A SCIENTIFIC RESULT,displacement-report-draft-v1
speaking,1,left_eyelid,left_cheek,0–100 ms,3,100,17,0,0.17,0.17,0.17,False,True,MOCK DATA / NOT A SCIENTIFIC RESULT,displacement-report-draft-v1
speaking,1,left_eyelid,left_cheek,100–250 ms,4,100,31,0,0.31,0.31,0.31,False,True,MOCK DATA / NOT A SCIENTIFIC RESULT,displacement-report-draft-v1
speaking,1,left_eyelid,left_cheek,250–500 ms,8,100,49,0,0.49,0.49,0.49,False,True,MOCK DATA / NOT A SCIENTIFIC RESULT,displacement-report-draft-v1
speaking,1,left_eyelid,mouth,0–100 ms,3,100,16,0,0.16,0.16,0.16,False,True,MOCK DATA / NOT A SCIENTIFIC RESULT,displacement-report-draft-v1
speaking,1,left_eyelid,mouth,100–250 ms,4,100,34,0,0.34,0.34,0.34,False,True,MOCK DATA / NOT A SCIENTIFIC RESULT,displacement-report-draft-v1
speaking,1,left_eyelid,mouth,250–500 ms,8,100,42,0,0.42,0.42,0.42,False,True,MOCK DATA / NOT A SCIENTIFIC RESULT,displacement-report-draft-v1
speaking,1,left_eyelid,right_brow,0–100 ms,3,100,22,0,0.22,0.22,0.22,False,True,MOCK DATA / NOT A SCIENTIFIC RESULT,displacement-report-draft-v1
speaking,1,left_eyelid,right_brow,100–250 ms,4,100,32,0,0.32,0.32,0.32,False,True,MOCK DATA / NOT A SCIENTIFIC RESULT,displacement-report-draft-v1
speaking,1,left_eyelid,right_brow,250–500 ms,8,100,50,0,0.5,0.5,0.5,False,True,MOCK DATA / NOT A SCIENTIFIC RESULT,displacement-report-draft-v1
speaking,1,left_eyelid,right_cheek,0–100 ms,3,100,19,0,0.19,0.19,0.19,False,True,MOCK DATA / NOT A SCIENTIFIC RESULT,displacement-report-draft-v1
speaking,1,left_eyelid,right_cheek,100–250 ms,4,100,17,0,0.17,0.17,0.17,False,True,MOCK DATA / NOT A SCIENTIFIC RESULT,displacement-report-draft-v1
speaking,1,left_eyelid,right_cheek,250–500 ms,8,100,70,0,0.7,0.7,0.7,True,True,MOCK DATA / NOT A SCIENTIFIC RESULT,displacement-report-draft-v1
speaking,1,left_eyelid,right_eyelid,0–100 ms,3,100,25,0,0.25,0.25,0.25,False,True,MOCK DATA / NOT A SCIENTIFIC RESULT,displacement-report-draft-v1
speaking,1,left_eyelid,right_eyelid,100–250 ms,4,100,80,0,0.8,0.8,0.8,True,True,MOCK DATA / NOT A SCIENTIFIC RESULT,displacement-report-draft-v1
speaking,1,left_eyelid,right_eyelid,250–500 ms,8,100,84,0,0.84,0.84,0.84,True,True,MOCK DATA / NOT A SCIENTIFIC RESULT,displacement-report-draft-v1
speaking,1,mouth,jaw,0–100 ms,3,100,22,0,0.22,0.22,0.22,False,True,MOCK DATA / NOT A SCIENTIFIC RESULT,displacement-report-draft-v1
speaking,1,mouth,jaw,100–250 ms,4,100,92,0,0.92,0.92,0.92,True,True,MOCK DATA / NOT A SCIENTIFIC RESULT,displacement-report-draft-v1
speaking,1,mouth,jaw,250–500 ms,8,100,49,0,0.49,0.49,0.49,False,True,MOCK DATA / NOT A SCIENTIFIC RESULT,displacement-report-draft-v1
speaking,1,mouth,left_brow,0–100 ms,3,100,25,0,0.25,0.25,0.25,False,True,MOCK DATA / NOT A SCIENTIFIC RESULT,displacement-report-draft-v1
speaking,1,mouth,left_brow,100–250 ms,4,100,29,0,0.29,0.29,0.29,False,True,MOCK DATA / NOT A SCIENTIFIC RESULT,displacement-report-draft-v1
speaking,1,mouth,left_brow,250–500 ms,8,100,49,0,0.49,0.49,0.49,False,True,MOCK DATA / NOT A SCIENTIFIC RESULT,displacement-report-draft-v1
speaking,1,mouth,left_cheek,0–100 ms,3,100,24,0,0.24,0.24,0.24,False,True,MOCK DATA / NOT A SCIENTIFIC RESULT,displacement-report-draft-v1
speaking,1,mouth,left_cheek,100–250 ms,4,100,34,0,0.34,0.34,0.34,False,True,MOCK DATA / NOT A SCIENTIFIC RESULT,displacement-report-draft-v1
speaking,1,mouth,left_cheek,250–500 ms,8,100,44,0,0.44,0.44,0.44,False,True,MOCK DATA / NOT A SCIENTIFIC RESULT,displacement-report-draft-v1
speaking,1,mouth,left_eyelid,0–100 ms,3,100,26,0,0.26,0.26,0.26,False,True,MOCK DATA / NOT A SCIENTIFIC RESULT,displacement-report-draft-v1
speaking,1,mouth,left_eyelid,100–250 ms,4,100,25,0,0.25,0.25,0.25,False,True,MOCK DATA / NOT A SCIENTIFIC RESULT,displacement-report-draft-v1
speaking,1,mouth,left_eyelid,250–500 ms,8,100,57,0,0.57,0.57,0.57,False,True,MOCK DATA / NOT A SCIENTIFIC RESULT,displacement-report-draft-v1
speaking,1,mouth,right_brow,0–100 ms,3,100,16,0,0.16,0.16,0.16,False,True,MOCK DATA / NOT A SCIENTIFIC RESULT,displacement-report-draft-v1
speaking,1,mouth,right_brow,100–250 ms,4,100,28,0,0.28,0.28,0.28,False,True,MOCK DATA / NOT A SCIENTIFIC RESULT,displacement-report-draft-v1
speaking,1,mouth,right_brow,250–500 ms,8,100,74,0,0.74,0.74,0.74,True,True,MOCK DATA / NOT A SCIENTIFIC RESULT,displacement-report-draft-v1
speaking,1,mouth,right_cheek,0–100 ms,3,100,22,0,0.22,0.22,0.22,False,True,MOCK DATA / NOT A SCIENTIFIC RESULT,displacement-report-draft-v1
speaking,1,mouth,right_cheek,100–250 ms,4,100,24,0,0.24,0.24,0.24,False,True,MOCK DATA / NOT A SCIENTIFIC RESULT,displacement-report-draft-v1
speaking,1,mouth,right_cheek,250–500 ms,8,100,45,0,0.45,0.45,0.45,False,True,MOCK DATA / NOT A SCIENTIFIC RESULT,displacement-report-draft-v1
speaking,1,mouth,right_eyelid,0–100 ms,3,100,13,0,0.13,0.13,0.13,False,True,MOCK DATA / NOT A SCIENTIFIC RESULT,displacement-report-draft-v1
speaking,1,mouth,right_eyelid,100–250 ms,4,100,38,0,0.38,0.38,0.38,False,True,MOCK DATA / NOT A SCIENTIFIC RESULT,displacement-report-draft-v1
speaking,1,mouth,right_eyelid,250–500 ms,8,100,48,0,0.48,0.48,0.48,False,True,MOCK DATA / NOT A SCIENTIFIC RESULT,displacement-report-draft-v1
speaking,1,right_brow,jaw,0–100 ms,3,100,28,0,0.28,0.28,0.28,False,True,MOCK DATA / NOT A SCIENTIFIC RESULT,displacement-report-draft-v1
speaking,1,right_brow,jaw,100–250 ms,4,100,21,0,0.21,0.21,0.21,False,True,MOCK DATA / NOT A SCIENTIFIC RESULT,displacement-report-draft-v1
speaking,1,right_brow,jaw,250–500 ms,8,100,44,0,0.44,0.44,0.44,False,True,MOCK DATA / NOT A SCIENTIFIC RESULT,displacement-report-draft-v1
speaking,1,right_brow,left_brow,0–100 ms,3,100,22,0,0.22,0.22,0.22,False,True,MOCK DATA / NOT A SCIENTIFIC RESULT,displacement-report-draft-v1
speaking,1,right_brow,left_brow,100–250 ms,4,100,33,0,0.33,0.33,0.33,False,True,MOCK DATA / NOT A SCIENTIFIC RESULT,displacement-report-draft-v1
speaking,1,right_brow,left_brow,250–500 ms,8,100,45,0,0.45,0.45,0.45,False,True,MOCK DATA / NOT A SCIENTIFIC RESULT,displacement-report-draft-v1
speaking,1,right_brow,left_cheek,0–100 ms,3,100,44,0,0.44,0.44,0.44,True,True,MOCK DATA / NOT A SCIENTIFIC RESULT,displacement-report-draft-v1
speaking,1,right_brow,left_cheek,100–250 ms,4,100,40,0,0.4,0.4,0.4,False,True,MOCK DATA / NOT A SCIENTIFIC RESULT,displacement-report-draft-v1
speaking,1,right_brow,left_cheek,250–500 ms,8,100,55,0,0.55,0.55,0.55,False,True,MOCK DATA / NOT A SCIENTIFIC RESULT,displacement-report-draft-v1
speaking,1,right_brow,left_eyelid,0–100 ms,3,100,23,0,0.23,0.23,0.23,False,True,MOCK DATA / NOT A SCIENTIFIC RESULT,displacement-report-draft-v1
speaking,1,right_brow,left_eyelid,100–250 ms,4,100,95,0,0.95,0.95,0.95,True,True,MOCK DATA / NOT A SCIENTIFIC RESULT,displacement-report-draft-v1
speaking,1,right_brow,left_eyelid,250–500 ms,8,100,44,0,0.44,0.44,0.44,False,True,MOCK DATA / NOT A SCIENTIFIC RESULT,displacement-report-draft-v1
speaking,1,right_brow,mouth,0–100 ms,3,100,20,0,0.2,0.2,0.2,False,True,MOCK DATA / NOT A SCIENTIFIC RESULT,displacement-report-draft-v1
speaking,1,right_brow,mouth,100–250 ms,4,100,26,0,0.26,0.26,0.26,False,True,MOCK DATA / NOT A SCIENTIFIC RESULT,displacement-report-draft-v1
speaking,1,right_brow,mouth,250–500 ms,8,100,56,0,0.56,0.56,0.56,False,True,MOCK DATA / NOT A SCIENTIFIC RESULT,displacement-report-draft-v1
speaking,1,right_brow,right_cheek,0–100 ms,3,100,16,0,0.16,0.16,0.16,False,True,MOCK DATA / NOT A SCIENTIFIC RESULT,displacement-report-draft-v1
speaking,1,right_brow,right_cheek,100–250 ms,4,100,27,0,0.27,0.27,0.27,False,True,MOCK DATA / NOT A SCIENTIFIC RESULT,displacement-report-draft-v1
speaking,1,right_brow,right_cheek,250–500 ms,8,100,42,0,0.42,0.42,0.42,False,True,MOCK DATA / NOT A SCIENTIFIC RESULT,displacement-report-draft-v1
speaking,1,right_brow,right_eyelid,0–100 ms,3,100,21,0,0.21,0.21,0.21,False,True,MOCK DATA / NOT A SCIENTIFIC RESULT,displacement-report-draft-v1
speaking,1,right_brow,right_eyelid,100–250 ms,4,100,25,0,0.25,0.25,0.25,False,True,MOCK DATA / NOT A SCIENTIFIC RESULT,displacement-report-draft-v1
speaking,1,right_brow,right_eyelid,250–500 ms,8,100,46,0,0.46,0.46,0.46,False,True,MOCK DATA / NOT A SCIENTIFIC RESULT,displacement-report-draft-v1
speaking,1,right_cheek,jaw,0–100 ms,3,100,15,0,0.15,0.15,0.15,False,True,MOCK DATA / NOT A SCIENTIFIC RESULT,displacement-report-draft-v1
speaking,1,right_cheek,jaw,100–250 ms,4,100,21,0,0.21,0.21,0.21,False,True,MOCK DATA / NOT A SCIENTIFIC RESULT,displacement-report-draft-v1
speaking,1,right_cheek,jaw,250–500 ms,8,100,42,0,0.42,0.42,0.42,False,True,MOCK DATA / NOT A SCIENTIFIC RESULT,displacement-report-draft-v1
speaking,1,right_cheek,left_brow,0–100 ms,3,100,45,0,0.45,0.45,0.45,True,True,MOCK DATA / NOT A SCIENTIFIC RESULT,displacement-report-draft-v1
speaking,1,right_cheek,left_brow,100–250 ms,4,100,34,0,0.34,0.34,0.34,False,True,MOCK DATA / NOT A SCIENTIFIC RESULT,displacement-report-draft-v1
speaking,1,right_cheek,left_brow,250–500 ms,8,100,44,0,0.44,0.44,0.44,False,True,MOCK DATA / NOT A SCIENTIFIC RESULT,displacement-report-draft-v1
speaking,1,right_cheek,left_cheek,0–100 ms,3,100,14,0,0.14,0.14,0.14,False,True,MOCK DATA / NOT A SCIENTIFIC RESULT,displacement-report-draft-v1
speaking,1,right_cheek,left_cheek,100–250 ms,4,100,27,0,0.27,0.27,0.27,False,True,MOCK DATA / NOT A SCIENTIFIC RESULT,displacement-report-draft-v1
speaking,1,right_cheek,left_cheek,250–500 ms,8,100,55,0,0.55,0.55,0.55,False,True,MOCK DATA / NOT A SCIENTIFIC RESULT,displacement-report-draft-v1
speaking,1,right_cheek,left_eyelid,0–100 ms,3,100,23,0,0.23,0.23,0.23,False,True,MOCK DATA / NOT A SCIENTIFIC RESULT,displacement-report-draft-v1
speaking,1,right_cheek,left_eyelid,100–250 ms,4,100,36,0,0.36,0.36,0.36,False,True,MOCK DATA / NOT A SCIENTIFIC RESULT,displacement-report-draft-v1
speaking,1,right_cheek,left_eyelid,250–500 ms,8,100,43,0,0.43,0.43,0.43,False,True,MOCK DATA / NOT A SCIENTIFIC RESULT,displacement-report-draft-v1
speaking,1,right_cheek,mouth,0–100 ms,3,100,18,0,0.18,0.18,0.18,False,True,MOCK DATA / NOT A SCIENTIFIC RESULT,displacement-report-draft-v1
speaking,1,right_cheek,mouth,100–250 ms,4,100,76,0,0.76,0.76,0.76,True,True,MOCK DATA / NOT A SCIENTIFIC RESULT,displacement-report-draft-v1
speaking,1,right_cheek,mouth,250–500 ms,8,100,86,0,0.86,0.86,0.86,True,True,MOCK DATA / NOT A SCIENTIFIC RESULT,displacement-report-draft-v1
speaking,1,right_cheek,right_brow,0–100 ms,3,100,24,0,0.24,0.24,0.24,False,True,MOCK DATA / NOT A SCIENTIFIC RESULT,displacement-report-draft-v1
speaking,1,right_cheek,right_brow,100–250 ms,4,100,36,0,0.36,0.36,0.36,False,True,MOCK DATA / NOT A SCIENTIFIC RESULT,displacement-report-draft-v1
speaking,1,right_cheek,right_brow,250–500 ms,8,100,44,0,0.44,0.44,0.44,False,True,MOCK DATA / NOT A SCIENTIFIC RESULT,displacement-report-draft-v1
speaking,1,right_cheek,right_eyelid,0–100 ms,3,100,18,0,0.18,0.18,0.18,False,True,MOCK DATA / NOT A SCIENTIFIC RESULT,displacement-report-draft-v1
speaking,1,right_cheek,right_eyelid,100–250 ms,4,100,19,0,0.19,0.19,0.19,False,True,MOCK DATA / NOT A SCIENTIFIC RESULT,displacement-report-draft-v1
speaking,1,right_cheek,right_eyelid,250–500 ms,8,100,47,0,0.47,0.47,0.47,False,True,MOCK DATA / NOT A SCIENTIFIC RESULT,displacement-report-draft-v1
speaking,1,right_eyelid,jaw,0–100 ms,3,100,22,0,0.22,0.22,0.22,False,True,MOCK DATA / NOT A SCIENTIFIC RESULT,displacement-report-draft-v1
speaking,1,right_eyelid,jaw,100–250 ms,4,100,28,0,0.28,0.28,0.28,False,True,MOCK DATA / NOT A SCIENTIFIC RESULT,displacement-report-draft-v1
speaking,1,right_eyelid,jaw,250–500 ms,8,100,40,0,0.4,0.4,0.4,False,True,MOCK DATA / NOT A SCIENTIFIC RESULT,displacement-report-draft-v1
speaking,1,right_eyelid,left_brow,0–100 ms,3,100,26,0,0.26,0.26,0.26,False,True,MOCK DATA / NOT A SCIENTIFIC RESULT,displacement-report-draft-v1
speaking,1,right_eyelid,left_brow,100–250 ms,4,100,30,0,0.3,0.3,0.3,False,True,MOCK DATA / NOT A SCIENTIFIC RESULT,displacement-report-draft-v1
speaking,1,right_eyelid,left_brow,250–500 ms,8,100,66,0,0.66,0.66,0.66,False,True,MOCK DATA / NOT A SCIENTIFIC RESULT,displacement-report-draft-v1
speaking,1,right_eyelid,left_cheek,0–100 ms,3,100,20,0,0.2,0.2,0.2,False,True,MOCK DATA / NOT A SCIENTIFIC RESULT,displacement-report-draft-v1
speaking,1,right_eyelid,left_cheek,100–250 ms,4,100,97,0,0.97,0.97,0.97,True,True,MOCK DATA / NOT A SCIENTIFIC RESULT,displacement-report-draft-v1
speaking,1,right_eyelid,left_cheek,250–500 ms,8,100,41,0,0.41,0.41,0.41,False,True,MOCK DATA / NOT A SCIENTIFIC RESULT,displacement-report-draft-v1
speaking,1,right_eyelid,left_eyelid,0–100 ms,3,100,25,0,0.25,0.25,0.25,False,True,MOCK DATA / NOT A SCIENTIFIC RESULT,displacement-report-draft-v1
speaking,1,right_eyelid,left_eyelid,100–250 ms,4,100,31,0,0.31,0.31,0.31,False,True,MOCK DATA / NOT A SCIENTIFIC RESULT,displacement-report-draft-v1
speaking,1,right_eyelid,left_eyelid,250–500 ms,8,100,48,0,0.48,0.48,0.48,False,True,MOCK DATA / NOT A SCIENTIFIC RESULT,displacement-report-draft-v1
speaking,1,right_eyelid,mouth,0–100 ms,3,100,44,0,0.44,0.44,0.44,True,True,MOCK DATA / NOT A SCIENTIFIC RESULT,displacement-report-draft-v1
speaking,1,right_eyelid,mouth,100–250 ms,4,100,38,0,0.38,0.38,0.38,False,True,MOCK DATA / NOT A SCIENTIFIC RESULT,displacement-report-draft-v1
speaking,1,right_eyelid,mouth,250–500 ms,8,100,51,0,0.51,0.51,0.51,False,True,MOCK DATA / NOT A SCIENTIFIC RESULT,displacement-report-draft-v1
speaking,1,right_eyelid,right_brow,0–100 ms,3,100,27,0,0.27,0.27,0.27,False,True,MOCK DATA / NOT A SCIENTIFIC RESULT,displacement-report-draft-v1
speaking,1,right_eyelid,right_brow,100–250 ms,4,100,28,0,0.28,0.28,0.28,False,True,MOCK DATA / NOT A SCIENTIFIC RESULT,displacement-report-draft-v1
speaking,1,right_eyelid,right_brow,250–500 ms,8,100,52,0,0.52,0.52,0.52,False,True,MOCK DATA / NOT A SCIENTIFIC RESULT,displacement-report-draft-v1
speaking,1,right_eyelid,right_cheek,0–100 ms,3,100,23,0,0.23,0.23,0.23,False,True,MOCK DATA / NOT A SCIENTIFIC RESULT,displacement-report-draft-v1
speaking,1,right_eyelid,right_cheek,100–250 ms,4,100,23,0,0.23,0.23,0.23,False,True,MOCK DATA / NOT A SCIENTIFIC RESULT,displacement-report-draft-v1
speaking,1,right_eyelid,right_cheek,250–500 ms,8,100,55,0,0.55,0.55,0.55,False,True,MOCK DATA / NOT A SCIENTIFIC RESULT,displacement-report-draft-v1
speaking,2,jaw,left_brow,0–100 ms,3,100,28,0,0.28,0.28,0.28,False,True,MOCK DATA / NOT A SCIENTIFIC RESULT,displacement-report-draft-v1
speaking,2,jaw,left_brow,100–250 ms,4,100,91,0,0.91,0.91,0.91,True,True,MOCK DATA / NOT A SCIENTIFIC RESULT,displacement-report-draft-v1
speaking,2,jaw,left_brow,250–500 ms,8,100,55,0,0.55,0.55,0.55,False,True,MOCK DATA / NOT A SCIENTIFIC RESULT,displacement-report-draft-v1
speaking,2,jaw,left_cheek,0–100 ms,3,100,27,0,0.27,0.27,0.27,False,True,MOCK DATA / NOT A SCIENTIFIC RESULT,displacement-report-draft-v1
speaking,2,jaw,left_cheek,100–250 ms,4,100,29,0,0.29,0.29,0.29,False,True,MOCK DATA / NOT A SCIENTIFIC RESULT,displacement-report-draft-v1
speaking,2,jaw,left_cheek,250–500 ms,8,100,50,0,0.5,0.5,0.5,False,True,MOCK DATA / NOT A SCIENTIFIC RESULT,displacement-report-draft-v1
speaking,2,jaw,left_eyelid,0–100 ms,3,100,49,0,0.49,0.49,0.49,True,True,MOCK DATA / NOT A SCIENTIFIC RESULT,displacement-report-draft-v1
speaking,2,jaw,left_eyelid,100–250 ms,4,100,23,0,0.23,0.23,0.23,False,True,MOCK DATA / NOT A SCIENTIFIC RESULT,displacement-report-draft-v1
speaking,2,jaw,left_eyelid,250–500 ms,8,100,45,0,0.45,0.45,0.45,False,True,MOCK DATA / NOT A SCIENTIFIC RESULT,displacement-report-draft-v1
speaking,2,jaw,mouth,0–100 ms,3,100,20,0,0.2,0.2,0.2,False,True,MOCK DATA / NOT A SCIENTIFIC RESULT,displacement-report-draft-v1
speaking,2,jaw,mouth,100–250 ms,4,100,24,0,0.24,0.24,0.24,False,True,MOCK DATA / NOT A SCIENTIFIC RESULT,displacement-report-draft-v1
speaking,2,jaw,mouth,250–500 ms,8,100,45,0,0.45,0.45,0.45,False,True,MOCK DATA / NOT A SCIENTIFIC RESULT,displacement-report-draft-v1
speaking,2,jaw,right_brow,0–100 ms,3,100,26,0,0.26,0.26,0.26,False,True,MOCK DATA / NOT A SCIENTIFIC RESULT,displacement-report-draft-v1
speaking,2,jaw,right_brow,100–250 ms,4,100,23,0,0.23,0.23,0.23,False,True,MOCK DATA / NOT A SCIENTIFIC RESULT,displacement-report-draft-v1
speaking,2,jaw,right_brow,250–500 ms,8,100,44,0,0.44,0.44,0.44,False,True,MOCK DATA / NOT A SCIENTIFIC RESULT,displacement-report-draft-v1
speaking,2,jaw,right_cheek,0–100 ms,3,100,17,0,0.17,0.17,0.17,False,True,MOCK DATA / NOT A SCIENTIFIC RESULT,displacement-report-draft-v1
speaking,2,jaw,right_cheek,100–250 ms,4,100,29,0,0.29,0.29,0.29,False,True,MOCK DATA / NOT A SCIENTIFIC RESULT,displacement-report-draft-v1
speaking,2,jaw,right_cheek,250–500 ms,8,100,40,0,0.4,0.4,0.4,False,True,MOCK DATA / NOT A SCIENTIFIC RESULT,displacement-report-draft-v1
speaking,2,jaw,right_eyelid,0–100 ms,3,100,20,0,0.2,0.2,0.2,False,True,MOCK DATA / NOT A SCIENTIFIC RESULT,displacement-report-draft-v1
speaking,2,jaw,right_eyelid,100–250 ms,4,100,21,0,0.21,0.21,0.21,False,True,MOCK DATA / NOT A SCIENTIFIC RESULT,displacement-report-draft-v1
speaking,2,jaw,right_eyelid,250–500 ms,8,100,55,0,0.55,0.55,0.55,False,True,MOCK DATA / NOT A SCIENTIFIC RESULT,displacement-report-draft-v1
speaking,2,left_brow,jaw,0–100 ms,3,100,31,0,0.31,0.31,0.31,False,True,MOCK DATA / NOT A SCIENTIFIC RESULT,displacement-report-draft-v1
speaking,2,left_brow,jaw,100–250 ms,4,100,30,0,0.3,0.3,0.3,False,True,MOCK DATA / NOT A SCIENTIFIC RESULT,displacement-report-draft-v1
speaking,2,left_brow,jaw,250–500 ms,8,100,53,0,0.53,0.53,0.53,False,True,MOCK DATA / NOT A SCIENTIFIC RESULT,displacement-report-draft-v1
speaking,2,left_brow,left_cheek,0–100 ms,3,100,21,0,0.21,0.21,0.21,False,True,MOCK DATA / NOT A SCIENTIFIC RESULT,displacement-report-draft-v1
speaking,2,left_brow,left_cheek,100–250 ms,4,100,31,0,0.31,0.31,0.31,False,True,MOCK DATA / NOT A SCIENTIFIC RESULT,displacement-report-draft-v1
speaking,2,left_brow,left_cheek,250–500 ms,8,100,48,0,0.48,0.48,0.48,False,True,MOCK DATA / NOT A SCIENTIFIC RESULT,displacement-report-draft-v1
speaking,2,left_brow,left_eyelid,0–100 ms,3,100,18,0,0.18,0.18,0.18,False,True,MOCK DATA / NOT A SCIENTIFIC RESULT,displacement-report-draft-v1
speaking,2,left_brow,left_eyelid,100–250 ms,4,100,23,0,0.23,0.23,0.23,False,True,MOCK DATA / NOT A SCIENTIFIC RESULT,displacement-report-draft-v1
speaking,2,left_brow,left_eyelid,250–500 ms,8,100,43,0,0.43,0.43,0.43,False,True,MOCK DATA / NOT A SCIENTIFIC RESULT,displacement-report-draft-v1
speaking,2,left_brow,mouth,0–100 ms,3,100,27,0,0.27,0.27,0.27,False,True,MOCK DATA / NOT A SCIENTIFIC RESULT,displacement-report-draft-v1
speaking,2,left_brow,mouth,100–250 ms,4,100,27,0,0.27,0.27,0.27,False,True,MOCK DATA / NOT A SCIENTIFIC RESULT,displacement-report-draft-v1
speaking,2,left_brow,mouth,250–500 ms,8,100,44,0,0.44,0.44,0.44,False,True,MOCK DATA / NOT A SCIENTIFIC RESULT,displacement-report-draft-v1
speaking,2,left_brow,right_brow,0–100 ms,3,100,25,0,0.25,0.25,0.25,False,True,MOCK DATA / NOT A SCIENTIFIC RESULT,displacement-report-draft-v1
speaking,2,left_brow,right_brow,100–250 ms,4,100,93,0,0.93,0.93,0.93,True,True,MOCK DATA / NOT A SCIENTIFIC RESULT,displacement-report-draft-v1
speaking,2,left_brow,right_brow,250–500 ms,8,100,50,0,0.5,0.5,0.5,False,True,MOCK DATA / NOT A SCIENTIFIC RESULT,displacement-report-draft-v1
speaking,2,left_brow,right_cheek,0–100 ms,3,100,20,0,0.2,0.2,0.2,False,True,MOCK DATA / NOT A SCIENTIFIC RESULT,displacement-report-draft-v1
speaking,2,left_brow,right_cheek,100–250 ms,4,100,24,0,0.24,0.24,0.24,False,True,MOCK DATA / NOT A SCIENTIFIC RESULT,displacement-report-draft-v1
speaking,2,left_brow,right_cheek,250–500 ms,8,100,50,0,0.5,0.5,0.5,False,True,MOCK DATA / NOT A SCIENTIFIC RESULT,displacement-report-draft-v1
speaking,2,left_brow,right_eyelid,0–100 ms,3,100,20,0,0.2,0.2,0.2,False,True,MOCK DATA / NOT A SCIENTIFIC RESULT,displacement-report-draft-v1
speaking,2,left_brow,right_eyelid,100–250 ms,4,100,30,0,0.3,0.3,0.3,False,True,MOCK DATA / NOT A SCIENTIFIC RESULT,displacement-report-draft-v1
speaking,2,left_brow,right_eyelid,250–500 ms,8,100,69,0,0.69,0.69,0.69,True,True,MOCK DATA / NOT A SCIENTIFIC RESULT,displacement-report-draft-v1
speaking,2,left_cheek,jaw,0–100 ms,3,100,21,0,0.21,0.21,0.21,False,True,MOCK DATA / NOT A SCIENTIFIC RESULT,displacement-report-draft-v1
speaking,2,left_cheek,jaw,100–250 ms,4,100,28,0,0.28,0.28,0.28,False,True,MOCK DATA / NOT A SCIENTIFIC RESULT,displacement-report-draft-v1
speaking,2,left_cheek,jaw,250–500 ms,8,100,73,0,0.73,0.73,0.73,True,True,MOCK DATA / NOT A SCIENTIFIC RESULT,displacement-report-draft-v1
speaking,2,left_cheek,left_brow,0–100 ms,3,100,20,0,0.2,0.2,0.2,False,True,MOCK DATA / NOT A SCIENTIFIC RESULT,displacement-report-draft-v1
speaking,2,left_cheek,left_brow,100–250 ms,4,100,33,0,0.33,0.33,0.33,False,True,MOCK DATA / NOT A SCIENTIFIC RESULT,displacement-report-draft-v1
speaking,2,left_cheek,left_brow,250–500 ms,8,100,51,0,0.51,0.51,0.51,False,True,MOCK DATA / NOT A SCIENTIFIC RESULT,displacement-report-draft-v1
speaking,2,left_cheek,left_eyelid,0–100 ms,3,100,18,0,0.18,0.18,0.18,False,True,MOCK DATA / NOT A SCIENTIFIC RESULT,displacement-report-draft-v1
speaking,2,left_cheek,left_eyelid,100–250 ms,4,100,30,0,0.3,0.3,0.3,False,True,MOCK DATA / NOT A SCIENTIFIC RESULT,displacement-report-draft-v1
speaking,2,left_cheek,left_eyelid,250–500 ms,8,100,55,0,0.55,0.55,0.55,False,True,MOCK DATA / NOT A SCIENTIFIC RESULT,displacement-report-draft-v1
speaking,2,left_cheek,mouth,0–100 ms,3,100,22,0,0.22,0.22,0.22,False,True,MOCK DATA / NOT A SCIENTIFIC RESULT,displacement-report-draft-v1
speaking,2,left_cheek,mouth,100–250 ms,4,100,35,0,0.35,0.35,0.35,False,True,MOCK DATA / NOT A SCIENTIFIC RESULT,displacement-report-draft-v1
speaking,2,left_cheek,mouth,250–500 ms,8,100,46,0,0.46,0.46,0.46,False,True,MOCK DATA / NOT A SCIENTIFIC RESULT,displacement-report-draft-v1
speaking,2,left_cheek,right_brow,0–100 ms,3,100,21,0,0.21,0.21,0.21,False,True,MOCK DATA / NOT A SCIENTIFIC RESULT,displacement-report-draft-v1
speaking,2,left_cheek,right_brow,100–250 ms,4,100,27,0,0.27,0.27,0.27,False,True,MOCK DATA / NOT A SCIENTIFIC RESULT,displacement-report-draft-v1
speaking,2,left_cheek,right_brow,250–500 ms,8,100,46,0,0.46,0.46,0.46,False,True,MOCK DATA / NOT A SCIENTIFIC RESULT,displacement-report-draft-v1
speaking,2,left_cheek,right_cheek,0–100 ms,3,100,30,0,0.3,0.3,0.3,False,True,MOCK DATA / NOT A SCIENTIFIC RESULT,displacement-report-draft-v1
speaking,2,left_cheek,right_cheek,100–250 ms,4,100,91,0,0.91,0.91,0.91,True,True,MOCK DATA / NOT A SCIENTIFIC RESULT,displacement-report-draft-v1
speaking,2,left_cheek,right_cheek,250–500 ms,8,100,46,0,0.46,0.46,0.46,False,True,MOCK DATA / NOT A SCIENTIFIC RESULT,displacement-report-draft-v1
speaking,2,left_cheek,right_eyelid,0–100 ms,3,100,29,0,0.29,0.29,0.29,False,True,MOCK DATA / NOT A SCIENTIFIC RESULT,displacement-report-draft-v1
speaking,2,left_cheek,right_eyelid,100–250 ms,4,100,26,0,0.26,0.26,0.26,False,True,MOCK DATA / NOT A SCIENTIFIC RESULT,displacement-report-draft-v1
speaking,2,left_cheek,right_eyelid,250–500 ms,8,100,49,0,0.49,0.49,0.49,False,True,MOCK DATA / NOT A SCIENTIFIC RESULT,displacement-report-draft-v1
speaking,2,left_eyelid,jaw,0–100 ms,3,100,22,0,0.22,0.22,0.22,False,True,MOCK DATA / NOT A SCIENTIFIC RESULT,displacement-report-draft-v1
speaking,2,left_eyelid,jaw,100–250 ms,4,100,22,0,0.22,0.22,0.22,False,True,MOCK DATA / NOT A SCIENTIFIC RESULT,displacement-report-draft-v1
speaking,2,left_eyelid,jaw,250–500 ms,8,100,47,0,0.47,0.47,0.47,False,True,MOCK DATA / NOT A SCIENTIFIC RESULT,displacement-report-draft-v1
speaking,2,left_eyelid,left_brow,0–100 ms,3,100,22,0,0.22,0.22,0.22,False,True,MOCK DATA / NOT A SCIENTIFIC RESULT,displacement-report-draft-v1
speaking,2,left_eyelid,left_brow,100–250 ms,4,100,27,0,0.27,0.27,0.27,False,True,MOCK DATA / NOT A SCIENTIFIC RESULT,displacement-report-draft-v1
speaking,2,left_eyelid,left_brow,250–500 ms,8,100,49,0,0.49,0.49,0.49,False,True,MOCK DATA / NOT A SCIENTIFIC RESULT,displacement-report-draft-v1
speaking,2,left_eyelid,left_cheek,0–100 ms,3,100,20,0,0.2,0.2,0.2,False,True,MOCK DATA / NOT A SCIENTIFIC RESULT,displacement-report-draft-v1
speaking,2,left_eyelid,left_cheek,100–250 ms,4,100,29,0,0.29,0.29,0.29,False,True,MOCK DATA / NOT A SCIENTIFIC RESULT,displacement-report-draft-v1
speaking,2,left_eyelid,left_cheek,250–500 ms,8,100,48,0,0.48,0.48,0.48,False,True,MOCK DATA / NOT A SCIENTIFIC RESULT,displacement-report-draft-v1
speaking,2,left_eyelid,mouth,0–100 ms,3,100,23,0,0.23,0.23,0.23,False,True,MOCK DATA / NOT A SCIENTIFIC RESULT,displacement-report-draft-v1
speaking,2,left_eyelid,mouth,100–250 ms,4,100,29,0,0.29,0.29,0.29,False,True,MOCK DATA / NOT A SCIENTIFIC RESULT,displacement-report-draft-v1
speaking,2,left_eyelid,mouth,250–500 ms,8,100,44,0,0.44,0.44,0.44,False,True,MOCK DATA / NOT A SCIENTIFIC RESULT,displacement-report-draft-v1
speaking,2,left_eyelid,right_brow,0–100 ms,3,100,24,0,0.24,0.24,0.24,False,True,MOCK DATA / NOT A SCIENTIFIC RESULT,displacement-report-draft-v1
speaking,2,left_eyelid,right_brow,100–250 ms,4,100,24,0,0.24,0.24,0.24,False,True,MOCK DATA / NOT A SCIENTIFIC RESULT,displacement-report-draft-v1
speaking,2,left_eyelid,right_brow,250–500 ms,8,100,55,0,0.55,0.55,0.55,False,True,MOCK DATA / NOT A SCIENTIFIC RESULT,displacement-report-draft-v1
speaking,2,left_eyelid,right_cheek,0–100 ms,3,100,29,0,0.29,0.29,0.29,False,True,MOCK DATA / NOT A SCIENTIFIC RESULT,displacement-report-draft-v1
speaking,2,left_eyelid,right_cheek,100–250 ms,4,100,32,0,0.32,0.32,0.32,False,True,MOCK DATA / NOT A SCIENTIFIC RESULT,displacement-report-draft-v1
speaking,2,left_eyelid,right_cheek,250–500 ms,8,100,65,0,0.65,0.65,0.65,True,True,MOCK DATA / NOT A SCIENTIFIC RESULT,displacement-report-draft-v1
speaking,2,left_eyelid,right_eyelid,0–100 ms,3,100,20,0,0.2,0.2,0.2,False,True,MOCK DATA / NOT A SCIENTIFIC RESULT,displacement-report-draft-v1
speaking,2,left_eyelid,right_eyelid,100–250 ms,4,100,80,0,0.8,0.8,0.8,True,True,MOCK DATA / NOT A SCIENTIFIC RESULT,displacement-report-draft-v1
speaking,2,left_eyelid,right_eyelid,250–500 ms,8,100,83,0,0.83,0.83,0.83,True,True,MOCK DATA / NOT A SCIENTIFIC RESULT,displacement-report-draft-v1
speaking,2,mouth,jaw,0–100 ms,3,100,22,0,0.22,0.22,0.22,False,True,MOCK DATA / NOT A SCIENTIFIC RESULT,displacement-report-draft-v1
speaking,2,mouth,jaw,100–250 ms,4,100,92,0,0.92,0.92,0.92,True,True,MOCK DATA / NOT A SCIENTIFIC RESULT,displacement-report-draft-v1
speaking,2,mouth,jaw,250–500 ms,8,100,43,0,0.43,0.43,0.43,False,True,MOCK DATA / NOT A SCIENTIFIC RESULT,displacement-report-draft-v1
speaking,2,mouth,left_brow,0–100 ms,3,100,23,0,0.23,0.23,0.23,False,True,MOCK DATA / NOT A SCIENTIFIC RESULT,displacement-report-draft-v1
speaking,2,mouth,left_brow,100–250 ms,4,100,29,0,0.29,0.29,0.29,False,True,MOCK DATA / NOT A SCIENTIFIC RESULT,displacement-report-draft-v1
speaking,2,mouth,left_brow,250–500 ms,8,100,54,0,0.54,0.54,0.54,False,True,MOCK DATA / NOT A SCIENTIFIC RESULT,displacement-report-draft-v1
speaking,2,mouth,left_cheek,0–100 ms,3,100,21,0,0.21,0.21,0.21,False,True,MOCK DATA / NOT A SCIENTIFIC RESULT,displacement-report-draft-v1
speaking,2,mouth,left_cheek,100–250 ms,4,100,22,0,0.22,0.22,0.22,False,True,MOCK DATA / NOT A SCIENTIFIC RESULT,displacement-report-draft-v1
speaking,2,mouth,left_cheek,250–500 ms,8,100,54,0,0.54,0.54,0.54,False,True,MOCK DATA / NOT A SCIENTIFIC RESULT,displacement-report-draft-v1
speaking,2,mouth,left_eyelid,0–100 ms,3,100,25,0,0.25,0.25,0.25,False,True,MOCK DATA / NOT A SCIENTIFIC RESULT,displacement-report-draft-v1
speaking,2,mouth,left_eyelid,100–250 ms,4,100,30,0,0.3,0.3,0.3,False,True,MOCK DATA / NOT A SCIENTIFIC RESULT,displacement-report-draft-v1
speaking,2,mouth,left_eyelid,250–500 ms,8,100,42,0,0.42,0.42,0.42,False,True,MOCK DATA / NOT A SCIENTIFIC RESULT,displacement-report-draft-v1
speaking,2,mouth,right_brow,0–100 ms,3,100,23,0,0.23,0.23,0.23,False,True,MOCK DATA / NOT A SCIENTIFIC RESULT,displacement-report-draft-v1
speaking,2,mouth,right_brow,100–250 ms,4,100,20,0,0.2,0.2,0.2,False,True,MOCK DATA / NOT A SCIENTIFIC RESULT,displacement-report-draft-v1
speaking,2,mouth,right_brow,250–500 ms,8,100,64,0,0.64,0.64,0.64,True,True,MOCK DATA / NOT A SCIENTIFIC RESULT,displacement-report-draft-v1
speaking,2,mouth,right_cheek,0–100 ms,3,100,17,0,0.17,0.17,0.17,False,True,MOCK DATA / NOT A SCIENTIFIC RESULT,displacement-report-draft-v1
speaking,2,mouth,right_cheek,100–250 ms,4,100,21,0,0.21,0.21,0.21,False,True,MOCK DATA / NOT A SCIENTIFIC RESULT,displacement-report-draft-v1
speaking,2,mouth,right_cheek,250–500 ms,8,100,49,0,0.49,0.49,0.49,False,True,MOCK DATA / NOT A SCIENTIFIC RESULT,displacement-report-draft-v1
speaking,2,mouth,right_eyelid,0–100 ms,3,100,21,0,0.21,0.21,0.21,False,True,MOCK DATA / NOT A SCIENTIFIC RESULT,displacement-report-draft-v1
speaking,2,mouth,right_eyelid,100–250 ms,4,100,28,0,0.28,0.28,0.28,False,True,MOCK DATA / NOT A SCIENTIFIC RESULT,displacement-report-draft-v1
speaking,2,mouth,right_eyelid,250–500 ms,8,100,45,0,0.45,0.45,0.45,False,True,MOCK DATA / NOT A SCIENTIFIC RESULT,displacement-report-draft-v1
speaking,2,right_brow,jaw,0–100 ms,3,100,31,0,0.31,0.31,0.31,False,True,MOCK DATA / NOT A SCIENTIFIC RESULT,displacement-report-draft-v1
speaking,2,right_brow,jaw,100–250 ms,4,100,39,0,0.39,0.39,0.39,False,True,MOCK DATA / NOT A SCIENTIFIC RESULT,displacement-report-draft-v1
speaking,2,right_brow,jaw,250–500 ms,8,100,51,0,0.51,0.51,0.51,False,True,MOCK DATA / NOT A SCIENTIFIC RESULT,displacement-report-draft-v1
speaking,2,right_brow,left_brow,0–100 ms,3,100,21,0,0.21,0.21,0.21,False,True,MOCK DATA / NOT A SCIENTIFIC RESULT,displacement-report-draft-v1
speaking,2,right_brow,left_brow,100–250 ms,4,100,24,0,0.24,0.24,0.24,False,True,MOCK DATA / NOT A SCIENTIFIC RESULT,displacement-report-draft-v1
speaking,2,right_brow,left_brow,250–500 ms,8,100,47,0,0.47,0.47,0.47,False,True,MOCK DATA / NOT A SCIENTIFIC RESULT,displacement-report-draft-v1
speaking,2,right_brow,left_cheek,0–100 ms,3,100,40,0,0.4,0.4,0.4,True,True,MOCK DATA / NOT A SCIENTIFIC RESULT,displacement-report-draft-v1
speaking,2,right_brow,left_cheek,100–250 ms,4,100,28,0,0.28,0.28,0.28,False,True,MOCK DATA / NOT A SCIENTIFIC RESULT,displacement-report-draft-v1
speaking,2,right_brow,left_cheek,250–500 ms,8,100,48,0,0.48,0.48,0.48,False,True,MOCK DATA / NOT A SCIENTIFIC RESULT,displacement-report-draft-v1
speaking,2,right_brow,left_eyelid,0–100 ms,3,100,17,0,0.17,0.17,0.17,False,True,MOCK DATA / NOT A SCIENTIFIC RESULT,displacement-report-draft-v1
speaking,2,right_brow,left_eyelid,100–250 ms,4,100,94,0,0.94,0.94,0.94,True,True,MOCK DATA / NOT A SCIENTIFIC RESULT,displacement-report-draft-v1
speaking,2,right_brow,left_eyelid,250–500 ms,8,100,55,0,0.55,0.55,0.55,False,True,MOCK DATA / NOT A SCIENTIFIC RESULT,displacement-report-draft-v1
speaking,2,right_brow,mouth,0–100 ms,3,100,28,0,0.28,0.28,0.28,False,True,MOCK DATA / NOT A SCIENTIFIC RESULT,displacement-report-draft-v1
speaking,2,right_brow,mouth,100–250 ms,4,100,37,0,0.37,0.37,0.37,False,True,MOCK DATA / NOT A SCIENTIFIC RESULT,displacement-report-draft-v1
speaking,2,right_brow,mouth,250–500 ms,8,100,53,0,0.53,0.53,0.53,False,True,MOCK DATA / NOT A SCIENTIFIC RESULT,displacement-report-draft-v1
speaking,2,right_brow,right_cheek,0–100 ms,3,100,22,0,0.22,0.22,0.22,False,True,MOCK DATA / NOT A SCIENTIFIC RESULT,displacement-report-draft-v1
speaking,2,right_brow,right_cheek,100–250 ms,4,100,32,0,0.32,0.32,0.32,False,True,MOCK DATA / NOT A SCIENTIFIC RESULT,displacement-report-draft-v1
speaking,2,right_brow,right_cheek,250–500 ms,8,100,52,0,0.52,0.52,0.52,False,True,MOCK DATA / NOT A SCIENTIFIC RESULT,displacement-report-draft-v1
speaking,2,right_brow,right_eyelid,0–100 ms,3,100,23,0,0.23,0.23,0.23,False,True,MOCK DATA / NOT A SCIENTIFIC RESULT,displacement-report-draft-v1
speaking,2,right_brow,right_eyelid,100–250 ms,4,100,30,0,0.3,0.3,0.3,False,True,MOCK DATA / NOT A SCIENTIFIC RESULT,displacement-report-draft-v1
speaking,2,right_brow,right_eyelid,250–500 ms,8,100,45,0,0.45,0.45,0.45,False,True,MOCK DATA / NOT A SCIENTIFIC RESULT,displacement-report-draft-v1
speaking,2,right_cheek,jaw,0–100 ms,3,100,23,0,0.23,0.23,0.23,False,True,MOCK DATA / NOT A SCIENTIFIC RESULT,displacement-report-draft-v1
speaking,2,right_cheek,jaw,100–250 ms,4,100,27,0,0.27,0.27,0.27,False,True,MOCK DATA / NOT A SCIENTIFIC RESULT,displacement-report-draft-v1
speaking,2,right_cheek,jaw,250–500 ms,8,100,49,0,0.49,0.49,0.49,False,True,MOCK DATA / NOT A SCIENTIFIC RESULT,displacement-report-draft-v1
speaking,2,right_cheek,left_brow,0–100 ms,3,100,50,0,0.5,0.5,0.5,True,True,MOCK DATA / NOT A SCIENTIFIC RESULT,displacement-report-draft-v1
speaking,2,right_cheek,left_brow,100–250 ms,4,100,32,0,0.32,0.32,0.32,False,True,MOCK DATA / NOT A SCIENTIFIC RESULT,displacement-report-draft-v1
speaking,2,right_cheek,left_brow,250–500 ms,8,100,58,0,0.58,0.58,0.58,False,True,MOCK DATA / NOT A SCIENTIFIC RESULT,displacement-report-draft-v1
speaking,2,right_cheek,left_cheek,0–100 ms,3,100,21,0,0.21,0.21,0.21,False,True,MOCK DATA / NOT A SCIENTIFIC RESULT,displacement-report-draft-v1
speaking,2,right_cheek,left_cheek,100–250 ms,4,100,19,0,0.19,0.19,0.19,False,True,MOCK DATA / NOT A SCIENTIFIC RESULT,displacement-report-draft-v1
speaking,2,right_cheek,left_cheek,250–500 ms,8,100,54,0,0.54,0.54,0.54,False,True,MOCK DATA / NOT A SCIENTIFIC RESULT,displacement-report-draft-v1
speaking,2,right_cheek,left_eyelid,0–100 ms,3,100,24,0,0.24,0.24,0.24,False,True,MOCK DATA / NOT A SCIENTIFIC RESULT,displacement-report-draft-v1
speaking,2,right_cheek,left_eyelid,100–250 ms,4,100,29,0,0.29,0.29,0.29,False,True,MOCK DATA / NOT A SCIENTIFIC RESULT,displacement-report-draft-v1
speaking,2,right_cheek,left_eyelid,250–500 ms,8,100,48,0,0.48,0.48,0.48,False,True,MOCK DATA / NOT A SCIENTIFIC RESULT,displacement-report-draft-v1
speaking,2,right_cheek,mouth,0–100 ms,3,100,26,0,0.26,0.26,0.26,False,True,MOCK DATA / NOT A SCIENTIFIC RESULT,displacement-report-draft-v1
speaking,2,right_cheek,mouth,100–250 ms,4,100,81,0,0.81,0.81,0.81,True,True,MOCK DATA / NOT A SCIENTIFIC RESULT,displacement-report-draft-v1
speaking,2,right_cheek,mouth,250–500 ms,8,100,84,0,0.84,0.84,0.84,True,True,MOCK DATA / NOT A SCIENTIFIC RESULT,displacement-report-draft-v1
speaking,2,right_cheek,right_brow,0–100 ms,3,100,14,0,0.14,0.14,0.14,False,True,MOCK DATA / NOT A SCIENTIFIC RESULT,displacement-report-draft-v1
speaking,2,right_cheek,right_brow,100–250 ms,4,100,28,0,0.28,0.28,0.28,False,True,MOCK DATA / NOT A SCIENTIFIC RESULT,displacement-report-draft-v1
speaking,2,right_cheek,right_brow,250–500 ms,8,100,49,0,0.49,0.49,0.49,False,True,MOCK DATA / NOT A SCIENTIFIC RESULT,displacement-report-draft-v1
speaking,2,right_cheek,right_eyelid,0–100 ms,3,100,21,0,0.21,0.21,0.21,False,True,MOCK DATA / NOT A SCIENTIFIC RESULT,displacement-report-draft-v1
speaking,2,right_cheek,right_eyelid,100–250 ms,4,100,27,0,0.27,0.27,0.27,False,True,MOCK DATA / NOT A SCIENTIFIC RESULT,displacement-report-draft-v1
speaking,2,right_cheek,right_eyelid,250–500 ms,8,100,51,0,0.51,0.51,0.51,False,True,MOCK DATA / NOT A SCIENTIFIC RESULT,displacement-report-draft-v1
speaking,2,right_eyelid,jaw,0–100 ms,3,100,21,0,0.21,0.21,0.21,False,True,MOCK DATA / NOT A SCIENTIFIC RESULT,displacement-report-draft-v1
speaking,2,right_eyelid,jaw,100–250 ms,4,100,26,0,0.26,0.26,0.26,False,True,MOCK DATA / NOT A SCIENTIFIC RESULT,displacement-report-draft-v1
speaking,2,right_eyelid,jaw,250–500 ms,8,100,43,0,0.43,0.43,0.43,False,True,MOCK DATA / NOT A SCIENTIFIC RESULT,displacement-report-draft-v1
speaking,2,right_eyelid,left_brow,0–100 ms,3,100,20,0,0.2,0.2,0.2,False,True,MOCK DATA / NOT A SCIENTIFIC RESULT,displacement-report-draft-v1
speaking,2,right_eyelid,left_brow,100–250 ms,4,100,35,0,0.35,0.35,0.35,False,True,MOCK DATA / NOT A SCIENTIFIC RESULT,displacement-report-draft-v1
speaking,2,right_eyelid,left_brow,250–500 ms,8,100,35,0,0.35,0.35,0.35,False,True,MOCK DATA / NOT A SCIENTIFIC RESULT,displacement-report-draft-v1
speaking,2,right_eyelid,left_cheek,0–100 ms,3,100,24,0,0.24,0.24,0.24,False,True,MOCK DATA / NOT A SCIENTIFIC RESULT,displacement-report-draft-v1
speaking,2,right_eyelid,left_cheek,100–250 ms,4,100,93,0,0.93,0.93,0.93,True,True,MOCK DATA / NOT A SCIENTIFIC RESULT,displacement-report-draft-v1
speaking,2,right_eyelid,left_cheek,250–500 ms,8,100,52,0,0.52,0.52,0.52,False,True,MOCK DATA / NOT A SCIENTIFIC RESULT,displacement-report-draft-v1
speaking,2,right_eyelid,left_eyelid,0–100 ms,3,100,23,0,0.23,0.23,0.23,False,True,MOCK DATA / NOT A SCIENTIFIC RESULT,displacement-report-draft-v1
speaking,2,right_eyelid,left_eyelid,100–250 ms,4,100,27,0,0.27,0.27,0.27,False,True,MOCK DATA / NOT A SCIENTIFIC RESULT,displacement-report-draft-v1
speaking,2,right_eyelid,left_eyelid,250–500 ms,8,100,48,0,0.48,0.48,0.48,False,True,MOCK DATA / NOT A SCIENTIFIC RESULT,displacement-report-draft-v1
speaking,2,right_eyelid,mouth,0–100 ms,3,100,46,0,0.46,0.46,0.46,True,True,MOCK DATA / NOT A SCIENTIFIC RESULT,displacement-report-draft-v1
speaking,2,right_eyelid,mouth,100–250 ms,4,100,26,0,0.26,0.26,0.26,False,True,MOCK DATA / NOT A SCIENTIFIC RESULT,displacement-report-draft-v1
speaking,2,right_eyelid,mouth,250–500 ms,8,100,51,0,0.51,0.51,0.51,False,True,MOCK DATA / NOT A SCIENTIFIC RESULT,displacement-report-draft-v1
speaking,2,right_eyelid,right_brow,0–100 ms,3,100,22,0,0.22,0.22,0.22,False,True,MOCK DATA / NOT A SCIENTIFIC RESULT,displacement-report-draft-v1
speaking,2,right_eyelid,right_brow,100–250 ms,4,100,27,0,0.27,0.27,0.27,False,True,MOCK DATA / NOT A SCIENTIFIC RESULT,displacement-report-draft-v1
speaking,2,right_eyelid,right_brow,250–500 ms,8,100,49,0,0.49,0.49,0.49,False,True,MOCK DATA / NOT A SCIENTIFIC RESULT,displacement-report-draft-v1
speaking,2,right_eyelid,right_cheek,0–100 ms,3,100,23,0,0.23,0.23,0.23,False,True,MOCK DATA / NOT A SCIENTIFIC RESULT,displacement-report-draft-v1
speaking,2,right_eyelid,right_cheek,100–250 ms,4,100,30,0,0.3,0.3,0.3,False,True,MOCK DATA / NOT A SCIENTIFIC RESULT,displacement-report-draft-v1
speaking,2,right_eyelid,right_cheek,250–500 ms,8,100,53,0,0.53,0.53,0.53,False,True,MOCK DATA / NOT A SCIENTIFIC RESULT,displacement-report-draft-v1
speaking,3,jaw,left_brow,0–100 ms,3,100,23,0,0.23,0.23,0.23,False,True,MOCK DATA / NOT A SCIENTIFIC RESULT,displacement-report-draft-v1
speaking,3,jaw,left_brow,100–250 ms,4,100,88,0,0.88,0.88,0.88,True,True,MOCK DATA / NOT A SCIENTIFIC RESULT,displacement-report-draft-v1
speaking,3,jaw,left_brow,250–500 ms,8,100,54,0,0.54,0.54,0.54,False,True,MOCK DATA / NOT A SCIENTIFIC RESULT,displacement-report-draft-v1
speaking,3,jaw,left_cheek,0–100 ms,3,100,24,0,0.24,0.24,0.24,False,True,MOCK DATA / NOT A SCIENTIFIC RESULT,displacement-report-draft-v1
speaking,3,jaw,left_cheek,100–250 ms,4,100,26,0,0.26,0.26,0.26,False,True,MOCK DATA / NOT A SCIENTIFIC RESULT,displacement-report-draft-v1
speaking,3,jaw,left_cheek,250–500 ms,8,100,52,0,0.52,0.52,0.52,False,True,MOCK DATA / NOT A SCIENTIFIC RESULT,displacement-report-draft-v1
speaking,3,jaw,left_eyelid,0–100 ms,3,100,43,0,0.43,0.43,0.43,True,True,MOCK DATA / NOT A SCIENTIFIC RESULT,displacement-report-draft-v1
speaking,3,jaw,left_eyelid,100–250 ms,4,100,27,0,0.27,0.27,0.27,False,True,MOCK DATA / NOT A SCIENTIFIC RESULT,displacement-report-draft-v1
speaking,3,jaw,left_eyelid,250–500 ms,8,100,50,0,0.5,0.5,0.5,False,True,MOCK DATA / NOT A SCIENTIFIC RESULT,displacement-report-draft-v1
speaking,3,jaw,mouth,0–100 ms,3,100,26,0,0.26,0.26,0.26,False,True,MOCK DATA / NOT A SCIENTIFIC RESULT,displacement-report-draft-v1
speaking,3,jaw,mouth,100–250 ms,4,100,24,0,0.24,0.24,0.24,False,True,MOCK DATA / NOT A SCIENTIFIC RESULT,displacement-report-draft-v1
speaking,3,jaw,mouth,250–500 ms,8,100,51,0,0.51,0.51,0.51,False,True,MOCK DATA / NOT A SCIENTIFIC RESULT,displacement-report-draft-v1
speaking,3,jaw,right_brow,0–100 ms,3,100,16,0,0.16,0.16,0.16,False,True,MOCK DATA / NOT A SCIENTIFIC RESULT,displacement-report-draft-v1
speaking,3,jaw,right_brow,100–250 ms,4,100,36,0,0.36,0.36,0.36,False,True,MOCK DATA / NOT A SCIENTIFIC RESULT,displacement-report-draft-v1
speaking,3,jaw,right_brow,250–500 ms,8,100,50,0,0.5,0.5,0.5,False,True,MOCK DATA / NOT A SCIENTIFIC RESULT,displacement-report-draft-v1
speaking,3,jaw,right_cheek,0–100 ms,3,100,24,0,0.24,0.24,0.24,False,True,MOCK DATA / NOT A SCIENTIFIC RESULT,displacement-report-draft-v1
speaking,3,jaw,right_cheek,100–250 ms,4,100,23,0,0.23,0.23,0.23,False,True,MOCK DATA / NOT A SCIENTIFIC RESULT,displacement-report-draft-v1
speaking,3,jaw,right_cheek,250–500 ms,8,100,42,0,0.42,0.42,0.42,False,True,MOCK DATA / NOT A SCIENTIFIC RESULT,displacement-report-draft-v1
speaking,3,jaw,right_eyelid,0–100 ms,3,100,20,0,0.2,0.2,0.2,False,True,MOCK DATA / NOT A SCIENTIFIC RESULT,displacement-report-draft-v1
speaking,3,jaw,right_eyelid,100–250 ms,4,100,27,0,0.27,0.27,0.27,False,True,MOCK DATA / NOT A SCIENTIFIC RESULT,displacement-report-draft-v1
speaking,3,jaw,right_eyelid,250–500 ms,8,100,58,0,0.58,0.58,0.58,False,True,MOCK DATA / NOT A SCIENTIFIC RESULT,displacement-report-draft-v1
speaking,3,left_brow,jaw,0–100 ms,3,100,27,0,0.27,0.27,0.27,False,True,MOCK DATA / NOT A SCIENTIFIC RESULT,displacement-report-draft-v1
speaking,3,left_brow,jaw,100–250 ms,4,100,29,0,0.29,0.29,0.29,False,True,MOCK DATA / NOT A SCIENTIFIC RESULT,displacement-report-draft-v1
speaking,3,left_brow,jaw,250–500 ms,8,100,46,0,0.46,0.46,0.46,False,True,MOCK DATA / NOT A SCIENTIFIC RESULT,displacement-report-draft-v1
speaking,3,left_brow,left_cheek,0–100 ms,3,100,30,0,0.3,0.3,0.3,False,True,MOCK DATA / NOT A SCIENTIFIC RESULT,displacement-report-draft-v1
speaking,3,left_brow,left_cheek,100–250 ms,4,100,29,0,0.29,0.29,0.29,False,True,MOCK DATA / NOT A SCIENTIFIC RESULT,displacement-report-draft-v1
speaking,3,left_brow,left_cheek,250–500 ms,8,100,48,0,0.48,0.48,0.48,False,True,MOCK DATA / NOT A SCIENTIFIC RESULT,displacement-report-draft-v1
speaking,3,left_brow,left_eyelid,0–100 ms,3,100,26,0,0.26,0.26,0.26,False,True,MOCK DATA / NOT A SCIENTIFIC RESULT,displacement-report-draft-v1
speaking,3,left_brow,left_eyelid,100–250 ms,4,100,31,0,0.31,0.31,0.31,False,True,MOCK DATA / NOT A SCIENTIFIC RESULT,displacement-report-draft-v1
speaking,3,left_brow,left_eyelid,250–500 ms,8,100,52,0,0.52,0.52,0.52,False,True,MOCK DATA / NOT A SCIENTIFIC RESULT,displacement-report-draft-v1
speaking,3,left_brow,mouth,0–100 ms,3,100,24,0,0.24,0.24,0.24,False,True,MOCK DATA / NOT A SCIENTIFIC RESULT,displacement-report-draft-v1
speaking,3,left_brow,mouth,100–250 ms,4,100,26,0,0.26,0.26,0.26,False,True,MOCK DATA / NOT A SCIENTIFIC RESULT,displacement-report-draft-v1
speaking,3,left_brow,mouth,250–500 ms,8,100,57,0,0.57,0.57,0.57,False,True,MOCK DATA / NOT A SCIENTIFIC RESULT,displacement-report-draft-v1
speaking,3,left_brow,right_brow,0–100 ms,3,100,16,0,0.16,0.16,0.16,False,True,MOCK DATA / NOT A SCIENTIFIC RESULT,displacement-report-draft-v1
speaking,3,left_brow,right_brow,100–250 ms,4,100,95,0,0.95,0.95,0.95,True,True,MOCK DATA / NOT A SCIENTIFIC RESULT,displacement-report-draft-v1
speaking,3,left_brow,right_brow,250–500 ms,8,100,49,0,0.49,0.49,0.49,False,True,MOCK DATA / NOT A SCIENTIFIC RESULT,displacement-report-draft-v1
speaking,3,left_brow,right_cheek,0–100 ms,3,100,20,0,0.2,0.2,0.2,False,True,MOCK DATA / NOT A SCIENTIFIC RESULT,displacement-report-draft-v1
speaking,3,left_brow,right_cheek,100–250 ms,4,100,32,0,0.32,0.32,0.32,False,True,MOCK DATA / NOT A SCIENTIFIC RESULT,displacement-report-draft-v1
speaking,3,left_brow,right_cheek,250–500 ms,8,100,54,0,0.54,0.54,0.54,False,True,MOCK DATA / NOT A SCIENTIFIC RESULT,displacement-report-draft-v1
speaking,3,left_brow,right_eyelid,0–100 ms,3,100,16,0,0.16,0.16,0.16,False,True,MOCK DATA / NOT A SCIENTIFIC RESULT,displacement-report-draft-v1
speaking,3,left_brow,right_eyelid,100–250 ms,4,100,28,0,0.28,0.28,0.28,False,True,MOCK DATA / NOT A SCIENTIFIC RESULT,displacement-report-draft-v1
speaking,3,left_brow,right_eyelid,250–500 ms,8,100,71,0,0.71,0.71,0.71,True,True,MOCK DATA / NOT A SCIENTIFIC RESULT,displacement-report-draft-v1
speaking,3,left_cheek,jaw,0–100 ms,3,100,21,0,0.21,0.21,0.21,False,True,MOCK DATA / NOT A SCIENTIFIC RESULT,displacement-report-draft-v1
speaking,3,left_cheek,jaw,100–250 ms,4,100,30,0,0.3,0.3,0.3,False,True,MOCK DATA / NOT A SCIENTIFIC RESULT,displacement-report-draft-v1
speaking,3,left_cheek,jaw,250–500 ms,8,100,66,0,0.66,0.66,0.66,True,True,MOCK DATA / NOT A SCIENTIFIC RESULT,displacement-report-draft-v1
speaking,3,left_cheek,left_brow,0–100 ms,3,100,23,0,0.23,0.23,0.23,False,True,MOCK DATA / NOT A SCIENTIFIC RESULT,displacement-report-draft-v1
speaking,3,left_cheek,left_brow,100–250 ms,4,100,32,0,0.32,0.32,0.32,False,True,MOCK DATA / NOT A SCIENTIFIC RESULT,displacement-report-draft-v1
speaking,3,left_cheek,left_brow,250–500 ms,8,100,51,0,0.51,0.51,0.51,False,True,MOCK DATA / NOT A SCIENTIFIC RESULT,displacement-report-draft-v1
speaking,3,left_cheek,left_eyelid,0–100 ms,3,100,25,0,0.25,0.25,0.25,False,True,MOCK DATA / NOT A SCIENTIFIC RESULT,displacement-report-draft-v1
speaking,3,left_cheek,left_eyelid,100–250 ms,4,100,32,0,0.32,0.32,0.32,False,True,MOCK DATA / NOT A SCIENTIFIC RESULT,displacement-report-draft-v1
speaking,3,left_cheek,left_eyelid,250–500 ms,8,100,50,0,0.5,0.5,0.5,False,True,MOCK DATA / NOT A SCIENTIFIC RESULT,displacement-report-draft-v1
speaking,3,left_cheek,mouth,0–100 ms,3,100,24,0,0.24,0.24,0.24,False,True,MOCK DATA / NOT A SCIENTIFIC RESULT,displacement-report-draft-v1
speaking,3,left_cheek,mouth,100–250 ms,4,100,32,0,0.32,0.32,0.32,False,True,MOCK DATA / NOT A SCIENTIFIC RESULT,displacement-report-draft-v1
speaking,3,left_cheek,mouth,250–500 ms,8,100,56,0,0.56,0.56,0.56,False,True,MOCK DATA / NOT A SCIENTIFIC RESULT,displacement-report-draft-v1
speaking,3,left_cheek,right_brow,0–100 ms,3,100,30,0,0.3,0.3,0.3,False,True,MOCK DATA / NOT A SCIENTIFIC RESULT,displacement-report-draft-v1
speaking,3,left_cheek,right_brow,100–250 ms,4,100,29,0,0.29,0.29,0.29,False,True,MOCK DATA / NOT A SCIENTIFIC RESULT,displacement-report-draft-v1
speaking,3,left_cheek,right_brow,250–500 ms,8,100,50,0,0.5,0.5,0.5,False,True,MOCK DATA / NOT A SCIENTIFIC RESULT,displacement-report-draft-v1
speaking,3,left_cheek,right_cheek,0–100 ms,3,100,15,0,0.15,0.15,0.15,False,True,MOCK DATA / NOT A SCIENTIFIC RESULT,displacement-report-draft-v1
speaking,3,left_cheek,right_cheek,100–250 ms,4,100,93,0,0.93,0.93,0.93,True,True,MOCK DATA / NOT A SCIENTIFIC RESULT,displacement-report-draft-v1
speaking,3,left_cheek,right_cheek,250–500 ms,8,100,47,0,0.47,0.47,0.47,False,True,MOCK DATA / NOT A SCIENTIFIC RESULT,displacement-report-draft-v1
speaking,3,left_cheek,right_eyelid,0–100 ms,3,100,24,0,0.24,0.24,0.24,False,True,MOCK DATA / NOT A SCIENTIFIC RESULT,displacement-report-draft-v1
speaking,3,left_cheek,right_eyelid,100–250 ms,4,100,24,0,0.24,0.24,0.24,False,True,MOCK DATA / NOT A SCIENTIFIC RESULT,displacement-report-draft-v1
speaking,3,left_cheek,right_eyelid,250–500 ms,8,100,60,0,0.6,0.6,0.6,False,True,MOCK DATA / NOT A SCIENTIFIC RESULT,displacement-report-draft-v1
speaking,3,left_eyelid,jaw,0–100 ms,3,100,24,0,0.24,0.24,0.24,False,True,MOCK DATA / NOT A SCIENTIFIC RESULT,displacement-report-draft-v1
speaking,3,left_eyelid,jaw,100–250 ms,4,100,24,0,0.24,0.24,0.24,False,True,MOCK DATA / NOT A SCIENTIFIC RESULT,displacement-report-draft-v1
speaking,3,left_eyelid,jaw,250–500 ms,8,100,53,0,0.53,0.53,0.53,False,True,MOCK DATA / NOT A SCIENTIFIC RESULT,displacement-report-draft-v1
speaking,3,left_eyelid,left_brow,0–100 ms,3,100,22,0,0.22,0.22,0.22,False,True,MOCK DATA / NOT A SCIENTIFIC RESULT,displacement-report-draft-v1
speaking,3,left_eyelid,left_brow,100–250 ms,4,100,28,0,0.28,0.28,0.28,False,True,MOCK DATA / NOT A SCIENTIFIC RESULT,displacement-report-draft-v1
speaking,3,left_eyelid,left_brow,250–500 ms,8,100,56,0,0.56,0.56,0.56,False,True,MOCK DATA / NOT A SCIENTIFIC RESULT,displacement-report-draft-v1
speaking,3,left_eyelid,left_cheek,0–100 ms,3,100,22,0,0.22,0.22,0.22,False,True,MOCK DATA / NOT A SCIENTIFIC RESULT,displacement-report-draft-v1
speaking,3,left_eyelid,left_cheek,100–250 ms,4,100,33,0,0.33,0.33,0.33,False,True,MOCK DATA / NOT A SCIENTIFIC RESULT,displacement-report-draft-v1
speaking,3,left_eyelid,left_cheek,250–500 ms,8,100,50,0,0.5,0.5,0.5,False,True,MOCK DATA / NOT A SCIENTIFIC RESULT,displacement-report-draft-v1
speaking,3,left_eyelid,mouth,0–100 ms,3,100,25,0,0.25,0.25,0.25,False,True,MOCK DATA / NOT A SCIENTIFIC RESULT,displacement-report-draft-v1
speaking,3,left_eyelid,mouth,100–250 ms,4,100,23,0,0.23,0.23,0.23,False,True,MOCK DATA / NOT A SCIENTIFIC RESULT,displacement-report-draft-v1
speaking,3,left_eyelid,mouth,250–500 ms,8,100,53,0,0.53,0.53,0.53,False,True,MOCK DATA / NOT A SCIENTIFIC RESULT,displacement-report-draft-v1
speaking,3,left_eyelid,right_brow,0–100 ms,3,100,27,0,0.27,0.27,0.27,False,True,MOCK DATA / NOT A SCIENTIFIC RESULT,displacement-report-draft-v1
speaking,3,left_eyelid,right_brow,100–250 ms,4,100,24,0,0.24,0.24,0.24,False,True,MOCK DATA / NOT A SCIENTIFIC RESULT,displacement-report-draft-v1
speaking,3,left_eyelid,right_brow,250–500 ms,8,100,52,0,0.52,0.52,0.52,False,True,MOCK DATA / NOT A SCIENTIFIC RESULT,displacement-report-draft-v1
speaking,3,left_eyelid,right_cheek,0–100 ms,3,100,25,0,0.25,0.25,0.25,False,True,MOCK DATA / NOT A SCIENTIFIC RESULT,displacement-report-draft-v1
speaking,3,left_eyelid,right_cheek,100–250 ms,4,100,33,0,0.33,0.33,0.33,False,True,MOCK DATA / NOT A SCIENTIFIC RESULT,displacement-report-draft-v1
speaking,3,left_eyelid,right_cheek,250–500 ms,8,100,57,0,0.57,0.57,0.57,True,True,MOCK DATA / NOT A SCIENTIFIC RESULT,displacement-report-draft-v1
speaking,3,left_eyelid,right_eyelid,0–100 ms,3,100,21,0,0.21,0.21,0.21,False,True,MOCK DATA / NOT A SCIENTIFIC RESULT,displacement-report-draft-v1
speaking,3,left_eyelid,right_eyelid,100–250 ms,4,100,68,0,0.68,0.68,0.68,True,True,MOCK DATA / NOT A SCIENTIFIC RESULT,displacement-report-draft-v1
speaking,3,left_eyelid,right_eyelid,250–500 ms,8,100,91,0,0.91,0.91,0.91,True,True,MOCK DATA / NOT A SCIENTIFIC RESULT,displacement-report-draft-v1
speaking,3,mouth,jaw,0–100 ms,3,100,28,0,0.28,0.28,0.28,False,True,MOCK DATA / NOT A SCIENTIFIC RESULT,displacement-report-draft-v1
speaking,3,mouth,jaw,100–250 ms,4,100,95,0,0.95,0.95,0.95,True,True,MOCK DATA / NOT A SCIENTIFIC RESULT,displacement-report-draft-v1
speaking,3,mouth,jaw,250–500 ms,8,100,54,0,0.54,0.54,0.54,False,True,MOCK DATA / NOT A SCIENTIFIC RESULT,displacement-report-draft-v1
speaking,3,mouth,left_brow,0–100 ms,3,100,21,0,0.21,0.21,0.21,False,True,MOCK DATA / NOT A SCIENTIFIC RESULT,displacement-report-draft-v1
speaking,3,mouth,left_brow,100–250 ms,4,100,32,0,0.32,0.32,0.32,False,True,MOCK DATA / NOT A SCIENTIFIC RESULT,displacement-report-draft-v1
speaking,3,mouth,left_brow,250–500 ms,8,100,57,0,0.57,0.57,0.57,False,True,MOCK DATA / NOT A SCIENTIFIC RESULT,displacement-report-draft-v1
speaking,3,mouth,left_cheek,0–100 ms,3,100,28,0,0.28,0.28,0.28,False,True,MOCK DATA / NOT A SCIENTIFIC RESULT,displacement-report-draft-v1
speaking,3,mouth,left_cheek,100–250 ms,4,100,30,0,0.3,0.3,0.3,False,True,MOCK DATA / NOT A SCIENTIFIC RESULT,displacement-report-draft-v1
speaking,3,mouth,left_cheek,250–500 ms,8,100,57,0,0.57,0.57,0.57,False,True,MOCK DATA / NOT A SCIENTIFIC RESULT,displacement-report-draft-v1
speaking,3,mouth,left_eyelid,0–100 ms,3,100,25,0,0.25,0.25,0.25,False,True,MOCK DATA / NOT A SCIENTIFIC RESULT,displacement-report-draft-v1
speaking,3,mouth,left_eyelid,100–250 ms,4,100,26,0,0.26,0.26,0.26,False,True,MOCK DATA / NOT A SCIENTIFIC RESULT,displacement-report-draft-v1
speaking,3,mouth,left_eyelid,250–500 ms,8,100,56,0,0.56,0.56,0.56,False,True,MOCK DATA / NOT A SCIENTIFIC RESULT,displacement-report-draft-v1
speaking,3,mouth,right_brow,0–100 ms,3,100,24,0,0.24,0.24,0.24,False,True,MOCK DATA / NOT A SCIENTIFIC RESULT,displacement-report-draft-v1
speaking,3,mouth,right_brow,100–250 ms,4,100,30,0,0.3,0.3,0.3,False,True,MOCK DATA / NOT A SCIENTIFIC RESULT,displacement-report-draft-v1
speaking,3,mouth,right_brow,250–500 ms,8,100,71,0,0.71,0.71,0.71,True,True,MOCK DATA / NOT A SCIENTIFIC RESULT,displacement-report-draft-v1
speaking,3,mouth,right_cheek,0–100 ms,3,100,18,0,0.18,0.18,0.18,False,True,MOCK DATA / NOT A SCIENTIFIC RESULT,displacement-report-draft-v1
speaking,3,mouth,right_cheek,100–250 ms,4,100,37,0,0.37,0.37,0.37,False,True,MOCK DATA / NOT A SCIENTIFIC RESULT,displacement-report-draft-v1
speaking,3,mouth,right_cheek,250–500 ms,8,100,56,0,0.56,0.56,0.56,False,True,MOCK DATA / NOT A SCIENTIFIC RESULT,displacement-report-draft-v1
speaking,3,mouth,right_eyelid,0–100 ms,3,100,23,0,0.23,0.23,0.23,False,True,MOCK DATA / NOT A SCIENTIFIC RESULT,displacement-report-draft-v1
speaking,3,mouth,right_eyelid,100–250 ms,4,100,30,0,0.3,0.3,0.3,False,True,MOCK DATA / NOT A SCIENTIFIC RESULT,displacement-report-draft-v1
speaking,3,mouth,right_eyelid,250–500 ms,8,100,45,0,0.45,0.45,0.45,False,True,MOCK DATA / NOT A SCIENTIFIC RESULT,displacement-report-draft-v1
speaking,3,right_brow,jaw,0–100 ms,3,100,18,0,0.18,0.18,0.18,False,True,MOCK DATA / NOT A SCIENTIFIC RESULT,displacement-report-draft-v1
speaking,3,right_brow,jaw,100–250 ms,4,100,32,0,0.32,0.32,0.32,False,True,MOCK DATA / NOT A SCIENTIFIC RESULT,displacement-report-draft-v1
speaking,3,right_brow,jaw,250–500 ms,8,100,46,0,0.46,0.46,0.46,False,True,MOCK DATA / NOT A SCIENTIFIC RESULT,displacement-report-draft-v1
speaking,3,right_brow,left_brow,0–100 ms,3,100,20,0,0.2,0.2,0.2,False,True,MOCK DATA / NOT A SCIENTIFIC RESULT,displacement-report-draft-v1
speaking,3,right_brow,left_brow,100–250 ms,4,100,27,0,0.27,0.27,0.27,False,True,MOCK DATA / NOT A SCIENTIFIC RESULT,displacement-report-draft-v1
speaking,3,right_brow,left_brow,250–500 ms,8,100,54,0,0.54,0.54,0.54,False,True,MOCK DATA / NOT A SCIENTIFIC RESULT,displacement-report-draft-v1
speaking,3,right_brow,left_cheek,0–100 ms,3,100,52,0,0.52,0.52,0.52,True,True,MOCK DATA / NOT A SCIENTIFIC RESULT,displacement-report-draft-v1
speaking,3,right_brow,left_cheek,100–250 ms,4,100,32,0,0.32,0.32,0.32,False,True,MOCK DATA / NOT A SCIENTIFIC RESULT,displacement-report-draft-v1
speaking,3,right_brow,left_cheek,250–500 ms,8,100,53,0,0.53,0.53,0.53,False,True,MOCK DATA / NOT A SCIENTIFIC RESULT,displacement-report-draft-v1
speaking,3,right_brow,left_eyelid,0–100 ms,3,100,22,0,0.22,0.22,0.22,False,True,MOCK DATA / NOT A SCIENTIFIC RESULT,displacement-report-draft-v1
speaking,3,right_brow,left_eyelid,100–250 ms,4,100,92,0,0.92,0.92,0.92,True,True,MOCK DATA / NOT A SCIENTIFIC RESULT,displacement-report-draft-v1
speaking,3,right_brow,left_eyelid,250–500 ms,8,100,52,0,0.52,0.52,0.52,False,True,MOCK DATA / NOT A SCIENTIFIC RESULT,displacement-report-draft-v1
speaking,3,right_brow,mouth,0–100 ms,3,100,17,0,0.17,0.17,0.17,False,True,MOCK DATA / NOT A SCIENTIFIC RESULT,displacement-report-draft-v1
speaking,3,right_brow,mouth,100–250 ms,4,100,30,0,0.3,0.3,0.3,False,True,MOCK DATA / NOT A SCIENTIFIC RESULT,displacement-report-draft-v1
speaking,3,right_brow,mouth,250–500 ms,8,100,47,0,0.47,0.47,0.47,False,True,MOCK DATA / NOT A SCIENTIFIC RESULT,displacement-report-draft-v1
speaking,3,right_brow,right_cheek,0–100 ms,3,100,27,0,0.27,0.27,0.27,False,True,MOCK DATA / NOT A SCIENTIFIC RESULT,displacement-report-draft-v1
speaking,3,right_brow,right_cheek,100–250 ms,4,100,26,0,0.26,0.26,0.26,False,True,MOCK DATA / NOT A SCIENTIFIC RESULT,displacement-report-draft-v1
speaking,3,right_brow,right_cheek,250–500 ms,8,100,53,0,0.53,0.53,0.53,False,True,MOCK DATA / NOT A SCIENTIFIC RESULT,displacement-report-draft-v1
speaking,3,right_brow,right_eyelid,0–100 ms,3,100,22,0,0.22,0.22,0.22,False,True,MOCK DATA / NOT A SCIENTIFIC RESULT,displacement-report-draft-v1
speaking,3,right_brow,right_eyelid,100–250 ms,4,100,23,0,0.23,0.23,0.23,False,True,MOCK DATA / NOT A SCIENTIFIC RESULT,displacement-report-draft-v1
speaking,3,right_brow,right_eyelid,250–500 ms,8,100,51,0,0.51,0.51,0.51,False,True,MOCK DATA / NOT A SCIENTIFIC RESULT,displacement-report-draft-v1
speaking,3,right_cheek,jaw,0–100 ms,3,100,28,0,0.28,0.28,0.28,False,True,MOCK DATA / NOT A SCIENTIFIC RESULT,displacement-report-draft-v1
speaking,3,right_cheek,jaw,100–250 ms,4,100,25,0,0.25,0.25,0.25,False,True,MOCK DATA / NOT A SCIENTIFIC RESULT,displacement-report-draft-v1
speaking,3,right_cheek,jaw,250–500 ms,8,100,59,0,0.59,0.59,0.59,False,True,MOCK DATA / NOT A SCIENTIFIC RESULT,displacement-report-draft-v1
speaking,3,right_cheek,left_brow,0–100 ms,3,100,50,0,0.5,0.5,0.5,True,True,MOCK DATA / NOT A SCIENTIFIC RESULT,displacement-report-draft-v1
speaking,3,right_cheek,left_brow,100–250 ms,4,100,34,0,0.34,0.34,0.34,False,True,MOCK DATA / NOT A SCIENTIFIC RESULT,displacement-report-draft-v1
speaking,3,right_cheek,left_brow,250–500 ms,8,100,53,0,0.53,0.53,0.53,False,True,MOCK DATA / NOT A SCIENTIFIC RESULT,displacement-report-draft-v1
speaking,3,right_cheek,left_cheek,0–100 ms,3,100,23,0,0.23,0.23,0.23,False,True,MOCK DATA / NOT A SCIENTIFIC RESULT,displacement-report-draft-v1
speaking,3,right_cheek,left_cheek,100–250 ms,4,100,27,0,0.27,0.27,0.27,False,True,MOCK DATA / NOT A SCIENTIFIC RESULT,displacement-report-draft-v1
speaking,3,right_cheek,left_cheek,250–500 ms,8,100,43,0,0.43,0.43,0.43,False,True,MOCK DATA / NOT A SCIENTIFIC RESULT,displacement-report-draft-v1
speaking,3,right_cheek,left_eyelid,0–100 ms,3,100,15,0,0.15,0.15,0.15,False,True,MOCK DATA / NOT A SCIENTIFIC RESULT,displacement-report-draft-v1
speaking,3,right_cheek,left_eyelid,100–250 ms,4,100,27,0,0.27,0.27,0.27,False,True,MOCK DATA / NOT A SCIENTIFIC RESULT,displacement-report-draft-v1
speaking,3,right_cheek,left_eyelid,250–500 ms,8,100,45,0,0.45,0.45,0.45,False,True,MOCK DATA / NOT A SCIENTIFIC RESULT,displacement-report-draft-v1
speaking,3,right_cheek,mouth,0–100 ms,3,100,21,0,0.21,0.21,0.21,False,True,MOCK DATA / NOT A SCIENTIFIC RESULT,displacement-report-draft-v1
speaking,3,right_cheek,mouth,100–250 ms,4,100,70,0,0.7,0.7,0.7,True,True,MOCK DATA / NOT A SCIENTIFIC RESULT,displacement-report-draft-v1
speaking,3,right_cheek,mouth,250–500 ms,8,100,83,0,0.83,0.83,0.83,True,True,MOCK DATA / NOT A SCIENTIFIC RESULT,displacement-report-draft-v1
speaking,3,right_cheek,right_brow,0–100 ms,3,100,16,0,0.16,0.16,0.16,False,True,MOCK DATA / NOT A SCIENTIFIC RESULT,displacement-report-draft-v1
speaking,3,right_cheek,right_brow,100–250 ms,4,100,23,0,0.23,0.23,0.23,False,True,MOCK DATA / NOT A SCIENTIFIC RESULT,displacement-report-draft-v1
speaking,3,right_cheek,right_brow,250–500 ms,8,100,48,0,0.48,0.48,0.48,False,True,MOCK DATA / NOT A SCIENTIFIC RESULT,displacement-report-draft-v1
speaking,3,right_cheek,right_eyelid,0–100 ms,3,100,24,0,0.24,0.24,0.24,False,True,MOCK DATA / NOT A SCIENTIFIC RESULT,displacement-report-draft-v1
speaking,3,right_cheek,right_eyelid,100–250 ms,4,100,25,0,0.25,0.25,0.25,False,True,MOCK DATA / NOT A SCIENTIFIC RESULT,displacement-report-draft-v1
speaking,3,right_cheek,right_eyelid,250–500 ms,8,100,48,0,0.48,0.48,0.48,False,True,MOCK DATA / NOT A SCIENTIFIC RESULT,displacement-report-draft-v1
speaking,3,right_eyelid,jaw,0–100 ms,3,100,24,0,0.24,0.24,0.24,False,True,MOCK DATA / NOT A SCIENTIFIC RESULT,displacement-report-draft-v1
speaking,3,right_eyelid,jaw,100–250 ms,4,100,29,0,0.29,0.29,0.29,False,True,MOCK DATA / NOT A SCIENTIFIC RESULT,displacement-report-draft-v1
speaking,3,right_eyelid,jaw,250–500 ms,8,100,50,0,0.5,0.5,0.5,False,True,MOCK DATA / NOT A SCIENTIFIC RESULT,displacement-report-draft-v1
speaking,3,right_eyelid,left_brow,0–100 ms,3,100,22,0,0.22,0.22,0.22,False,True,MOCK DATA / NOT A SCIENTIFIC RESULT,displacement-report-draft-v1
speaking,3,right_eyelid,left_brow,100–250 ms,4,100,24,0,0.24,0.24,0.24,False,True,MOCK DATA / NOT A SCIENTIFIC RESULT,displacement-report-draft-v1
speaking,3,right_eyelid,left_brow,250–500 ms,8,100,41,0,0.41,0.41,0.41,False,True,MOCK DATA / NOT A SCIENTIFIC RESULT,displacement-report-draft-v1
speaking,3,right_eyelid,left_cheek,0–100 ms,3,100,27,0,0.27,0.27,0.27,False,True,MOCK DATA / NOT A SCIENTIFIC RESULT,displacement-report-draft-v1
speaking,3,right_eyelid,left_cheek,100–250 ms,4,100,94,0,0.94,0.94,0.94,True,True,MOCK DATA / NOT A SCIENTIFIC RESULT,displacement-report-draft-v1
speaking,3,right_eyelid,left_cheek,250–500 ms,8,100,49,0,0.49,0.49,0.49,False,True,MOCK DATA / NOT A SCIENTIFIC RESULT,displacement-report-draft-v1
speaking,3,right_eyelid,left_eyelid,0–100 ms,3,100,23,0,0.23,0.23,0.23,False,True,MOCK DATA / NOT A SCIENTIFIC RESULT,displacement-report-draft-v1
speaking,3,right_eyelid,left_eyelid,100–250 ms,4,100,23,0,0.23,0.23,0.23,False,True,MOCK DATA / NOT A SCIENTIFIC RESULT,displacement-report-draft-v1
speaking,3,right_eyelid,left_eyelid,250–500 ms,8,100,47,0,0.47,0.47,0.47,False,True,MOCK DATA / NOT A SCIENTIFIC RESULT,displacement-report-draft-v1
speaking,3,right_eyelid,mouth,0–100 ms,3,100,48,0,0.48,0.48,0.48,True,True,MOCK DATA / NOT A SCIENTIFIC RESULT,displacement-report-draft-v1
speaking,3,right_eyelid,mouth,100–250 ms,4,100,34,0,0.34,0.34,0.34,False,True,MOCK DATA / NOT A SCIENTIFIC RESULT,displacement-report-draft-v1
speaking,3,right_eyelid,mouth,250–500 ms,8,100,62,0,0.62,0.62,0.62,False,True,MOCK DATA / NOT A SCIENTIFIC RESULT,displacement-report-draft-v1
speaking,3,right_eyelid,right_brow,0–100 ms,3,100,26,0,0.26,0.26,0.26,False,True,MOCK DATA / NOT A SCIENTIFIC RESULT,displacement-report-draft-v1
speaking,3,right_eyelid,right_brow,100–250 ms,4,100,23,0,0.23,0.23,0.23,False,True,MOCK DATA / NOT A SCIENTIFIC RESULT,displacement-report-draft-v1
speaking,3,right_eyelid,right_brow,250–500 ms,8,100,55,0,0.55,0.55,0.55,False,True,MOCK DATA / NOT A SCIENTIFIC RESULT,displacement-report-draft-v1
speaking,3,right_eyelid,right_cheek,0–100 ms,3,100,20,0,0.2,0.2,0.2,False,True,MOCK DATA / NOT A SCIENTIFIC RESULT,displacement-report-draft-v1
speaking,3,right_eyelid,right_cheek,100–250 ms,4,100,22,0,0.22,0.22,0.22,False,True,MOCK DATA / NOT A SCIENTIFIC RESULT,displacement-report-draft-v1
speaking,3,right_eyelid,right_cheek,250–500 ms,8,100,50,0,0.5,0.5,0.5,False,True,MOCK DATA / NOT A SCIENTIFIC RESULT,displacement-report-draft-v1
speaking,4,jaw,left_brow,0–100 ms,3,100,26,0,0.26,0.26,0.26,False,True,MOCK DATA / NOT A SCIENTIFIC RESULT,displacement-report-draft-v1
speaking,4,jaw,left_brow,100–250 ms,4,100,89,0,0.89,0.89,0.89,True,True,MOCK DATA / NOT A SCIENTIFIC RESULT,displacement-report-draft-v1
speaking,4,jaw,left_brow,250–500 ms,8,100,35,0,0.35,0.35,0.35,False,True,MOCK DATA / NOT A SCIENTIFIC RESULT,displacement-report-draft-v1
speaking,4,jaw,left_cheek,0–100 ms,3,100,20,0,0.2,0.2,0.2,False,True,MOCK DATA / NOT A SCIENTIFIC RESULT,displacement-report-draft-v1
speaking,4,jaw,left_cheek,100–250 ms,4,100,24,0,0.24,0.24,0.24,False,True,MOCK DATA / NOT A SCIENTIFIC RESULT,displacement-report-draft-v1
speaking,4,jaw,left_cheek,250–500 ms,8,100,48,0,0.48,0.48,0.48,False,True,MOCK DATA / NOT A SCIENTIFIC RESULT,displacement-report-draft-v1
speaking,4,jaw,left_eyelid,0–100 ms,3,100,54,0,0.54,0.54,0.54,True,True,MOCK DATA / NOT A SCIENTIFIC RESULT,displacement-report-draft-v1
speaking,4,jaw,left_eyelid,100–250 ms,4,100,35,0,0.35,0.35,0.35,False,True,MOCK DATA / NOT A SCIENTIFIC RESULT,displacement-report-draft-v1
speaking,4,jaw,left_eyelid,250–500 ms,8,100,52,0,0.52,0.52,0.52,False,True,MOCK DATA / NOT A SCIENTIFIC RESULT,displacement-report-draft-v1
speaking,4,jaw,mouth,0–100 ms,3,100,21,0,0.21,0.21,0.21,False,True,MOCK DATA / NOT A SCIENTIFIC RESULT,displacement-report-draft-v1
speaking,4,jaw,mouth,100–250 ms,4,100,30,0,0.3,0.3,0.3,False,True,MOCK DATA / NOT A SCIENTIFIC RESULT,displacement-report-draft-v1
speaking,4,jaw,mouth,250–500 ms,8,100,47,0,0.47,0.47,0.47,False,True,MOCK DATA / NOT A SCIENTIFIC RESULT,displacement-report-draft-v1
speaking,4,jaw,right_brow,0–100 ms,3,100,32,0,0.32,0.32,0.32,False,True,MOCK DATA / NOT A SCIENTIFIC RESULT,displacement-report-draft-v1
speaking,4,jaw,right_brow,100–250 ms,4,100,27,0,0.27,0.27,0.27,False,True,MOCK DATA / NOT A SCIENTIFIC RESULT,displacement-report-draft-v1
speaking,4,jaw,right_brow,250–500 ms,8,100,44,0,0.44,0.44,0.44,False,True,MOCK DATA / NOT A SCIENTIFIC RESULT,displacement-report-draft-v1
speaking,4,jaw,right_cheek,0–100 ms,3,0,0,0,,,,False,True,MOCK DATA / NOT A SCIENTIFIC RESULT,displacement-report-draft-v1
speaking,4,jaw,right_cheek,100–250 ms,4,0,0,0,,,,False,True,MOCK DATA / NOT A SCIENTIFIC RESULT,displacement-report-draft-v1
speaking,4,jaw,right_cheek,250–500 ms,8,0,0,0,,,,False,True,MOCK DATA / NOT A SCIENTIFIC RESULT,displacement-report-draft-v1
speaking,4,jaw,right_eyelid,0–100 ms,3,100,18,0,0.18,0.18,0.18,False,True,MOCK DATA / NOT A SCIENTIFIC RESULT,displacement-report-draft-v1
speaking,4,jaw,right_eyelid,100–250 ms,4,100,33,0,0.33,0.33,0.33,False,True,MOCK DATA / NOT A SCIENTIFIC RESULT,displacement-report-draft-v1
speaking,4,jaw,right_eyelid,250–500 ms,8,100,45,0,0.45,0.45,0.45,False,True,MOCK DATA / NOT A SCIENTIFIC RESULT,displacement-report-draft-v1
speaking,4,left_brow,jaw,0–100 ms,3,100,25,0,0.25,0.25,0.25,False,True,MOCK DATA / NOT A SCIENTIFIC RESULT,displacement-report-draft-v1
speaking,4,left_brow,jaw,100–250 ms,4,100,27,0,0.27,0.27,0.27,False,True,MOCK DATA / NOT A SCIENTIFIC RESULT,displacement-report-draft-v1
speaking,4,left_brow,jaw,250–500 ms,8,100,38,0,0.38,0.38,0.38,False,True,MOCK DATA / NOT A SCIENTIFIC RESULT,displacement-report-draft-v1
speaking,4,left_brow,left_cheek,0–100 ms,3,100,13,0,0.13,0.13,0.13,False,True,MOCK DATA / NOT A SCIENTIFIC RESULT,displacement-report-draft-v1
speaking,4,left_brow,left_cheek,100–250 ms,4,100,26,0,0.26,0.26,0.26,False,True,MOCK DATA / NOT A SCIENTIFIC RESULT,displacement-report-draft-v1
speaking,4,left_brow,left_cheek,250–500 ms,8,100,45,0,0.45,0.45,0.45,False,True,MOCK DATA / NOT A SCIENTIFIC RESULT,displacement-report-draft-v1
speaking,4,left_brow,left_eyelid,0–100 ms,3,100,22,0,0.22,0.22,0.22,False,True,MOCK DATA / NOT A SCIENTIFIC RESULT,displacement-report-draft-v1
speaking,4,left_brow,left_eyelid,100–250 ms,4,100,31,0,0.31,0.31,0.31,False,True,MOCK DATA / NOT A SCIENTIFIC RESULT,displacement-report-draft-v1
speaking,4,left_brow,left_eyelid,250–500 ms,8,100,52,0,0.52,0.52,0.52,False,True,MOCK DATA / NOT A SCIENTIFIC RESULT,displacement-report-draft-v1
speaking,4,left_brow,mouth,0–100 ms,3,100,20,0,0.2,0.2,0.2,False,True,MOCK DATA / NOT A SCIENTIFIC RESULT,displacement-report-draft-v1
speaking,4,left_brow,mouth,100–250 ms,4,100,32,0,0.32,0.32,0.32,False,True,MOCK DATA / NOT A SCIENTIFIC RESULT,displacement-report-draft-v1
speaking,4,left_brow,mouth,250–500 ms,8,100,50,0,0.5,0.5,0.5,False,True,MOCK DATA / NOT A SCIENTIFIC RESULT,displacement-report-draft-v1
speaking,4,left_brow,right_brow,0–100 ms,3,100,24,0,0.24,0.24,0.24,False,True,MOCK DATA / NOT A SCIENTIFIC RESULT,displacement-report-draft-v1
speaking,4,left_brow,right_brow,100–250 ms,4,100,91,0,0.91,0.91,0.91,True,True,MOCK DATA / NOT A SCIENTIFIC RESULT,displacement-report-draft-v1
speaking,4,left_brow,right_brow,250–500 ms,8,100,49,0,0.49,0.49,0.49,False,True,MOCK DATA / NOT A SCIENTIFIC RESULT,displacement-report-draft-v1
speaking,4,left_brow,right_cheek,0–100 ms,3,0,0,0,,,,False,True,MOCK DATA / NOT A SCIENTIFIC RESULT,displacement-report-draft-v1
speaking,4,left_brow,right_cheek,100–250 ms,4,0,0,0,,,,False,True,MOCK DATA / NOT A SCIENTIFIC RESULT,displacement-report-draft-v1
speaking,4,left_brow,right_cheek,250–500 ms,8,0,0,0,,,,False,True,MOCK DATA / NOT A SCIENTIFIC RESULT,displacement-report-draft-v1
speaking,4,left_brow,right_eyelid,0–100 ms,3,100,25,0,0.25,0.25,0.25,False,True,MOCK DATA / NOT A SCIENTIFIC RESULT,displacement-report-draft-v1
speaking,4,left_brow,right_eyelid,100–250 ms,4,100,22,0,0.22,0.22,0.22,False,True,MOCK DATA / NOT A SCIENTIFIC RESULT,displacement-report-draft-v1
speaking,4,left_brow,right_eyelid,250–500 ms,8,100,78,0,0.78,0.78,0.78,True,True,MOCK DATA / NOT A SCIENTIFIC RESULT,displacement-report-draft-v1
speaking,4,left_cheek,jaw,0–100 ms,3,100,14,0,0.14,0.14,0.14,False,True,MOCK DATA / NOT A SCIENTIFIC RESULT,displacement-report-draft-v1
speaking,4,left_cheek,jaw,100–250 ms,4,100,20,0,0.2,0.2,0.2,False,True,MOCK DATA / NOT A SCIENTIFIC RESULT,displacement-report-draft-v1
speaking,4,left_cheek,jaw,250–500 ms,8,100,67,0,0.67,0.67,0.67,True,True,MOCK DATA / NOT A SCIENTIFIC RESULT,displacement-report-draft-v1
speaking,4,left_cheek,left_brow,0–100 ms,3,100,18,0,0.18,0.18,0.18,False,True,MOCK DATA / NOT A SCIENTIFIC RESULT,displacement-report-draft-v1
speaking,4,left_cheek,left_brow,100–250 ms,4,100,26,0,0.26,0.26,0.26,False,True,MOCK DATA / NOT A SCIENTIFIC RESULT,displacement-report-draft-v1
speaking,4,left_cheek,left_brow,250–500 ms,8,100,54,0,0.54,0.54,0.54,False,True,MOCK DATA / NOT A SCIENTIFIC RESULT,displacement-report-draft-v1
speaking,4,left_cheek,left_eyelid,0–100 ms,3,100,20,0,0.2,0.2,0.2,False,True,MOCK DATA / NOT A SCIENTIFIC RESULT,displacement-report-draft-v1
speaking,4,left_cheek,left_eyelid,100–250 ms,4,100,32,0,0.32,0.32,0.32,False,True,MOCK DATA / NOT A SCIENTIFIC RESULT,displacement-report-draft-v1
speaking,4,left_cheek,left_eyelid,250–500 ms,8,100,57,0,0.57,0.57,0.57,False,True,MOCK DATA / NOT A SCIENTIFIC RESULT,displacement-report-draft-v1
speaking,4,left_cheek,mouth,0–100 ms,3,100,18,0,0.18,0.18,0.18,False,True,MOCK DATA / NOT A SCIENTIFIC RESULT,displacement-report-draft-v1
speaking,4,left_cheek,mouth,100–250 ms,4,100,29,0,0.29,0.29,0.29,False,True,MOCK DATA / NOT A SCIENTIFIC RESULT,displacement-report-draft-v1
speaking,4,left_cheek,mouth,250–500 ms,8,100,47,0,0.47,0.47,0.47,False,True,MOCK DATA / NOT A SCIENTIFIC RESULT,displacement-report-draft-v1
speaking,4,left_cheek,right_brow,0–100 ms,3,100,23,0,0.23,0.23,0.23,False,True,MOCK DATA / NOT A SCIENTIFIC RESULT,displacement-report-draft-v1
speaking,4,left_cheek,right_brow,100–250 ms,4,100,32,0,0.32,0.32,0.32,False,True,MOCK DATA / NOT A SCIENTIFIC RESULT,displacement-report-draft-v1
speaking,4,left_cheek,right_brow,250–500 ms,8,100,48,0,0.48,0.48,0.48,False,True,MOCK DATA / NOT A SCIENTIFIC RESULT,displacement-report-draft-v1
speaking,4,left_cheek,right_cheek,0–100 ms,3,0,0,0,,,,False,True,MOCK DATA / NOT A SCIENTIFIC RESULT,displacement-report-draft-v1
speaking,4,left_cheek,right_cheek,100–250 ms,4,0,0,0,,,,False,True,MOCK DATA / NOT A SCIENTIFIC RESULT,displacement-report-draft-v1
speaking,4,left_cheek,right_cheek,250–500 ms,8,0,0,0,,,,False,True,MOCK DATA / NOT A SCIENTIFIC RESULT,displacement-report-draft-v1
speaking,4,left_cheek,right_eyelid,0–100 ms,3,100,26,0,0.26,0.26,0.26,False,True,MOCK DATA / NOT A SCIENTIFIC RESULT,displacement-report-draft-v1
speaking,4,left_cheek,right_eyelid,100–250 ms,4,100,25,0,0.25,0.25,0.25,False,True,MOCK DATA / NOT A SCIENTIFIC RESULT,displacement-report-draft-v1
speaking,4,left_cheek,right_eyelid,250–500 ms,8,100,49,0,0.49,0.49,0.49,False,True,MOCK DATA / NOT A SCIENTIFIC RESULT,displacement-report-draft-v1
speaking,4,left_eyelid,jaw,0–100 ms,3,100,18,0,0.18,0.18,0.18,False,True,MOCK DATA / NOT A SCIENTIFIC RESULT,displacement-report-draft-v1
speaking,4,left_eyelid,jaw,100–250 ms,4,100,35,0,0.35,0.35,0.35,False,True,MOCK DATA / NOT A SCIENTIFIC RESULT,displacement-report-draft-v1
speaking,4,left_eyelid,jaw,250–500 ms,8,100,50,0,0.5,0.5,0.5,False,True,MOCK DATA / NOT A SCIENTIFIC RESULT,displacement-report-draft-v1
speaking,4,left_eyelid,left_brow,0–100 ms,3,100,23,0,0.23,0.23,0.23,False,True,MOCK DATA / NOT A SCIENTIFIC RESULT,displacement-report-draft-v1
speaking,4,left_eyelid,left_brow,100–250 ms,4,100,22,0,0.22,0.22,0.22,False,True,MOCK DATA / NOT A SCIENTIFIC RESULT,displacement-report-draft-v1
speaking,4,left_eyelid,left_brow,250–500 ms,8,100,56,0,0.56,0.56,0.56,False,True,MOCK DATA / NOT A SCIENTIFIC RESULT,displacement-report-draft-v1
speaking,4,left_eyelid,left_cheek,0–100 ms,3,100,24,0,0.24,0.24,0.24,False,True,MOCK DATA / NOT A SCIENTIFIC RESULT,displacement-report-draft-v1
speaking,4,left_eyelid,left_cheek,100–250 ms,4,100,32,0,0.32,0.32,0.32,False,True,MOCK DATA / NOT A SCIENTIFIC RESULT,displacement-report-draft-v1
speaking,4,left_eyelid,left_cheek,250–500 ms,8,100,46,0,0.46,0.46,0.46,False,True,MOCK DATA / NOT A SCIENTIFIC RESULT,displacement-report-draft-v1
speaking,4,left_eyelid,mouth,0–100 ms,3,100,30,0,0.3,0.3,0.3,False,True,MOCK DATA / NOT A SCIENTIFIC RESULT,displacement-report-draft-v1
speaking,4,left_eyelid,mouth,100–250 ms,4,100,30,0,0.3,0.3,0.3,False,True,MOCK DATA / NOT A SCIENTIFIC RESULT,displacement-report-draft-v1
speaking,4,left_eyelid,mouth,250–500 ms,8,100,43,0,0.43,0.43,0.43,False,True,MOCK DATA / NOT A SCIENTIFIC RESULT,displacement-report-draft-v1
speaking,4,left_eyelid,right_brow,0–100 ms,3,100,23,0,0.23,0.23,0.23,False,True,MOCK DATA / NOT A SCIENTIFIC RESULT,displacement-report-draft-v1
speaking,4,left_eyelid,right_brow,100–250 ms,4,100,18,0,0.18,0.18,0.18,False,True,MOCK DATA / NOT A SCIENTIFIC RESULT,displacement-report-draft-v1
speaking,4,left_eyelid,right_brow,250–500 ms,8,100,51,0,0.51,0.51,0.51,False,True,MOCK DATA / NOT A SCIENTIFIC RESULT,displacement-report-draft-v1
speaking,4,left_eyelid,right_cheek,0–100 ms,3,0,0,0,,,,False,True,MOCK DATA / NOT A SCIENTIFIC RESULT,displacement-report-draft-v1
speaking,4,left_eyelid,right_cheek,100–250 ms,4,0,0,0,,,,False,True,MOCK DATA / NOT A SCIENTIFIC RESULT,displacement-report-draft-v1
speaking,4,left_eyelid,right_cheek,250–500 ms,8,0,0,0,,,,False,True,MOCK DATA / NOT A SCIENTIFIC RESULT,displacement-report-draft-v1
speaking,4,left_eyelid,right_eyelid,0–100 ms,3,100,26,0,0.26,0.26,0.26,False,True,MOCK DATA / NOT A SCIENTIFIC RESULT,displacement-report-draft-v1
speaking,4,left_eyelid,right_eyelid,100–250 ms,4,100,79,0,0.79,0.79,0.79,True,True,MOCK DATA / NOT A SCIENTIFIC RESULT,displacement-report-draft-v1
speaking,4,left_eyelid,right_eyelid,250–500 ms,8,100,88,0,0.88,0.88,0.88,True,True,MOCK DATA / NOT A SCIENTIFIC RESULT,displacement-report-draft-v1
speaking,4,mouth,jaw,0–100 ms,3,100,17,0,0.17,0.17,0.17,False,True,MOCK DATA / NOT A SCIENTIFIC RESULT,displacement-report-draft-v1
speaking,4,mouth,jaw,100–250 ms,4,100,96,0,0.96,0.96,0.96,True,True,MOCK DATA / NOT A SCIENTIFIC RESULT,displacement-report-draft-v1
speaking,4,mouth,jaw,250–500 ms,8,100,53,0,0.53,0.53,0.53,False,True,MOCK DATA / NOT A SCIENTIFIC RESULT,displacement-report-draft-v1
speaking,4,mouth,left_brow,0–100 ms,3,100,30,0,0.3,0.3,0.3,False,True,MOCK DATA / NOT A SCIENTIFIC RESULT,displacement-report-draft-v1
speaking,4,mouth,left_brow,100–250 ms,4,100,26,0,0.26,0.26,0.26,False,True,MOCK DATA / NOT A SCIENTIFIC RESULT,displacement-report-draft-v1
speaking,4,mouth,left_brow,250–500 ms,8,100,40,0,0.4,0.4,0.4,False,True,MOCK DATA / NOT A SCIENTIFIC RESULT,displacement-report-draft-v1
speaking,4,mouth,left_cheek,0–100 ms,3,100,27,0,0.27,0.27,0.27,False,True,MOCK DATA / NOT A SCIENTIFIC RESULT,displacement-report-draft-v1
speaking,4,mouth,left_cheek,100–250 ms,4,100,20,0,0.2,0.2,0.2,False,True,MOCK DATA / NOT A SCIENTIFIC RESULT,displacement-report-draft-v1
speaking,4,mouth,left_cheek,250–500 ms,8,100,53,0,0.53,0.53,0.53,False,True,MOCK DATA / NOT A SCIENTIFIC RESULT,displacement-report-draft-v1
speaking,4,mouth,left_eyelid,0–100 ms,3,100,22,0,0.22,0.22,0.22,False,True,MOCK DATA / NOT A SCIENTIFIC RESULT,displacement-report-draft-v1
speaking,4,mouth,left_eyelid,100–250 ms,4,100,27,0,0.27,0.27,0.27,False,True,MOCK DATA / NOT A SCIENTIFIC RESULT,displacement-report-draft-v1
speaking,4,mouth,left_eyelid,250–500 ms,8,100,49,0,0.49,0.49,0.49,False,True,MOCK DATA / NOT A SCIENTIFIC RESULT,displacement-report-draft-v1
speaking,4,mouth,right_brow,0–100 ms,3,100,15,0,0.15,0.15,0.15,False,True,MOCK DATA / NOT A SCIENTIFIC RESULT,displacement-report-draft-v1
speaking,4,mouth,right_brow,100–250 ms,4,100,33,0,0.33,0.33,0.33,False,True,MOCK DATA / NOT A SCIENTIFIC RESULT,displacement-report-draft-v1
speaking,4,mouth,right_brow,250–500 ms,8,100,68,0,0.68,0.68,0.68,True,True,MOCK DATA / NOT A SCIENTIFIC RESULT,displacement-report-draft-v1
speaking,4,mouth,right_cheek,0–100 ms,3,0,0,0,,,,False,True,MOCK DATA / NOT A SCIENTIFIC RESULT,displacement-report-draft-v1
speaking,4,mouth,right_cheek,100–250 ms,4,0,0,0,,,,False,True,MOCK DATA / NOT A SCIENTIFIC RESULT,displacement-report-draft-v1
speaking,4,mouth,right_cheek,250–500 ms,8,0,0,0,,,,False,True,MOCK DATA / NOT A SCIENTIFIC RESULT,displacement-report-draft-v1
speaking,4,mouth,right_eyelid,0–100 ms,3,100,15,0,0.15,0.15,0.15,False,True,MOCK DATA / NOT A SCIENTIFIC RESULT,displacement-report-draft-v1
speaking,4,mouth,right_eyelid,100–250 ms,4,100,29,0,0.29,0.29,0.29,False,True,MOCK DATA / NOT A SCIENTIFIC RESULT,displacement-report-draft-v1
speaking,4,mouth,right_eyelid,250–500 ms,8,100,51,0,0.51,0.51,0.51,False,True,MOCK DATA / NOT A SCIENTIFIC RESULT,displacement-report-draft-v1
speaking,4,right_brow,jaw,0–100 ms,3,100,21,0,0.21,0.21,0.21,False,True,MOCK DATA / NOT A SCIENTIFIC RESULT,displacement-report-draft-v1
speaking,4,right_brow,jaw,100–250 ms,4,100,28,0,0.28,0.28,0.28,False,True,MOCK DATA / NOT A SCIENTIFIC RESULT,displacement-report-draft-v1
speaking,4,right_brow,jaw,250–500 ms,8,100,54,0,0.54,0.54,0.54,False,True,MOCK DATA / NOT A SCIENTIFIC RESULT,displacement-report-draft-v1
speaking,4,right_brow,left_brow,0–100 ms,3,100,23,0,0.23,0.23,0.23,False,True,MOCK DATA / NOT A SCIENTIFIC RESULT,displacement-report-draft-v1
speaking,4,right_brow,left_brow,100–250 ms,4,100,24,0,0.24,0.24,0.24,False,True,MOCK DATA / NOT A SCIENTIFIC RESULT,displacement-report-draft-v1
speaking,4,right_brow,left_brow,250–500 ms,8,100,46,0,0.46,0.46,0.46,False,True,MOCK DATA / NOT A SCIENTIFIC RESULT,displacement-report-draft-v1
speaking,4,right_brow,left_cheek,0–100 ms,3,100,50,0,0.5,0.5,0.5,True,True,MOCK DATA / NOT A SCIENTIFIC RESULT,displacement-report-draft-v1
speaking,4,right_brow,left_cheek,100–250 ms,4,100,29,0,0.29,0.29,0.29,False,True,MOCK DATA / NOT A SCIENTIFIC RESULT,displacement-report-draft-v1
speaking,4,right_brow,left_cheek,250–500 ms,8,100,49,0,0.49,0.49,0.49,False,True,MOCK DATA / NOT A SCIENTIFIC RESULT,displacement-report-draft-v1
speaking,4,right_brow,left_eyelid,0–100 ms,3,100,21,0,0.21,0.21,0.21,False,True,MOCK DATA / NOT A SCIENTIFIC RESULT,displacement-report-draft-v1
speaking,4,right_brow,left_eyelid,100–250 ms,4,100,92,0,0.92,0.92,0.92,True,True,MOCK DATA / NOT A SCIENTIFIC RESULT,displacement-report-draft-v1
speaking,4,right_brow,left_eyelid,250–500 ms,8,100,43,0,0.43,0.43,0.43,False,True,MOCK DATA / NOT A SCIENTIFIC RESULT,displacement-report-draft-v1
speaking,4,right_brow,mouth,0–100 ms,3,100,21,0,0.21,0.21,0.21,False,True,MOCK DATA / NOT A SCIENTIFIC RESULT,displacement-report-draft-v1
speaking,4,right_brow,mouth,100–250 ms,4,100,25,0,0.25,0.25,0.25,False,True,MOCK DATA / NOT A SCIENTIFIC RESULT,displacement-report-draft-v1
speaking,4,right_brow,mouth,250–500 ms,8,100,40,0,0.4,0.4,0.4,False,True,MOCK DATA / NOT A SCIENTIFIC RESULT,displacement-report-draft-v1
speaking,4,right_brow,right_cheek,0–100 ms,3,0,0,0,,,,False,True,MOCK DATA / NOT A SCIENTIFIC RESULT,displacement-report-draft-v1
speaking,4,right_brow,right_cheek,100–250 ms,4,0,0,0,,,,False,True,MOCK DATA / NOT A SCIENTIFIC RESULT,displacement-report-draft-v1
speaking,4,right_brow,right_cheek,250–500 ms,8,0,0,0,,,,False,True,MOCK DATA / NOT A SCIENTIFIC RESULT,displacement-report-draft-v1
speaking,4,right_brow,right_eyelid,0–100 ms,3,100,27,0,0.27,0.27,0.27,False,True,MOCK DATA / NOT A SCIENTIFIC RESULT,displacement-report-draft-v1
speaking,4,right_brow,right_eyelid,100–250 ms,4,100,29,0,0.29,0.29,0.29,False,True,MOCK DATA / NOT A SCIENTIFIC RESULT,displacement-report-draft-v1
speaking,4,right_brow,right_eyelid,250–500 ms,8,100,53,0,0.53,0.53,0.53,False,True,MOCK DATA / NOT A SCIENTIFIC RESULT,displacement-report-draft-v1
speaking,4,right_cheek,jaw,0–100 ms,3,0,0,0,,,,False,True,MOCK DATA / NOT A SCIENTIFIC RESULT,displacement-report-draft-v1
speaking,4,right_cheek,jaw,100–250 ms,4,0,0,0,,,,False,True,MOCK DATA / NOT A SCIENTIFIC RESULT,displacement-report-draft-v1
speaking,4,right_cheek,jaw,250–500 ms,8,0,0,0,,,,False,True,MOCK DATA / NOT A SCIENTIFIC RESULT,displacement-report-draft-v1
speaking,4,right_cheek,left_brow,0–100 ms,3,0,0,0,,,,False,True,MOCK DATA / NOT A SCIENTIFIC RESULT,displacement-report-draft-v1
speaking,4,right_cheek,left_brow,100–250 ms,4,0,0,0,,,,False,True,MOCK DATA / NOT A SCIENTIFIC RESULT,displacement-report-draft-v1
speaking,4,right_cheek,left_brow,250–500 ms,8,0,0,0,,,,False,True,MOCK DATA / NOT A SCIENTIFIC RESULT,displacement-report-draft-v1
speaking,4,right_cheek,left_cheek,0–100 ms,3,0,0,0,,,,False,True,MOCK DATA / NOT A SCIENTIFIC RESULT,displacement-report-draft-v1
speaking,4,right_cheek,left_cheek,100–250 ms,4,0,0,0,,,,False,True,MOCK DATA / NOT A SCIENTIFIC RESULT,displacement-report-draft-v1
speaking,4,right_cheek,left_cheek,250–500 ms,8,0,0,0,,,,False,True,MOCK DATA / NOT A SCIENTIFIC RESULT,displacement-report-draft-v1
speaking,4,right_cheek,left_eyelid,0–100 ms,3,0,0,0,,,,False,True,MOCK DATA / NOT A SCIENTIFIC RESULT,displacement-report-draft-v1
speaking,4,right_cheek,left_eyelid,100–250 ms,4,0,0,0,,,,False,True,MOCK DATA / NOT A SCIENTIFIC RESULT,displacement-report-draft-v1
speaking,4,right_cheek,left_eyelid,250–500 ms,8,0,0,0,,,,False,True,MOCK DATA / NOT A SCIENTIFIC RESULT,displacement-report-draft-v1
speaking,4,right_cheek,mouth,0–100 ms,3,0,0,0,,,,False,True,MOCK DATA / NOT A SCIENTIFIC RESULT,displacement-report-draft-v1
speaking,4,right_cheek,mouth,100–250 ms,4,0,0,0,,,,False,True,MOCK DATA / NOT A SCIENTIFIC RESULT,displacement-report-draft-v1
speaking,4,right_cheek,mouth,250–500 ms,8,0,0,0,,,,False,True,MOCK DATA / NOT A SCIENTIFIC RESULT,displacement-report-draft-v1
speaking,4,right_cheek,right_brow,0–100 ms,3,0,0,0,,,,False,True,MOCK DATA / NOT A SCIENTIFIC RESULT,displacement-report-draft-v1
speaking,4,right_cheek,right_brow,100–250 ms,4,0,0,0,,,,False,True,MOCK DATA / NOT A SCIENTIFIC RESULT,displacement-report-draft-v1
speaking,4,right_cheek,right_brow,250–500 ms,8,0,0,0,,,,False,True,MOCK DATA / NOT A SCIENTIFIC RESULT,displacement-report-draft-v1
speaking,4,right_cheek,right_eyelid,0–100 ms,3,0,0,0,,,,False,True,MOCK DATA / NOT A SCIENTIFIC RESULT,displacement-report-draft-v1
speaking,4,right_cheek,right_eyelid,100–250 ms,4,0,0,0,,,,False,True,MOCK DATA / NOT A SCIENTIFIC RESULT,displacement-report-draft-v1
speaking,4,right_cheek,right_eyelid,250–500 ms,8,0,0,0,,,,False,True,MOCK DATA / NOT A SCIENTIFIC RESULT,displacement-report-draft-v1
speaking,4,right_eyelid,jaw,0–100 ms,3,100,19,0,0.19,0.19,0.19,False,True,MOCK DATA / NOT A SCIENTIFIC RESULT,displacement-report-draft-v1
speaking,4,right_eyelid,jaw,100–250 ms,4,100,30,0,0.3,0.3,0.3,False,True,MOCK DATA / NOT A SCIENTIFIC RESULT,displacement-report-draft-v1
speaking,4,right_eyelid,jaw,250–500 ms,8,100,53,0,0.53,0.53,0.53,False,True,MOCK DATA / NOT A SCIENTIFIC RESULT,displacement-report-draft-v1
speaking,4,right_eyelid,left_brow,0–100 ms,3,100,18,0,0.18,0.18,0.18,False,True,MOCK DATA / NOT A SCIENTIFIC RESULT,displacement-report-draft-v1
speaking,4,right_eyelid,left_brow,100–250 ms,4,100,29,0,0.29,0.29,0.29,False,True,MOCK DATA / NOT A SCIENTIFIC RESULT,displacement-report-draft-v1
speaking,4,right_eyelid,left_brow,250–500 ms,8,100,51,0,0.51,0.51,0.51,False,True,MOCK DATA / NOT A SCIENTIFIC RESULT,displacement-report-draft-v1
speaking,4,right_eyelid,left_cheek,0–100 ms,3,100,30,0,0.3,0.3,0.3,False,True,MOCK DATA / NOT A SCIENTIFIC RESULT,displacement-report-draft-v1
speaking,4,right_eyelid,left_cheek,100–250 ms,4,100,97,0,0.97,0.97,0.97,True,True,MOCK DATA / NOT A SCIENTIFIC RESULT,displacement-report-draft-v1
speaking,4,right_eyelid,left_cheek,250–500 ms,8,100,40,0,0.4,0.4,0.4,False,True,MOCK DATA / NOT A SCIENTIFIC RESULT,displacement-report-draft-v1
speaking,4,right_eyelid,left_eyelid,0–100 ms,3,100,19,0,0.19,0.19,0.19,False,True,MOCK DATA / NOT A SCIENTIFIC RESULT,displacement-report-draft-v1
speaking,4,right_eyelid,left_eyelid,100–250 ms,4,100,28,0,0.28,0.28,0.28,False,True,MOCK DATA / NOT A SCIENTIFIC RESULT,displacement-report-draft-v1
speaking,4,right_eyelid,left_eyelid,250–500 ms,8,100,53,0,0.53,0.53,0.53,False,True,MOCK DATA / NOT A SCIENTIFIC RESULT,displacement-report-draft-v1
speaking,4,right_eyelid,mouth,0–100 ms,3,100,50,0,0.5,0.5,0.5,True,True,MOCK DATA / NOT A SCIENTIFIC RESULT,displacement-report-draft-v1
speaking,4,right_eyelid,mouth,100–250 ms,4,100,18,0,0.18,0.18,0.18,False,True,MOCK DATA / NOT A SCIENTIFIC RESULT,displacement-report-draft-v1
speaking,4,right_eyelid,mouth,250–500 ms,8,100,45,0,0.45,0.45,0.45,False,True,MOCK DATA / NOT A SCIENTIFIC RESULT,displacement-report-draft-v1
speaking,4,right_eyelid,right_brow,0–100 ms,3,100,26,0,0.26,0.26,0.26,False,True,MOCK DATA / NOT A SCIENTIFIC RESULT,displacement-report-draft-v1
speaking,4,right_eyelid,right_brow,100–250 ms,4,100,24,0,0.24,0.24,0.24,False,True,MOCK DATA / NOT A SCIENTIFIC RESULT,displacement-report-draft-v1
speaking,4,right_eyelid,right_brow,250–500 ms,8,100,47,0,0.47,0.47,0.47,False,True,MOCK DATA / NOT A SCIENTIFIC RESULT,displacement-report-draft-v1
speaking,4,right_eyelid,right_cheek,0–100 ms,3,0,0,0,,,,False,True,MOCK DATA / NOT A SCIENTIFIC RESULT,displacement-report-draft-v1
speaking,4,right_eyelid,right_cheek,100–250 ms,4,0,0,0,,,,False,True,MOCK DATA / NOT A SCIENTIFIC RESULT,displacement-report-draft-v1
speaking,4,right_eyelid,right_cheek,250–500 ms,8,0,0,0,,,,False,True,MOCK DATA / NOT A SCIENTIFIC RESULT,displacement-report-draft-v1
