condition,target,source,lag,n_subjects,n_groups,n_missing,median,mean,n_positive,fraction_positive,ci_low,ci_high,ci_status,estimand,is_synthetic,synthetic_notice,protocol_id
non_speaking,jaw,left_brow,1,30,15,0,-0.00019472675049049998,-0.00022144362744782415,8,0.26666666666666666,-0.00035442938897935,-0.00014459722376404998,nominal_fixed_oof_group,gain,True,MOCK DATA / NOT A SCIENTIFIC RESULT,displacement-report-draft-v1
non_speaking,jaw,left_brow,2,30,15,0,-0.000285956292144,-0.0003222212170116059,4,0.13333333333333333,-0.0005027332827784001,-0.0002179115306515,nominal_fixed_oof_group,gain,True,MOCK DATA / NOT A SCIENTIFIC RESULT,displacement-report-draft-v1
non_speaking,jaw,left_brow,3,30,15,0,-0.00040582577243579996,-0.0004523908577000787,4,0.13333333333333333,-0.0006841729381635,-0.000318454569207,nominal_fixed_oof_group,gain,True,MOCK DATA / NOT A SCIENTIFIC RESULT,displacement-report-draft-v1
non_speaking,jaw,left_brow,4,30,15,0,-0.00053115915829455,-0.0005877187872569605,0,0.0,-0.00086924964662845,-0.0004250349493818,nominal_fixed_oof_group,gain,True,MOCK DATA / NOT A SCIENTIFIC RESULT,displacement-report-draft-v1
non_speaking,jaw,left_brow,5,30,15,0,-0.00062608114937295,-0.0006910679609428744,0,0.0,-0.0010145459123499499,-0.00050414481255205,nominal_fixed_oof_group,gain,True,MOCK DATA / NOT A SCIENTIFIC RESULT,displacement-report-draft-v1
non_speaking,jaw,left_brow,6,30,15,0,-0.0006573094006232,-0.0007279438292840696,0,0.0,-0.00107953332459925,-0.0005247763023488,nominal_fixed_oof_group,gain,True,MOCK DATA / NOT A SCIENTIFIC RESULT,displacement-report-draft-v1
non_speaking,jaw,left_brow,7,30,15,0,-0.0006119163669337,-0.0006845403680798579,4,0.13333333333333333,-0.0010460331470948,-0.00047565018536385,nominal_fixed_oof_group,gain,True,MOCK DATA / NOT A SCIENTIFIC RESULT,displacement-report-draft-v1
non_speaking,jaw,left_brow,8,30,15,0,-0.0005050544670839,-0.000575688895744755,8,0.26666666666666666,-0.0009272783910599,-0.0003725213688095,nominal_fixed_oof_group,gain,True,MOCK DATA / NOT A SCIENTIFIC RESULT,displacement-report-draft-v1
non_speaking,jaw,left_brow,9,30,15,0,-0.00037165878696665,-0.0004366455985366514,8,0.26666666666666666,-0.0007601235499437,-0.0002497224501458,nominal_fixed_oof_group,gain,True,MOCK DATA / NOT A SCIENTIFIC RESULT,displacement-report-draft-v1
non_speaking,jaw,left_brow,10,30,15,0,-0.00024831547344975,-0.00030487510241218667,12,0.4,-0.00058640596178365,-0.000142191264537,nominal_fixed_oof_group,gain,True,MOCK DATA / NOT A SCIENTIFIC RESULT,displacement-report-draft-v1
non_speaking,jaw,left_brow,11,30,15,0,-0.00015791405261642748,-0.0002044791378806695,12,0.4,-0.00043626121834405,-7.054284938763644e-05,nominal_fixed_oof_group,gain,True,MOCK DATA / NOT A SCIENTIFIC RESULT,displacement-report-draft-v1
non_speaking,jaw,left_brow,12,30,15,0,-0.00010528699100372996,-0.0001415519158712856,12,0.4,-0.0003220639816381,-3.7242229511245777e-05,nominal_fixed_oof_group,gain,True,MOCK DATA / NOT A SCIENTIFIC RESULT,displacement-report-draft-v1
non_speaking,jaw,left_brow,13,30,15,0,-8.264086627553071e-05,-0.00010935774323281572,12,0.4,-0.00024234350476430003,-3.251133954906751e-05,nominal_fixed_oof_group,gain,True,MOCK DATA / NOT A SCIENTIFIC RESULT,displacement-report-draft-v1
non_speaking,jaw,left_brow,14,30,15,0,-7.807401218998104e-05,-9.669304543739563e-05,12,0.4,-0.000189371030194,-4.313866677924452e-05,nominal_fixed_oof_group,gain,True,MOCK DATA / NOT A SCIENTIFIC RESULT,displacement-report-draft-v1
non_speaking,jaw,left_brow,15,30,15,0,-8.159133119372327e-05,-9.386575440546222e-05,8,0.26666666666666666,-0.00015496284748209998,-5.8560532068878575e-05,nominal_fixed_oof_group,gain,True,MOCK DATA / NOT A SCIENTIFIC RESULT,displacement-report-draft-v1
non_speaking,jaw,left_cheek,1,30,15,0,-4.199176183573936e-05,-7.464238831578474e-05,13,0.43333333333333335,-0.00023515338011325,8.863440615586131e-06,nominal_fixed_oof_group,gain,True,MOCK DATA / NOT A SCIENTIFIC RESULT,displacement-report-draft-v1
non_speaking,jaw,left_cheek,2,30,15,0,-1.1702613413255673e-05,-5.602188463912958e-05,13,0.43333333333333335,-0.00027389611699280003,5.73271649912621e-05,nominal_fixed_oof_group,gain,True,MOCK DATA / NOT A SCIENTIFIC RESULT,displacement-report-draft-v1
non_speaking,jaw,left_cheek,3,30,15,0,3.315820996361348e-05,-2.3748860739484167e-05,16,0.5333333333333333,-0.0003035049127229,0.00012179419994332408,nominal_fixed_oof_group,gain,True,MOCK DATA / NOT A SCIENTIFIC RESULT,displacement-report-draft-v1
non_speaking,jaw,left_cheek,4,30,15,0,9.733326485372615e-05,2.821188805308175e-05,16,0.5333333333333333,-0.00031158988424875,0.000204993729288,nominal_fixed_oof_group,gain,True,MOCK DATA / NOT A SCIENTIFIC RESULT,displacement-report-draft-v1
non_speaking,jaw,left_cheek,5,30,15,0,0.00018215654404375,0.00010273632909529008,16,0.5333333333333333,-0.0002876946930458,0.00030585803296930003,nominal_fixed_oof_group,gain,True,MOCK DATA / NOT A SCIENTIFIC RESULT,displacement-report-draft-v1
non_speaking,jaw,left_cheek,6,30,15,0,0.0002808125289845,0.00019449037574317295,19,0.6333333333333333,-0.0002298706832807,0.00041526417822945,nominal_fixed_oof_group,gain,True,MOCK DATA / NOT A SCIENTIFIC RESULT,displacement-report-draft-v1
non_speaking,jaw,left_cheek,7,30,15,0,0.00037572395207555,0.000286970347427025,19,0.6333333333333333,-0.000149343764844,0.0005139627247815501,nominal_fixed_oof_group,gain,True,MOCK DATA / NOT A SCIENTIFIC RESULT,displacement-report-draft-v1
non_speaking,jaw,left_cheek,8,30,15,0,0.00044206827311985,0.00035574611987850924,19,0.6333333333333333,-6.86149391454019e-05,0.0005765199223648,nominal_fixed_oof_group,gain,True,MOCK DATA / NOT A SCIENTIFIC RESULT,displacement-report-draft-v1
non_speaking,jaw,left_cheek,9,30,15,0,0.0004579269237235,0.0003785067087750584,19,0.6333333333333333,-1.1924313366070034e-05,0.00058162841264905,nominal_fixed_oof_group,gain,True,MOCK DATA / NOT A SCIENTIFIC RESULT,displacement-report-draft-v1
non_speaking,jaw,left_cheek,10,30,15,0,0.0004157182349001,0.00034659685809946704,21,0.7,6.795085797635901e-06,0.0005233786993344,nominal_fixed_oof_group,gain,True,MOCK DATA / NOT A SCIENTIFIC RESULT,displacement-report-draft-v1
non_speaking,jaw,left_cheek,11,30,15,0,0.0003269379342163,0.00027003086351321334,19,0.6333333333333333,-9.725188470230232e-06,0.00041557392419600003,nominal_fixed_oof_group,gain,True,MOCK DATA / NOT A SCIENTIFIC RESULT,displacement-report-draft-v1
non_speaking,jaw,left_cheek,12,30,15,0,0.00021646790185305,0.00017214863062722823,19,0.6333333333333333,-4.5725601726444645e-05,0.00028549768025755,nominal_fixed_oof_group,gain,True,MOCK DATA / NOT A SCIENTIFIC RESULT,displacement-report-draft-v1
non_speaking,jaw,left_cheek,13,30,15,0,0.00011050975252165001,7.785912604161321e-05,19,0.6333333333333333,-8.265186575588928e-05,0.00016136495497295,nominal_fixed_oof_group,gain,True,MOCK DATA / NOT A SCIENTIFIC RESULT,displacement-report-draft-v1
non_speaking,jaw,left_cheek,14,30,15,0,2.6303042855005225e-05,3.548770304591196e-06,16,0.5333333333333333,-0.00010831159038185,6.174411281091845e-05,nominal_fixed_oof_group,gain,True,MOCK DATA / NOT A SCIENTIFIC RESULT,displacement-report-draft-v1
non_speaking,jaw,left_cheek,15,30,15,0,-3.1038814151900136e-05,-4.603935512777301e-05,13,0.43333333333333335,-0.00011978224980115,-7.674620859187894e-06,nominal_fixed_oof_group,gain,True,MOCK DATA / NOT A SCIENTIFIC RESULT,displacement-report-draft-v1
non_speaking,jaw,left_eyelid,1,30,15,0,-0.0001823577978624,-0.00014830540601728362,8,0.26666666666666666,-0.00030231223359779996,-8.048417420857337e-05,nominal_fixed_oof_group,gain,True,MOCK DATA / NOT A SCIENTIFIC RESULT,displacement-report-draft-v1
non_speaking,jaw,left_eyelid,2,30,15,0,-0.00021179986363945,-0.00016557786569414785,10,0.3333333333333333,-0.0003746234828234,-7.351875714258632e-05,nominal_fixed_oof_group,gain,True,MOCK DATA / NOT A SCIENTIFIC RESULT,displacement-report-draft-v1
non_speaking,jaw,left_eyelid,3,30,15,0,-0.0002435963598524,-0.00018424613968057394,10,0.3333333333333333,-0.0004526660253217,-6.603990446275073e-05,nominal_fixed_oof_group,gain,True,MOCK DATA / NOT A SCIENTIFIC RESULT,displacement-report-draft-v1
non_speaking,jaw,left_eyelid,4,30,15,0,-0.00027459147418250004,-0.00020250256008068094,10,0.3333333333333333,-0.0005285350166271501,-5.8925011214917486e-05,nominal_fixed_oof_group,gain,True,MOCK DATA / NOT A SCIENTIFIC RESULT,displacement-report-draft-v1
non_speaking,jaw,left_eyelid,5,30,15,0,-0.00030123321546325,-0.00021840331075981975,10,0.3333333333333333,-0.00059301343830075,-5.343322016716258e-05,nominal_fixed_oof_group,gain,True,MOCK DATA / NOT A SCIENTIFIC RESULT,displacement-report-draft-v1
non_speaking,jaw,left_eyelid,6,30,15,0,-0.00032071478288965,-0.00023068662404602204,10,0.3333333333333333,-0.0006378518886619,-5.1379964530980093e-05,nominal_fixed_oof_group,gain,True,MOCK DATA / NOT A SCIENTIFIC RESULT,displacement-report-draft-v1
non_speaking,jaw,left_eyelid,7,30,15,0,-0.00033249462815525,-0.00023993063018711927,10,0.3333333333333333,-0.0006585645910579499,-5.5573408177739606e-05,nominal_fixed_oof_group,gain,True,MOCK DATA / NOT A SCIENTIFIC RESULT,displacement-report-draft-v1
non_speaking,jaw,left_eyelid,8,30,15,0,-0.00033976771616145,-0.000249739557317818,10,0.3333333333333333,-0.0006569048219337,-7.043289780276057e-05,nominal_fixed_oof_group,gain,True,MOCK DATA / NOT A SCIENTIFIC RESULT,displacement-report-draft-v1
non_speaking,jaw,left_eyelid,9,30,15,0,-0.00034998047973095,-0.000267150575027524,10,0.3333333333333333,-0.00064176070256845,-0.00010218048443483071,nominal_fixed_oof_group,gain,True,MOCK DATA / NOT A SCIENTIFIC RESULT,displacement-report-draft-v1
non_speaking,jaw,left_eyelid,10,30,15,0,-0.0003731009451727,-0.00030101203107088114,8,0.26666666666666666,-0.0006270444876173499,-0.00015743448220509998,nominal_fixed_oof_group,gain,True,MOCK DATA / NOT A SCIENTIFIC RESULT,displacement-report-draft-v1
non_speaking,jaw,left_eyelid,11,30,15,0,-0.00041685733872905,-0.00035750711855718926,6,0.2,-0.0006259270041983,-0.0002393008833393,nominal_fixed_oof_group,gain,True,MOCK DATA / NOT A SCIENTIFIC RESULT,displacement-report-draft-v1
non_speaking,jaw,left_eyelid,12,30,15,0,-0.0004802295822781,-0.00043400758433276976,2,0.06666666666666667,-0.000643053201462,-0.0003419484757812,nominal_fixed_oof_group,gain,True,MOCK DATA / NOT A SCIENTIFIC RESULT,displacement-report-draft-v1
non_speaking,jaw,left_eyelid,13,30,15,0,-0.00054927212540995,-0.00051521973356481,0,0.0,-0.0006692265611454,-0.0004473985017561,nominal_fixed_oof_group,gain,True,MOCK DATA / NOT A SCIENTIFIC RESULT,displacement-report-draft-v1
non_speaking,jaw,left_eyelid,14,30,15,0,-0.0005999795869338501,-0.0005762484219128766,0,0.0,-0.00068357602040575,-0.0005289836996196,nominal_fixed_oof_group,gain,True,MOCK DATA / NOT A SCIENTIFIC RESULT,displacement-report-draft-v1
non_speaking,jaw,left_eyelid,15,30,15,0,-0.0006089664804550001,-0.0005933219322711634,0,0.0,-0.00066407664593955,-0.0005621631069603001,nominal_fixed_oof_group,gain,True,MOCK DATA / NOT A SCIENTIFIC RESULT,displacement-report-draft-v1
non_speaking,jaw,mouth,1,30,15,0,1.0584000604489665e-05,6.3404099018269995e-06,15,0.5,-6.23943320665829e-05,9.754317602356752e-05,nominal_fixed_oof_group,gain,True,MOCK DATA / NOT A SCIENTIFIC RESULT,displacement-report-draft-v1
non_speaking,jaw,mouth,2,30,15,0,1.0584000604489665e-05,6.3404099018269995e-06,15,0.5,-6.23943320665829e-05,9.754317602356752e-05,nominal_fixed_oof_group,gain,True,MOCK DATA / NOT A SCIENTIFIC RESULT,displacement-report-draft-v1
non_speaking,jaw,mouth,3,30,15,0,1.0584000604489665e-05,6.3404099018269995e-06,15,0.5,-6.23943320665829e-05,9.754317602356752e-05,nominal_fixed_oof_group,gain,True,MOCK DATA / NOT A SCIENTIFIC RESULT,displacement-report-draft-v1
non_speaking,jaw,mouth,4,30,15,0,1.0584000604489665e-05,6.3404099018269995e-06,15,0.5,-6.23943320665829e-05,9.754317602356752e-05,nominal_fixed_oof_group,gain,True,MOCK DATA / NOT A SCIENTIFIC RESULT,displacement-report-draft-v1
non_speaking,jaw,mouth,5,30,15,0,1.0584000604489665e-05,6.3404099018269995e-06,15,0.5,-6.23943320665829e-05,9.754317602356752e-05,nominal_fixed_oof_group,gain,True,MOCK DATA / NOT A SCIENTIFIC RESULT,displacement-report-draft-v1
non_speaking,jaw,mouth,6,30,15,0,1.0584000604489665e-05,6.3404099018269995e-06,15,0.5,-6.23943320665829e-05,9.754317602356752e-05,nominal_fixed_oof_group,gain,True,MOCK DATA / NOT A SCIENTIFIC RESULT,displacement-report-draft-v1
non_speaking,jaw,mouth,7,30,15,0,1.0584000604489665e-05,6.3404099018269995e-06,15,0.5,-6.23943320665829e-05,9.754317602356752e-05,nominal_fixed_oof_group,gain,True,MOCK DATA / NOT A SCIENTIFIC RESULT,displacement-report-draft-v1
non_speaking,jaw,mouth,8,30,15,0,1.0584000604489665e-05,6.3404099018269995e-06,15,0.5,-6.23943320665829e-05,9.754317602356752e-05,nominal_fixed_oof_group,gain,True,MOCK DATA / NOT A SCIENTIFIC RESULT,displacement-report-draft-v1
non_speaking,jaw,mouth,9,30,15,0,1.0584000604489665e-05,6.3404099018269995e-06,15,0.5,-6.23943320665829e-05,9.754317602356752e-05,nominal_fixed_oof_group,gain,True,MOCK DATA / NOT A SCIENTIFIC RESULT,displacement-report-draft-v1
non_speaking,jaw,mouth,10,30,15,0,1.0584000604489665e-05,6.3404099018269995e-06,15,0.5,-6.23943320665829e-05,9.754317602356752e-05,nominal_fixed_oof_group,gain,True,MOCK DATA / NOT A SCIENTIFIC RESULT,displacement-report-draft-v1
non_speaking,jaw,mouth,11,30,15,0,1.0584000604489665e-05,6.3404099018269995e-06,15,0.5,-6.23943320665829e-05,9.754317602356752e-05,nominal_fixed_oof_group,gain,True,MOCK DATA / NOT A SCIENTIFIC RESULT,displacement-report-draft-v1
non_speaking,jaw,mouth,12,30,15,0,1.0584000604489665e-05,6.3404099018269995e-06,15,0.5,-6.23943320665829e-05,9.754317602356752e-05,nominal_fixed_oof_group,gain,True,MOCK DATA / NOT A SCIENTIFIC RESULT,displacement-report-draft-v1
non_speaking,jaw,mouth,13,30,15,0,1.0584000604489665e-05,6.3404099018269995e-06,15,0.5,-6.23943320665829e-05,9.754317602356752e-05,nominal_fixed_oof_group,gain,True,MOCK DATA / NOT A SCIENTIFIC RESULT,displacement-report-draft-v1
non_speaking,jaw,mouth,14,30,15,0,1.0584000604489665e-05,6.3404099018269995e-06,15,0.5,-6.23943320665829e-05,9.754317602356752e-05,nominal_fixed_oof_group,gain,True,MOCK DATA / NOT A SCIENTIFIC RESULT,displacement-report-draft-v1
non_speaking,jaw,mouth,15,30,15,0,1.0584000604489665e-05,6.3404099018269995e-06,15,0.5,-6.23943320665829e-05,9.754317602356752e-05,nominal_fixed_oof_group,gain,True,MOCK DATA / NOT A SCIENTIFIC RESULT,displacement-report-draft-v1
non_speaking,jaw,right_brow,1,30,15,0,-0.00016276446369100001,-0.00013690601446838713,9,0.3,-0.00021540753248125,-7.913364810289633e-06,nominal_fixed_oof_group,gain,True,MOCK DATA / NOT A SCIENTIFIC RESULT,displacement-report-draft-v1
non_speaking,jaw,right_brow,2,30,15,0,-0.0002011499627737,-0.00016605024959428228,11,0.36666666666666664,-0.0002726065532101,9.041650398349324e-06,nominal_fixed_oof_group,gain,True,MOCK DATA / NOT A SCIENTIFIC RESULT,displacement-report-draft-v1
non_speaking,jaw,right_brow,3,30,15,0,-0.00026289987375385,-0.00021783094991299456,11,0.36666666666666664,-0.00035465195206395,6.991499933699068e-06,nominal_fixed_oof_group,gain,True,MOCK DATA / NOT A SCIENTIFIC RESULT,displacement-report-draft-v1
non_speaking,jaw,right_brow,4,30,15,0,-0.0003572791863051,-0.00030253684887116797,9,0.3,-0.0004687245638085,-2.9459407402032158e-05,nominal_fixed_oof_group,gain,True,MOCK DATA / NOT A SCIENTIFIC RESULT,displacement-report-draft-v1
non_speaking,jaw,right_brow,5,30,15,0,-0.000488123361193,-0.00042522461109542733,9,0.3,-0.0006161737017101,-0.00011145960665105,nominal_fixed_oof_group,gain,True,MOCK DATA / NOT A SCIENTIFIC RESULT,displacement-report-draft-v1
non_speaking,jaw,right_brow,6,30,15,0,-0.00064560135248155,-0.0005772364462906778,7,0.23333333333333334,-0.00078477978613215,-0.00023620399236205,nominal_fixed_oof_group,gain,True,MOCK DATA / NOT A SCIENTIFIC RESULT,displacement-report-draft-v1
non_speaking,jaw,right_brow,7,30,15,0,-0.00080149286522245,-0.0007312023125883594,6,0.2,-0.0009445915625092,-0.0003805639370179,nominal_fixed_oof_group,gain,True,MOCK DATA / NOT A SCIENTIFIC RESULT,displacement-report-draft-v1
non_speaking,jaw,right_brow,8,30,15,0,-0.0009147729757958999,-0.0008464080696049793,0,0.0,-0.0010539514094464499,-0.0005053756156763499,nominal_fixed_oof_group,gain,True,MOCK DATA / NOT A SCIENTIFIC RESULT,displacement-report-draft-v1
non_speaking,jaw,right_brow,9,30,15,0,-0.00094844532465815,-0.0008855465745605334,0,0.0,-0.0010764956651752,-0.00057178157011615,nominal_fixed_oof_group,gain,True,MOCK DATA / NOT A SCIENTIFIC RESULT,displacement-report-draft-v1
non_speaking,jaw,right_brow,10,30,15,0,-0.00088873435824825,-0.0008339920208143067,0,0.0,-0.0010001797357517,-0.00056091457934515,nominal_fixed_oof_group,gain,True,MOCK DATA / NOT A SCIENTIFIC RESULT,displacement-report-draft-v1
non_speaking,jaw,right_brow,11,30,15,0,-0.0007532834299983501,-0.0007082145061574268,0,0.0,-0.0008450355083084501,-0.0004833920563107,nominal_fixed_oof_group,gain,True,MOCK DATA / NOT A SCIENTIFIC RESULT,displacement-report-draft-v1
non_speaking,jaw,right_brow,12,30,15,0,-0.00058201718902995,-0.0005469174758504933,0,0.0,-0.0006534737794663,-0.00037182557585785,nominal_fixed_oof_group,gain,True,MOCK DATA / NOT A SCIENTIFIC RESULT,displacement-report-draft-v1
non_speaking,jaw,right_brow,13,30,15,0,-0.0004173233347414,-0.00039146488551872053,0,0.0,-0.00046996640353155,-0.0002624722358606,nominal_fixed_oof_group,gain,True,MOCK DATA / NOT A SCIENTIFIC RESULT,displacement-report-draft-v1
non_speaking,jaw,right_brow,14,30,15,0,-0.0002870884423857,-0.0002690676487662385,0,0.0,-0.0003237754791834,-0.00017917246990605,nominal_fixed_oof_group,gain,True,MOCK DATA / NOT A SCIENTIFIC RESULT,displacement-report-draft-v1
non_speaking,jaw,right_brow,15,30,15,0,-0.00019946156885655,-0.0001875815295141463,0,0.0,-0.00022364715411525002,-0.00012831897515035,nominal_fixed_oof_group,gain,True,MOCK DATA / NOT A SCIENTIFIC RESULT,displacement-report-draft-v1
non_speaking,jaw,right_cheek,1,24,12,6,-4.521677215442183e-05,-6.773952754148311e-05,10,0.4166666666666667,-0.0001500597379344,9.998172702389033e-05,nominal_fixed_oof_group,gain,True,MOCK DATA / NOT A SCIENTIFIC RESULT,displacement-report-draft-v1
non_speaking,jaw,right_cheek,2,24,12,6,-9.940294004218489e-06,-4.051220677787793e-05,11,0.4583333333333333,-0.0001522519228291,0.0001871490840696,nominal_fixed_oof_group,gain,True,MOCK DATA / NOT A SCIENTIFIC RESULT,displacement-report-draft-v1
non_speaking,jaw,right_cheek,3,24,12,6,4.8128433693095905e-05,8.87332065495902e-06,13,0.5416666666666666,-0.0001346033148083,0.00030119620449904996,nominal_fixed_oof_group,gain,True,MOCK DATA / NOT A SCIENTIFIC RESULT,displacement-report-draft-v1
non_speaking,jaw,right_cheek,4,24,12,6,0.0001383813375865,9.070066405790527e-05,13,0.5416666666666666,-8.357122271151693e-05,0.00044576656275909995,nominal_fixed_oof_group,gain,True,MOCK DATA / NOT A SCIENTIFIC RESULT,displacement-report-draft-v1
non_speaking,jaw,right_cheek,5,24,12,6,0.00026492140584175,0.00021013648233759842,16,0.6666666666666666,9.898707175519036e-06,0.00061810593116745,nominal_fixed_oof_group,gain,True,MOCK DATA / NOT A SCIENTIFIC RESULT,displacement-report-draft-v1
non_speaking,jaw,right_cheek,6,24,12,6,0.0004183920725533,0.0003588461173439526,16,0.6666666666666666,0.0001412068686531,0.0008022697633580499,nominal_fixed_oof_group,gain,True,MOCK DATA / NOT A SCIENTIFIC RESULT,displacement-report-draft-v1
non_speaking,jaw,right_cheek,7,24,12,6,0.0005712563048039,0.0005100331081084182,19,0.7916666666666666,0.0002862635760823,0.0009659467466398999,nominal_fixed_oof_group,gain,True,MOCK DATA / NOT A SCIENTIFIC RESULT,displacement-report-draft-v1
non_speaking,jaw,right_cheek,8,24,12,6,0.0006832330129967,0.000623687057787287,19,0.7916666666666666,0.0004060478090965,0.0010671107038014499,nominal_fixed_oof_group,gain,True,MOCK DATA / NOT A SCIENTIFIC RESULT,displacement-report-draft-v1
non_speaking,jaw,right_cheek,9,24,12,6,0.0007178372823733,0.0006630523588691158,21,0.875,0.000462814583707,0.001071021807699,nominal_fixed_oof_group,gain,True,MOCK DATA / NOT A SCIENTIFIC RESULT,displacement-report-draft-v1
non_speaking,jaw,right_cheek,10,24,12,6,0.0006612859655254,0.0006136052919968467,21,0.875,0.0004393334052274,0.0009686711906981,nominal_fixed_oof_group,gain,True,MOCK DATA / NOT A SCIENTIFIC RESULT,displacement-report-draft-v1
non_speaking,jaw,right_cheek,11,24,12,6,0.0005306222442017,0.00049136713116358,21,0.875,0.0003478904957003,0.0007836900150077,nominal_fixed_oof_group,gain,True,MOCK DATA / NOT A SCIENTIFIC RESULT,displacement-report-draft-v1
non_speaking,jaw,right_cheek,12,24,12,6,0.00036479918686575,0.00033422727409208674,20,0.8333333333333334,0.0002224875580408,0.0005618885649396001,nominal_fixed_oof_group,gain,True,MOCK DATA / NOT A SCIENTIFIC RESULT,displacement-report-draft-v1
non_speaking,jaw,right_cheek,13,24,12,6,0.00020524651954415,0.00018272376415710538,19,0.7916666666666666,0.0001004035537641,0.0003504450187225,nominal_fixed_oof_group,gain,True,MOCK DATA / NOT A SCIENTIFIC RESULT,displacement-report-draft-v1
non_speaking,jaw,right_cheek,14,24,12,6,7.921999439977883e-05,6.352385102019681e-05,16,0.6666666666666666,6.15476792365996e-06,0.00018040905508235,nominal_fixed_oof_group,gain,True,MOCK DATA / NOT A SCIENTIFIC RESULT,displacement-report-draft-v1
non_speaking,jaw,right_cheek,15,24,12,6,-5.341512878820863e-06,-1.56890483320833e-05,11,0.4583333333333333,-5.350907882667455e-05,6.136642725496598e-05,nominal_fixed_oof_group,gain,True,MOCK DATA / NOT A SCIENTIFIC RESULT,displacement-report-draft-v1
non_speaking,jaw,right_eyelid,1,30,15,0,-0.00015275603466945,-0.0001290294891925103,10,0.3333333333333333,-0.0002305146324005,1.1272005669077725e-06,nominal_fixed_oof_group,gain,True,MOCK DATA / NOT A SCIENTIFIC RESULT,displacement-report-draft-v1
non_speaking,jaw,right_eyelid,2,30,15,0,-0.00017208973508725,-0.00013988382305404312,10,0.3333333333333333,-0.00027763761439334996,3.678812040267595e-05,nominal_fixed_oof_group,gain,True,MOCK DATA / NOT A SCIENTIFIC RESULT,displacement-report-draft-v1
non_speaking,jaw,right_eyelid,3,30,15,0,-0.00019355808167954998,-0.00015220487206129839,12,0.4,-0.0003290842413861,7.464639375274912e-05,nominal_fixed_oof_group,gain,True,MOCK DATA / NOT A SCIENTIFIC RESULT,displacement-report-draft-v1
non_speaking,jaw,right_eyelid,4,30,15,0,-0.00021542579929225,-0.00016519670212339113,12,0.4,-0.00038004075198065,0.00011034501225955873,nominal_fixed_oof_group,gain,True,MOCK DATA / NOT A SCIENTIFIC RESULT,displacement-report-draft-v1
non_speaking,jaw,right_eyelid,5,30,15,0,-0.00023540588928415,-0.00017769283612370997,12,0.4,-0.00042454788169485,0.00013890360909287955,nominal_fixed_oof_group,gain,True,MOCK DATA / NOT A SCIENTIFIC RESULT,displacement-report-draft-v1
non_speaking,jaw,right_eyelid,6,30,15,0,-0.0002508946849408,-0.00018816613375047982,12,0.4,-0.00045647388242655,0.00015594382461946662,nominal_fixed_oof_group,gain,True,MOCK DATA / NOT A SCIENTIFIC RESULT,displacement-report-draft-v1
non_speaking,jaw,right_eyelid,7,30,15,0,-0.00025937090954895,-0.00019487547212682145,12,0.4,-0.0004707406927677,0.0001589270924986009,nominal_fixed_oof_group,gain,True,MOCK DATA / NOT A SCIENTIFIC RESULT,displacement-report-draft-v1
non_speaking,jaw,right_eyelid,8,30,15,0,-0.00025898945472585,-0.00019626090353556556,12,0.4,-0.0004645686522116,0.00014784905483437074,nominal_fixed_oof_group,gain,True,MOCK DATA / NOT A SCIENTIFIC RESULT,displacement-report-draft-v1
non_speaking,jaw,right_eyelid,9,30,15,0,-0.00024924910305015,-0.00019153604988968954,12,0.4,-0.00043839109546085,0.0001250603953268982,nominal_fixed_oof_group,gain,True,MOCK DATA / NOT A SCIENTIFIC RESULT,displacement-report-draft-v1
non_speaking,jaw,right_eyelid,10,30,15,0,-0.00023140819452025,-0.00018117909735141267,12,0.4,-0.00039602314720875,9.436261703155138e-05,nominal_fixed_oof_group,gain,True,MOCK DATA / NOT A SCIENTIFIC RESULT,displacement-report-draft-v1
non_speaking,jaw,right_eyelid,11,30,15,0,-0.0002083053345486,-0.0001669521249303651,12,0.4,-0.0003438314942552,5.9899140883665774e-05,nominal_fixed_oof_group,gain,True,MOCK DATA / NOT A SCIENTIFIC RESULT,displacement-report-draft-v1
non_speaking,jaw,right_eyelid,12,30,15,0,-0.00018354351493695,-0.00015133760290375088,10,0.3333333333333333,-0.00028909139424314995,2.533434055296789e-05,nominal_fixed_oof_group,gain,True,MOCK DATA / NOT A SCIENTIFIC RESULT,displacement-report-draft-v1
non_speaking,jaw,right_eyelid,13,30,15,0,-0.00016041135669980002,-0.00013668481122288187,10,0.3333333333333333,-0.0002381699544309,-6.528121463449979e-06,nominal_fixed_oof_group,gain,True,MOCK DATA / NOT A SCIENTIFIC RESULT,displacement-report-draft-v1
non_speaking,jaw,right_eyelid,14,30,15,0,-0.00014107664582715,-0.00012454157925529272,9,0.3,-0.00019526673394055,-3.383517903186861e-05,nominal_fixed_oof_group,gain,True,MOCK DATA / NOT A SCIENTIFIC RESULT,displacement-report-draft-v1
non_speaking,jaw,right_eyelid,15,30,15,0,-0.0001263614115347,-0.0001154608238274347,6,0.2,-0.00016208571937315,-5.566347938094993e-05,nominal_fixed_oof_group,gain,True,MOCK DATA / NOT A SCIENTIFIC RESULT,displacement-report-draft-v1
non_speaking,left_brow,jaw,1,30,15,0,-4.0240876478032494e-05,-6.695775343530238e-05,14,0.4666666666666667,-0.0001999435149668,9.888650248449702e-06,nominal_fixed_oof_group,gain,True,MOCK DATA / NOT A SCIENTIFIC RESULT,displacement-report-draft-v1
non_speaking,left_brow,jaw,2,30,15,0,-6.674472675353201e-06,-4.293939754290655e-05,15,0.5,-0.0002234514633097,6.137028881714407e-05,nominal_fixed_oof_group,gain,True,MOCK DATA / NOT A SCIENTIFIC RESULT,displacement-report-draft-v1
non_speaking,left_brow,jaw,3,30,15,0,4.510218269682061e-05,-1.4629025673742915e-06,15,0.5,-0.00023324498303075,0.0001324733859256,nominal_fixed_oof_group,gain,True,MOCK DATA / NOT A SCIENTIFIC RESULT,displacement-report-draft-v1
non_speaking,left_brow,jaw,4,30,15,0,0.00012171503404722317,6.515540508486238e-05,17,0.5666666666666667,-0.00021637545428655,0.00022783924295994998,nominal_fixed_oof_group,gain,True,MOCK DATA / NOT A SCIENTIFIC RESULT,displacement-report-draft-v1
non_speaking,left_brow,jaw,5,30,15,0,0.00022554541124785002,0.00016055859967793062,18,0.6,-0.00016291935172909998,0.00034748174806870005,nominal_fixed_oof_group,gain,True,MOCK DATA / NOT A SCIENTIFIC RESULT,displacement-report-draft-v1
non_speaking,left_brow,jaw,6,30,15,0,0.00034853780388145,0.00027790337522065275,18,0.6,-7.368612009451799e-05,0.00048107090215580004,nominal_fixed_oof_group,gain,True,MOCK DATA / NOT A SCIENTIFIC RESULT,displacement-report-draft-v1
non_speaking,left_brow,jaw,7,30,15,0,0.000468710424149,0.00039608642300287115,21,0.7,3.459364398792058e-05,0.0006049766057188,nominal_fixed_oof_group,gain,True,MOCK DATA / NOT A SCIENTIFIC RESULT,displacement-report-draft-v1
non_speaking,left_brow,jaw,8,30,15,0,0.00055452712854205,0.00048389269988125466,21,0.7,0.000132303204566,0.0006870602268164499,nominal_fixed_oof_group,gain,True,MOCK DATA / NOT A SCIENTIFIC RESULT,displacement-report-draft-v1
non_speaking,left_brow,jaw,9,30,15,0,0.00057781660987225,0.0005128297983023549,22,0.7333333333333333,0.00018935184689524998,0.00069975294669315,nominal_fixed_oof_group,gain,True,MOCK DATA / NOT A SCIENTIFIC RESULT,displacement-report-draft-v1
non_speaking,left_brow,jaw,10,30,15,0,0.0005284224373314,0.0004718628083690326,24,0.8,0.00019033194899745,0.00063454664624415,nominal_fixed_oof_group,gain,True,MOCK DATA / NOT A SCIENTIFIC RESULT,displacement-report-draft-v1
non_speaking,left_brow,jaw,11,30,15,0,0.0004203786562406,0.00037381357097641125,22,0.7333333333333333,0.00014203149051295,0.0005077498594694,nominal_fixed_oof_group,gain,True,MOCK DATA / NOT A SCIENTIFIC RESULT,displacement-report-draft-v1
non_speaking,left_brow,jaw,12,30,15,0,0.00028479229397655,0.0002485273691089968,21,0.7,6.801530334217456e-05,0.000352837055469,nominal_fixed_oof_group,gain,True,MOCK DATA / NOT A SCIENTIFIC RESULT,displacement-report-draft-v1
non_speaking,left_brow,jaw,13,30,15,0,0.00015456572790455,0.0001278488509473088,19,0.6333333333333333,-5.136910584208065e-06,0.000204695254631,nominal_fixed_oof_group,gain,True,MOCK DATA / NOT A SCIENTIFIC RESULT,displacement-report-draft-v1
non_speaking,left_brow,jaw,14,30,15,0,5.134617930634914e-05,3.272714605890684e-05,18,0.6,-5.995083869772414e-05,8.628152471708674e-05,nominal_fixed_oof_group,gain,True,MOCK DATA / NOT A SCIENTIFIC RESULT,displacement-report-draft-v1
non_speaking,left_brow,jaw,15,30,15,0,-1.8497098533944156e-05,-3.077152174569115e-05,14,0.4666666666666667,-9.186861482237936e-05,4.533700590900972e-06,nominal_fixed_oof_group,gain,True,MOCK DATA / NOT A SCIENTIFIC RESULT,displacement-report-draft-v1
non_speaking,left_brow,left_cheek,1,30,15,0,-0.00016233997164379998,-0.0001289035348635599,11,0.36666666666666664,-0.000211753678378,3.411723897946703e-05,nominal_fixed_oof_group,gain,True,MOCK DATA / NOT A SCIENTIFIC RESULT,displacement-report-draft-v1
non_speaking,left_brow,left_cheek,2,30,15,0,-0.0001993545144306,-0.0001539686008893428,11,0.36666666666666664,-0.0002664276369744,6.731235663885162e-05,nominal_fixed_oof_group,gain,True,MOCK DATA / NOT A SCIENTIFIC RESULT,displacement-report-draft-v1
non_speaking,left_brow,left_cheek,3,30,15,0,-0.0002580710564108,-0.00019979438986425169,11,0.36666666666666664,-0.00034419465053365,8.433598383095296e-05,nominal_fixed_oof_group,gain,True,MOCK DATA / NOT A SCIENTIFIC RESULT,displacement-report-draft-v1
non_speaking,left_brow,left_cheek,4,30,15,0,-0.0003468734797887,-0.00027608854256940533,11,0.36666666666666664,-0.00045148229776585,6.902643836449946e-05,nominal_fixed_oof_group,gain,True,MOCK DATA / NOT A SCIENTIFIC RESULT,displacement-report-draft-v1
non_speaking,left_brow,left_cheek,5,30,15,0,-0.00046909767281279996,-0.0003877660328877855,11,0.36666666666666664,-0.0005892928308636999,8.769846985607135e-06,nominal_fixed_oof_group,gain,True,MOCK DATA / NOT A SCIENTIFIC RESULT,displacement-report-draft-v1
non_speaking,left_brow,left_cheek,6,30,15,0,-0.0006154655058176,-0.0005270658170289313,8,0.26666666666666666,-0.000746106109836,-9.606936341408209e-05,nominal_fixed_oof_group,gain,True,MOCK DATA / NOT A SCIENTIFIC RESULT,displacement-report-draft-v1
non_speaking,left_brow,left_cheek,7,30,15,0,-0.00075976950031865,-0.0006688798418104164,5,0.16666666666666666,-0.000894089881411,-0.00022574343461149998,nominal_fixed_oof_group,gain,True,MOCK DATA / NOT A SCIENTIFIC RESULT,displacement-report-draft-v1
non_speaking,left_brow,left_cheek,8,30,15,0,-0.0008640672760167,-0.0007756675872279976,4,0.13333333333333333,-0.0009947078800351,-0.00034467113361310003,nominal_fixed_oof_group,gain,True,MOCK DATA / NOT A SCIENTIFIC RESULT,displacement-report-draft-v1
non_speaking,left_brow,left_cheek,9,30,15,0,-0.0008942422462633001,-0.0008129106063382741,0,0.0,-0.0010144374043142002,-0.00041637472646485004,nominal_fixed_oof_group,gain,True,MOCK DATA / NOT A SCIENTIFIC RESULT,displacement-report-draft-v1
non_speaking,left_brow,left_cheek,10,30,15,0,-0.0008377153259673999,-0.0007669303887481267,0,0.0,-0.0009423241439446,-0.0004218154078142,nominal_fixed_oof_group,gain,True,MOCK DATA / NOT A SCIENTIFIC RESULT,displacement-report-draft-v1
non_speaking,left_brow,left_cheek,11,30,15,0,-0.0007109799427853,-0.0006527032762386966,0,0.0,-0.0007971035369081501,-0.00036857290254345,nominal_fixed_oof_group,gain,True,MOCK DATA / NOT A SCIENTIFIC RESULT,displacement-report-draft-v1
non_speaking,left_brow,left_cheek,12,30,15,0,-0.00055111621015565,-0.0005057302966143874,0,0.0,-0.0006181893326994499,-0.00028444933908615,nominal_fixed_oof_group,gain,True,MOCK DATA / NOT A SCIENTIFIC RESULT,displacement-report-draft-v1
non_speaking,left_brow,left_cheek,13,30,15,0,-0.0003974456829509,-0.0003640092461706237,0,0.0,-0.0004468593896851,-0.0002009884723276,nominal_fixed_oof_group,gain,True,MOCK DATA / NOT A SCIENTIFIC RESULT,displacement-report-draft-v1
non_speaking,left_brow,left_cheek,14,30,15,0,-0.0002758381041855,-0.00025253619921046045,0,0.0,-0.00031027459352645,-0.00013892676749955002,nominal_fixed_oof_group,gain,True,MOCK DATA / NOT A SCIENTIFIC RESULT,displacement-report-draft-v1
non_speaking,left_brow,left_cheek,15,30,15,0,-0.0001938693744741,-0.00017850781195353292,0,0.0,-0.00021657130740914999,-0.0001036118585957,nominal_fixed_oof_group,gain,True,MOCK DATA / NOT A SCIENTIFIC RESULT,displacement-report-draft-v1
non_speaking,left_brow,left_eyelid,1,30,15,0,-0.000186745839329,-0.0001435929244694632,10,0.3333333333333333,-0.00025502773759085,-3.504930144705839e-05,nominal_fixed_oof_group,gain,True,MOCK DATA / NOT A SCIENTIFIC RESULT,displacement-report-draft-v1
non_speaking,left_brow,left_eyelid,2,30,15,0,-0.0002286952326368,-0.0001701203768368162,10,0.3333333333333333,-0.00032137964010844997,-2.2785553981011664e-05,nominal_fixed_oof_group,gain,True,MOCK DATA / NOT A SCIENTIFIC RESULT,displacement-report-draft-v1
non_speaking,left_brow,left_eyelid,3,30,15,0,-0.00028790694281405,-0.00021269533918805294,10,0.3333333333333333,-0.00040691607773829996,-2.3513681878007563e-05,nominal_fixed_oof_group,gain,True,MOCK DATA / NOT A SCIENTIFIC RESULT,displacement-report-draft-v1
non_speaking,left_brow,left_eyelid,4,30,15,0,-0.00036900948039335,-0.00027765475891874925,10,0.3333333333333333,-0.0005135622601479,-4.786790717709993e-05,nominal_fixed_oof_group,gain,True,MOCK DATA / NOT A SCIENTIFIC RESULT,displacement-report-draft-v1
non_speaking,left_brow,left_eyelid,5,30,15,0,-0.00047257206515285,-0.00036760581662173824,10,0.3333333333333333,-0.0006386626925519499,-0.00010358154508146056,nominal_fixed_oof_group,gain,True,MOCK DATA / NOT A SCIENTIFIC RESULT,displacement-report-draft-v1
non_speaking,left_brow,left_eyelid,6,30,15,0,-0.00058986688383935,-0.00047577864324782734,8,0.26666666666666666,-0.0007703914593469,-0.00018880959333877128,nominal_fixed_oof_group,gain,True,MOCK DATA / NOT A SCIENTIFIC RESULT,displacement-report-draft-v1
non_speaking,left_brow,left_eyelid,7,30,15,0,-0.00070009290671085,-0.0005827911224030663,7,0.23333333333333334,-0.00088570234996865,-0.0002877389643461,nominal_fixed_oof_group,gain,True,MOCK DATA / NOT A SCIENTIFIC RESULT,displacement-report-draft-v1
non_speaking,left_brow,left_eyelid,8,30,15,0,-0.0007745737071201,-0.0006604854665285905,5,0.16666666666666666,-0.0009550982826277,-0.00037351641661955,nominal_fixed_oof_group,gain,True,MOCK DATA / NOT A SCIENTIFIC RESULT,displacement-report-draft-v1
non_speaking,left_brow,left_eyelid,9,30,15,0,-0.00078844714333195,-0.0006834808948008243,4,0.13333333333333333,-0.00095453777073105,-0.00041945662326054996,nominal_fixed_oof_group,gain,True,MOCK DATA / NOT A SCIENTIFIC RESULT,displacement-report-draft-v1
non_speaking,left_brow,left_eyelid,10,30,15,0,-0.00073369649798105,-0.0006423417765064868,2,0.06666666666666667,-0.0008782492777357,-0.0004125549247648,nominal_fixed_oof_group,gain,True,MOCK DATA / NOT A SCIENTIFIC RESULT,displacement-report-draft-v1
non_speaking,left_brow,left_eyelid,11,30,15,0,-0.0006244104261596,-0.0005491988225335717,2,0.06666666666666667,-0.0007434195610839,-0.0003600171652235,nominal_fixed_oof_group,gain,True,MOCK DATA / NOT A SCIENTIFIC RESULT,displacement-report-draft-v1
non_speaking,left_brow,left_eyelid,12,30,15,0,-0.0004900480995822,-0.0004314732437821922,2,0.06666666666666667,-0.00058273250705385,-0.00028413842092635,nominal_fixed_oof_group,gain,True,MOCK DATA / NOT A SCIENTIFIC RESULT,displacement-report-draft-v1
non_speaking,left_brow,left_eyelid,13,30,15,0,-0.00036142532385529996,-0.00031827240899571466,2,0.06666666666666667,-0.0004297072221171,-0.00020972878597330002,nominal_fixed_oof_group,gain,True,MOCK DATA / NOT A SCIENTIFIC RESULT,displacement-report-draft-v1
non_speaking,left_brow,left_eyelid,14,30,15,0,-0.00025881923263655,-0.0002287458989239646,0,0.0,-0.0003064049940999,-0.00015310167864015,nominal_fixed_oof_group,gain,True,MOCK DATA / NOT A SCIENTIFIC RESULT,displacement-report-draft-v1
non_speaking,left_brow,left_eyelid,15,30,15,0,-0.0001883171373273,-0.00016849157385839334,0,0.0,-0.00021968760470295,-0.0001186238304074627,nominal_fixed_oof_group,gain,True,MOCK DATA / NOT A SCIENTIFIC RESULT,displacement-report-draft-v1
non_speaking,left_brow,mouth,1,30,15,0,-1.997061656010702e-05,-4.9193862177283155e-05,14,0.4666666666666667,-0.00012202080725515002,0.00010853039758165,nominal_fixed_oof_group,gain,True,MOCK DATA / NOT A SCIENTIFIC RESULT,displacement-report-draft-v1
non_speaking,left_brow,mouth,2,30,15,0,1.1694970986610587e-05,-2.7972045797886787e-05,16,0.5333333333333333,-0.00012682580388524999,0.00018611953530635,nominal_fixed_oof_group,gain,True,MOCK DATA / NOT A SCIENTIFIC RESULT,displacement-report-draft-v1
non_speaking,left_brow,mouth,3,30,15,0,4.976217219122966e-05,-1.1712855642434206e-06,16,0.5333333333333333,-0.0001281020234835,0.0002737277460725,nominal_fixed_oof_group,gain,True,MOCK DATA / NOT A SCIENTIFIC RESULT,displacement-report-draft-v1
non_speaking,left_brow,mouth,4,30,15,0,9.331964139700074e-05,3.145402993992626e-05,16,0.5333333333333333,-0.00012272061399985,0.00036535629046990003,nominal_fixed_oof_group,gain,True,MOCK DATA / NOT A SCIENTIFIC RESULT,displacement-report-draft-v1
non_speaking,left_brow,mouth,5,30,15,0,0.0001398940149936,6.881064849749994e-05,17,0.5666666666666667,-0.00010833546646795,0.00045246315269385003,nominal_fixed_oof_group,gain,True,MOCK DATA / NOT A SCIENTIFIC RESULT,displacement-report-draft-v1
non_speaking,left_brow,mouth,6,30,15,0,0.0001845127550416,0.00010725195614339144,18,0.6,-8.528887356958883e-05,0.0005242454165634,nominal_fixed_oof_group,gain,True,MOCK DATA / NOT A SCIENTIFIC RESULT,displacement-report-draft-v1
non_speaking,left_brow,mouth,7,30,15,0,0.0002195199752006,0.00014008295767081513,18,0.6,-5.788120375669215e-05,0.0005688219468808499,nominal_fixed_oof_group,gain,True,MOCK DATA / NOT A SCIENTIFIC RESULT,displacement-report-draft-v1
non_speaking,left_brow,mouth,8,30,15,0,0.00023621821367785,0.0001589574147796423,18,0.6,-3.358341493333271e-05,0.0005759508751996001,nominal_fixed_oof_group,gain,True,MOCK DATA / NOT A SCIENTIFIC RESULT,displacement-report-draft-v1
non_speaking,left_brow,mouth,9,30,15,0,0.0002283177423845,0.00015723437588838248,18,0.6,-1.991173907714026e-05,0.0005408868800847501,nominal_fixed_oof_group,gain,True,MOCK DATA / NOT A SCIENTIFIC RESULT,displacement-report-draft-v1
non_speaking,left_brow,mouth,10,30,15,0,0.0001954074211992,0.00013354180974219247,18,0.6,-2.06328341976229e-05,0.00046744407027219997,nominal_fixed_oof_group,gain,True,MOCK DATA / NOT A SCIENTIFIC RESULT,displacement-report-draft-v1
non_speaking,left_brow,mouth,11,30,15,0,0.00014396046237905,9.302700462359474e-05,18,0.6,-3.390373329570026e-05,0.0003679260362603,nominal_fixed_oof_group,gain,True,MOCK DATA / NOT A SCIENTIFIC RESULT,displacement-report-draft-v1
non_speaking,left_brow,mouth,12,30,15,0,8.485615480909861e-05,4.518913802459211e-05,18,0.6,-5.3664620062786415e-05,0.00025928071912884997,nominal_fixed_oof_group,gain,True,MOCK DATA / NOT A SCIENTIFIC RESULT,displacement-report-draft-v1
non_speaking,left_brow,mouth,13,30,15,0,2.892786321097773e-05,-2.953824062197722e-07,16,0.5333333333333333,-7.312232748414062e-05,0.00015742887735275,nominal_fixed_oof_group,gain,True,MOCK DATA / NOT A SCIENTIFIC RESULT,displacement-report-draft-v1
non_speaking,left_brow,mouth,14,30,15,0,-1.6691570940892322e-05,-3.7057296418995606e-05,14,0.4666666666666667,-8.78105081017779e-05,7.286098636068682e-05,nominal_fixed_oof_group,gain,True,MOCK DATA / NOT A SCIENTIFIC RESULT,displacement-report-draft-v1
non_speaking,left_brow,mouth,15,30,15,0,-4.966582131211766e-05,-6.30917350107817e-05,10,0.3333333333333333,-9.655031426524484e-05,9.370862999438269e-06,nominal_fixed_oof_group,gain,True,MOCK DATA / NOT A SCIENTIFIC RESULT,displacement-report-draft-v1
non_speaking,left_brow,right_brow,1,30,15,0,-0.00011206579505735,-0.00011182736441052043,11,0.36666666666666664,-0.0003019021624664,-2.2119097096978593e-05,nominal_fixed_oof_group,gain,True,MOCK DATA / NOT A SCIENTIFIC RESULT,displacement-report-draft-v1
non_speaking,left_brow,right_brow,2,30,15,0,-0.0001205572801713,-0.00012023363944390517,13,0.43333333333333335,-0.0003782371584083,1.5344691313302194e-06,nominal_fixed_oof_group,gain,True,MOCK DATA / NOT A SCIENTIFIC RESULT,displacement-report-draft-v1
non_speaking,left_brow,right_brow,3,30,15,0,-0.00012919606873760002,-0.00012878050581769835,14,0.4666666666666667,-0.0004600635817628,2.7572840534900375e-05,nominal_fixed_oof_group,gain,True,MOCK DATA / NOT A SCIENTIFIC RESULT,displacement-report-draft-v1
non_speaking,left_brow,right_brow,4,30,15,0,-0.00013507412808175001,-0.00013456937039841668,14,0.4666666666666667,-0.0005369577210405,5.534303299465542e-05,nominal_fixed_oof_group,gain,True,MOCK DATA / NOT A SCIENTIFIC RESULT,displacement-report-draft-v1
non_speaking,left_brow,right_brow,5,30,15,0,-0.00013558945206459998,-0.00013500948729016558,14,0.4666666666666667,-0.0005973522642999,8.319918558326615e-05,nominal_fixed_oof_group,gain,True,MOCK DATA / NOT A SCIENTIFIC RESULT,displacement-report-draft-v1
non_speaking,left_brow,right_brow,6,30,15,0,-0.0001299301060998,-0.0001292997400378736,14,0.4666666666666667,-0.0006318219766367,0.00010787215014894575,nominal_fixed_oof_group,gain,True,MOCK DATA / NOT A SCIENTIFIC RESULT,displacement-report-draft-v1
non_speaking,left_brow,right_brow,7,30,15,0,-0.0001196721224653,-0.00011902400077063666,14,0.4666666666666667,-0.0006357008703741,0.0001248283521303,nominal_fixed_oof_group,gain,True,MOCK DATA / NOT A SCIENTIFIC RESULT,displacement-report-draft-v1
non_speaking,left_brow,right_brow,8,30,15,0,-0.00010799600137459999,-0.00010736563531267667,14,0.4666666666666667,-0.0006098878719115,0.0001298062548741,nominal_fixed_oof_group,gain,True,MOCK DATA / NOT A SCIENTIFIC RESULT,displacement-report-draft-v1
non_speaking,left_brow,right_brow,9,30,15,0,-9.80789967290057e-05,-9.749903195453371e-05,14,0.4666666666666667,-0.0005598418089643,0.0001207096409189,nominal_fixed_oof_group,gain,True,MOCK DATA / NOT A SCIENTIFIC RESULT,displacement-report-draft-v1
non_speaking,left_brow,right_brow,10,30,15,0,-9.176721015848391e-05,-9.12624524751347e-05,14,0.4666666666666667,-0.0004936508031172,9.864995091791334e-05,nominal_fixed_oof_group,gain,True,MOCK DATA / NOT A SCIENTIFIC RESULT,displacement-report-draft-v1
non_speaking,left_brow,right_brow,11,30,15,0,-8.923597136281441e-05,-8.882040844285565e-05,14,0.4666666666666667,-0.000420103484388,6.753293790973678e-05,nominal_fixed_oof_group,gain,True,MOCK DATA / NOT A SCIENTIFIC RESULT,displacement-report-draft-v1
non_speaking,left_brow,right_brow,12,30,15,0,-8.952138744153801e-05,-8.91977467140566e-05,14,0.4666666666666667,-0.0003472012656784,3.25703618611747e-05,nominal_fixed_oof_group,gain,True,MOCK DATA / NOT A SCIENTIFIC RESULT,displacement-report-draft-v1
non_speaking,left_brow,right_brow,13,30,15,0,-9.132244600892903e-05,-9.108401536206864e-05,13,0.43333333333333335,-0.000281158813418,-1.3757480485272755e-06,nominal_fixed_oof_group,gain,True,MOCK DATA / NOT A SCIENTIFIC RESULT,displacement-report-draft-v1
non_speaking,left_brow,right_brow,14,30,15,0,-9.357077263581152e-05,-9.340460994588779e-05,11,0.36666666666666664,-0.0002258680333528,-3.0886778451162406e-05,nominal_fixed_oof_group,gain,True,MOCK DATA / NOT A SCIENTIFIC RESULT,displacement-report-draft-v1
non_speaking,left_brow,right_brow,15,30,15,0,-9.562852947085426e-05,-9.551898827442084e-05,8,0.26666666666666666,-0.0001828442589997,-5.4304693641086654e-05,nominal_fixed_oof_group,gain,True,MOCK DATA / NOT A SCIENTIFIC RESULT,displacement-report-draft-v1
non_speaking,left_brow,right_cheek,1,24,12,6,-0.0001560977778916,-0.00013002011809616772,8,0.3333333333333333,-0.00030391200958575,-5.3723804639272624e-05,nominal_fixed_oof_group,gain,True,MOCK DATA / NOT A SCIENTIFIC RESULT,displacement-report-draft-v1
non_speaking,left_brow,right_cheek,2,24,12,6,-0.00018347605845725,-0.00014807879347321929,8,0.3333333333333333,-0.00038411597663775003,-4.45157879763328e-05,nominal_fixed_oof_group,gain,True,MOCK DATA / NOT A SCIENTIFIC RESULT,displacement-report-draft-v1
non_speaking,left_brow,right_cheek,3,24,12,6,-0.0002223561103425,-0.00017690512242178307,8,0.3333333333333333,-0.00047998286488839994,-4.3927591135198545e-05,nominal_fixed_oof_group,gain,True,MOCK DATA / NOT A SCIENTIFIC RESULT,displacement-report-draft-v1
non_speaking,left_brow,right_cheek,4,24,12,6,-0.0002759152431083,-0.00022070883688820808,8,0.3333333333333333,-0.0005888379740605,-5.9189540032469554e-05,nominal_fixed_oof_group,gain,True,MOCK DATA / NOT A SCIENTIFIC RESULT,displacement-report-draft-v1
non_speaking,left_brow,right_cheek,5,24,12,6,-0.00034462809982065004,-0.0002811961363460167,8,0.3333333333333333,-0.00070417519949945,-9.561104142513514e-05,nominal_fixed_oof_group,gain,True,MOCK DATA / NOT A SCIENTIFIC RESULT,displacement-report-draft-v1
non_speaking,left_brow,right_cheek,6,24,12,6,-0.0004227410683947,-0.00035379661042504214,8,0.3333333333333333,-0.0008135342670292499,-0.00015208341922474998,nominal_fixed_oof_group,gain,True,MOCK DATA / NOT A SCIENTIFIC RESULT,displacement-report-draft-v1
non_speaking,left_brow,right_cheek,7,24,12,6,-0.0004963924938383,-0.00042550606508764185,7,0.2916666666666667,-0.0008981932338402001,-0.0002181111826393,nominal_fixed_oof_group,gain,True,MOCK DATA / NOT A SCIENTIFIC RESULT,displacement-report-draft-v1
non_speaking,left_brow,right_cheek,8,24,12,6,-0.0005464066372216001,-0.00047746217925190743,6,0.25,-0.0009371998358561,-0.00027574898805165,nominal_fixed_oof_group,gain,True,MOCK DATA / NOT A SCIENTIFIC RESULT,displacement-report-draft-v1
non_speaking,left_brow,right_cheek,9,24,12,6,-0.00055611390487865,-0.0004926819414040563,5,0.20833333333333334,-0.00091566100455755,-0.0003070968464832,nominal_fixed_oof_group,gain,True,MOCK DATA / NOT A SCIENTIFIC RESULT,displacement-report-draft-v1
non_speaking,left_brow,right_cheek,10,24,12,6,-0.00052008179133165,-0.00046487538511151425,5,0.20833333333333334,-0.00083300452228385,-0.00030335608825575,nominal_fixed_oof_group,gain,True,MOCK DATA / NOT A SCIENTIFIC RESULT,displacement-report-draft-v1
non_speaking,left_brow,right_cheek,11,24,12,6,-0.0004476531185472,-0.00040220213062643604,5,0.20833333333333334,-0.0007052798730931,-0.0002692245993398,nominal_fixed_oof_group,gain,True,MOCK DATA / NOT A SCIENTIFIC RESULT,displacement-report-draft-v1
non_speaking,left_brow,right_cheek,12,24,12,6,-0.00035845795886165,-0.00032306069387762844,5,0.20833333333333334,-0.00055909787704215,-0.0002194976883807,nominal_fixed_oof_group,gain,True,MOCK DATA / NOT A SCIENTIFIC RESULT,displacement-report-draft-v1
non_speaking,left_brow,right_cheek,13,24,12,6,-0.0002730498072353,-0.00024697214743990304,4,0.16666666666666666,-0.00042086403892955,-0.000170675833983,nominal_fixed_oof_group,gain,True,MOCK DATA / NOT A SCIENTIFIC RESULT,displacement-report-draft-v1
non_speaking,left_brow,right_cheek,14,24,12,6,-0.00020495293056630001,-0.00018677936875657105,3,0.125,-0.00030796489932144997,-0.000133608348836,nominal_fixed_oof_group,gain,True,MOCK DATA / NOT A SCIENTIFIC RESULT,displacement-report-draft-v1
non_speaking,left_brow,right_cheek,15,24,12,6,-0.00015822046270745,-0.00014623971236700953,0,0.0,-0.00022613013790779999,-0.00011118721568615,nominal_fixed_oof_group,gain,True,MOCK DATA / NOT A SCIENTIFIC RESULT,displacement-report-draft-v1
non_speaking,left_brow,right_eyelid,1,30,15,0,-0.00016331186247960002,-0.0001472229020543658,8,0.26666666666666666,-0.000314452214457,-5.847140340767536e-05,nominal_fixed_oof_group,gain,True,MOCK DATA / NOT A SCIENTIFIC RESULT,displacement-report-draft-v1
non_speaking,left_brow,right_eyelid,2,30,15,0,-0.00018595244960505,-0.00016411363431416748,8,0.26666666666666666,-0.0003911071732533,-4.364422333276007e-05,nominal_fixed_oof_group,gain,True,MOCK DATA / NOT A SCIENTIFIC RESULT,displacement-report-draft-v1
non_speaking,left_brow,right_eyelid,3,30,15,0,-0.00021043153802835,-0.0001823899441244866,10,0.3333333333333333,-0.0004738554175463,-2.770415849095726e-05,nominal_fixed_oof_group,gain,True,MOCK DATA / NOT A SCIENTIFIC RESULT,displacement-report-draft-v1
non_speaking,left_brow,right_eyelid,4,30,15,0,-0.00023440630607740002,-0.00020034597658977015,10,0.3333333333333333,-0.0005543704337242,-1.245905248031462e-05,nominal_fixed_oof_group,gain,True,MOCK DATA / NOT A SCIENTIFIC RESULT,displacement-report-draft-v1
non_speaking,left_brow,right_eyelid,5,30,15,0,-0.00025541416431370005,-0.00021627896744221223,10,0.3333333333333333,-0.0006230518036333,-3.975630278370973e-07,nominal_fixed_oof_group,gain,True,MOCK DATA / NOT A SCIENTIFIC RESULT,displacement-report-draft-v1
non_speaking,left_brow,right_eyelid,6,30,15,0,-0.00027203583699765,-0.0002294996330391756,11,0.36666666666666664,-0.0006716226759305,5.142739635140975e-06,nominal_fixed_oof_group,gain,True,MOCK DATA / NOT A SCIENTIFIC RESULT,displacement-report-draft-v1
non_speaking,left_brow,right_eyelid,7,30,15,0,-0.00028557528561965,-0.00024184095685673873,10,0.3333333333333333,-0.0006964173579465,-5.893708369016093e-07,nominal_fixed_oof_group,gain,True,MOCK DATA / NOT A SCIENTIFIC RESULT,displacement-report-draft-v1
non_speaking,left_brow,right_eyelid,8,30,15,0,-0.00030181153258545,-0.0002592753286269915,10,0.3333333333333333,-0.0007013983715183,-2.463295595267825e-05,nominal_fixed_oof_group,gain,True,MOCK DATA / NOT A SCIENTIFIC RESULT,displacement-report-draft-v1
non_speaking,left_brow,right_eyelid,9,30,15,0,-0.000331595804215,-0.0002924606073434977,8,0.26666666666666666,-0.0006992334435346,-7.657920292912859e-05,nominal_fixed_oof_group,gain,True,MOCK DATA / NOT A SCIENTIFIC RESULT,displacement-report-draft-v1
non_speaking,left_brow,right_eyelid,10,30,15,0,-0.0003883557257747,-0.00035429539628704427,8,0.26666666666666666,-0.0007083198534215,-0.0001664084721775,nominal_fixed_oof_group,gain,True,MOCK DATA / NOT A SCIENTIFIC RESULT,displacement-report-draft-v1
non_speaking,left_brow,right_eyelid,11,30,15,0,-0.00048120171764785,-0.00045316012374395685,5,0.16666666666666666,-0.0007446255971658,-0.0002984743381104,nominal_fixed_oof_group,gain,True,MOCK DATA / NOT A SCIENTIFIC RESULT,displacement-report-draft-v1
non_speaking,left_brow,right_eyelid,12,30,15,0,-0.00060545119422865,-0.0005836123789376768,0,0.0,-0.0008106059178769,-0.0004631429679563,nominal_fixed_oof_group,gain,True,MOCK DATA / NOT A SCIENTIFIC RESULT,displacement-report-draft-v1
non_speaking,left_brow,right_eyelid,13,30,15,0,-0.000736721172638,-0.0007206322122127065,0,0.0,-0.0008878615246153,-0.000631880713566,nominal_fixed_oof_group,gain,True,MOCK DATA / NOT A SCIENTIFIC RESULT,displacement-report-draft-v1
non_speaking,left_brow,right_eyelid,14,30,15,0,-0.0008357875854345001,-0.0008245751638047665,0,0.0,-0.0009411175326059,-0.0007627241058871,nominal_fixed_oof_group,gain,True,MOCK DATA / NOT A SCIENTIFIC RESULT,displacement-report-draft-v1
non_speaking,left_brow,right_eyelid,15,30,15,0,-0.0008653621382044,-0.0008579704543031202,0,0.0,-0.0009347999189567,-0.0008171957239029,nominal_fixed_oof_group,gain,True,MOCK DATA / NOT A SCIENTIFIC RESULT,displacement-report-draft-v1
non_speaking,left_cheek,jaw,1,30,15,0,-4.9985708066681896e-05,-8.263633454672995e-05,13,0.43333333333333335,-0.00024314732634420002,8.694943846427327e-07,nominal_fixed_oof_group,gain,True,MOCK DATA / NOT A SCIENTIFIC RESULT,displacement-report-draft-v1
non_speaking,left_cheek,jaw,2,30,15,0,-3.2125919584823255e-05,-7.644519081068788e-05,13,0.43333333333333335,-0.00029431942316429996,3.690385881970505e-05,nominal_fixed_oof_group,gain,True,MOCK DATA / NOT A SCIENTIFIC RESULT,displacement-report-draft-v1
non_speaking,left_cheek,jaw,3,30,15,0,-1.2914363721474968e-05,-6.982143442457652e-05,14,0.4666666666666667,-0.00034957748640800004,7.572162625822726e-05,nominal_fixed_oof_group,gain,True,MOCK DATA / NOT A SCIENTIFIC RESULT,displacement-report-draft-v1
non_speaking,left_cheek,jaw,4,30,15,0,5.505164697539294e-06,-6.361621210313936e-05,15,0.5,-0.00040341798440495,0.00011316562913182009,nominal_fixed_oof_group,gain,True,MOCK DATA / NOT A SCIENTIFIC RESULT,displacement-report-draft-v1
non_speaking,left_cheek,jaw,5,30,15,0,2.0243258316923057e-05,-5.917695663157263e-05,16,0.5333333333333333,-0.00044960797877265,0.00014394474724243735,nominal_fixed_oof_group,gain,True,MOCK DATA / NOT A SCIENTIFIC RESULT,displacement-report-draft-v1
non_speaking,left_cheek,jaw,6,30,15,0,2.7577331940204907e-05,-5.8744821301163247e-05,16,0.5333333333333333,-0.00048310588032505,0.00016202898118514587,nominal_fixed_oof_group,gain,True,MOCK DATA / NOT A SCIENTIFIC RESULT,displacement-report-draft-v1
non_speaking,left_cheek,jaw,7,30,15,0,2.2477140610362243e-05,-6.627646403816385e-05,16,0.5333333333333333,-0.0005025905763092,0.00016071591331638012,nominal_fixed_oof_group,gain,True,MOCK DATA / NOT A SCIENTIFIC RESULT,displacement-report-draft-v1
non_speaking,left_cheek,jaw,8,30,15,0,-2.1983636476143224e-06,-8.852051688898505e-05,15,0.5,-0.0005128815759128499,0.00013225328559733754,nominal_fixed_oof_group,gain,True,MOCK DATA / NOT A SCIENTIFIC RESULT,displacement-report-draft-v1
non_speaking,left_cheek,jaw,9,30,15,0,-5.5938381584368004e-05,-0.0001353585965328617,13,0.43333333333333335,-0.00052578961867395,6.776310734114203e-05,nominal_fixed_oof_group,gain,True,MOCK DATA / NOT A SCIENTIFIC RESULT,displacement-report-draft-v1
non_speaking,left_cheek,jaw,10,30,15,0,-0.0001484442549997,-0.00021756563180040517,13,0.43333333333333335,-0.0005573674041022499,-4.078379056542564e-05,nominal_fixed_oof_group,gain,True,MOCK DATA / NOT A SCIENTIFIC RESULT,displacement-report-draft-v1
non_speaking,left_cheek,jaw,11,30,15,0,-0.0002836845433409,-0.0003405916140440337,10,0.3333333333333333,-0.0006203476660275,-0.0001950485533612,nominal_fixed_oof_group,gain,True,MOCK DATA / NOT A SCIENTIFIC RESULT,displacement-report-draft-v1
non_speaking,left_cheek,jaw,12,30,15,0,-0.0004516246642083,-0.0004959439354341901,0,0.0,-0.0007138181677879001,-0.00038259488580375,nominal_fixed_oof_group,gain,True,MOCK DATA / NOT A SCIENTIFIC RESULT,displacement-report-draft-v1
non_speaking,left_cheek,jaw,13,30,15,0,-0.000623395018225,-0.0006560456447050434,0,0.0,-0.0008165566365025501,-0.0005725398157737001,nominal_fixed_oof_group,gain,True,MOCK DATA / NOT A SCIENTIFIC RESULT,displacement-report-draft-v1
non_speaking,left_cheek,jaw,14,30,15,0,-0.0007568104115606999,-0.0007795646841111301,0,0.0,-0.0008914250447976,-0.0007213693416048,nominal_fixed_oof_group,gain,True,MOCK DATA / NOT A SCIENTIFIC RESULT,displacement-report-draft-v1
non_speaking,left_cheek,jaw,15,30,15,0,-0.0008132971763284,-0.0008282977173042532,0,0.0,-0.00090204061197765,-0.00078993298303565,nominal_fixed_oof_group,gain,True,MOCK DATA / NOT A SCIENTIFIC RESULT,displacement-report-draft-v1
non_speaking,left_cheek,left_brow,1,30,15,0,-0.00015042255008044999,-0.00011698611330019757,11,0.36666666666666664,-0.00019983625681460002,4.603466054282825e-05,nominal_fixed_oof_group,gain,True,MOCK DATA / NOT A SCIENTIFIC RESULT,displacement-report-draft-v1
non_speaking,left_cheek,left_brow,2,30,15,0,-0.00016892231235910002,-0.00012353639881785072,11,0.36666666666666664,-0.0002359954349029,9.774455871034434e-05,nominal_fixed_oof_group,gain,True,MOCK DATA / NOT A SCIENTIFIC RESULT,displacement-report-draft-v1
non_speaking,left_cheek,left_brow,3,30,15,0,-0.0001894910303912,-0.00013121436384465413,11,0.36666666666666664,-0.00027561462451405005,0.0001529160098505,nominal_fixed_oof_group,gain,True,MOCK DATA / NOT A SCIENTIFIC RESULT,displacement-report-draft-v1
non_speaking,left_cheek,left_brow,4,30,15,0,-0.0002104858123786,-0.00013970087515928232,13,0.43333333333333335,-0.00031509463035575,0.0002054141057746,nominal_fixed_oof_group,gain,True,MOCK DATA / NOT A SCIENTIFIC RESULT,displacement-report-draft-v1
non_speaking,left_cheek,left_brow,5,30,15,0,-0.0002297298619727,-0.00014839822204770718,14,0.4666666666666667,-0.0003499250200236,0.00024813765782565,nominal_fixed_oof_group,gain,True,MOCK DATA / NOT A SCIENTIFIC RESULT,displacement-report-draft-v1
non_speaking,left_cheek,left_brow,6,30,15,0,-0.00024472538787075,-0.0001563256990820886,14,0.4666666666666667,-0.00037536599188915003,0.0002746707545327,nominal_fixed_oof_group,gain,True,MOCK DATA / NOT A SCIENTIFIC RESULT,displacement-report-draft-v1
non_speaking,left_cheek,left_brow,7,30,15,0,-0.00025302784079365,-0.00016213818228541927,14,0.4666666666666667,-0.000387348221886,0.0002809982249134,nominal_fixed_oof_group,gain,True,MOCK DATA / NOT A SCIENTIFIC RESULT,displacement-report-draft-v1
non_speaking,left_cheek,left_brow,8,30,15,0,-0.00025282015765585,-0.00016442046886717786,14,0.4666666666666667,-0.00038346076167425,0.0002665759847476,nominal_fixed_oof_group,gain,True,MOCK DATA / NOT A SCIENTIFIC RESULT,displacement-report-draft-v1
non_speaking,left_cheek,left_brow,9,30,15,0,-0.00024357307573859998,-0.0001622414358136536,13,0.43333333333333335,-0.00036376823378955,0.0002342944440597,nominal_fixed_oof_group,gain,True,MOCK DATA / NOT A SCIENTIFIC RESULT,displacement-report-draft-v1
non_speaking,left_cheek,left_brow,10,30,15,0,-0.0002264682076066,-0.00015568327038729732,11,0.36666666666666664,-0.00033107702558375,0.00018943171054660002,nominal_fixed_oof_group,gain,True,MOCK DATA / NOT A SCIENTIFIC RESULT,displacement-report-draft-v1
non_speaking,left_cheek,left_brow,11,30,15,0,-0.00020423828326030001,-0.00014596161671372073,11,0.36666666666666664,-0.00029036187738315,0.00013816875698145,nominal_fixed_oof_group,gain,True,MOCK DATA / NOT A SCIENTIFIC RESULT,displacement-report-draft-v1
non_speaking,left_cheek,left_brow,12,30,15,0,-0.0001803760922088,-0.00013499017866755266,11,0.36666666666666664,-0.0002474492147526,8.629077886063673e-05,nominal_fixed_oof_group,gain,True,MOCK DATA / NOT A SCIENTIFIC RESULT,displacement-report-draft-v1
non_speaking,left_cheek,left_brow,13,30,15,0,-0.00015807787211079998,-0.00012464143533054918,11,0.36666666666666664,-0.000207491578845,3.83793385124705e-05,nominal_fixed_oof_group,gain,True,MOCK DATA / NOT A SCIENTIFIC RESULT,displacement-report-draft-v1
non_speaking,left_cheek,left_brow,14,30,15,0,-0.0001394504367753,-0.0001161485318003367,8,0.26666666666666666,-0.00017388692611630002,-2.5391000894577423e-06,nominal_fixed_oof_group,gain,True,MOCK DATA / NOT A SCIENTIFIC RESULT,displacement-report-draft-v1
non_speaking,left_cheek,left_brow,15,30,15,0,-0.0001252893484545,-0.00010992778593393869,8,0.26666666666666666,-0.00014799128138955,-3.503183257614912e-05,nominal_fixed_oof_group,gain,True,MOCK DATA / NOT A SCIENTIFIC RESULT,displacement-report-draft-v1
non_speaking,left_cheek,left_eyelid,1,30,15,0,-9.40948785103533e-06,-3.863273346822393e-05,14,0.4666666666666667,-0.00011145967854610001,0.00011909152629075001,nominal_fixed_oof_group,gain,True,MOCK DATA / NOT A SCIENTIFIC RESULT,displacement-report-draft-v1
non_speaking,left_cheek,left_eyelid,2,30,15,0,3.866375792334299e-05,-1.0032588611552274e-06,16,0.5333333333333333,-9.98570169484959e-05,0.00021308832224305,nominal_fixed_oof_group,gain,True,MOCK DATA / NOT A SCIENTIFIC RESULT,displacement-report-draft-v1
non_speaking,left_cheek,left_eyelid,3,30,15,0,0.00011053727172205,5.960381396661023e-05,18,0.6,-6.732692395268339e-05,0.00033450284560335,nominal_fixed_oof_group,gain,True,MOCK DATA / NOT A SCIENTIFIC RESULT,displacement-report-draft-v1
non_speaking,left_cheek,left_eyelid,4,30,15,0,0.0002141853590516,0.00015231974759455114,19,0.6333333333333333,-1.8548963452600861e-06,0.00048622200812455,nominal_fixed_oof_group,gain,True,MOCK DATA / NOT A SCIENTIFIC RESULT,displacement-report-draft-v1
non_speaking,left_cheek,left_eyelid,5,30,15,0,0.0003520199556302,0.00028093658913409776,20,0.6666666666666666,0.00010379047416856148,0.0006645890933305,nominal_fixed_oof_group,gain,True,MOCK DATA / NOT A SCIENTIFIC RESULT,displacement-report-draft-v1
non_speaking,left_cheek,left_eyelid,6,30,15,0,0.00051305983902585,0.0004357990401276122,22,0.7333333333333333,0.00024325821041460002,0.0008527925005476,nominal_fixed_oof_group,gain,True,MOCK DATA / NOT A SCIENTIFIC RESULT,displacement-report-draft-v1
non_speaking,left_cheek,left_eyelid,7,30,15,0,0.00066859059505225,0.0005891535775224716,24,0.8,0.00039118941609494996,0.0010178925667325,nominal_fixed_oof_group,gain,True,MOCK DATA / NOT A SCIENTIFIC RESULT,displacement-report-draft-v1
non_speaking,left_cheek,left_eyelid,8,30,15,0,0.0007779007794692,0.0007006399805709532,26,0.8666666666666667,0.00050809915085795,0.001117633440991,nominal_fixed_oof_group,gain,True,MOCK DATA / NOT A SCIENTIFIC RESULT,displacement-report-draft-v1
non_speaking,left_cheek,left_eyelid,9,30,15,0,0.00080493583216175,0.0007338524656656191,27,0.9,0.0005567063507001,0.001117504969862,nominal_fixed_oof_group,gain,True,MOCK DATA / NOT A SCIENTIFIC RESULT,displacement-report-draft-v1
non_speaking,left_cheek,left_eyelid,10,30,15,0,0.0007370899869905501,0.0006752243755334834,28,0.9333333333333333,0.00052104973159365,0.0010091266360635,nominal_fixed_oof_group,gain,True,MOCK DATA / NOT A SCIENTIFIC RESULT,displacement-report-draft-v1
non_speaking,left_cheek,left_eyelid,11,30,15,0,0.0005930310822307,0.0005420976244752422,27,0.9,0.0004151668865559,0.000816996656112,nominal_fixed_oof_group,gain,True,MOCK DATA / NOT A SCIENTIFIC RESULT,displacement-report-draft-v1
non_speaking,left_cheek,left_eyelid,12,30,15,0,0.0004134032387933,0.0003737362220088082,26,0.8666666666666667,0.00027488246392145003,0.00058782780311305,nominal_fixed_oof_group,gain,True,MOCK DATA / NOT A SCIENTIFIC RESULT,displacement-report-draft-v1
non_speaking,left_cheek,left_eyelid,13,30,15,0,0.00024105380384755002,0.00021183055823037489,24,0.8,0.0001390036131524,0.00036955481798935,nominal_fixed_oof_group,gain,True,MOCK DATA / NOT A SCIENTIFIC RESULT,displacement-report-draft-v1
non_speaking,left_cheek,left_eyelid,14,30,15,0,0.00010417414671370001,8.380842123559887e-05,20,0.6666666666666666,3.305520955285222e-05,0.00019372670401525,nominal_fixed_oof_group,gain,True,MOCK DATA / NOT A SCIENTIFIC RESULT,displacement-report-draft-v1
non_speaking,left_cheek,left_eyelid,15,30,15,0,1.1109278218751455e-05,-2.316635479922314e-06,16,0.5333333333333333,-3.577521473437616e-05,7.014596253030652e-05,nominal_fixed_oof_group,gain,True,MOCK DATA / NOT A SCIENTIFIC RESULT,displacement-report-draft-v1
non_speaking,left_cheek,mouth,1,30,15,0,-0.00016150738199429999,-0.0001377808365173486,10,0.3333333333333333,-0.00023926597972535,-7.6241467579338425e-06,nominal_fixed_oof_group,gain,True,MOCK DATA / NOT A SCIENTIFIC RESULT,displacement-report-draft-v1
non_speaking,left_cheek,mouth,2,30,15,0,-0.00019443708335985,-0.00016223117132661355,10,0.3333333333333333,-0.00029998496266595,1.4440772130111261e-05,nominal_fixed_oof_group,gain,True,MOCK DATA / NOT A SCIENTIFIC RESULT,displacement-report-draft-v1
non_speaking,left_cheek,mouth,3,30,15,0,-0.00024391860841375,-0.0002025653987954903,10,0.3333333333333333,-0.0003794447681203,2.4285867018563907e-05,nominal_fixed_oof_group,gain,True,MOCK DATA / NOT A SCIENTIFIC RESULT,displacement-report-draft-v1
non_speaking,left_cheek,mouth,4,30,15,0,-0.00031557966579645,-0.0002653505686275798,10,0.3333333333333333,-0.00048019461848485,1.0191145755375323e-05,nominal_fixed_oof_group,gain,True,MOCK DATA / NOT A SCIENTIFIC RESULT,displacement-report-draft-v1
non_speaking,left_cheek,mouth,5,30,15,0,-0.00041118139910495,-0.000353468345944485,10,0.3333333333333333,-0.00060032339151565,-3.6871900727875146e-05,nominal_fixed_oof_group,gain,True,MOCK DATA / NOT A SCIENTIFIC RESULT,displacement-report-draft-v1
non_speaking,left_cheek,mouth,6,30,15,0,-0.00052314112030905,-0.0004604125691187248,9,0.3,-0.0007287203177947499,-0.00011630261074876498,nominal_fixed_oof_group,gain,True,MOCK DATA / NOT A SCIENTIFIC RESULT,displacement-report-draft-v1
non_speaking,left_cheek,mouth,7,30,15,0,-0.0006314876667595499,-0.0005669922293374492,7,0.23333333333333334,-0.0008428574499784,-0.00021318966471195,nominal_fixed_oof_group,gain,True,MOCK DATA / NOT A SCIENTIFIC RESULT,displacement-report-draft-v1
non_speaking,left_cheek,mouth,8,30,15,0,-0.0007078479435898501,-0.0006451193923994864,6,0.2,-0.00091342714107555,-0.00030100943402945,nominal_fixed_oof_group,gain,True,MOCK DATA / NOT A SCIENTIFIC RESULT,displacement-report-draft-v1
non_speaking,left_cheek,mouth,9,30,15,0,-0.00072705647728405,-0.0006693434241235697,4,0.13333333333333333,-0.00091619846969475,-0.00035274697890695,nominal_fixed_oof_group,gain,True,MOCK DATA / NOT A SCIENTIFIC RESULT,displacement-report-draft-v1
non_speaking,left_cheek,mouth,10,30,15,0,-0.0006802666833842499,-0.0006300375862153231,4,0.13333333333333333,-0.00084488163607265,-0.00035449587183235,nominal_fixed_oof_group,gain,True,MOCK DATA / NOT A SCIENTIFIC RESULT,displacement-report-draft-v1
non_speaking,left_cheek,mouth,11,30,15,0,-0.0005804220917592501,-0.0005390688821409934,3,0.1,-0.00071594825146585,-0.00031221761632695003,nominal_fixed_oof_group,gain,True,MOCK DATA / NOT A SCIENTIFIC RESULT,displacement-report-draft-v1
non_speaking,left_cheek,mouth,12,30,15,0,-0.00045578995030525003,-0.0004235840382719895,2,0.06666666666666667,-0.00056133782961135,-0.00024691209481525,nominal_fixed_oof_group,gain,True,MOCK DATA / NOT A SCIENTIFIC RESULT,displacement-report-draft-v1
non_speaking,left_cheek,mouth,13,30,15,0,-0.00033618686652055,-0.00031246032104361376,1,0.03333333333333333,-0.00041394546425160004,-0.0001823036312842,nominal_fixed_oof_group,gain,True,MOCK DATA / NOT A SCIENTIFIC RESULT,displacement-report-draft-v1
non_speaking,left_cheek,mouth,14,30,15,0,-0.00024123051233135,-0.00022469544575946267,0,0.0,-0.00029542060044475003,-0.000133989045536,nominal_fixed_oof_group,gain,True,MOCK DATA / NOT A SCIENTIFIC RESULT,displacement-report-draft-v1
non_speaking,left_cheek,mouth,15,30,15,0,-0.00017672193826889998,-0.00016582135056162833,0,0.0,-0.00021244624610735,-0.00010602400611514025,nominal_fixed_oof_group,gain,True,MOCK DATA / NOT A SCIENTIFIC RESULT,displacement-report-draft-v1
non_speaking,left_cheek,right_brow,1,30,15,0,-3.960559854501288e-05,-6.271203350540981e-05,14,0.4666666666666667,-0.0001933403035571,4.043999295267383e-05,nominal_fixed_oof_group,gain,True,MOCK DATA / NOT A SCIENTIFIC RESULT,displacement-report-draft-v1
non_speaking,left_cheek,right_brow,2,30,15,0,-8.463685727271195e-06,-3.9827872834035676e-05,15,0.5,-0.00021713992942580003,0.000100188510646,nominal_fixed_oof_group,gain,True,MOCK DATA / NOT A SCIENTIFIC RESULT,displacement-report-draft-v1
non_speaking,left_cheek,right_brow,3,30,15,0,3.7317075435230364e-05,-2.9553379835954707e-06,17,0.5666666666666667,-0.0002306285253326,0.0001768292571574,nominal_fixed_oof_group,gain,True,MOCK DATA / NOT A SCIENTIFIC RESULT,displacement-report-draft-v1
non_speaking,left_cheek,right_brow,4,30,15,0,0.00010238477257984395,5.346844938482348e-05,17,0.5666666666666667,-0.0002230716004847,0.0002718412911102,nominal_fixed_oof_group,gain,True,MOCK DATA / NOT A SCIENTIFIC RESULT,displacement-report-draft-v1
non_speaking,left_cheek,right_brow,5,30,15,0,0.0001879607083702,0.00013175602781472943,17,0.5666666666666667,-0.00018598750130855,0.0003826656426327,nominal_fixed_oof_group,gain,True,MOCK DATA / NOT A SCIENTIFIC RESULT,displacement-report-draft-v1
non_speaking,left_cheek,right_brow,6,30,15,0,0.00028712109869499997,0.00022603200379719726,18,0.6,-0.00011932472471604924,0.0004987466802066,nominal_fixed_oof_group,gain,True,MOCK DATA / NOT A SCIENTIFIC RESULT,displacement-report-draft-v1
non_speaking,left_cheek,right_brow,7,30,15,0,0.0003822102163884,0.00031940041411511884,20,0.6666666666666666,-3.5684038649456065e-05,0.0005997966932048,nominal_fixed_oof_group,gain,True,MOCK DATA / NOT A SCIENTIFIC RESULT,displacement-report-draft-v1
non_speaking,left_cheek,right_brow,8,30,15,0,0.00044837684283035,0.00038728774793255356,20,0.6666666666666666,4.193101941925425e-05,0.000660002424342,nominal_fixed_oof_group,gain,True,MOCK DATA / NOT A SCIENTIFIC RESULT,displacement-report-draft-v1
non_speaking,left_cheek,right_brow,9,30,15,0,0.00046373108805,0.0004075264074944797,21,0.7,8.978287837117239e-05,0.0006584360223124,nominal_fixed_oof_group,gain,True,MOCK DATA / NOT A SCIENTIFIC RESULT,displacement-report-draft-v1
non_speaking,left_cheek,right_brow,10,30,15,0,0.0004207697426262,0.00037185341943120787,21,0.7,9.531336956162973e-05,0.0005902262611566,nominal_fixed_oof_group,gain,True,MOCK DATA / NOT A SCIENTIFIC RESULT,displacement-report-draft-v1
non_speaking,left_cheek,right_brow,11,30,15,0,0.0003310967996879,0.00029082438626910244,21,0.7,6.315119892004778e-05,0.0004706089814102,nominal_fixed_oof_group,gain,True,MOCK DATA / NOT A SCIENTIFIC RESULT,displacement-report-draft-v1
non_speaking,left_cheek,right_brow,12,30,15,0,0.00021970682953905,0.00018834264243232542,20,0.6666666666666666,1.1030585840531883e-05,0.0003283590259123,nominal_fixed_oof_group,gain,True,MOCK DATA / NOT A SCIENTIFIC RESULT,displacement-report-draft-v1
non_speaking,left_cheek,right_brow,13,30,15,0,0.00011289591581234916,8.97894808519855e-05,18,0.6,-4.083878919972257e-05,0.00019294150731,nominal_fixed_oof_group,gain,True,MOCK DATA / NOT A SCIENTIFIC RESULT,displacement-report-draft-v1
non_speaking,left_cheek,right_brow,14,30,15,0,2.7965963776298376e-05,1.186305319115008e-05,17,0.5666666666666667,-7.91719920739479e-05,8.374986141483978e-05,nominal_fixed_oof_group,gain,True,MOCK DATA / NOT A SCIENTIFIC RESULT,displacement-report-draft-v1
non_speaking,left_cheek,right_brow,15,30,15,0,-2.9942549115773934e-05,-4.055824203797622e-05,14,0.4666666666666667,-0.00010057224264888048,6.832462718493748e-06,nominal_fixed_oof_group,gain,True,MOCK DATA / NOT A SCIENTIFIC RESULT,displacement-report-draft-v1
non_speaking,left_cheek,right_cheek,1,24,12,6,-0.0001621879234061,-0.00013961532467751816,8,0.3333333333333333,-0.00032237319774105003,-6.026579473244944e-05,nominal_fixed_oof_group,gain,True,MOCK DATA / NOT A SCIENTIFIC RESULT,displacement-report-draft-v1
non_speaking,left_cheek,right_cheek,2,24,12,6,-0.0001893590564433,-0.00015871948736989494,8,0.3333333333333333,-0.00040679116678825,-5.1012110256317116e-05,nominal_fixed_oof_group,gain,True,MOCK DATA / NOT A SCIENTIFIC RESULT,displacement-report-draft-v1
non_speaking,left_cheek,right_cheek,3,24,12,6,-0.00022052004620245,-0.0001811780607558795,9,0.375,-0.00049970840228945,-4.287905097727536e-05,nominal_fixed_oof_group,gain,True,MOCK DATA / NOT A SCIENTIFIC RESULT,displacement-report-draft-v1
non_speaking,left_cheek,right_cheek,4,24,12,6,-0.00025153413131945,-0.0002037479394360406,9,0.375,-0.0005906463597477,-3.5764983224087405e-05,nominal_fixed_oof_group,gain,True,MOCK DATA / NOT A SCIENTIFIC RESULT,displacement-report-draft-v1
non_speaking,left_cheek,right_cheek,5,24,12,6,-0.0002767572112009,-0.00022185104748405492,9,0.375,-0.00066639594989525,-2.883923105990904e-05,nominal_fixed_oof_group,gain,True,MOCK DATA / NOT A SCIENTIFIC RESULT,displacement-report-draft-v1
non_speaking,left_cheek,right_cheek,6,24,12,6,-0.00029086889710335,-0.00023119116541586767,9,0.375,-0.0007143688200406,-2.140584053896197e-05,nominal_fixed_oof_group,gain,True,MOCK DATA / NOT A SCIENTIFIC RESULT,displacement-report-draft-v1
non_speaking,left_cheek,right_cheek,7,24,12,6,-0.0002909784068697,-0.0002296197219246507,9,0.375,-0.0007264071272811499,-1.3925336578158708e-05,nominal_fixed_oof_group,gain,True,MOCK DATA / NOT A SCIENTIFIC RESULT,displacement-report-draft-v1
non_speaking,left_cheek,right_cheek,8,24,12,6,-0.00027774278811825,-0.00021806505643078757,9,0.375,-0.00070124271105555,-8.279731553950589e-06,nominal_fixed_oof_group,gain,True,MOCK DATA / NOT A SCIENTIFIC RESULT,displacement-report-draft-v1
non_speaking,left_cheek,right_cheek,9,24,12,6,-0.0002548231064757,-0.00019991694275885616,9,0.375,-0.00064446184517005,-6.905126334713282e-06,nominal_fixed_oof_group,gain,True,MOCK DATA / NOT A SCIENTIFIC RESULT,displacement-report-draft-v1
non_speaking,left_cheek,right_cheek,10,24,12,6,-0.00022714978496885,-0.00017936359308544752,9,0.375,-0.0005662620133970999,-1.1380636873502357e-05,nominal_fixed_oof_group,gain,True,MOCK DATA / NOT A SCIENTIFIC RESULT,displacement-report-draft-v1
non_speaking,left_cheek,right_cheek,11,24,12,6,-0.00019914723300435002,-0.00015980524755780307,9,0.375,-0.0004783355890914,-2.1506237779189696e-05,nominal_fixed_oof_group,gain,True,MOCK DATA / NOT A SCIENTIFIC RESULT,displacement-report-draft-v1
non_speaking,left_cheek,right_cheek,12,24,12,6,-0.00017378330541899999,-0.0001431437363456427,9,0.375,-0.00039121541576400004,-3.5436359232066204e-05,nominal_fixed_oof_group,gain,True,MOCK DATA / NOT A SCIENTIFIC RESULT,displacement-report-draft-v1
non_speaking,left_cheek,right_cheek,13,24,12,6,-0.0001525248438743,-0.00012995224514575956,8,0.3333333333333333,-0.0003127101182093,-5.060271520069149e-05,nominal_fixed_oof_group,gain,True,MOCK DATA / NOT A SCIENTIFIC RESULT,displacement-report-draft-v1
non_speaking,left_cheek,right_cheek,14,24,12,6,-0.00013575732736165002,-0.00012002644807964935,6,0.25,-0.0002473906950402,-6.472763682345605e-05,nominal_fixed_oof_group,gain,True,MOCK DATA / NOT A SCIENTIFIC RESULT,displacement-report-draft-v1
non_speaking,left_cheek,right_cheek,15,24,12,6,-0.0001232317888216,-0.00011286135405010168,4,0.16666666666666666,-0.00019682504048135,-7.640613086823834e-05,nominal_fixed_oof_group,gain,True,MOCK DATA / NOT A SCIENTIFIC RESULT,displacement-report-draft-v1
non_speaking,left_cheek,right_eyelid,1,30,15,0,-3.7543995652923514e-05,-6.426087261019741e-05,15,0.5,-0.0001972466341417,1.2585531073557813e-05,nominal_fixed_oof_group,gain,True,MOCK DATA / NOT A SCIENTIFIC RESULT,displacement-report-draft-v1
non_speaking,left_cheek,right_eyelid,2,30,15,0,2.1225376929494277e-07,-3.605267109827715e-05,15,0.5,-0.0002165647368651,6.825701526179178e-05,nominal_fixed_oof_group,gain,True,MOCK DATA / NOT A SCIENTIFIC RESULT,displacement-report-draft-v1
non_speaking,left_cheek,right_eyelid,3,30,15,0,6.062166030983699e-05,1.4056575045658823e-05,15,0.5,-0.00021772550541775002,0.00014799286353864999,nominal_fixed_oof_group,gain,True,MOCK DATA / NOT A SCIENTIFIC RESULT,displacement-report-draft-v1
non_speaking,left_cheek,right_eyelid,4,30,15,0,0.0001525792006846129,9.601957172223705e-05,18,0.6,-0.00018551128764924998,0.00025870340959735,nominal_fixed_oof_group,gain,True,MOCK DATA / NOT A SCIENTIFIC RESULT,displacement-report-draft-v1
non_speaking,left_cheek,right_eyelid,5,30,15,0,0.00027971371063794997,0.00021472689906806218,18,0.6,-0.00010875105233895,0.0004016500474588,nominal_fixed_oof_group,gain,True,MOCK DATA / NOT A SCIENTIFIC RESULT,displacement-report-draft-v1
non_speaking,left_cheek,right_eyelid,6,30,15,0,0.00043243530720239997,0.0003618008785415717,21,0.7,1.0211383226405024e-05,0.0005649684054768,nominal_fixed_oof_group,gain,True,MOCK DATA / NOT A SCIENTIFIC RESULT,displacement-report-draft-v1
non_speaking,left_cheek,right_eyelid,7,30,15,0,0.00058338471485775,0.0005107607137116456,21,0.7,0.00014926793469665001,0.0007196508964276,nominal_fixed_oof_group,gain,True,MOCK DATA / NOT A SCIENTIFIC RESULT,displacement-report-draft-v1
non_speaking,left_cheek,right_eyelid,8,30,15,0,0.0006928507268259001,0.000622216298165088,24,0.8,0.0002706268028499,0.0008253838251003,nominal_fixed_oof_group,gain,True,MOCK DATA / NOT A SCIENTIFIC RESULT,displacement-report-draft-v1
non_speaking,left_cheek,right_eyelid,9,30,15,0,0.000725061313783,0.0006600745022130755,24,0.8,0.000336596550806,0.0008469976506039,nominal_fixed_oof_group,gain,True,MOCK DATA / NOT A SCIENTIFIC RESULT,displacement-report-draft-v1
non_speaking,left_cheek,right_eyelid,10,30,15,0,0.00066674603561525,0.0006101864066528674,27,0.9,0.00032865554728135,0.000772870244528,nominal_fixed_oof_group,gain,True,MOCK DATA / NOT A SCIENTIFIC RESULT,displacement-report-draft-v1
non_speaking,left_cheek,right_eyelid,11,30,15,0,0.0005350529469494,0.0004884878616851886,25,0.8333333333333334,0.00025670578122175,0.0006224241501782,nominal_fixed_oof_group,gain,True,MOCK DATA / NOT A SCIENTIFIC RESULT,displacement-report-draft-v1
non_speaking,left_cheek,right_eyelid,12,30,15,0,0.00036868979729745,0.0003324248724299012,24,0.8,0.00015191280666305,0.00043673455878995,nominal_fixed_oof_group,gain,True,MOCK DATA / NOT A SCIENTIFIC RESULT,displacement-report-draft-v1
non_speaking,left_cheek,right_eyelid,13,30,15,0,0.0002087340272947,0.00018201715033744342,21,0.7,4.903138880592468e-05,0.00025886355402120003,nominal_fixed_oof_group,gain,True,MOCK DATA / NOT A SCIENTIFIC RESULT,displacement-report-draft-v1
non_speaking,left_cheek,right_eyelid,14,30,15,0,8.22103459437045e-05,6.359131269627107e-05,18,0.6,-2.9086672060344224e-05,0.0001171456913544,nominal_fixed_oof_group,gain,True,MOCK DATA / NOT A SCIENTIFIC RESULT,displacement-report-draft-v1
non_speaking,left_cheek,right_eyelid,15,30,15,0,-2.9776209209118366e-06,-1.5252044132671932e-05,15,0.5,-7.634913720934704e-05,2.0053178203932858e-05,nominal_fixed_oof_group,gain,True,MOCK DATA / NOT A SCIENTIFIC RESULT,displacement-report-draft-v1
non_speaking,left_eyelid,jaw,1,30,15,0,-0.0001884833264825,-0.00015443093463741702,8,0.26666666666666666,-0.00030843776221795,-8.660970282871154e-05,nominal_fixed_oof_group,gain,True,MOCK DATA / NOT A SCIENTIFIC RESULT,displacement-report-draft-v1
non_speaking,left_eyelid,jaw,2,30,15,0,-0.0002274355185515,-0.0001812135206061984,9,0.3,-0.0003902591377354,-8.915441205464055e-05,nominal_fixed_oof_group,gain,True,MOCK DATA / NOT A SCIENTIFIC RESULT,displacement-report-draft-v1
non_speaking,left_eyelid,jaw,3,30,15,0,-0.00027880117440740005,-0.00021945095423553116,10,0.3333333333333333,-0.0004878708398766,-0.00010124471901771376,nominal_fixed_oof_group,gain,True,MOCK DATA / NOT A SCIENTIFIC RESULT,displacement-report-draft-v1
non_speaking,left_eyelid,jaw,4,30,15,0,-0.00034447545001340004,-0.00027238653591159164,10,0.3333333333333333,-0.0005984189924580501,-0.0001288089870458,nominal_fixed_oof_group,gain,True,MOCK DATA / NOT A SCIENTIFIC RESULT,displacement-report-draft-v1
non_speaking,left_eyelid,jaw,5,30,15,0,-0.00042340353256434997,-0.00034057362786091354,8,0.26666666666666666,-0.00071518375540185,-0.00017560353726820001,nominal_fixed_oof_group,gain,True,MOCK DATA / NOT A SCIENTIFIC RESULT,displacement-report-draft-v1
non_speaking,left_eyelid,jaw,6,30,15,0,-0.00050836240524665,-0.00041833424640300984,8,0.26666666666666666,-0.0008254995110189,-0.00023902758688795002,nominal_fixed_oof_group,gain,True,MOCK DATA / NOT A SCIENTIFIC RESULT,displacement-report-draft-v1
non_speaking,left_eyelid,jaw,7,30,15,0,-0.00058442554207775,-0.0004918615441096011,6,0.2,-0.0009104955049804499,-0.00030750432210015,nominal_fixed_oof_group,gain,True,MOCK DATA / NOT A SCIENTIFIC RESULT,displacement-report-draft-v1
non_speaking,left_eyelid,jaw,8,30,15,0,-0.00063202797407345,-0.0005419998152298533,6,0.2,-0.00094916507984575,-0.0003626931557148,nominal_fixed_oof_group,gain,True,MOCK DATA / NOT A SCIENTIFIC RESULT,displacement-report-draft-v1
non_speaking,left_eyelid,jaw,9,30,15,0,-0.0006348893376224,-0.0005520594329189538,5,0.16666666666666666,-0.0009266695604599,-0.0003870893423263,nominal_fixed_oof_group,gain,True,MOCK DATA / NOT A SCIENTIFIC RESULT,displacement-report-draft-v1
non_speaking,left_eyelid,jaw,10,30,15,0,-0.00058864199823675,-0.0005165530841348962,5,0.16666666666666666,-0.00084258554068135,-0.0003729755352691,nominal_fixed_oof_group,gain,True,MOCK DATA / NOT A SCIENTIFIC RESULT,displacement-report-draft-v1
non_speaking,left_eyelid,jaw,11,30,15,0,-0.00050409818261205,-0.0004447479624401903,4,0.13333333333333333,-0.0007131678480813001,-0.00032654172722230003,nominal_fixed_oof_group,gain,True,MOCK DATA / NOT A SCIENTIFIC RESULT,displacement-report-draft-v1
non_speaking,left_eyelid,jaw,12,30,15,0,-0.0004024174189559,-0.00035619542101060904,4,0.13333333333333333,-0.00056524103813985,-0.000264136312459,nominal_fixed_oof_group,gain,True,MOCK DATA / NOT A SCIENTIFIC RESULT,displacement-report-draft-v1
non_speaking,left_eyelid,jaw,13,30,15,0,-0.0003054353558263,-0.0002713829639811626,4,0.13333333333333333,-0.00042538979156169995,-0.00020356173217240002,nominal_fixed_oof_group,gain,True,MOCK DATA / NOT A SCIENTIFIC RESULT,displacement-report-draft-v1
non_speaking,left_eyelid,jaw,14,30,15,0,-0.00022752246992215,-0.00020379130490111338,4,0.13333333333333333,-0.000311118903394,-0.0001565265826078,nominal_fixed_oof_group,gain,True,MOCK DATA / NOT A SCIENTIFIC RESULT,displacement-report-draft-v1
non_speaking,left_eyelid,jaw,15,30,15,0,-0.0001730992200557,-0.00015745467187187008,0,0.0,-0.00022820938554025,-0.000126295846561,nominal_fixed_oof_group,gain,True,MOCK DATA / NOT A SCIENTIFIC RESULT,displacement-report-draft-v1
non_speaking,left_eyelid,left_brow,1,30,15,0,-0.0001644701874605,-0.0001213172726009391,10,0.3333333333333333,-0.0002327520857223,-1.2773649578527894e-05,nominal_fixed_oof_group,gain,True,MOCK DATA / NOT A SCIENTIFIC RESULT,displacement-report-draft-v1
non_speaking,left_eyelid,left_brow,2,30,15,0,-0.00017181236285379999,-0.00011323750705385791,11,0.36666666666666664,-0.00026449677032549997,3.4097315801945645e-05,nominal_fixed_oof_group,gain,True,MOCK DATA / NOT A SCIENTIFIC RESULT,displacement-report-draft-v1
non_speaking,left_eyelid,left_brow,3,30,15,0,-0.00015971941696160002,-8.450781333565025e-05,13,0.43333333333333335,-0.0002787285518859,0.00010467384397434105,nominal_fixed_oof_group,gain,True,MOCK DATA / NOT A SCIENTIFIC RESULT,displacement-report-draft-v1
non_speaking,left_eyelid,left_brow,4,30,15,0,-0.00011407814459755,-2.2723423123020334e-05,13,0.43333333333333335,-0.0002586309243522,0.0002070634286186,nominal_fixed_oof_group,gain,True,MOCK DATA / NOT A SCIENTIFIC RESULT,displacement-report-draft-v1
non_speaking,left_eyelid,left_brow,5,30,15,0,-2.5153637059455516e-05,7.98126114716663e-05,14,0.4666666666666667,-0.00019124426445845,0.00034383688301195,nominal_fixed_oof_group,gain,True,MOCK DATA / NOT A SCIENTIFIC RESULT,displacement-report-draft-v1
non_speaking,left_eyelid,left_brow,6,30,15,0,0.0001031083337589512,0.00021719657435051174,16,0.5333333333333333,-7.741624174856574e-05,0.0005041656242595,nominal_fixed_oof_group,gain,True,MOCK DATA / NOT A SCIENTIFIC RESULT,displacement-report-draft-v1
non_speaking,left_eyelid,left_brow,7,30,15,0,0.00024709191299565,0.0003643936973034915,19,0.6333333333333333,6.148246973785383e-05,0.0006594458553604,nominal_fixed_oof_group,gain,True,MOCK DATA / NOT A SCIENTIFIC RESULT,displacement-report-draft-v1
non_speaking,left_eyelid,left_brow,8,30,15,0,0.00036794927420225,0.000482037514793824,22,0.7333333333333333,0.0001874246986947,0.00076900656470285,nominal_fixed_oof_group,gain,True,MOCK DATA / NOT A SCIENTIFIC RESULT,displacement-report-draft-v1
non_speaking,left_eyelid,left_brow,9,30,15,0,0.00042776223947205,0.0005327284880031792,24,0.8,0.00026167161207295,0.00079675275954345,nominal_fixed_oof_group,gain,True,MOCK DATA / NOT A SCIENTIFIC RESULT,displacement-report-draft-v1
non_speaking,left_eyelid,left_brow,10,30,15,0,0.00040882648334125,0.0005001812048158937,26,0.8666666666666667,0.0002642737035867,0.00072996805655755,nominal_fixed_oof_group,gain,True,MOCK DATA / NOT A SCIENTIFIC RESULT,displacement-report-draft-v1
non_speaking,left_eyelid,left_brow,11,30,15,0,0.0003227743935469,0.0003979859971729562,24,0.8,0.00020376525862260002,0.000587167654483,nominal_fixed_oof_group,gain,True,MOCK DATA / NOT A SCIENTIFIC RESULT,displacement-report-draft-v1
non_speaking,left_eyelid,left_brow,12,30,15,0,0.0002029271180161,0.0002615019738160994,22,0.7333333333333333,0.0001102427105444317,0.0004088367966719,nominal_fixed_oof_group,gain,True,MOCK DATA / NOT A SCIENTIFIC RESULT,displacement-report-draft-v1
non_speaking,left_eyelid,left_brow,13,30,15,0,8.599310423809117e-05,0.00012914601909765663,18,0.6,1.771120597628172e-05,0.00023768964212,nominal_fixed_oof_group,gain,True,MOCK DATA / NOT A SCIENTIFIC RESULT,displacement-report-draft-v1
non_speaking,left_eyelid,left_brow,14,30,15,0,-3.887896840856948e-06,2.6185436871726113e-05,14,0.4666666666666667,-5.147365830421042e-05,0.00010182965715553687,nominal_fixed_oof_group,gain,True,MOCK DATA / NOT A SCIENTIFIC RESULT,displacement-report-draft-v1
non_speaking,left_eyelid,left_brow,15,30,15,0,-6.012961147492703e-05,-4.030404800599915e-05,11,0.36666666666666664,-9.15000788505536e-05,9.563695444908017e-06,nominal_fixed_oof_group,gain,True,MOCK DATA / NOT A SCIENTIFIC RESULT,displacement-report-draft-v1
non_speaking,left_eyelid,left_cheek,1,30,15,0,-3.1685139719563656e-05,-6.0908385336751826e-05,14,0.4666666666666667,-0.00013373533041465,9.681587442224825e-05,nominal_fixed_oof_group,gain,True,MOCK DATA / NOT A SCIENTIFIC RESULT,displacement-report-draft-v1
non_speaking,left_eyelid,left_cheek,2,30,15,0,-1.821911185961346e-05,-5.788612864410831e-05,14,0.4666666666666667,-0.00015673988673145002,0.00015620545246015,nominal_fixed_oof_group,gain,True,MOCK DATA / NOT A SCIENTIFIC RESULT,displacement-report-draft-v1
non_speaking,left_eyelid,left_cheek,3,30,15,0,-1.7650254130315447e-05,-6.858371188579374e-05,14,0.4666666666666667,-0.00019551444980505,0.0002063153197509,nominal_fixed_oof_group,gain,True,MOCK DATA / NOT A SCIENTIFIC RESULT,displacement-report-draft-v1
non_speaking,left_eyelid,left_cheek,4,30,15,0,-4.074597674411009e-05,-0.00010261158820117667,14,0.4666666666666667,-0.00025678623214094997,0.0002312906723288,nominal_fixed_oof_group,gain,True,MOCK DATA / NOT A SCIENTIFIC RESULT,displacement-report-draft-v1
non_speaking,left_eyelid,left_cheek,5,30,15,0,-9.539847246312206e-05,-0.00016648183895929836,14,0.4666666666666667,-0.0003436279539248,0.00021717066523705,nominal_fixed_oof_group,gain,True,MOCK DATA / NOT A SCIENTIFIC RESULT,displacement-report-draft-v1
non_speaking,left_eyelid,left_cheek,6,30,15,0,-0.0001799153785724,-0.00025717617747069777,12,0.4,-0.00044971700718365003,0.00015981728294929998,nominal_fixed_oof_group,gain,True,MOCK DATA / NOT A SCIENTIFIC RESULT,displacement-report-draft-v1
non_speaking,left_eyelid,left_cheek,7,30,15,0,-0.00027859422465425,-0.00035803124218407783,10,0.3333333333333333,-0.00055599540361155,7.070774702595123e-05,nominal_fixed_oof_group,gain,True,MOCK DATA / NOT A SCIENTIFIC RESULT,displacement-report-draft-v1
non_speaking,left_eyelid,left_cheek,8,30,15,0,-0.0003646222018532,-0.0004418830007514741,8,0.26666666666666666,-0.0006344238304644501,-2.4889540331450317e-05,nominal_fixed_oof_group,gain,True,MOCK DATA / NOT A SCIENTIFIC RESULT,displacement-report-draft-v1
non_speaking,left_eyelid,left_cheek,9,30,15,0,-0.0004112735506422,-0.0004823569171383773,6,0.2,-0.0006595030321039,-9.8704412941993e-05,nominal_fixed_oof_group,gain,True,MOCK DATA / NOT A SCIENTIFIC RESULT,displacement-report-draft-v1
non_speaking,left_eyelid,left_cheek,10,30,15,0,-0.0004054329943318,-0.00046729860578890135,4,0.13333333333333333,-0.0006214732497287,-0.00013339634525885,nominal_fixed_oof_group,gain,True,MOCK DATA / NOT A SCIENTIFIC RESULT,displacement-report-draft-v1
non_speaking,left_eyelid,left_cheek,11,30,15,0,-0.0003541537374758,-0.0004050871952312816,4,0.13333333333333333,-0.0005320179331506001,-0.0001301881635945,nominal_fixed_oof_group,gain,True,MOCK DATA / NOT A SCIENTIFIC RESULT,displacement-report-draft-v1
non_speaking,left_eyelid,left_cheek,12,30,15,0,-0.000279571978805,-0.0003192389955894734,4,0.13333333333333333,-0.00041809275367685,-0.00010514741448514999,nominal_fixed_oof_group,gain,True,MOCK DATA / NOT A SCIENTIFIC RESULT,displacement-report-draft-v1
non_speaking,left_eyelid,left_cheek,13,30,15,0,-0.00020636462424574999,-0.00023558786986299402,4,0.13333333333333333,-0.0003084148149409,-7.786361010402769e-05,nominal_fixed_oof_group,gain,True,MOCK DATA / NOT A SCIENTIFIC RESULT,displacement-report-draft-v1
non_speaking,left_eyelid,left_cheek,14,30,15,0,-0.00015075718908195,-0.00017112291456008517,0,0.0,-0.00022187612624285,-6.120463178042445e-05,nominal_fixed_oof_group,gain,True,MOCK DATA / NOT A SCIENTIFIC RESULT,displacement-report-draft-v1
non_speaking,left_eyelid,left_cheek,15,30,15,0,-0.00011707824763359999,-0.00013050416133231923,0,0.0,-0.00016396274058675,-5.8041563322106405e-05,nominal_fixed_oof_group,gain,True,MOCK DATA / NOT A SCIENTIFIC RESULT,displacement-report-draft-v1
non_speaking,left_eyelid,mouth,1,30,15,0,-0.0001617452018373,-0.00013588675261468622,9,0.3,-0.00021438827062755,-6.894102956585008e-06,nominal_fixed_oof_group,gain,True,MOCK DATA / NOT A SCIENTIFIC RESULT,displacement-report-draft-v1
non_speaking,left_eyelid,mouth,2,30,15,0,-0.0001985471864491,-0.00016344747326965634,11,0.36666666666666664,-0.00027000377688544996,1.1644426722974988e-05,nominal_fixed_oof_group,gain,True,MOCK DATA / NOT A SCIENTIFIC RESULT,displacement-report-draft-v1
non_speaking,left_eyelid,mouth,3,30,15,0,-0.00025703442676295,-0.00021196550292211695,11,0.36666666666666664,-0.00034878650507305,1.2856946924575102e-05,nominal_fixed_oof_group,gain,True,MOCK DATA / NOT A SCIENTIFIC RESULT,displacement-report-draft-v1
non_speaking,left_eyelid,mouth,4,30,15,0,-0.00034561435209850004,-0.0002908720146645711,9,0.3,-0.0004570597296019,-1.779457319542972e-05,nominal_fixed_oof_group,gain,True,MOCK DATA / NOT A SCIENTIFIC RESULT,displacement-report-draft-v1
non_speaking,left_eyelid,mouth,5,30,15,0,-0.00046765093959605,-0.00040475218949846816,9,0.3,-0.0005957012801130999,-9.098718505412117e-05,nominal_fixed_oof_group,gain,True,MOCK DATA / NOT A SCIENTIFIC RESULT,displacement-report-draft-v1
non_speaking,left_eyelid,mouth,6,30,15,0,-0.00061389304562575,-0.0005455281394348819,9,0.3,-0.00075307147927635,-0.00020449568550625,nominal_fixed_oof_group,gain,True,MOCK DATA / NOT A SCIENTIFIC RESULT,displacement-report-draft-v1
non_speaking,left_eyelid,mouth,7,30,15,0,-0.00075815274836155,-0.0006878621957274762,6,0.2,-0.0009012514456483,-0.00033722382015700003,nominal_fixed_oof_group,gain,True,MOCK DATA / NOT A SCIENTIFIC RESULT,displacement-report-draft-v1
non_speaking,left_eyelid,mouth,8,30,15,0,-0.0008624948158248501,-0.000794129909633965,3,0.1,-0.00100167324947545,-0.00045309745570535,nominal_fixed_oof_group,gain,True,MOCK DATA / NOT A SCIENTIFIC RESULT,displacement-report-draft-v1
non_speaking,left_eyelid,mouth,9,30,15,0,-0.00089279551304655,-0.0008298967629489448,0,0.0,-0.0010208458535636,-0.0005161317585045499,nominal_fixed_oof_group,gain,True,MOCK DATA / NOT A SCIENTIFIC RESULT,displacement-report-draft-v1
non_speaking,left_eyelid,mouth,10,30,15,0,-0.00083645619827725,-0.0007817138608432734,0,0.0,-0.0009479015757806,-0.00050863641937415,nominal_fixed_oof_group,gain,True,MOCK DATA / NOT A SCIENTIFIC RESULT,displacement-report-draft-v1
non_speaking,left_eyelid,mouth,11,30,15,0,-0.00070994331313745,-0.0006648743892965532,0,0.0,-0.00080169539144755,-0.0004400519394498,nominal_fixed_oof_group,gain,True,MOCK DATA / NOT A SCIENTIFIC RESULT,displacement-report-draft-v1
non_speaking,left_eyelid,mouth,12,30,15,0,-0.0005503088821741499,-0.0005152091689947069,0,0.0,-0.0006217654726105,-0.00034011726900205,nominal_fixed_oof_group,gain,True,MOCK DATA / NOT A SCIENTIFIC RESULT,displacement-report-draft-v1
non_speaking,left_eyelid,mouth,13,30,15,0,-0.00039685091314439996,-0.00037099246392175605,0,0.0,-0.0004494939819346,-0.00024199981426364998,nominal_fixed_oof_group,gain,True,MOCK DATA / NOT A SCIENTIFIC RESULT,displacement-report-draft-v1
non_speaking,left_eyelid,mouth,14,30,15,0,-0.00027542360817909997,-0.00025740281455963833,0,0.0,-0.00031211064497680004,-0.00016750763569945,nominal_fixed_oof_group,gain,True,MOCK DATA / NOT A SCIENTIFIC RESULT,displacement-report-draft-v1
non_speaking,left_eyelid,mouth,15,30,15,0,-0.00019359612186564998,-0.0001817160825232707,0,0.0,-0.0002177817071244,-0.0001224535281595,nominal_fixed_oof_group,gain,True,MOCK DATA / NOT A SCIENTIFIC RESULT,displacement-report-draft-v1
non_speaking,left_eyelid,right_brow,1,30,15,0,-0.0001504044307666,-0.0001343154703413115,8,0.26666666666666666,-0.0003015447827439,-4.5563971694629474e-05,nominal_fixed_oof_group,gain,True,MOCK DATA / NOT A SCIENTIFIC RESULT,displacement-report-draft-v1
non_speaking,left_eyelid,right_brow,2,30,15,0,-0.00015298211870405,-0.00013114330341315743,10,0.3333333333333333,-0.0003581368423523,-1.0673892431744929e-05,nominal_fixed_oof_group,gain,True,MOCK DATA / NOT A SCIENTIFIC RESULT,displacement-report-draft-v1
non_speaking,left_eyelid,right_brow,3,30,15,0,-0.00013608380763945,-0.0001080422137355721,12,0.4,-0.0003995076871574,4.664357189796721e-05,nominal_fixed_oof_group,gain,True,MOCK DATA / NOT A SCIENTIFIC RESULT,displacement-report-draft-v1
non_speaking,left_eyelid,right_brow,4,30,15,0,-8.634634232601406e-05,-5.2286012838349043e-05,12,0.4,-0.0004063104699728,0.0001356009112711,nominal_fixed_oof_group,gain,True,MOCK DATA / NOT A SCIENTIFIC RESULT,displacement-report-draft-v1
non_speaking,left_eyelid,right_brow,5,30,15,0,5.189115485470641e-06,4.432431235702689e-05,15,0.5,-0.000362448523834,0.0002602057167714,nominal_fixed_oof_group,gain,True,MOCK DATA / NOT A SCIENTIFIC RESULT,displacement-report-draft-v1
non_speaking,left_eyelid,right_brow,6,30,15,0,0.0001340534130379,0.00017658961699643438,16,0.5333333333333333,-0.0002655334258949,0.0004112319896707,nominal_fixed_oof_group,gain,True,MOCK DATA / NOT A SCIENTIFIC RESULT,displacement-report-draft-v1
non_speaking,left_eyelid,right_brow,7,30,15,0,0.00027659824493615,0.0003203325736991122,20,0.6666666666666666,-0.0001342438273906,0.0005615841597189,nominal_fixed_oof_group,gain,True,MOCK DATA / NOT A SCIENTIFIC RESULT,displacement-report-draft-v1
non_speaking,left_eyelid,right_brow,8,30,15,0,0.00039446883266145,0.0004370050366199423,20,0.6666666666666666,-5.11800627138459e-06,0.0006716474092942,nominal_fixed_oof_group,gain,True,MOCK DATA / NOT A SCIENTIFIC RESULT,displacement-report-draft-v1
non_speaking,left_eyelid,right_brow,9,30,15,0,0.00045053671863045,0.000489671915502016,24,0.8,8.289907931093975e-05,0.0007055533199164,nominal_fixed_oof_group,gain,True,MOCK DATA / NOT A SCIENTIFIC RESULT,displacement-report-draft-v1
non_speaking,left_eyelid,right_brow,10,30,15,0,0.0004278204926046,0.0004618808220922617,24,0.8,0.0001078563649577,0.0006497677462017,nominal_fixed_oof_group,gain,True,MOCK DATA / NOT A SCIENTIFIC RESULT,displacement-report-draft-v1
non_speaking,left_eyelid,right_brow,11,30,15,0,0.00033834747900005,0.0003663890729039585,24,0.8,7.492359948215246e-05,0.0005210748585375,nominal_fixed_oof_group,gain,True,MOCK DATA / NOT A SCIENTIFIC RESULT,displacement-report-draft-v1
non_speaking,left_eyelid,right_brow,12,30,15,0,0.00021549542482405,0.00023733424011500876,22,0.7333333333333333,1.0340701175841524e-05,0.0003578036510964,nominal_fixed_oof_group,gain,True,MOCK DATA / NOT A SCIENTIFIC RESULT,displacement-report-draft-v1
non_speaking,left_eyelid,right_brow,13,30,15,0,9.587359218101798e-05,0.0001119625526063125,19,0.6333333333333333,-5.5266759796303126e-05,0.000200714051253,nominal_fixed_oof_group,gain,True,MOCK DATA / NOT A SCIENTIFIC RESULT,displacement-report-draft-v1
non_speaking,left_eyelid,right_brow,14,30,15,0,3.5577325764230873e-06,1.4770154206191779e-05,16,0.5333333333333333,-0.0001017722145949,7.662121212382439e-05,nominal_fixed_oof_group,gain,True,MOCK DATA / NOT A SCIENTIFIC RESULT,displacement-report-draft-v1
non_speaking,left_eyelid,right_brow,15,30,15,0,-5.482861932408706e-05,-4.743693542279039e-05,10,0.3333333333333333,-0.0001242664000763,-6.6622050226205695e-06,nominal_fixed_oof_group,gain,True,MOCK DATA / NOT A SCIENTIFIC RESULT,displacement-report-draft-v1
non_speaking,left_eyelid,right_cheek,1,24,12,6,4.505797409234697e-05,-3.8643955087999705e-05,13,0.5416666666666666,-5.58010095422053e-05,5.1750439802663185e-05,nominal_fixed_oof_group,gain,True,MOCK DATA / NOT A SCIENTIFIC RESULT,displacement-report-draft-v1
non_speaking,left_eyelid,right_cheek,2,24,12,6,9.688436848679474e-05,-1.6730863482422873e-05,14,0.5833333333333334,-4.001948706395e-05,0.00010596858018384475,nominal_fixed_oof_group,gain,True,MOCK DATA / NOT A SCIENTIFIC RESULT,displacement-report-draft-v1
non_speaking,left_eyelid,right_cheek,3,24,12,6,0.00015273812517674758,6.853279605348028e-06,14,0.5833333333333334,-2.304990499299999e-05,0.00016440248388629756,nominal_fixed_oof_group,gain,True,MOCK DATA / NOT A SCIENTIFIC RESULT,displacement-report-draft-v1
non_speaking,left_eyelid,right_cheek,4,24,12,6,0.00020671264140705,2.9515655941820667e-05,14,0.5833333333333334,-6.805828622849996e-06,0.000220880591427,nominal_fixed_oof_group,gain,True,MOCK DATA / NOT A SCIENTIFIC RESULT,displacement-report-draft-v1
non_speaking,left_eyelid,right_cheek,5,24,12,6,0.00025142993006965,4.783122695849678e-05,14,0.5833333333333334,6.097970983399986e-06,0.00026770885401540003,nominal_fixed_oof_group,gain,True,MOCK DATA / NOT A SCIENTIFIC RESULT,displacement-report-draft-v1
non_speaking,left_eyelid,right_cheek,6,24,12,6,0.0002788550616636,5.756280677480089e-05,14,0.5833333333333334,1.2202761855799993e-05,0.00029654869002205,nominal_fixed_oof_group,gain,True,MOCK DATA / NOT A SCIENTIFIC RESULT,displacement-report-draft-v1
non_speaking,left_eyelid,right_cheek,7,24,12,6,0.00028083265473305,5.330722163518807e-05,14,0.5833333333333334,6.669512282350004e-06,0.000299024662661,nominal_fixed_oof_group,gain,True,MOCK DATA / NOT A SCIENTIFIC RESULT,displacement-report-draft-v1
non_speaking,left_eyelid,right_cheek,8,24,12,6,0.0002490793660758,2.7787111186983337e-05,14,0.5833333333333334,-1.757293373205e-05,0.00026677299443425,nominal_fixed_oof_group,gain,True,MOCK DATA / NOT A SCIENTIFIC RESULT,displacement-report-draft-v1
non_speaking,left_eyelid,right_cheek,9,24,12,6,0.00017524829016843103,-2.8350412942785392e-05,14,0.5833333333333334,-7.008366891785001e-05,0.00019152721411413103,nominal_fixed_oof_group,gain,True,MOCK DATA / NOT A SCIENTIFIC RESULT,displacement-report-draft-v1
non_speaking,left_eyelid,right_cheek,10,24,12,6,5.2763221709852594e-05,-0.00012443376375545243,12,0.5,-0.0001607552483201,6.69311717297526e-05,nominal_fixed_oof_group,gain,True,MOCK DATA / NOT A SCIENTIFIC RESULT,displacement-report-draft-v1
non_speaking,left_eyelid,right_cheek,11,24,12,6,-0.0001180320544426828,-0.00026391690001410355,8,0.3333333333333333,-0.0002938200846124328,-0.00010636769573312704,nominal_fixed_oof_group,gain,True,MOCK DATA / NOT A SCIENTIFIC RESULT,displacement-report-draft-v1
non_speaking,left_eyelid,right_cheek,12,24,12,6,-0.00032261437613664997,-0.0004362296081058959,0,0.0,-0.00045951823168745,-0.00031353016443959997,nominal_fixed_oof_group,gain,True,MOCK DATA / NOT A SCIENTIFIC RESULT,displacement-report-draft-v1
non_speaking,left_eyelid,right_cheek,13,24,12,6,-0.0005283513360659501,-0.0006120532652463167,0,0.0,-0.0006292103197005499,-0.00052165887035565,nominal_fixed_oof_group,gain,True,MOCK DATA / NOT A SCIENTIFIC RESULT,displacement-report-draft-v1
non_speaking,left_eyelid,right_cheek,14,24,12,6,-0.0006905743211334,-0.0007489063262092834,0,0.0,-0.0007608631042346999,-0.00068591033133525,nominal_fixed_oof_group,gain,True,MOCK DATA / NOT A SCIENTIFIC RESULT,displacement-report-draft-v1
non_speaking,left_eyelid,right_cheek,15,24,12,6,-0.00076963165433305,-0.0008080864821201293,0,0.0,-0.0008159688760007999,-0.00076655696275925,nominal_fixed_oof_group,gain,True,MOCK DATA / NOT A SCIENTIFIC RESULT,displacement-report-draft-v1
non_speaking,left_eyelid,right_eyelid,1,30,15,0,-5.385048185089711e-05,-7.69569168112961e-05,14,0.4666666666666667,-0.000207585186863,2.619510964679047e-05,nominal_fixed_oof_group,gain,True,MOCK DATA / NOT A SCIENTIFIC RESULT,displacement-report-draft-v1
non_speaking,left_eyelid,right_eyelid,2,30,15,0,-4.1306425262163226e-05,-7.267061236891352e-05,14,0.4666666666666667,-0.00024998266896070003,6.734577111113058e-05,nominal_fixed_oof_group,gain,True,MOCK DATA / NOT A SCIENTIFIC RESULT,displacement-report-draft-v1
non_speaking,left_eyelid,right_eyelid,3,30,15,0,-3.049484576185795e-05,-7.0767259180691e-05,14,0.4666666666666667,-0.0002984404465297,0.0001090173359603,nominal_fixed_oof_group,gain,True,MOCK DATA / NOT A SCIENTIFIC RESULT,displacement-report-draft-v1
non_speaking,left_eyelid,right_eyelid,4,30,15,0,-2.287206950842306e-05,-7.178839270346192e-05,15,0.5,-0.000348328442573,0.0001465844490219,nominal_fixed_oof_group,gain,True,MOCK DATA / NOT A SCIENTIFIC RESULT,displacement-report-draft-v1
non_speaking,left_eyelid,right_eyelid,5,30,15,0,-1.874578666787854e-05,-7.495046722340037e-05,15,0.5,-0.00039269399634665,0.0001759591475945,nominal_fixed_oof_group,gain,True,MOCK DATA / NOT A SCIENTIFIC RESULT,displacement-report-draft-v1
non_speaking,left_eyelid,right_eyelid,6,30,15,0,-1.7199074029497236e-05,-7.828816892732614e-05,15,0.5,-0.00042364489744055,0.0001944265074821,nominal_fixed_oof_group,gain,True,MOCK DATA / NOT A SCIENTIFIC RESULT,displacement-report-draft-v1
non_speaking,left_eyelid,right_eyelid,7,30,15,0,-1.6891884396974706e-05,-7.970168667030018e-05,15,0.5,-0.0004347861394349,0.0002006945924194,nominal_fixed_oof_group,gain,True,MOCK DATA / NOT A SCIENTIFIC RESULT,displacement-report-draft-v1
non_speaking,left_eyelid,right_eyelid,8,30,15,0,-1.7199074029497236e-05,-7.828816892732614e-05,15,0.5,-0.00042364489744055,0.0001944265074821,nominal_fixed_oof_group,gain,True,MOCK DATA / NOT A SCIENTIFIC RESULT,displacement-report-draft-v1
non_speaking,left_eyelid,right_eyelid,9,30,15,0,-1.874578666787854e-05,-7.495046722340037e-05,15,0.5,-0.00039269399634665,0.0001759591475945,nominal_fixed_oof_group,gain,True,MOCK DATA / NOT A SCIENTIFIC RESULT,displacement-report-draft-v1
non_speaking,left_eyelid,right_eyelid,10,30,15,0,-2.287206950842306e-05,-7.178839270346192e-05,15,0.5,-0.000348328442573,0.0001465844490219,nominal_fixed_oof_group,gain,True,MOCK DATA / NOT A SCIENTIFIC RESULT,displacement-report-draft-v1
non_speaking,left_eyelid,right_eyelid,11,30,15,0,-3.049484576185795e-05,-7.0767259180691e-05,14,0.4666666666666667,-0.0002984404465297,0.0001090173359603,nominal_fixed_oof_group,gain,True,MOCK DATA / NOT A SCIENTIFIC RESULT,displacement-report-draft-v1
non_speaking,left_eyelid,right_eyelid,12,30,15,0,-4.1306425262163226e-05,-7.267061236891352e-05,14,0.4666666666666667,-0.00024998266896070003,6.734577111113058e-05,nominal_fixed_oof_group,gain,True,MOCK DATA / NOT A SCIENTIFIC RESULT,displacement-report-draft-v1
non_speaking,left_eyelid,right_eyelid,13,30,15,0,-5.385048185089711e-05,-7.69569168112961e-05,14,0.4666666666666667,-0.000207585186863,2.619510964679047e-05,nominal_fixed_oof_group,gain,True,MOCK DATA / NOT A SCIENTIFIC RESULT,displacement-report-draft-v1
non_speaking,left_eyelid,right_eyelid,14,30,15,0,-6.625498558214277e-05,-8.235789616727121e-05,12,0.4,-0.00017339294143235001,-1.0471087943602664e-05,nominal_fixed_oof_group,gain,True,MOCK DATA / NOT A SCIENTIFIC RESULT,displacement-report-draft-v1
non_speaking,left_eyelid,right_eyelid,15,30,15,0,-7.701112126441137e-05,-8.762681418660105e-05,8,0.26666666666666666,-0.00014764081479744999,-4.0236109430142816e-05,nominal_fixed_oof_group,gain,True,MOCK DATA / NOT A SCIENTIFIC RESULT,displacement-report-draft-v1
non_speaking,mouth,jaw,1,30,15,0,-4.9147553945421904e-05,-8.798166087625368e-05,14,0.4666666666666667,-0.00020076506001885002,2.4244475100150716e-05,nominal_fixed_oof_group,gain,True,MOCK DATA / NOT A SCIENTIFIC RESULT,displacement-report-draft-v1
non_speaking,mouth,jaw,2,30,15,0,-3.5153387703970064e-05,-8.786598477875393e-05,14,0.4666666666666667,-0.00024095579025095002,6.446740343384657e-05,nominal_fixed_oof_group,gain,True,MOCK DATA / NOT A SCIENTIFIC RESULT,displacement-report-draft-v1
non_speaking,mouth,jaw,3,30,15,0,-1.9535300125427327e-05,-8.72196145490684e-05,14,0.4666666666666667,-0.00028379081581115,0.00010838032772603922,nominal_fixed_oof_group,gain,True,MOCK DATA / NOT A SCIENTIFIC RESULT,displacement-report-draft-v1
non_speaking,mouth,jaw,4,30,15,0,-1.8762106025142083e-06,-8.40880156202276e-05,15,0.5,-0.0003228504734787,0.00015349471610615002,nominal_fixed_oof_group,gain,True,MOCK DATA / NOT A SCIENTIFIC RESULT,displacement-report-draft-v1
non_speaking,mouth,jaw,5,30,15,0,1.7454479155044715e-05,-7.70065910380273e-05,16,0.5333333333333333,-0.0003513438019335,0.00019597511874725002,nominal_fixed_oof_group,gain,True,MOCK DATA / NOT A SCIENTIFIC RESULT,displacement-report-draft-v1
non_speaking,mouth,jaw,6,30,15,0,3.64139624975e-05,-6.625615721747536e-05,16,0.5333333333333333,-0.0003644343826741,0.00023044876859335,nominal_fixed_oof_group,gain,True,MOCK DATA / NOT A SCIENTIFIC RESULT,displacement-report-draft-v1
non_speaking,mouth,jaw,7,30,15,0,5.135738902791072e-05,-5.42046581666066e-05,16,0.5333333333333333,-0.00036078172260775,0.0002508576079362,nominal_fixed_oof_group,gain,True,MOCK DATA / NOT A SCIENTIFIC RESULT,displacement-report-draft-v1
non_speaking,mouth,jaw,8,30,15,0,5.83480672227011e-05,-4.4322052492275236e-05,16,0.5333333333333333,-0.00034250027794890004,0.00025238287331855,nominal_fixed_oof_group,gain,True,MOCK DATA / NOT A SCIENTIFIC RESULT,displacement-report-draft-v1
non_speaking,mouth,jaw,9,30,15,0,5.4964934490688185e-05,-3.949613570239624e-05,16,0.5333333333333333,-0.00031383334659785,0.00023348557408285002,nominal_fixed_oof_group,gain,True,MOCK DATA / NOT A SCIENTIFIC RESULT,displacement-report-draft-v1
non_speaking,mouth,jaw,10,30,15,0,4.143070732077342e-05,-4.0781097696942246e-05,16,0.5333333333333333,-0.00027954355555545,0.00019680163402945,nominal_fixed_oof_group,gain,True,MOCK DATA / NOT A SCIENTIFIC RESULT,displacement-report-draft-v1
non_speaking,mouth,jaw,11,30,15,0,2.0424797249407774e-05,-4.7259517174240156e-05,16,0.5333333333333333,-0.00024383071843629998,0.00014834042510085,nominal_fixed_oof_group,gain,True,MOCK DATA / NOT A SCIENTIFIC RESULT,displacement-report-draft-v1
non_speaking,mouth,jaw,12,30,15,0,-4.117494974125585e-06,-5.683009204891351e-05,14,0.4666666666666667,-0.00020991989752105003,9.55032961636508e-05,nominal_fixed_oof_group,gain,True,MOCK DATA / NOT A SCIENTIFIC RESULT,displacement-report-draft-v1
non_speaking,mouth,jaw,13,30,15,0,-2.8404204896970153e-05,-6.72383118277971e-05,14,0.4666666666666667,-0.00018002171097035002,4.4987824148603334e-05,nominal_fixed_oof_group,gain,True,MOCK DATA / NOT A SCIENTIFIC RESULT,displacement-report-draft-v1
non_speaking,mouth,jaw,14,30,15,0,-4.972295221102301e-05,-7.67865019378714e-05,12,0.4,-0.00015538542881665,1.424067370701769e-06,nominal_fixed_oof_group,gain,True,MOCK DATA / NOT A SCIENTIFIC RESULT,displacement-report-draft-v1
non_speaking,mouth,jaw,15,30,15,0,-6.672226470110128e-05,-8.456365627847862e-05,8,0.26666666666666666,-0.0001363792623671,-3.3004071279171474e-05,nominal_fixed_oof_group,gain,True,MOCK DATA / NOT A SCIENTIFIC RESULT,displacement-report-draft-v1
non_speaking,mouth,left_brow,1,30,15,0,-3.587047581178702e-05,-6.509372142896937e-05,14,0.4666666666666667,-0.00013792066650685,9.263053833002619e-05,nominal_fixed_oof_group,gain,True,MOCK DATA / NOT A SCIENTIFIC RESULT,displacement-report-draft-v1
non_speaking,mouth,left_brow,2,30,15,0,-2.8906741983164563e-05,-6.857375876765745e-05,14,0.4666666666666667,-0.00016742751685499998,0.00014551782233655,nominal_fixed_oof_group,gain,True,MOCK DATA / NOT A SCIENTIFIC RESULT,displacement-report-draft-v1
non_speaking,mouth,left_brow,3,30,15,0,-4.173520040660645e-05,-9.266865816208248e-05,14,0.4666666666666667,-0.00021959939608135,0.0001822303734746,nominal_fixed_oof_group,gain,True,MOCK DATA / NOT A SCIENTIFIC RESULT,displacement-report-draft-v1
non_speaking,mouth,left_brow,4,30,15,0,-8.864461185664578e-05,-0.00015051022331369817,13,0.43333333333333335,-0.00030468486725345,0.0001833920372163,nominal_fixed_oof_group,gain,True,MOCK DATA / NOT A SCIENTIFIC RESULT,displacement-report-draft-v1
non_speaking,mouth,left_brow,5,30,15,0,-0.0001794631950794,-0.00025054656157558604,12,0.4,-0.00042769267654105,0.00013310594262075002,nominal_fixed_oof_group,gain,True,MOCK DATA / NOT A SCIENTIFIC RESULT,displacement-report-draft-v1
non_speaking,mouth,left_brow,6,30,15,0,-0.0003101173680068,-0.00038737816690509263,10,0.3333333333333333,-0.00057991899661805,2.9615293514926103e-05,nominal_fixed_oof_group,gain,True,MOCK DATA / NOT A SCIENTIFIC RESULT,displacement-report-draft-v1
non_speaking,mouth,left_brow,7,30,15,0,-0.00045655924382950004,-0.0005359962613593071,6,0.2,-0.00073396042278685,-0.00010725727214925,nominal_fixed_oof_group,gain,True,MOCK DATA / NOT A SCIENTIFIC RESULT,displacement-report-draft-v1
non_speaking,mouth,left_brow,8,30,15,0,-0.0005792889913211,-0.0006565497902193937,0,0.0,-0.0008490906199323501,-0.0002395563297994,nominal_fixed_oof_group,gain,True,MOCK DATA / NOT A SCIENTIFIC RESULT,displacement-report-draft-v1
non_speaking,mouth,left_brow,9,30,15,0,-0.00063978515854455,-0.0007108685250406799,0,0.0,-0.0008880146400062,-0.0003272160208443,nominal_fixed_oof_group,gain,True,MOCK DATA / NOT A SCIENTIFIC RESULT,displacement-report-draft-v1
non_speaking,mouth,left_brow,10,30,15,0,-0.00062009978379975,-0.0006819653952568367,0,0.0,-0.00083614003919665,-0.0003480631347268,nominal_fixed_oof_group,gain,True,MOCK DATA / NOT A SCIENTIFIC RESULT,displacement-report-draft-v1
non_speaking,mouth,left_brow,11,30,15,0,-0.00053211875665105,-0.0005830522144065033,0,0.0,-0.0007099829523258,-0.0003081531827697,nominal_fixed_oof_group,gain,True,MOCK DATA / NOT A SCIENTIFIC RESULT,displacement-report-draft-v1
non_speaking,mouth,left_brow,12,30,15,0,-0.0004097739682394,-0.00044944098502385665,0,0.0,-0.00054829474311125,-0.00023534940391955,nominal_fixed_oof_group,gain,True,MOCK DATA / NOT A SCIENTIFIC RESULT,displacement-report-draft-v1
non_speaking,mouth,left_brow,13,30,15,0,-0.00029042934686204997,-0.0003196525924792868,0,0.0,-0.0003924795375572,-0.0001619283327203,nominal_fixed_oof_group,gain,True,MOCK DATA / NOT A SCIENTIFIC RESULT,displacement-report-draft-v1
non_speaking,mouth,left_brow,14,30,15,0,-0.0001986558241945,-0.00021902154967262387,0,0.0,-0.0002697747613554,-0.0001091032668929,nominal_fixed_oof_group,gain,True,MOCK DATA / NOT A SCIENTIFIC RESULT,displacement-report-draft-v1
non_speaking,mouth,left_brow,15,30,15,0,-0.0001411631939099,-0.00015458910760859422,0,0.0,-0.000188047686863,-8.212650959839654e-05,nominal_fixed_oof_group,gain,True,MOCK DATA / NOT A SCIENTIFIC RESULT,displacement-report-draft-v1
non_speaking,mouth,left_cheek,1,30,15,0,-0.00013923173012575,-0.00011550518464882286,10,0.3333333333333333,-0.0002169903278568,1.4651505110593183e-05,nominal_fixed_oof_group,gain,True,MOCK DATA / NOT A SCIENTIFIC RESULT,displacement-report-draft-v1
non_speaking,mouth,left_cheek,2,30,15,0,-0.00013755421357685002,-0.00010534830154365251,12,0.4,-0.00024310209288305,7.132364191304217e-05,nominal_fixed_oof_group,gain,True,MOCK DATA / NOT A SCIENTIFIC RESULT,displacement-report-draft-v1
non_speaking,mouth,left_cheek,3,30,15,0,-0.0001157310825613747,-7.437787294308161e-05,13,0.43333333333333335,-0.0002512572422679,0.00015247339287095,nominal_fixed_oof_group,gain,True,MOCK DATA / NOT A SCIENTIFIC RESULT,displacement-report-draft-v1
non_speaking,mouth,left_cheek,4,30,15,0,-6.064833000076191e-05,-1.0419232831862199e-05,13,0.43333333333333335,-0.00022526328268915,0.00026512248155104997,nominal_fixed_oof_group,gain,True,MOCK DATA / NOT A SCIENTIFIC RESULT,displacement-report-draft-v1
non_speaking,mouth,left_cheek,5,30,15,0,3.623702898845633e-05,9.395008214893013e-05,15,0.5,-0.00015290496342225,0.00041054652736550003,nominal_fixed_oof_group,gain,True,MOCK DATA / NOT A SCIENTIFIC RESULT,displacement-report-draft-v1
non_speaking,mouth,left_cheek,6,30,15,0,0.0001698340972892,0.0002325626484796064,16,0.5333333333333333,-3.574510019645465e-05,0.00057667260684955,nominal_fixed_oof_group,gain,True,MOCK DATA / NOT A SCIENTIFIC RESULT,displacement-report-draft-v1
non_speaking,mouth,left_cheek,7,30,15,0,0.00031569715294695,0.0003801925903691147,20,0.6666666666666666,0.00010432736972814988,0.00073399515499455,nominal_fixed_oof_group,gain,True,MOCK DATA / NOT A SCIENTIFIC RESULT,displacement-report-draft-v1
non_speaking,mouth,left_cheek,8,30,15,0,0.00043467503773255,0.000497403588922925,22,0.7333333333333333,0.00022909584024684998,0.00084151354729285,nominal_fixed_oof_group,gain,True,MOCK DATA / NOT A SCIENTIFIC RESULT,displacement-report-draft-v1
non_speaking,mouth,left_cheek,9,30,15,0,0.00048915290551995,0.0005468659586804406,24,0.8,0.00030001091310924996,0.00086346240389705,nominal_fixed_oof_group,gain,True,MOCK DATA / NOT A SCIENTIFIC RESULT,displacement-report-draft-v1
non_speaking,mouth,left_cheek,10,30,15,0,0.00046225629793815,0.0005124853951070735,26,0.8666666666666667,0.00029764134524975,0.00078802710949005,nominal_fixed_oof_group,gain,True,MOCK DATA / NOT A SCIENTIFIC RESULT,displacement-report-draft-v1
non_speaking,mouth,left_cheek,11,30,15,0,0.00036676272794725,0.0004081159375655364,24,0.8,0.00023123656824065002,0.0006349672033796,nominal_fixed_oof_group,gain,True,MOCK DATA / NOT A SCIENTIFIC RESULT,displacement-report-draft-v1
non_speaking,mouth,left_cheek,12,30,15,0,0.00023718526729305,0.0002693911793263052,22,0.7333333333333333,0.00013163738798685,0.00044606312278300004,nominal_fixed_oof_group,gain,True,MOCK DATA / NOT A SCIENTIFIC RESULT,displacement-report-draft-v1
non_speaking,mouth,left_cheek,13,30,15,0,0.00011123156157278784,0.00013495810704976835,19,0.6333333333333333,3.347296384175174e-05,0.0002651147968092,nominal_fixed_oof_group,gain,True,MOCK DATA / NOT A SCIENTIFIC RESULT,displacement-report-draft-v1
non_speaking,mouth,left_cheek,14,30,15,0,1.3700823464313403e-05,3.023589003622876e-05,16,0.5333333333333333,-4.0489264649049526e-05,0.00012094229025959999,nominal_fixed_oof_group,gain,True,MOCK DATA / NOT A SCIENTIFIC RESULT,displacement-report-draft-v1
non_speaking,mouth,left_cheek,15,30,15,0,-4.8534412416527395e-05,-3.763382470923429e-05,12,0.4,-8.425872025499825e-05,2.2163519737270973e-05,nominal_fixed_oof_group,gain,True,MOCK DATA / NOT A SCIENTIFIC RESULT,displacement-report-draft-v1
non_speaking,mouth,left_eyelid,1,30,15,0,-0.00014982778027395,-0.0001239693310513253,11,0.36666666666666664,-0.00020247084906415,5.023318606777946e-06,nominal_fixed_oof_group,gain,True,MOCK DATA / NOT A SCIENTIFIC RESULT,displacement-report-draft-v1
non_speaking,mouth,left_eyelid,2,30,15,0,-0.0001681149843776,-0.0001330152711981637,12,0.4,-0.00023957157481395002,4.2076628794466414e-05,nominal_fixed_oof_group,gain,True,MOCK DATA / NOT A SCIENTIFIC RESULT,displacement-report-draft-v1
non_speaking,mouth,left_eyelid,3,30,15,0,-0.00018845440074335,-0.00014338547690251048,12,0.4,-0.00028020647905345,8.143697294418425e-05,nominal_fixed_oof_group,gain,True,MOCK DATA / NOT A SCIENTIFIC RESULT,displacement-report-draft-v1
non_speaking,mouth,left_eyelid,4,30,15,0,-0.00020922668468834998,-0.00015448434725444813,12,0.4,-0.00032067206219180003,0.00011859309421465,nominal_fixed_oof_group,gain,True,MOCK DATA / NOT A SCIENTIFIC RESULT,displacement-report-draft-v1
non_speaking,mouth,left_eyelid,5,30,15,0,-0.00022828312875595,-0.0001653843786583776,12,0.4,-0.00035633346927300003,0.00014838062578595,nominal_fixed_oof_group,gain,True,MOCK DATA / NOT A SCIENTIFIC RESULT,displacement-report-draft-v1
non_speaking,mouth,left_eyelid,6,30,15,0,-0.00024315292767895,-0.0001747880214880366,12,0.4,-0.00038233136132945,0.00016624443244055002,nominal_fixed_oof_group,gain,True,MOCK DATA / NOT A SCIENTIFIC RESULT,displacement-report-draft-v1
non_speaking,mouth,left_eyelid,7,30,15,0,-0.00025141108883655,-0.00018112053620248934,12,0.4,-0.0003945097861233,0.0001695178393679,nominal_fixed_oof_group,gain,True,MOCK DATA / NOT A SCIENTIFIC RESULT,displacement-report-draft-v1
non_speaking,mouth,left_eyelid,8,30,15,0,-0.000251247697464,-0.00018288279127311999,12,0.4,-0.00039042613111455,0.00015814966265545,nominal_fixed_oof_group,gain,True,MOCK DATA / NOT A SCIENTIFIC RESULT,displacement-report-draft-v1
non_speaking,mouth,left_eyelid,9,30,15,0,-0.0002421263425219,-0.00017922759242434665,12,0.4,-0.000370176683039,0.00013453741201995,nominal_fixed_oof_group,gain,True,MOCK DATA / NOT A SCIENTIFIC RESULT,displacement-report-draft-v1
non_speaking,mouth,left_eyelid,10,30,15,0,-0.0002252090799164,-0.0001704667424824605,12,0.4,-0.0003366544574198,0.0001026106989866749,nominal_fixed_oof_group,gain,True,MOCK DATA / NOT A SCIENTIFIC RESULT,displacement-report-draft-v1
non_speaking,mouth,left_eyelid,11,30,15,0,-0.00020320165361245,-0.0001581327297715793,12,0.4,-0.00029495373192255,6.668972007511844e-05,nominal_fixed_oof_group,gain,True,MOCK DATA / NOT A SCIENTIFIC RESULT,displacement-report-draft-v1
non_speaking,mouth,left_eyelid,12,30,15,0,-0.0001795687642273,-0.00014446905104786788,12,0.4,-0.00025102535466365,3.062284894475922e-05,nominal_fixed_oof_group,gain,True,MOCK DATA / NOT A SCIENTIFIC RESULT,displacement-report-draft-v1
non_speaking,mouth,left_eyelid,13,30,15,0,-0.0001574831023043,-0.00013162465308168208,9,0.3,-0.0002101261710945,-2.6320034235806714e-06,nominal_fixed_oof_group,gain,True,MOCK DATA / NOT A SCIENTIFIC RESULT,displacement-report-draft-v1
non_speaking,mouth,left_eyelid,14,30,15,0,-0.00013903594076895002,-0.00012101514714950845,9,0.3,-0.00017572297756670002,-3.1119968289375355e-05,nominal_fixed_oof_group,gain,True,MOCK DATA / NOT A SCIENTIFIC RESULT,displacement-report-draft-v1
non_speaking,mouth,left_eyelid,15,30,15,0,-0.00012501609584605,-0.00011313605650367082,6,0.2,-0.0001492016811048,-5.387350213994016e-05,nominal_fixed_oof_group,gain,True,MOCK DATA / NOT A SCIENTIFIC RESULT,displacement-report-draft-v1
non_speaking,mouth,right_brow,1,30,15,0,-5.045015860915062e-05,-7.716703556642097e-05,13,0.43333333333333335,-0.00021015279709790002,-3.2063188266928666e-07,nominal_fixed_oof_group,gain,True,MOCK DATA / NOT A SCIENTIFIC RESULT,displacement-report-draft-v1
non_speaking,mouth,right_brow,2,30,15,0,-3.2751218297163466e-05,-6.901614316471506e-05,15,0.5,-0.0002495282089315,3.529354319533381e-05,nominal_fixed_oof_group,gain,True,MOCK DATA / NOT A SCIENTIFIC RESULT,displacement-report-draft-v1
non_speaking,mouth,right_brow,3,30,15,0,-1.3693348409421487e-05,-6.025843367363307e-05,15,0.5,-0.00029204051413705,7.367785481940133e-05,nominal_fixed_oof_group,gain,True,MOCK DATA / NOT A SCIENTIFIC RESULT,displacement-report-draft-v1
non_speaking,mouth,right_brow,4,30,15,0,4.65700030800268e-06,-5.190262865438618e-05,15,0.5,-0.00033343348802585004,0.00011078120922071268,nominal_fixed_oof_group,gain,True,MOCK DATA / NOT A SCIENTIFIC RESULT,displacement-report-draft-v1
non_speaking,mouth,right_brow,5,30,15,0,1.9622283871285822e-05,-4.536452769862094e-05,15,0.5,-0.00036884247910565,0.00014155862069214998,nominal_fixed_oof_group,gain,True,MOCK DATA / NOT A SCIENTIFIC RESULT,displacement-report-draft-v1
non_speaking,mouth,right_brow,6,30,15,0,2.8024358648245937e-05,-4.2610070012570266e-05,15,0.5,-0.00039419956532770004,0.0001605574569226,nominal_fixed_oof_group,gain,True,MOCK DATA / NOT A SCIENTIFIC RESULT,displacement-report-draft-v1
non_speaking,mouth,right_brow,7,30,15,0,2.6067510661798403e-05,-4.655649048433011e-05,15,0.5,-0.00040804926949925,0.00016233369223160002,nominal_fixed_oof_group,gain,True,MOCK DATA / NOT A SCIENTIFIC RESULT,displacement-report-draft-v1
non_speaking,mouth,right_brow,8,30,15,0,8.971425376454397e-06,-6.166300328436305e-05,15,0.5,-0.00041325249859950003,0.0001415045236508,nominal_fixed_oof_group,gain,True,MOCK DATA / NOT A SCIENTIFIC RESULT,displacement-report-draft-v1
non_speaking,mouth,right_brow,9,30,15,0,-2.9124980396359556e-05,-9.411179196631975e-05,15,0.5,-0.00041758974337335,9.281135642449044e-05,nominal_fixed_oof_group,gain,True,MOCK DATA / NOT A SCIENTIFIC RESULT,displacement-report-draft-v1
non_speaking,mouth,right_brow,10,30,15,0,-9.385247068219169e-05,-0.00015041209964459384,14,0.4666666666666667,-0.00043194295901605,1.2271738230542131e-05,nominal_fixed_oof_group,gain,True,MOCK DATA / NOT A SCIENTIFIC RESULT,displacement-report-draft-v1
non_speaking,mouth,right_brow,11,30,15,0,-0.000186954327286,-0.00023351941255025276,12,0.4,-0.00046530149301365,-9.95831240572049e-05,nominal_fixed_oof_group,gain,True,MOCK DATA / NOT A SCIENTIFIC RESULT,displacement-report-draft-v1
non_speaking,mouth,right_brow,12,30,15,0,-0.00030118093693574997,-0.0003374458618033374,4,0.13333333333333333,-0.0005179579275702,-0.00023313617544325001,nominal_fixed_oof_group,gain,True,MOCK DATA / NOT A SCIENTIFIC RESULT,displacement-report-draft-v1
non_speaking,mouth,right_brow,13,30,15,0,-0.0004173644861567,-0.0004440813631139466,0,0.0,-0.0005770671246455,-0.00036723495943020003,nominal_fixed_oof_group,gain,True,MOCK DATA / NOT A SCIENTIFIC RESULT,displacement-report-draft-v1
non_speaking,mouth,right_brow,14,30,15,0,-0.00050805294727555,-0.0005266719805229866,0,0.0,-0.0006193499652796,-0.00047311760186479997,nominal_fixed_oof_group,gain,True,MOCK DATA / NOT A SCIENTIFIC RESULT,displacement-report-draft-v1
non_speaking,mouth,right_brow,15,30,15,0,-0.00054836470459445,-0.0005606391278061965,0,0.0,-0.00062173622088285,-0.0005253339054695999,nominal_fixed_oof_group,gain,True,MOCK DATA / NOT A SCIENTIFIC RESULT,displacement-report-draft-v1
non_speaking,mouth,right_cheek,1,24,12,6,-0.00013955021936845,-0.00012583654319479803,7,0.2916666666666667,-0.00031214108999915,-3.707827635363384e-05,nominal_fixed_oof_group,gain,True,MOCK DATA / NOT A SCIENTIFIC RESULT,displacement-report-draft-v1
non_speaking,mouth,right_cheek,2,24,12,6,-0.0001382488412525,-0.0001196341866695436,9,0.375,-0.00037252004616385,8.444113161927558e-07,nominal_fixed_oof_group,gain,True,MOCK DATA / NOT A SCIENTIFIC RESULT,displacement-report-draft-v1
non_speaking,mouth,right_cheek,3,24,12,6,-0.00011716590492055,-9.326421531314694e-05,10,0.4166666666666667,-0.00041797608642475,6.143336666744863e-05,nominal_fixed_oof_group,gain,True,MOCK DATA / NOT A SCIENTIFIC RESULT,displacement-report-draft-v1
non_speaking,mouth,right_cheek,4,24,12,6,-6.336797661578818e-05,-3.4336123928299356e-05,10,0.4166666666666667,-0.00042874285260814996,0.0001535651284489,nominal_fixed_oof_group,gain,True,MOCK DATA / NOT A SCIENTIFIC RESULT,displacement-report-draft-v1
non_speaking,mouth,right_cheek,5,24,12,6,3.15911755765742e-05,6.494867057326158e-05,13,0.5416666666666666,-0.00038822325132309996,0.0002808465381161,nominal_fixed_oof_group,gain,True,MOCK DATA / NOT A SCIENTIFIC RESULT,displacement-report-draft-v1
non_speaking,mouth,right_cheek,6,24,12,6,0.00016274991906665,0.00019900631546045477,13,0.5416666666666666,-0.00029354808157805,0.0004336665819758,nominal_fixed_oof_group,gain,True,MOCK DATA / NOT A SCIENTIFIC RESULT,displacement-report-draft-v1
non_speaking,mouth,right_cheek,7,24,12,6,0.00030610305054205,0.0003433806872863384,16,0.6666666666666666,-0.00016304757685125002,0.0005846506711661499,nominal_fixed_oof_group,gain,True,MOCK DATA / NOT A SCIENTIFIC RESULT,displacement-report-draft-v1
non_speaking,mouth,right_cheek,8,24,12,6,0.00042316533869015,0.0004594217350839735,16,0.6666666666666666,-3.3132661954553624e-05,0.0006940820015993,nominal_fixed_oof_group,gain,True,MOCK DATA / NOT A SCIENTIFIC RESULT,displacement-report-draft-v1
non_speaking,mouth,right_cheek,9,24,12,6,0.0004769387787216,0.0005102962737182748,19,0.7916666666666666,5.7124351821874995e-05,0.00072619414126115,nominal_fixed_oof_group,gain,True,MOCK DATA / NOT A SCIENTIFIC RESULT,displacement-report-draft-v1
non_speaking,mouth,right_cheek,10,24,12,6,0.00045079885831479996,0.0004798307110023107,19,0.7916666666666666,8.542398232244414e-05,0.0006677319633796,nominal_fixed_oof_group,gain,True,MOCK DATA / NOT A SCIENTIFIC RESULT,displacement-report-draft-v1
non_speaking,mouth,right_cheek,11,24,12,6,0.00035726538171895,0.0003811670713263844,19,0.7916666666666666,5.645520021472974e-05,0.00053586465330695,nominal_fixed_oof_group,gain,True,MOCK DATA / NOT A SCIENTIFIC RESULT,displacement-report-draft-v1
non_speaking,mouth,right_cheek,12,24,12,6,0.00023022870227565,0.00024884335685862767,17,0.7083333333333334,-4.042502635702264e-06,0.00036932195484435,nominal_fixed_oof_group,gain,True,MOCK DATA / NOT A SCIENTIFIC RESULT,displacement-report-draft-v1
non_speaking,mouth,right_cheek,13,24,12,6,0.00010672780357915001,0.00012044147975283585,16,0.6666666666666666,-6.586306705153207e-05,0.00020919974659395,nominal_fixed_oof_group,gain,True,MOCK DATA / NOT A SCIENTIFIC RESULT,displacement-report-draft-v1
non_speaking,mouth,right_cheek,14,24,12,6,1.1122049439515544e-05,2.0679131767311997e-05,13,0.5416666666666666,-0.00010915679765829999,8.253490645023301e-05,nominal_fixed_oof_group,gain,True,MOCK DATA / NOT A SCIENTIFIC RESULT,displacement-report-draft-v1
non_speaking,mouth,right_cheek,15,24,12,6,-4.9841914308225606e-05,-4.3541497331573915e-05,8,0.3333333333333333,-0.00012913461726880003,-2.7636574480667184e-06,nominal_fixed_oof_group,gain,True,MOCK DATA / NOT A SCIENTIFIC RESULT,displacement-report-draft-v1
non_speaking,mouth,right_eyelid,1,30,15,0,-0.00017436512038825,-0.0001403127285431584,8,0.26666666666666666,-0.00029431955612369996,-7.249149673445136e-05,nominal_fixed_oof_group,gain,True,MOCK DATA / NOT A SCIENTIFIC RESULT,displacement-report-draft-v1
non_speaking,mouth,right_eyelid,2,30,15,0,-0.0001913834163024,-0.00014516141835713535,10,0.3333333333333333,-0.00035420703548635,-5.310230980557721e-05,nominal_fixed_oof_group,gain,True,MOCK DATA / NOT A SCIENTIFIC RESULT,displacement-report-draft-v1
non_speaking,mouth,right_eyelid,3,30,15,0,-0.00019755650783695,-0.00013820628766511835,10,0.3333333333333333,-0.0004066261733062,-2.0000052447284415e-05,nominal_fixed_oof_group,gain,True,MOCK DATA / NOT A SCIENTIFIC RESULT,displacement-report-draft-v1
non_speaking,mouth,right_eyelid,4,30,15,0,-0.0001829011374011,-0.00011081222329926474,12,0.4,-0.00043684467984575004,3.276532556650141e-05,nominal_fixed_oof_group,gain,True,MOCK DATA / NOT A SCIENTIFIC RESULT,displacement-report-draft-v1
non_speaking,mouth,right_eyelid,5,30,15,0,-0.0001398317827689,-5.700187806549794e-05,14,0.4666666666666667,-0.00043161200560639995,0.0001079682125271,nominal_fixed_oof_group,gain,True,MOCK DATA / NOT A SCIENTIFIC RESULT,displacement-report-draft-v1
non_speaking,mouth,right_eyelid,6,30,15,0,-6.915788732681904e-05,2.0870271516845518e-05,14,0.4666666666666667,-0.00038629499309905,0.00020017693103185002,nominal_fixed_oof_group,gain,True,MOCK DATA / NOT A SCIENTIFIC RESULT,displacement-report-draft-v1
non_speaking,mouth,right_eyelid,7,30,15,0,1.5895856949996352e-05,0.00010845985491819825,16,0.5333333333333333,-0.00031017410595259997,0.00029281707692755,nominal_fixed_oof_group,gain,True,MOCK DATA / NOT A SCIENTIFIC RESULT,displacement-report-draft-v1
non_speaking,mouth,right_eyelid,8,30,15,0,9.209785680852709e-05,0.00018212601565216976,17,0.5666666666666667,-0.0002250392489637,0.0003614326751672,nominal_fixed_oof_group,gain,True,MOCK DATA / NOT A SCIENTIFIC RESULT,displacement-report-draft-v1
non_speaking,mouth,right_eyelid,9,30,15,0,0.00013593859691075,0.0002187685016142629,18,0.6,-0.00015584162592665002,0.0003837385922069,nominal_fixed_oof_group,gain,True,MOCK DATA / NOT A SCIENTIFIC RESULT,displacement-report-draft-v1
non_speaking,mouth,right_eyelid,10,30,15,0,0.0001354838326452,0.0002075727467471213,18,0.6,-0.00011845970979935,0.00035115029561285,nominal_fixed_oof_group,gain,True,MOCK DATA / NOT A SCIENTIFIC RESULT,displacement-report-draft-v1
non_speaking,mouth,right_eyelid,11,30,15,0,9.62232164156681e-05,0.00015557343658757788,18,0.6,-0.0001128464490535,0.0002737796718054,nominal_fixed_oof_group,gain,True,MOCK DATA / NOT A SCIENTIFIC RESULT,displacement-report-draft-v1
non_speaking,mouth,right_eyelid,12,30,15,0,3.678709896389517e-05,8.300909690921453e-05,16,0.5333333333333333,-0.00012603652022,0.00017506820546075,nominal_fixed_oof_group,gain,True,MOCK DATA / NOT A SCIENTIFIC RESULT,displacement-report-draft-v1
non_speaking,mouth,right_eyelid,13,30,15,0,-2.186360603090385e-05,1.2188785814229748e-05,14,0.4666666666666667,-0.0001418180417663,8.001001762296053e-05,nominal_fixed_oof_group,gain,True,MOCK DATA / NOT A SCIENTIFIC RESULT,displacement-report-draft-v1
non_speaking,mouth,right_eyelid,14,30,15,0,-6.594815730983934e-05,-4.2216992288817666e-05,12,0.4,-0.00014954459078165,5.047730004435584e-06,nominal_fixed_oof_group,gain,True,MOCK DATA / NOT A SCIENTIFIC RESULT,displacement-report-draft-v1
non_speaking,mouth,right_eyelid,15,30,15,0,-9.185455348532066e-05,-7.621000530145337e-05,7,0.23333333333333334,-0.00014696471896975,-4.505117999061784e-05,nominal_fixed_oof_group,gain,True,MOCK DATA / NOT A SCIENTIFIC RESULT,displacement-report-draft-v1
non_speaking,right_brow,jaw,1,30,15,0,-0.00014686460443935,-0.00012100615521669799,11,0.36666666666666664,-0.00019950767322955,7.986494441391667e-06,nominal_fixed_oof_group,gain,True,MOCK DATA / NOT A SCIENTIFIC RESULT,displacement-report-draft-v1
non_speaking,right_brow,jaw,2,30,15,0,-0.00016054824980398739,-0.00012544853662451653,12,0.4,-0.0002320048402403,4.964336336812491e-05,nominal_fixed_oof_group,gain,True,MOCK DATA / NOT A SCIENTIFIC RESULT,displacement-report-draft-v1
non_speaking,right_brow,jaw,3,30,15,0,-0.0001714025011560188,-0.00012633357731516088,12,0.4,-0.00026315457946615,9.848887253151889e-05,nominal_fixed_oof_group,gain,True,MOCK DATA / NOT A SCIENTIFIC RESULT,displacement-report-draft-v1
non_speaking,right_brow,jaw,4,30,15,0,-0.00017531493305146469,-0.00012057259561752626,12,0.4,-0.00028676031055480003,0.00015250484585155002,nominal_fixed_oof_group,gain,True,MOCK DATA / NOT A SCIENTIFIC RESULT,displacement-report-draft-v1
non_speaking,right_brow,jaw,5,30,15,0,-0.00016876615111990402,-0.00010586740102232618,12,0.4,-0.00029681649163695,0.00020789760342195,nominal_fixed_oof_group,gain,True,MOCK DATA / NOT A SCIENTIFIC RESULT,displacement-report-draft-v1
non_speaking,right_brow,jaw,6,30,15,0,-0.00015097122943307244,-8.260632324219019e-05,12,0.4,-0.00029014966308365,0.00025842613068640004,nominal_fixed_oof_group,gain,True,MOCK DATA / NOT A SCIENTIFIC RESULT,displacement-report-draft-v1
non_speaking,right_brow,jaw,7,30,15,0,-0.0001254136461923348,-5.512309355824096e-05,14,0.4666666666666667,-0.000268512343479,0.00029551528201214995,nominal_fixed_oof_group,gain,True,MOCK DATA / NOT A SCIENTIFIC RESULT,displacement-report-draft-v1
non_speaking,right_brow,jaw,8,30,15,0,-9.926577079684461e-05,-3.090086460591787e-05,15,0.5,-0.00023844420444734998,0.00031013158932265,nominal_fixed_oof_group,gain,True,MOCK DATA / NOT A SCIENTIFIC RESULT,displacement-report-draft-v1
non_speaking,right_brow,jaw,9,30,15,0,-8.034242372901533e-05,-1.7443673631451763e-05,15,0.5,-0.0002083927642461,0.00029632133081285,nominal_fixed_oof_group,gain,True,MOCK DATA / NOT A SCIENTIFIC RESULT,displacement-report-draft-v1
non_speaking,right_brow,jaw,10,30,15,0,-7.322715324923125e-05,-1.848481581526291e-05,15,0.5,-0.0001846725307526,0.00025459262565385,nominal_fixed_oof_group,gain,True,MOCK DATA / NOT A SCIENTIFIC RESULT,displacement-report-draft-v1
non_speaking,right_brow,jaw,11,30,15,0,-7.720421096819224e-05,-3.2135287127317016e-05,15,0.5,-0.00016895628927825,0.0001926871627193,nominal_fixed_oof_group,gain,True,MOCK DATA / NOT A SCIENTIFIC RESULT,displacement-report-draft-v1
non_speaking,right_brow,jaw,12,30,15,0,-8.738706598149251e-05,-5.228735280202971e-05,12,0.4,-0.0001588436564178,0.00012280454719055,nominal_fixed_oof_group,gain,True,MOCK DATA / NOT A SCIENTIFIC RESULT,displacement-report-draft-v1
non_speaking,right_brow,jaw,13,30,15,0,-9.79661246682621e-05,-7.210767544563134e-05,12,0.4,-0.00015060919345845,5.6884974212475115e-05,nominal_fixed_oof_group,gain,True,MOCK DATA / NOT A SCIENTIFIC RESULT,displacement-report-draft-v1
non_speaking,right_brow,jaw,14,30,15,0,-0.00010512418913206645,-8.710339551260751e-05,11,0.36666666666666664,-0.00014181122592979998,2.7917833475433335e-06,nominal_fixed_oof_group,gain,True,MOCK DATA / NOT A SCIENTIFIC RESULT,displacement-report-draft-v1
non_speaking,right_brow,jaw,15,30,15,0,-0.00010796419625874942,-9.608415691632429e-05,9,0.3,-0.00013214978151745,-3.6821602552590104e-05,nominal_fixed_oof_group,gain,True,MOCK DATA / NOT A SCIENTIFIC RESULT,displacement-report-draft-v1
non_speaking,right_brow,left_brow,1,30,15,0,-7.733167524514098e-05,-7.709324459828462e-05,14,0.4666666666666667,-0.0002671680426542,1.2615022715260337e-05,nominal_fixed_oof_group,gain,True,MOCK DATA / NOT A SCIENTIFIC RESULT,displacement-report-draft-v1
non_speaking,right_brow,left_brow,2,30,15,0,-5.3794702708955065e-05,-5.347106198147583e-05,14,0.4666666666666667,-0.0003114745809458,6.829704659375765e-05,nominal_fixed_oof_group,gain,True,MOCK DATA / NOT A SCIENTIFIC RESULT,displacement-report-draft-v1
non_speaking,right_brow,left_brow,3,30,15,0,-8.724644486141856e-06,-8.309081566196003e-06,14,0.4666666666666667,-0.0003395921575113,0.00014804426478635,nominal_fixed_oof_group,gain,True,MOCK DATA / NOT A SCIENTIFIC RESULT,displacement-report-draft-v1
non_speaking,right_brow,left_brow,4,30,15,0,6.83486823269434e-05,6.885344001028709e-05,17,0.5666666666666667,-0.0003335349106318,0.0002587658434033,nominal_fixed_oof_group,gain,True,MOCK DATA / NOT A SCIENTIFIC RESULT,displacement-report-draft-v1
non_speaking,right_brow,left_brow,5,30,15,0,0.0001829331460308,0.0001835131108053572,17,0.5666666666666667,-0.0002788296662044,0.0004017217836788,nominal_fixed_oof_group,gain,True,MOCK DATA / NOT A SCIENTIFIC RESULT,displacement-report-draft-v1
non_speaking,right_brow,left_brow,6,30,15,0,0.00032724411961595,0.0003278744856779601,20,0.6666666666666666,-0.0001746477509208,0.00056504637586475,nominal_fixed_oof_group,gain,True,MOCK DATA / NOT A SCIENTIFIC RESULT,displacement-report-draft-v1
non_speaking,right_brow,left_brow,7,30,15,0,0.00047523058842569997,0.00047587871012041565,20,0.6666666666666666,-4.079815948308807e-05,0.00071973106302135,nominal_fixed_oof_group,gain,True,MOCK DATA / NOT A SCIENTIFIC RESULT,displacement-report-draft-v1
non_speaking,right_brow,left_brow,8,30,15,0,0.00058765953923945,0.000588289905301459,23,0.7666666666666667,8.576766870263715e-05,0.00082546179548825,nominal_fixed_oof_group,gain,True,MOCK DATA / NOT A SCIENTIFIC RESULT,displacement-report-draft-v1
non_speaking,right_brow,left_brow,9,30,15,0,0.0006282807491759,0.0006288607139503755,23,0.7666666666666667,0.0001665179369406,0.00084706938682385,nominal_fixed_oof_group,gain,True,MOCK DATA / NOT A SCIENTIFIC RESULT,displacement-report-draft-v1
non_speaking,right_brow,left_brow,10,30,15,0,0.00058251551725755,0.0005830202749409094,26,0.8666666666666667,0.0001806319242988,0.000772932678334,nominal_fixed_oof_group,gain,True,MOCK DATA / NOT A SCIENTIFIC RESULT,displacement-report-draft-v1
non_speaking,right_brow,left_brow,11,30,15,0,0.0004657066421534,0.00046612220507333984,25,0.8333333333333334,0.0001348391291282,0.0006224755514259,nominal_fixed_oof_group,gain,True,MOCK DATA / NOT A SCIENTIFIC RESULT,displacement-report-draft-v1
non_speaking,right_brow,left_brow,12,30,15,0,0.0003146828408192,0.0003150064815466952,23,0.7666666666666667,5.70029625823372e-05,0.00043677459012190004,nominal_fixed_oof_group,gain,True,MOCK DATA / NOT A SCIENTIFIC RESULT,displacement-report-draft-v1
non_speaking,right_brow,left_brow,13,30,15,0,0.00016894634770245,0.0001691847783493536,20,0.6666666666666666,-2.0890019706578357e-05,0.00025889304566285,nominal_fixed_oof_group,gain,True,MOCK DATA / NOT A SCIENTIFIC RESULT,displacement-report-draft-v1
non_speaking,right_brow,left_brow,14,30,15,0,5.448224994094794e-05,5.464841263083603e-05,17,0.5666666666666667,-7.781501077612062e-05,0.00011716624412555,nominal_fixed_oof_group,gain,True,MOCK DATA / NOT A SCIENTIFIC RESULT,displacement-report-draft-v1
non_speaking,right_brow,left_brow,15,30,15,0,-2.125710840404334e-05,-2.1147567207624167e-05,14,0.4666666666666667,-0.0001084728379329,2.0066727425724264e-05,nominal_fixed_oof_group,gain,True,MOCK DATA / NOT A SCIENTIFIC RESULT,displacement-report-draft-v1
non_speaking,right_brow,left_cheek,1,30,15,0,-4.759954477595498e-05,-7.070597973635279e-05,14,0.4666666666666667,-0.000201334249788,3.244604672173433e-05,nominal_fixed_oof_group,gain,True,MOCK DATA / NOT A SCIENTIFIC RESULT,displacement-report-draft-v1
non_speaking,right_brow,left_cheek,2,30,15,0,-2.888699189884181e-05,-6.025117900559681e-05,14,0.4666666666666667,-0.00023756323559735,7.976520447445287e-05,nominal_fixed_oof_group,gain,True,MOCK DATA / NOT A SCIENTIFIC RESULT,displacement-report-draft-v1
non_speaking,right_brow,left_cheek,3,30,15,0,-8.755498249860254e-06,-4.902791166869118e-05,15,0.5,-0.0002767010990177,0.0001307566834723,nominal_fixed_oof_group,gain,True,MOCK DATA / NOT A SCIENTIFIC RESULT,displacement-report-draft-v1
non_speaking,right_brow,left_cheek,4,30,15,0,1.0556672423646819e-05,-3.8359650771378175e-05,15,0.5,-0.0003148997006409,0.000180013190954,nominal_fixed_oof_group,gain,True,MOCK DATA / NOT A SCIENTIFIC RESULT,displacement-report-draft-v1
non_speaking,right_brow,left_cheek,5,30,15,0,2.604742264337078e-05,-3.015725791214206e-05,15,0.5,-0.0003479007870354,0.0002207523569058,nominal_fixed_oof_group,gain,True,MOCK DATA / NOT A SCIENTIFIC RESULT,displacement-report-draft-v1
non_speaking,right_brow,left_cheek,6,30,15,0,3.388590165070895e-05,-2.7203193247122226e-05,15,0.5,-0.00037255992176034997,0.0002455114831623,nominal_fixed_oof_group,gain,True,MOCK DATA / NOT A SCIENTIFIC RESULT,displacement-report-draft-v1
non_speaking,right_brow,left_cheek,7,30,15,0,2.896340492328014e-05,-3.3846397350064704e-05,15,0.5,-0.00038893085011465,0.0002465498817396,nominal_fixed_oof_group,gain,True,MOCK DATA / NOT A SCIENTIFIC RESULT,displacement-report-draft-v1
non_speaking,right_brow,left_cheek,8,30,15,0,4.110206062889719e-06,-5.6978888834940784e-05,15,0.5,-0.00040233561734815,0.0002157357875745,nominal_fixed_oof_group,gain,True,MOCK DATA / NOT A SCIENTIFIC RESULT,displacement-report-draft-v1
non_speaking,right_brow,left_cheek,9,30,15,0,-5.0134217257919843e-05,-0.00010633889781343115,14,0.4666666666666667,-0.0004240824269367,0.0001445707170045,nominal_fixed_oof_group,gain,True,MOCK DATA / NOT A SCIENTIFIC RESULT,displacement-report-draft-v1
non_speaking,right_brow,left_cheek,10,30,15,0,-0.0001433927472736,-0.00019230907046865556,14,0.4666666666666667,-0.0004688491203382,2.606377125674575e-05,nominal_fixed_oof_group,gain,True,MOCK DATA / NOT A SCIENTIFIC RESULT,displacement-report-draft-v1
non_speaking,right_brow,left_cheek,11,30,15,0,-0.0002795256778693,-0.0003197980912881376,10,0.3333333333333333,-0.00054747127863715,-0.000140013496147,nominal_fixed_oof_group,gain,True,MOCK DATA / NOT A SCIENTIFIC RESULT,displacement-report-draft-v1
non_speaking,right_brow,left_cheek,12,30,15,0,-0.00044838573652235,-0.00047974992362909336,0,0.0,-0.0006570619802209,-0.000339733540149,nominal_fixed_oof_group,gain,True,MOCK DATA / NOT A SCIENTIFIC RESULT,displacement-report-draft-v1
non_speaking,right_brow,left_cheek,13,30,15,0,-0.0006210088549342999,-0.0006441152898946767,0,0.0,-0.0007747435599464001,-0.0005409632634366,nominal_fixed_oof_group,gain,True,MOCK DATA / NOT A SCIENTIFIC RESULT,displacement-report-draft-v1
non_speaking,right_brow,left_cheek,14,30,15,0,-0.0007551474906394499,-0.0007712504012245866,0,0.0,-0.0008622854464897,-0.0006993635930009,nominal_fixed_oof_group,gain,True,MOCK DATA / NOT A SCIENTIFIC RESULT,displacement-report-draft-v1
non_speaking,right_brow,left_cheek,15,30,15,0,-0.00081220091129225,-0.0008228166042144634,0,0.0,-0.00088283060482535,-0.000775425899458,nominal_fixed_oof_group,gain,True,MOCK DATA / NOT A SCIENTIFIC RESULT,displacement-report-draft-v1
non_speaking,right_brow,left_eyelid,1,30,15,0,-0.000175746818751,-0.0001596578583257054,8,0.26666666666666666,-0.0003268871707283,-7.090635967901739e-05,nominal_fixed_oof_group,gain,True,MOCK DATA / NOT A SCIENTIFIC RESULT,displacement-report-draft-v1
non_speaking,right_brow,left_eyelid,2,30,15,0,-0.00020776361479625,-0.00018592479950534606,8,0.26666666666666666,-0.0004129183384445,-6.545538852393597e-05,nominal_fixed_oof_group,gain,True,MOCK DATA / NOT A SCIENTIFIC RESULT,displacement-report-draft-v1
non_speaking,right_brow,left_eyelid,3,30,15,0,-0.00024415196691065,-0.00021611037300672437,8,0.26666666666666666,-0.0005075758464285,-6.142458737319091e-05,nominal_fixed_oof_group,gain,True,MOCK DATA / NOT A SCIENTIFIC RESULT,displacement-report-draft-v1
non_speaking,right_brow,left_eyelid,4,30,15,0,-0.00028023831298985,-0.00024617798350220316,8,0.26666666666666666,-0.0006002024406367,-5.829105939273924e-05,nominal_fixed_oof_group,gain,True,MOCK DATA / NOT A SCIENTIFIC RESULT,displacement-report-draft-v1
non_speaking,right_brow,left_eyelid,5,30,15,0,-0.00030973821336979996,-0.0002706030164983189,9,0.3,-0.0006773758526894,-5.472161208393972e-05,nominal_fixed_oof_group,gain,True,MOCK DATA / NOT A SCIENTIFIC RESULT,displacement-report-draft-v1
non_speaking,right_brow,left_eyelid,6,30,15,0,-0.00032671608191805,-0.00028417987795958407,10,0.3333333333333333,-0.0007263029208509,-4.953750528527336e-05,nominal_fixed_oof_group,gain,True,MOCK DATA / NOT A SCIENTIFIC RESULT,displacement-report-draft-v1
non_speaking,right_brow,left_eyelid,7,30,15,0,-0.00032783530569965,-0.0002841009769367884,10,0.3333333333333333,-0.0007386773780265,-4.284939091695004e-05,nominal_fixed_oof_group,gain,True,MOCK DATA / NOT A SCIENTIFIC RESULT,displacement-report-draft-v1
non_speaking,right_brow,left_eyelid,8,30,15,0,-0.00031358997293295,-0.00027105376897452294,10,0.3333333333333333,-0.0007131768118658,-3.641139630021495e-05,nominal_fixed_oof_group,gain,True,MOCK DATA / NOT A SCIENTIFIC RESULT,displacement-report-draft-v1
non_speaking,right_brow,left_eyelid,9,30,15,0,-0.00028780410864459995,-0.0002486689117731153,10,0.3333333333333333,-0.0006554417479642,-3.278750735873689e-05,nominal_fixed_oof_group,gain,True,MOCK DATA / NOT A SCIENTIFIC RESULT,displacement-report-draft-v1
non_speaking,right_brow,left_eyelid,10,30,15,0,-0.00025585396663925,-0.000221793637151625,10,0.3333333333333333,-0.0005758180942861,-3.3906713042152446e-05,nominal_fixed_oof_group,gain,True,MOCK DATA / NOT A SCIENTIFIC RESULT,displacement-report-draft-v1
non_speaking,right_brow,left_eyelid,11,30,15,0,-0.00022277915371255,-0.00019473755980864286,9,0.3,-0.0004862030332304,-4.005177417510438e-05,nominal_fixed_oof_group,gain,True,MOCK DATA / NOT A SCIENTIFIC RESULT,displacement-report-draft-v1
non_speaking,right_brow,left_eyelid,12,30,15,0,-0.00019218786377205,-0.00017034904848109474,8,0.26666666666666666,-0.0003973425874203,-4.9879637499685055e-05,nominal_fixed_oof_group,gain,True,MOCK DATA / NOT A SCIENTIFIC RESULT,displacement-report-draft-v1
non_speaking,right_brow,left_eyelid,13,30,15,0,-0.0001660837392192,-0.00014999477879394855,8,0.26666666666666666,-0.0003172240911965,-6.124328014725771e-05,nominal_fixed_oof_group,gain,True,MOCK DATA / NOT A SCIENTIFIC RESULT,displacement-report-draft-v1
non_speaking,right_brow,left_eyelid,14,30,15,0,-0.00014520654268835,-0.0001339941210586106,7,0.23333333333333334,-0.0002505364898598,-7.214306314100305e-05,nominal_fixed_oof_group,gain,True,MOCK DATA / NOT A SCIENTIFIC RESULT,displacement-report-draft-v1
non_speaking,right_brow,left_eyelid,15,30,15,0,-0.00012946109548845,-0.00012206941158718018,4,0.13333333333333333,-0.0001988988762407,-8.129468118702517e-05,nominal_fixed_oof_group,gain,True,MOCK DATA / NOT A SCIENTIFIC RESULT,displacement-report-draft-v1
non_speaking,right_brow,mouth,1,30,15,0,-5.6575687229289656e-05,-8.329256418656068e-05,13,0.43333333333333335,-0.00021627832571805,-6.446160502806154e-06,nominal_fixed_oof_group,gain,True,MOCK DATA / NOT A SCIENTIFIC RESULT,displacement-report-draft-v1
non_speaking,right_brow,mouth,2,30,15,0,-4.8386873209165986e-05,-8.465179807677537e-05,15,0.5,-0.0002651638638436,1.9657888283281747e-05,nominal_fixed_oof_group,gain,True,MOCK DATA / NOT A SCIENTIFIC RESULT,displacement-report-draft-v1
non_speaking,right_brow,mouth,3,30,15,0,-4.8898162964339694e-05,-9.546324822861178e-05,15,0.5,-0.000327245328692,3.847304026443786e-05,nominal_fixed_oof_group,gain,True,MOCK DATA / NOT A SCIENTIFIC RESULT,displacement-report-draft-v1
non_speaking,right_brow,mouth,4,30,15,0,-6.522697552289437e-05,-0.00012178660448529764,15,0.5,-0.00040331746385675004,4.089723338983721e-05,nominal_fixed_oof_group,gain,True,MOCK DATA / NOT A SCIENTIFIC RESULT,displacement-report-draft-v1
non_speaking,right_brow,mouth,5,30,15,0,-0.00010254803322975802,-0.00016753484479971946,14,0.4666666666666667,-0.00049101279620675,1.9388303591093194e-05,nominal_fixed_oof_group,gain,True,MOCK DATA / NOT A SCIENTIFIC RESULT,displacement-report-draft-v1
non_speaking,right_brow,mouth,6,30,15,0,-0.00015962326370866936,-0.00023025769236955819,13,0.43333333333333335,-0.0005818471876847,-2.7090165434334647e-05,nominal_fixed_oof_group,gain,True,MOCK DATA / NOT A SCIENTIFIC RESULT,displacement-report-draft-v1
non_speaking,right_brow,mouth,7,30,15,0,-0.00022586340326065,-0.00029848740440682026,12,0.4,-0.00065998018342175,-8.95972216908041e-05,nominal_fixed_oof_group,gain,True,MOCK DATA / NOT A SCIENTIFIC RESULT,displacement-report-draft-v1
non_speaking,right_brow,mouth,8,30,15,0,-0.00028328883253554997,-0.00035392326119640974,12,0.4,-0.0007055127565116,-0.00015075573426115,nominal_fixed_oof_group,gain,True,MOCK DATA / NOT A SCIENTIFIC RESULT,displacement-report-draft-v1
non_speaking,right_brow,mouth,9,30,15,0,-0.00031403383828775,-0.000379020649857751,12,0.4,-0.0007024986012648001,-0.0001920975014669,nominal_fixed_oof_group,gain,True,MOCK DATA / NOT A SCIENTIFIC RESULT,displacement-report-draft-v1
non_speaking,right_brow,mouth,10,30,15,0,-0.0003093935237462,-0.00036595315270862447,9,0.3,-0.0006474840120801501,-0.00020326931483345,nominal_fixed_oof_group,gain,True,MOCK DATA / NOT A SCIENTIFIC RESULT,displacement-report-draft-v1
non_speaking,right_brow,mouth,11,30,15,0,-0.000274195171169,-0.00032076025643324433,8,0.26666666666666666,-0.00055254233689665,-0.0001868239679402,nominal_fixed_oof_group,gain,True,MOCK DATA / NOT A SCIENTIFIC RESULT,displacement-report-draft-v1
non_speaking,right_brow,mouth,12,30,15,0,-0.0002233687736136,-0.00025963369848117513,8,0.26666666666666666,-0.00044014576424800003,-0.0001553240121211,nominal_fixed_oof_group,gain,True,MOCK DATA / NOT A SCIENTIFIC RESULT,displacement-report-draft-v1
non_speaking,right_brow,mouth,13,30,15,0,-0.000173527716573,-0.00020024459353029626,8,0.26666666666666666,-0.0003332303550618,-0.0001233981898465,nominal_fixed_oof_group,gain,True,MOCK DATA / NOT A SCIENTIFIC RESULT,displacement-report-draft-v1
non_speaking,right_brow,mouth,14,30,15,0,-0.0001355958302638,-0.00015421486351124115,8,0.26666666666666666,-0.00024689284826785,-0.00010066048485308612,nominal_fixed_oof_group,gain,True,MOCK DATA / NOT A SCIENTIFIC RESULT,displacement-report-draft-v1
non_speaking,right_brow,mouth,15,30,15,0,-0.00011249744419516188,-0.00012477186740691252,0,0.0,-0.00018586896048355,-8.946664507033077e-05,nominal_fixed_oof_group,gain,True,MOCK DATA / NOT A SCIENTIFIC RESULT,displacement-report-draft-v1
non_speaking,right_brow,right_cheek,1,24,12,6,-6.009948708454466e-05,-7.764605560768448e-05,11,0.4583333333333333,-0.000162112174095,0.00011156145366905259,nominal_fixed_oof_group,gain,True,MOCK DATA / NOT A SCIENTIFIC RESULT,displacement-report-draft-v1
non_speaking,right_brow,right_cheek,2,24,12,6,-6.057543868403419e-05,-8.439278044119413e-05,11,0.4583333333333333,-0.00019904530684594998,0.0001724334990402,nominal_fixed_oof_group,gain,True,MOCK DATA / NOT A SCIENTIFIC RESULT,displacement-report-draft-v1
non_speaking,right_brow,right_cheek,3,24,12,6,-7.987519584778023e-05,-0.00011045726802191555,11,0.4583333333333333,-0.00025767402601315,0.00021931420250555,nominal_fixed_oof_group,gain,True,MOCK DATA / NOT A SCIENTIFIC RESULT,displacement-report-draft-v1
non_speaking,right_brow,right_cheek,4,24,12,6,-0.0001304303722781609,-0.0001675764581331779,11,0.4583333333333333,-0.00034639123237405,0.00023297584214894998,nominal_fixed_oof_group,gain,True,MOCK DATA / NOT A SCIENTIFIC RESULT,displacement-report-draft-v1
non_speaking,right_brow,right_cheek,5,24,12,6,-0.00022040531571205,-0.0002630860356231737,9,0.375,-0.0004685435722566,0.0001971471260839,nominal_fixed_oof_group,gain,True,MOCK DATA / NOT A SCIENTIFIC RESULT,displacement-report-draft-v1
non_speaking,right_brow,right_cheek,6,24,12,6,-0.00034516077579985,-0.0003915506231077274,8,0.3333333333333333,-0.0006148632516793,0.00010867866407565668,nominal_fixed_oof_group,gain,True,MOCK DATA / NOT A SCIENTIFIC RESULT,displacement-report-draft-v1
non_speaking,right_brow,right_cheek,7,24,12,6,-0.0004818510490082,-0.0005295475673765454,6,0.25,-0.0007591502823812,-1.5228233101481203e-05,nominal_fixed_oof_group,gain,True,MOCK DATA / NOT A SCIENTIFIC RESULT,displacement-report-draft-v1
non_speaking,right_brow,right_cheek,8,24,12,6,-0.00059376254599895,-0.0006401523933068049,3,0.125,-0.0008634650218784,-0.00013992310612336072,nominal_fixed_oof_group,gain,True,MOCK DATA / NOT A SCIENTIFIC RESULT,displacement-report-draft-v1
non_speaking,right_brow,right_cheek,9,24,12,6,-0.00064554988916255,-0.0006882306090736597,0,0.0,-0.00089368814570715,-0.00022799744736649998,nominal_fixed_oof_group,gain,True,MOCK DATA / NOT A SCIENTIFIC RESULT,displacement-report-draft-v1
non_speaking,right_brow,right_cheek,10,24,12,6,-0.0006212722184569,-0.0006584183043119,0,0.0,-0.0008372330785528499,-0.0002578660040297,nominal_fixed_oof_group,gain,True,MOCK DATA / NOT A SCIENTIFIC RESULT,displacement-report-draft-v1
non_speaking,right_brow,right_cheek,11,24,12,6,-0.0005327840822222,-0.0005633661543963459,0,0.0,-0.0007105829123876,-0.0002335946838688,nominal_fixed_oof_group,gain,True,MOCK DATA / NOT A SCIENTIFIC RESULT,displacement-report-draft-v1
non_speaking,right_brow,right_cheek,12,24,12,6,-0.00041233713440905,-0.0004361544761662175,0,0.0,-0.0005508070025710501,-0.00017932819668475,nominal_fixed_oof_group,gain,True,MOCK DATA / NOT A SCIENTIFIC RESULT,displacement-report-draft-v1
non_speaking,right_brow,right_cheek,13,24,12,6,-0.0002952051983916,-0.0003127517669147453,0,0.0,-0.0003972178854021,-0.00012354425763795,nominal_fixed_oof_group,gain,True,MOCK DATA / NOT A SCIENTIFIC RESULT,displacement-report-draft-v1
non_speaking,right_brow,right_cheek,14,24,12,6,-0.00020458655093365,-0.00021681478192163577,0,0.0,-0.00027567935171814997,-8.495577341843851e-05,nominal_fixed_oof_group,gain,True,MOCK DATA / NOT A SCIENTIFIC RESULT,displacement-report-draft-v1
non_speaking,right_brow,right_cheek,15,24,12,6,-0.0001468974556056,-0.00015495880230839947,0,0.0,-0.00019376471839755002,-6.803198644516261e-05,nominal_fixed_oof_group,gain,True,MOCK DATA / NOT A SCIENTIFIC RESULT,displacement-report-draft-v1
non_speaking,right_brow,right_eyelid,1,30,15,0,-0.0001591738974053,-0.0001257374606250361,11,0.36666666666666664,-0.00020858760413950002,3.728331321798664e-05,nominal_fixed_oof_group,gain,True,MOCK DATA / NOT A SCIENTIFIC RESULT,displacement-report-draft-v1
non_speaking,right_brow,right_eyelid,2,30,15,0,-0.00019126966063165,-0.00014588374709042075,11,0.36666666666666664,-0.00025834278317545,7.539721043777967e-05,nominal_fixed_oof_group,gain,True,MOCK DATA / NOT A SCIENTIFIC RESULT,displacement-report-draft-v1
non_speaking,right_brow,right_eyelid,3,30,15,0,-0.0002398515571254,-0.00018157489057885016,11,0.36666666666666664,-0.00032597515124825,0.0001025554831163,nominal_fixed_oof_group,gain,True,MOCK DATA / NOT A SCIENTIFIC RESULT,displacement-report-draft-v1
non_speaking,right_brow,right_eyelid,4,30,15,0,-0.0003106396788828,-0.00023985474166348078,11,0.36666666666666664,-0.00041524849685995,0.0001052602392704,nominal_fixed_oof_group,gain,True,MOCK DATA / NOT A SCIENTIFIC RESULT,displacement-report-draft-v1
non_speaking,right_brow,right_eyelid,5,30,15,0,-0.0004055053717934,-0.00032417373186843904,11,0.36666666666666664,-0.00052570052984435,7.236214800493846e-05,nominal_fixed_oof_group,gain,True,MOCK DATA / NOT A SCIENTIFIC RESULT,displacement-report-draft-v1
non_speaking,right_brow,right_eyelid,6,30,15,0,-0.0005169718232389999,-0.00042857213445033113,10,0.3333333333333333,-0.0006476124272574,2.424319164519035e-06,nominal_fixed_oof_group,gain,True,MOCK DATA / NOT A SCIENTIFIC RESULT,displacement-report-draft-v1
non_speaking,right_brow,right_eyelid,7,30,15,0,-0.0006251445980042999,-0.0005342549394960622,8,0.26666666666666666,-0.00075946497909665,-9.111853229722263e-05,nominal_fixed_oof_group,gain,True,MOCK DATA / NOT A SCIENTIFIC RESULT,displacement-report-draft-v1
non_speaking,right_brow,right_eyelid,8,30,15,0,-0.00070167864651975,-0.0006132789577310869,8,0.26666666666666666,-0.00083231925053815,-0.00018228250411619998,nominal_fixed_oof_group,gain,True,MOCK DATA / NOT A SCIENTIFIC RESULT,displacement-report-draft-v1
non_speaking,right_brow,right_eyelid,9,30,15,0,-0.0007213804499725,-0.0006400488100475273,5,0.16666666666666666,-0.00084157560802345,-0.0002435129301741,nominal_fixed_oof_group,gain,True,MOCK DATA / NOT A SCIENTIFIC RESULT,displacement-report-draft-v1
non_speaking,right_brow,right_eyelid,10,30,15,0,-0.0006753266964704999,-0.0006045417592512193,5,0.16666666666666666,-0.0007799355144477,-0.00025942677831730003,nominal_fixed_oof_group,gain,True,MOCK DATA / NOT A SCIENTIFIC RESULT,displacement-report-draft-v1
non_speaking,right_brow,right_eyelid,11,30,15,0,-0.0005763550404709,-0.0005180783739243391,2,0.06666666666666667,-0.00066247863459375,-0.0002339480002291,nominal_fixed_oof_group,gain,True,MOCK DATA / NOT A SCIENTIFIC RESULT,displacement-report-draft-v1
non_speaking,right_brow,right_eyelid,12,30,15,0,-0.00045262252757705,-0.000407236614035793,2,0.06666666666666667,-0.00051969565012085,-0.00018595565650755,nominal_fixed_oof_group,gain,True,MOCK DATA / NOT A SCIENTIFIC RESULT,displacement-report-draft-v1
non_speaking,right_brow,right_eyelid,13,30,15,0,-0.00033385338193155003,-0.00030041694515128695,2,0.06666666666666667,-0.00038326708866575,-0.00013739617130820002,nominal_fixed_oof_group,gain,True,MOCK DATA / NOT A SCIENTIFIC RESULT,displacement-report-draft-v1
non_speaking,right_brow,right_eyelid,14,30,15,0,-0.0002396043032795,-0.0002163023983045182,2,0.06666666666666667,-0.00027404079262045,-0.0001026929665936,nominal_fixed_oof_group,gain,True,MOCK DATA / NOT A SCIENTIFIC RESULT,displacement-report-draft-v1
non_speaking,right_brow,right_eyelid,15,30,15,0,-0.0001756498751887,-0.00016028831266813123,0,0.0,-0.00019835180812375,-8.53923593103433e-05,nominal_fixed_oof_group,gain,True,MOCK DATA / NOT A SCIENTIFIC RESULT,displacement-report-draft-v1
non_speaking,right_cheek,jaw,1,24,12,6,-6.749242402295189e-05,-9.001517941000711e-05,10,0.4166666666666667,-0.0001723353898029,7.770607515537618e-05,nominal_fixed_oof_group,gain,True,MOCK DATA / NOT A SCIENTIFIC RESULT,displacement-report-draft-v1
non_speaking,right_cheek,jaw,2,24,12,6,-6.682316378717624e-05,-9.739507656082675e-05,10,0.4166666666666667,-0.000209134792612,0.00013026621428664542,nominal_fixed_oof_group,gain,True,MOCK DATA / NOT A SCIENTIFIC RESULT,displacement-report-draft-v1
non_speaking,right_cheek,jaw,3,24,12,6,-8.005909215931528e-05,-0.00011931420519745629,10,0.4166666666666667,-0.0002627908406607,0.00017300867864665,nominal_fixed_oof_group,gain,True,MOCK DATA / NOT A SCIENTIFIC RESULT,displacement-report-draft-v1
non_speaking,right_cheek,jaw,4,24,12,6,-0.0001165499982092,-0.000164230671737803,10,0.4166666666666667,-0.0003385025585072,0.0001908352269634,nominal_fixed_oof_group,gain,True,MOCK DATA / NOT A SCIENTIFIC RESULT,displacement-report-draft-v1
non_speaking,right_cheek,jaw,5,24,12,6,-0.00018249702225155,-0.00023728194575579884,10,0.4166666666666667,-0.0004375197209179,0.000170687503074049,nominal_fixed_oof_group,gain,True,MOCK DATA / NOT A SCIENTIFIC RESULT,displacement-report-draft-v1
non_speaking,right_cheek,jaw,6,24,12,6,-0.0002745831450449,-0.00033412910025436114,8,0.3333333333333333,-0.0005517683489451,0.00010929454575975488,nominal_fixed_oof_group,gain,True,MOCK DATA / NOT A SCIENTIFIC RESULT,displacement-report-draft-v1
non_speaking,right_cheek,jaw,7,24,12,6,-0.00037592851490260003,-0.0004371517115981436,7,0.2916666666666667,-0.0006609212436242,1.8761926933326643e-05,nominal_fixed_oof_group,gain,True,MOCK DATA / NOT A SCIENTIFIC RESULT,displacement-report-draft-v1
non_speaking,right_cheek,jaw,8,24,12,6,-0.0004592899683257,-0.0005188359235351193,7,0.2916666666666667,-0.0007364751722259,-7.541227752097052e-05,nominal_fixed_oof_group,gain,True,MOCK DATA / NOT A SCIENTIFIC RESULT,displacement-report-draft-v1
non_speaking,right_cheek,jaw,9,24,12,6,-0.0004983721004306501,-0.0005531570239348888,4,0.16666666666666666,-0.000753394799097,-0.0001451875751050324,nominal_fixed_oof_group,gain,True,MOCK DATA / NOT A SCIENTIFIC RESULT,displacement-report-draft-v1
non_speaking,right_cheek,jaw,10,24,12,6,-0.0004812370157969,-0.0005289176893255491,4,0.16666666666666666,-0.000703189576095,-0.0001738517906243,nominal_fixed_oof_group,gain,True,MOCK DATA / NOT A SCIENTIFIC RESULT,displacement-report-draft-v1
non_speaking,right_cheek,jaw,11,24,12,6,-0.0004165625755048,-0.0004558176885429463,1,0.041666666666666664,-0.0005992943240062,-0.0001634948046988,nominal_fixed_oof_group,gain,True,MOCK DATA / NOT A SCIENTIFIC RESULT,displacement-report-draft-v1
non_speaking,right_cheek,jaw,12,24,12,6,-0.00032817603073255,-0.0003587479435061989,1,0.041666666666666664,-0.0004704876595574,-0.00013108665265872344,nominal_fixed_oof_group,gain,True,MOCK DATA / NOT A SCIENTIFIC RESULT,displacement-report-draft-v1
non_speaking,right_cheek,jaw,13,24,12,6,-0.00024217190854920002,-0.0002646946639362667,1,0.041666666666666664,-0.0003470148743292,-9.697340937087693e-05,nominal_fixed_oof_group,gain,True,MOCK DATA / NOT A SCIENTIFIC RESULT,displacement-report-draft-v1
non_speaking,right_cheek,jaw,14,24,12,6,-0.0001757113413959,-0.00019140748477549526,1,0.041666666666666664,-0.000248776567872,-7.452228071336232e-05,nominal_fixed_oof_group,gain,True,MOCK DATA / NOT A SCIENTIFIC RESULT,displacement-report-draft-v1
non_speaking,right_cheek,jaw,15,24,12,6,-0.0001335290387312,-0.00014387657418446557,0,0.0,-0.000181696604679,-6.682109859744564e-05,nominal_fixed_oof_group,gain,True,MOCK DATA / NOT A SCIENTIFIC RESULT,displacement-report-draft-v1
non_speaking,right_cheek,left_brow,1,24,12,6,-0.0001499722492714,-0.00012389458947601687,8,0.3333333333333333,-0.00029778648096565,-4.759827601913706e-05,nominal_fixed_oof_group,gain,True,MOCK DATA / NOT A SCIENTIFIC RESULT,displacement-report-draft-v1
non_speaking,right_cheek,left_brow,2,24,12,6,-0.00016784040354520002,-0.00013244313856117102,8,0.3333333333333333,-0.00036848032172565,-2.8880133064280743e-05,nominal_fixed_oof_group,gain,True,MOCK DATA / NOT A SCIENTIFIC RESULT,displacement-report-draft-v1
non_speaking,right_cheek,left_brow,3,24,12,6,-0.00018715129578755,-0.00014170030786681527,9,0.375,-0.00044477805033339994,-8.722776580236818e-06,nominal_fixed_oof_group,gain,True,MOCK DATA / NOT A SCIENTIFIC RESULT,displacement-report-draft-v1
non_speaking,right_cheek,left_brow,4,24,12,6,-0.0002060312672774,-0.00015082486105728554,9,0.375,-0.00051895399822955,1.0694435798445402e-05,nominal_fixed_oof_group,gain,True,MOCK DATA / NOT A SCIENTIFIC RESULT,displacement-report-draft-v1
non_speaking,right_cheek,left_brow,5,24,12,6,-0.00022245778271955,-0.0001590258192449253,9,0.375,-0.00058200488239835,2.655927567592328e-05,nominal_fixed_oof_group,gain,True,MOCK DATA / NOT A SCIENTIFIC RESULT,displacement-report-draft-v1
non_speaking,right_cheek,left_brow,6,24,12,6,-0.00023509344603770001,-0.0001661489880680564,10,0.4166666666666667,-0.00062588664467225,3.556420313217956e-05,nominal_fixed_oof_group,gain,True,MOCK DATA / NOT A SCIENTIFIC RESULT,displacement-report-draft-v1
non_speaking,right_cheek,left_brow,7,24,12,6,-0.0002444615799158,-0.00017357515116515388,9,0.375,-0.0006462623199177001,3.38197312831634e-05,nominal_fixed_oof_group,gain,True,MOCK DATA / NOT A SCIENTIFIC RESULT,displacement-report-draft-v1
non_speaking,right_cheek,left_brow,8,24,12,6,-0.0002541463793095,-0.00018520192133983317,9,0.375,-0.00064493957794405,1.651126986039952e-05,nominal_fixed_oof_group,gain,True,MOCK DATA / NOT A SCIENTIFIC RESULT,displacement-report-draft-v1
non_speaking,right_cheek,left_brow,9,24,12,6,-0.00027120504698725,-0.00020777308351262584,9,0.375,-0.00063075214666605,-2.2187988591781255e-05,nominal_fixed_oof_group,gain,True,MOCK DATA / NOT A SCIENTIFIC RESULT,displacement-report-draft-v1
non_speaking,right_cheek,left_brow,10,24,12,6,-0.0003045407382676,-0.0002493343320474972,8,0.3333333333333333,-0.0006174634692198,-8.781503519174563e-05,nominal_fixed_oof_group,gain,True,MOCK DATA / NOT A SCIENTIFIC RESULT,displacement-report-draft-v1
non_speaking,right_cheek,left_brow,11,24,12,6,-0.00036041227466419997,-0.00031496128674344035,6,0.25,-0.00061803902921005,-0.00018198375545680002,nominal_fixed_oof_group,gain,True,MOCK DATA / NOT A SCIENTIFIC RESULT,displacement-report-draft-v1
non_speaking,right_cheek,left_brow,12,24,12,6,-0.00043627012218384995,-0.0004008728571997877,2,0.08333333333333333,-0.00063691004036435,-0.00029730985170285,nominal_fixed_oof_group,gain,True,MOCK DATA / NOT A SCIENTIFIC RESULT,displacement-report-draft-v1
non_speaking,right_cheek,left_brow,13,24,12,6,-0.000516886576819,-0.0004908089170235459,0,0.0,-0.0006647008085131499,-0.0004145126035666,nominal_fixed_oof_group,gain,True,MOCK DATA / NOT A SCIENTIFIC RESULT,displacement-report-draft-v1
non_speaking,right_cheek,left_brow,14,24,12,6,-0.0005774100475781001,-0.000559236485768325,0,0.0,-0.00068042201633325,-0.0005060654658477499,nominal_fixed_oof_group,gain,True,MOCK DATA / NOT A SCIENTIFIC RESULT,displacement-report-draft-v1
non_speaking,right_cheek,left_brow,15,24,12,6,-0.00059408772310675,-0.0005821069727663,0,0.0,-0.0006619973983071,-0.00054705447608545,nominal_fixed_oof_group,gain,True,MOCK DATA / NOT A SCIENTIFIC RESULT,displacement-report-draft-v1
non_speaking,right_cheek,left_cheek,1,24,12,6,-0.0001368455354217,-0.00011427293669313505,8,0.3333333333333333,-0.00029703080975664996,-3.492340674806239e-05,nominal_fixed_oof_group,gain,True,MOCK DATA / NOT A SCIENTIFIC RESULT,displacement-report-draft-v1
non_speaking,right_cheek,left_cheek,2,24,12,6,-0.00013457756035110572,-0.00010393799127770538,9,0.375,-0.00035200967069605,3.7693858358747896e-06,nominal_fixed_oof_group,gain,True,MOCK DATA / NOT A SCIENTIFIC RESULT,displacement-report-draft-v1
non_speaking,right_cheek,left_cheek,3,24,12,6,-0.00011245188693131341,-7.310990148473036e-05,11,0.4583333333333333,-0.0003916402430183,6.518910829386806e-05,nominal_fixed_oof_group,gain,True,MOCK DATA / NOT A SCIENTIFIC RESULT,displacement-report-draft-v1
non_speaking,right_cheek,left_cheek,4,24,12,6,-5.764216065557271e-05,-9.855968772166349e-06,12,0.5,-0.0003967543890838,0.000158126987439754,nominal_fixed_oof_group,gain,True,MOCK DATA / NOT A SCIENTIFIC RESULT,displacement-report-draft-v1
non_speaking,right_cheek,left_cheek,5,24,12,6,3.817011765440317e-05,9.307628137126564e-05,12,0.5,-0.0003514686210399,0.0002860880977954,nominal_fixed_oof_group,gain,True,MOCK DATA / NOT A SCIENTIFIC RESULT,displacement-report-draft-v1
non_speaking,right_cheek,left_cheek,6,24,12,6,0.00016990059785260857,0.00022957832954017673,14,0.5833333333333334,-0.0002535993250846,0.000439363654417,nominal_fixed_oof_group,gain,True,MOCK DATA / NOT A SCIENTIFIC RESULT,displacement-report-draft-v1
non_speaking,right_cheek,left_cheek,7,24,12,6,0.00031345514376620004,0.0003748138287112523,15,0.625,-0.0001219735766452514,0.00059050821405775,nominal_fixed_oof_group,gain,True,MOCK DATA / NOT A SCIENTIFIC RESULT,displacement-report-draft-v1
non_speaking,right_cheek,left_cheek,8,24,12,6,0.00043031601747615,0.0004899937491636778,18,0.75,6.816094538911195e-06,0.0006997790740405001,nominal_fixed_oof_group,gain,True,MOCK DATA / NOT A SCIENTIFIC RESULT,displacement-report-draft-v1
non_speaking,right_cheek,left_cheek,9,24,12,6,0.0004835177207994,0.0005384238845162739,20,0.8333333333333334,9.387898210503286e-05,0.0007314357009404,nominal_fixed_oof_group,gain,True,MOCK DATA / NOT A SCIENTIFIC RESULT,displacement-report-draft-v1
non_speaking,right_cheek,left_cheek,10,24,12,6,0.000456524674275,0.0005043108661584261,21,0.875,0.0001174124458467522,0.00067229382237035,nominal_fixed_oof_group,gain,True,MOCK DATA / NOT A SCIENTIFIC RESULT,displacement-report-draft-v1
non_speaking,right_cheek,left_cheek,11,24,12,6,0.00036197939970815,0.00040132138515478816,20,0.8333333333333334,8.279104362116727e-05,0.0005396203949334,nominal_fixed_oof_group,gain,True,MOCK DATA / NOT A SCIENTIFIC RESULT,displacement-report-draft-v1
non_speaking,right_cheek,left_cheek,12,24,12,6,0.00023389998317705,0.00026453955225046644,18,0.75,1.6467872832107416e-05,0.00037224692936405003,nominal_fixed_oof_group,gain,True,MOCK DATA / NOT A SCIENTIFIC RESULT,displacement-report-draft-v1
non_speaking,right_cheek,left_cheek,13,24,12,6,0.00010943248752591527,0.00013200508625450233,15,0.625,-5.0752786809060875e-05,0.00021135461619955,nominal_fixed_oof_group,gain,True,MOCK DATA / NOT A SCIENTIFIC RESULT,displacement-report-draft-v1
non_speaking,right_cheek,left_cheek,14,24,12,6,1.3006947903084452e-05,2.8737827185139022e-05,12,0.5,-9.8626419775397e-05,8.403663844133226e-05,nominal_fixed_oof_group,gain,True,MOCK DATA / NOT A SCIENTIFIC RESULT,displacement-report-draft-v1
non_speaking,right_cheek,left_cheek,15,24,12,6,-4.8599312657239806e-05,-3.82288778857148e-05,9,0.375,-0.00012219256431695,-1.7736547038354686e-06,nominal_fixed_oof_group,gain,True,MOCK DATA / NOT A SCIENTIFIC RESULT,displacement-report-draft-v1
non_speaking,right_cheek,left_eyelid,1,24,12,6,5.305192032328777e-05,-3.065000885705879e-05,14,0.5833333333333334,-4.7807063311285113e-05,5.974438603357288e-05,nominal_fixed_oof_group,gain,True,MOCK DATA / NOT A SCIENTIFIC RESULT,displacement-report-draft-v1
non_speaking,right_cheek,left_eyelid,2,24,12,6,0.00011730767465837853,3.692442689159804e-06,14,0.5833333333333334,-1.959618089240001e-05,0.00012639188635542854,nominal_fixed_oof_group,gain,True,MOCK DATA / NOT A SCIENTIFIC RESULT,displacement-report-draft-v1
non_speaking,right_cheek,left_eyelid,3,24,12,6,0.00019881069886175,5.292585329042945e-05,14,0.5833333333333334,2.302266869205e-05,0.00021047505757134998,nominal_fixed_oof_group,gain,True,MOCK DATA / NOT A SCIENTIFIC RESULT,displacement-report-draft-v1
non_speaking,right_cheek,left_eyelid,4,24,12,6,0.00029854074156325,0.00012134375609803288,15,0.625,8.502227153335e-05,0.0003127086915832,nominal_fixed_oof_group,gain,True,MOCK DATA / NOT A SCIENTIFIC RESULT,displacement-report-draft-v1
non_speaking,right_cheek,left_eyelid,5,24,12,6,0.00041334321579655,0.00020974451268538025,16,0.6666666666666666,0.0001680112567103,0.0004296221397423,nominal_fixed_oof_group,gain,True,MOCK DATA / NOT A SCIENTIFIC RESULT,displacement-report-draft-v1
non_speaking,right_cheek,left_eyelid,6,24,12,6,0.00053209025870795,0.0003107980038191312,16,0.6666666666666666,0.00026543795890007484,0.0005497838870664,nominal_fixed_oof_group,gain,True,MOCK DATA / NOT A SCIENTIFIC RESULT,displacement-report-draft-v1
non_speaking,right_cheek,left_eyelid,7,24,12,6,0.00063407946619825,0.00040655403310037313,16,0.6666666666666666,0.00035991632374749913,0.0006522714741262,nominal_fixed_oof_group,gain,True,MOCK DATA / NOT A SCIENTIFIC RESULT,displacement-report-draft-v1
non_speaking,right_cheek,left_eyelid,8,24,12,6,0.0006933460028433,0.00047205374795447706,18,0.75,0.0004266937030354488,0.0007110396312017501,nominal_fixed_oof_group,gain,True,MOCK DATA / NOT A SCIENTIFIC RESULT,displacement-report-draft-v1
non_speaking,right_cheek,left_eyelid,9,24,12,6,0.00068911359547635,0.000485514892365133,18,0.75,0.00044378163639,0.0007053925194220501,nominal_fixed_oof_group,gain,True,MOCK DATA / NOT A SCIENTIFIC RESULT,displacement-report-draft-v1
non_speaking,right_cheek,left_eyelid,10,24,12,6,0.00061692571160975,0.0004397287261444318,18,0.75,0.00040340724157975,0.00063109366162965,nominal_fixed_oof_group,gain,True,MOCK DATA / NOT A SCIENTIFIC RESULT,displacement-report-draft-v1
non_speaking,right_cheek,left_eyelid,11,24,12,6,0.00049259042311455,0.0003467055775431429,18,0.75,0.0003168023929447998,0.0005042547818241,nominal_fixed_oof_group,gain,True,MOCK DATA / NOT A SCIENTIFIC RESULT,displacement-report-draft-v1
non_speaking,right_cheek,left_eyelid,12,24,12,6,0.00034547818992475,0.00023186295795548945,18,0.75,0.00020857433437398163,0.00035456240162174996,nominal_fixed_oof_group,gain,True,MOCK DATA / NOT A SCIENTIFIC RESULT,displacement-report-draft-v1
non_speaking,right_cheek,left_eyelid,13,24,12,6,0.00020555343468065,0.00012185150550033709,16,0.6666666666666666,0.00010469445104608871,0.00021224590039095002,nominal_fixed_oof_group,gain,True,MOCK DATA / NOT A SCIENTIFIC RESULT,displacement-report-draft-v1
non_speaking,right_cheek,left_eyelid,14,24,12,6,9.253913328227952e-05,3.4207128206431595e-05,14,0.5833333333333334,2.2250350180942747e-05,9.720312308047951e-05,nominal_fixed_oof_group,gain,True,MOCK DATA / NOT A SCIENTIFIC RESULT,displacement-report-draft-v1
non_speaking,right_cheek,left_eyelid,15,24,12,6,1.2626707843418385e-05,-2.582811994364017e-05,12,0.5,-3.371051382432917e-05,1.5701399417214056e-05,nominal_fixed_oof_group,gain,True,MOCK DATA / NOT A SCIENTIFIC RESULT,displacement-report-draft-v1
non_speaking,right_cheek,mouth,1,24,12,6,-0.00015870858815645,-0.00014499491198279157,7,0.2916666666666667,-0.00033129945878715,-5.6236645141623156e-05,nominal_fixed_oof_group,gain,True,MOCK DATA / NOT A SCIENTIFIC RESULT,displacement-report-draft-v1
non_speaking,right_cheek,mouth,2,24,12,6,-0.00018363860551685,-0.0001650239509338745,7,0.2916666666666667,-0.00041790981042825,-4.454535294814684e-05,nominal_fixed_oof_group,gain,True,MOCK DATA / NOT A SCIENTIFIC RESULT,displacement-report-draft-v1
non_speaking,right_cheek,mouth,3,24,12,6,-0.00021325298282145,-0.0001893512932140622,7,0.2916666666666667,-0.00051406316432575,-3.465371123347353e-05,nominal_fixed_oof_group,gain,True,MOCK DATA / NOT A SCIENTIFIC RESULT,displacement-report-draft-v1
non_speaking,right_cheek,mouth,4,24,12,6,-0.00024485668229925,-0.00021582482961180404,7,0.2916666666666667,-0.00061023155829165,-2.792357723453232e-05,nominal_fixed_oof_group,gain,True,MOCK DATA / NOT A SCIENTIFIC RESULT,displacement-report-draft-v1
non_speaking,right_cheek,mouth,5,24,12,6,-0.0002738053135339,-0.000240447818537218,7,0.2916666666666667,-0.0006936197404336,-2.4549950994328003e-05,nominal_fixed_oof_group,gain,True,MOCK DATA / NOT A SCIENTIFIC RESULT,displacement-report-draft-v1
non_speaking,right_cheek,mouth,6,24,12,6,-0.0002944243066491,-0.00025816791025536323,7,0.2916666666666667,-0.00075072230729385,-2.350764374000171e-05,nominal_fixed_oof_group,gain,True,MOCK DATA / NOT A SCIENTIFIC RESULT,displacement-report-draft-v1
non_speaking,right_cheek,mouth,7,24,12,6,-0.00030192576933405,-0.00026464813258978256,7,0.2916666666666667,-0.0007710763967273501,-2.337814870989217e-05,nominal_fixed_oof_group,gain,True,MOCK DATA / NOT A SCIENTIFIC RESULT,displacement-report-draft-v1
non_speaking,right_cheek,mouth,8,24,12,6,-0.0002944243066491,-0.00025816791025536323,7,0.2916666666666667,-0.00075072230729385,-2.350764374000171e-05,nominal_fixed_oof_group,gain,True,MOCK DATA / NOT A SCIENTIFIC RESULT,displacement-report-draft-v1
non_speaking,right_cheek,mouth,9,24,12,6,-0.0002738053135339,-0.000240447818537218,7,0.2916666666666667,-0.0006936197404336,-2.4549950994328003e-05,nominal_fixed_oof_group,gain,True,MOCK DATA / NOT A SCIENTIFIC RESULT,displacement-report-draft-v1
non_speaking,right_cheek,mouth,10,24,12,6,-0.00024485668229925,-0.00021582482961180404,7,0.2916666666666667,-0.00061023155829165,-2.792357723453232e-05,nominal_fixed_oof_group,gain,True,MOCK DATA / NOT A SCIENTIFIC RESULT,displacement-report-draft-v1
non_speaking,right_cheek,mouth,11,24,12,6,-0.00021325298282145,-0.0001893512932140622,7,0.2916666666666667,-0.00051406316432575,-3.465371123347353e-05,nominal_fixed_oof_group,gain,True,MOCK DATA / NOT A SCIENTIFIC RESULT,displacement-report-draft-v1
non_speaking,right_cheek,mouth,12,24,12,6,-0.00018363860551685,-0.0001650239509338745,7,0.2916666666666667,-0.00041790981042825,-4.454535294814684e-05,nominal_fixed_oof_group,gain,True,MOCK DATA / NOT A SCIENTIFIC RESULT,displacement-report-draft-v1
non_speaking,right_cheek,mouth,13,24,12,6,-0.00015870858815645,-0.00014499491198279157,7,0.2916666666666667,-0.00033129945878715,-5.6236645141623156e-05,nominal_fixed_oof_group,gain,True,MOCK DATA / NOT A SCIENTIFIC RESULT,displacement-report-draft-v1
non_speaking,right_cheek,mouth,14,24,12,6,-0.0001393307635141,-0.00012977368118633685,6,0.25,-0.00025960961061200004,-6.791790650343549e-05,nominal_fixed_oof_group,gain,True,MOCK DATA / NOT A SCIENTIFIC RESULT,displacement-report-draft-v1
non_speaking,right_cheek,mouth,15,24,12,6,-0.00012518564316065,-0.00011888522618400613,5,0.20833333333333334,-0.00020447834612120002,-7.8107386300538e-05,nominal_fixed_oof_group,gain,True,MOCK DATA / NOT A SCIENTIFIC RESULT,displacement-report-draft-v1
non_speaking,right_cheek,right_brow,1,24,12,6,-4.818206552118041e-05,-6.572863404432138e-05,11,0.4583333333333333,-0.00015019475253164998,0.0001234788752324,nominal_fixed_oof_group,gain,True,MOCK DATA / NOT A SCIENTIFIC RESULT,displacement-report-draft-v1
non_speaking,right_cheek,right_brow,2,24,12,6,-3.0143236612542763e-05,-5.396057836970061e-05,12,0.5,-0.00016861310477445,0.0002028657011117,nominal_fixed_oof_group,gain,True,MOCK DATA / NOT A SCIENTIFIC RESULT,displacement-report-draft-v1
non_speaking,right_cheek,right_brow,3,24,12,6,-1.1295169828183342e-05,-4.187724200231731e-05,12,0.5,-0.00018909399999355,0.00028789422852515,nominal_fixed_oof_group,gain,True,MOCK DATA / NOT A SCIENTIFIC RESULT,displacement-report-draft-v1
non_speaking,right_cheek,right_brow,4,24,12,6,5.957295131924119e-06,-3.118879072307285e-05,12,0.5,-0.00021000356496395003,0.00036936350955905,nominal_fixed_oof_group,gain,True,MOCK DATA / NOT A SCIENTIFIC RESULT,displacement-report-draft-v1
non_speaking,right_cheek,right_brow,5,24,12,6,1.8962495127996734e-05,-2.371822478310818e-05,12,0.5,-0.00022917576141655,0.000436514936924,nominal_fixed_oof_group,gain,True,MOCK DATA / NOT A SCIENTIFIC RESULT,displacement-report-draft-v1
non_speaking,right_cheek,right_brow,6,24,12,6,2.5579342146956126e-05,-2.0810505160895992e-05,12,0.5,-0.00024412313373245,0.00047941878202250004,nominal_fixed_oof_group,gain,True,MOCK DATA / NOT A SCIENTIFIC RESULT,displacement-report-draft-v1
non_speaking,right_cheek,right_brow,7,24,12,6,2.489061051671085e-05,-2.2805907851558333e-05,12,0.5,-0.00025240862285619997,0.0004915134264235,nominal_fixed_oof_group,gain,True,MOCK DATA / NOT A SCIENTIFIC RESULT,displacement-report-draft-v1
non_speaking,right_cheek,right_brow,8,24,12,6,1.7484572361865267e-05,-2.8905274945990737e-05,12,0.5,-0.00025221790351749997,0.00047132401223739997,nominal_fixed_oof_group,gain,True,MOCK DATA / NOT A SCIENTIFIC RESULT,displacement-report-draft-v1
non_speaking,right_cheek,right_brow,9,24,12,6,5.119281362032241e-06,-3.756143854906208e-05,12,0.5,-0.0002430189751825,0.000422671723158,nominal_fixed_oof_group,gain,True,MOCK DATA / NOT A SCIENTIFIC RESULT,displacement-report-draft-v1
non_speaking,right_cheek,right_brow,10,24,12,6,-1.002510009609145e-05,-4.717118595108318e-05,12,0.5,-0.00022598596019195,0.00035338111433105,nominal_fixed_oof_group,gain,True,MOCK DATA / NOT A SCIENTIFIC RESULT,displacement-report-draft-v1
non_speaking,right_cheek,right_brow,11,24,12,6,-2.604242269725089e-05,-5.662449487137681e-05,12,0.5,-0.00020384125286254998,0.0002731469756561,nominal_fixed_oof_group,gain,True,MOCK DATA / NOT A SCIENTIFIC RESULT,displacement-report-draft-v1
non_speaking,right_cheek,right_brow,12,24,12,6,-4.1597016462249954e-05,-6.541435821940217e-05,11,0.4583333333333333,-0.00018006688462415002,0.000191411921262,nominal_fixed_oof_group,gain,True,MOCK DATA / NOT A SCIENTIFIC RESULT,displacement-report-draft-v1
non_speaking,right_cheek,right_brow,13,24,12,6,-5.5837387551539025e-05,-7.338395607468318e-05,11,0.4583333333333333,-0.000157850074562,0.00011582355320205497,nominal_fixed_oof_group,gain,True,MOCK DATA / NOT A SCIENTIFIC RESULT,displacement-report-draft-v1
non_speaking,right_cheek,right_brow,14,24,12,6,-6.819888352356356e-05,-8.042711451151811e-05,9,0.375,-0.00013929168430805,5.143189399168732e-05,nominal_fixed_oof_group,gain,True,MOCK DATA / NOT A SCIENTIFIC RESULT,displacement-report-draft-v1
non_speaking,right_cheek,right_brow,15,24,12,6,-7.831742958607467e-05,-8.637877628880397e-05,6,0.25,-0.00012518469237795,5.480395744474065e-07,nominal_fixed_oof_group,gain,True,MOCK DATA / NOT A SCIENTIFIC RESULT,displacement-report-draft-v1
non_speaking,right_cheek,right_eyelid,1,24,12,6,-3.5042608050570283e-05,-5.524384102748961e-05,12,0.5,-0.0001363034757303182,0.00013524139683915,nominal_fixed_oof_group,gain,True,MOCK DATA / NOT A SCIENTIFIC RESULT,displacement-report-draft-v1
non_speaking,right_cheek,right_eyelid,2,24,12,6,3.8699016038385575e-06,-2.3550825650745882e-05,12,0.5,-0.00013357946286722032,0.0002350098156495,nominal_fixed_oof_group,gain,True,MOCK DATA / NOT A SCIENTIFIC RESULT,displacement-report-draft-v1
non_speaking,right_cheek,right_eyelid,3,24,12,6,6.586107586323952e-05,3.065216512430568e-05,12,0.5,-0.00011062740162518445,0.0003626506003089,nominal_fixed_oof_group,gain,True,MOCK DATA / NOT A SCIENTIFIC RESULT,displacement-report-draft-v1
non_speaking,right_cheek,right_eyelid,4,24,12,6,0.00015992004316332909,0.00011715403261564179,15,0.625,-5.444921539684898e-05,0.0005204112843437501,nominal_fixed_oof_group,gain,True,MOCK DATA / NOT A SCIENTIFIC RESULT,displacement-report-draft-v1
non_speaking,right_cheek,right_eyelid,5,24,12,6,0.00028966930158405,0.00024053130828305167,15,0.625,4.335978951666788e-05,0.00070387244953585,nominal_fixed_oof_group,gain,True,MOCK DATA / NOT A SCIENTIFIC RESULT,displacement-report-draft-v1
non_speaking,right_cheek,right_eyelid,6,24,12,6,0.00044529066065274994,0.00039188237674856325,18,0.75,0.00017757585455108993,0.000895489739486,nominal_fixed_oof_group,gain,True,MOCK DATA / NOT A SCIENTIFIC RESULT,displacement-report-draft-v1
non_speaking,right_cheek,right_eyelid,7,24,12,6,0.00059891255020715,0.0005439999056935436,18,0.75,0.0003236569736593,0.0010617924663761501,nominal_fixed_oof_group,gain,True,MOCK DATA / NOT A SCIENTIFIC RESULT,displacement-report-draft-v1
non_speaking,right_cheek,right_eyelid,8,24,12,6,0.00071013160109615,0.0006567233171918954,20,0.8333333333333334,0.00044241679499445,0.00116033067992935,nominal_fixed_oof_group,gain,True,MOCK DATA / NOT A SCIENTIFIC RESULT,displacement-report-draft-v1
non_speaking,right_cheek,right_eyelid,9,24,12,6,0.0007425851781156,0.0006934471848145648,21,0.875,0.00049627566604815,0.0011567883260674,nominal_fixed_oof_group,gain,True,MOCK DATA / NOT A SCIENTIFIC RESULT,displacement-report-draft-v1
non_speaking,right_cheek,right_eyelid,10,24,12,6,0.0006828246711023,0.000640058660554567,22,0.9166666666666666,0.00046845541254205,0.0010433159122827502,nominal_fixed_oof_group,gain,True,MOCK DATA / NOT A SCIENTIFIC RESULT,displacement-report-draft-v1
non_speaking,right_cheek,right_eyelid,11,24,12,6,0.0005483548863719,0.0005131459756329294,22,0.9166666666666666,0.0003718664088834,0.00084514441081755,nominal_fixed_oof_group,gain,True,MOCK DATA / NOT A SCIENTIFIC RESULT,displacement-report-draft-v1
non_speaking,right_cheek,right_eyelid,12,24,12,6,0.00037860938247380005,0.0003511886552192176,20,0.8333333333333334,0.0002411600180027,0.0006097492965195001,nominal_fixed_oof_group,gain,True,MOCK DATA / NOT A SCIENTIFIC RESULT,displacement-report-draft-v1
non_speaking,right_cheek,right_eyelid,13,24,12,6,0.000215420683648,0.00019521945067110534,18,0.75,0.00011415981596825698,0.00038570468853775,nominal_fixed_oof_group,gain,True,MOCK DATA / NOT A SCIENTIFIC RESULT,displacement-report-draft-v1
non_speaking,right_cheek,right_eyelid,14,24,12,6,8.631038524211164e-05,7.223211445329676e-05,15,0.625,1.5741528522531835e-05,0.00020498157400485,nominal_fixed_oof_group,gain,True,MOCK DATA / NOT A SCIENTIFIC RESULT,displacement-report-draft-v1
non_speaking,right_cheek,right_eyelid,15,24,12,6,-6.67239151533848e-07,-9.948207258489878e-06,12,0.5,-4.718909672789522e-05,7.756563011507766e-05,nominal_fixed_oof_group,gain,True,MOCK DATA / NOT A SCIENTIFIC RESULT,displacement-report-draft-v1
non_speaking,right_eyelid,jaw,1,30,15,0,-0.00016467345623280002,-0.00014094691075588263,10,0.3333333333333333,-0.0002424320539639,-1.0790220996454748e-05,nominal_fixed_oof_group,gain,True,MOCK DATA / NOT A SCIENTIFIC RESULT,displacement-report-draft-v1
non_speaking,right_eyelid,jaw,2,30,15,0,-0.00020252193715875,-0.0001703160251255319,10,0.3333333333333333,-0.00030806981646485,6.355918331183222e-06,nominal_fixed_oof_group,gain,True,MOCK DATA / NOT A SCIENTIFIC RESULT,displacement-report-draft-v1
non_speaking,right_eyelid,jaw,3,30,15,0,-0.00026213810769915,-0.00022078489808090488,10,0.3333333333333333,-0.0003976642674057,6.066367733148507e-06,nominal_fixed_oof_group,gain,True,MOCK DATA / NOT A SCIENTIFIC RESULT,displacement-report-draft-v1
non_speaking,right_eyelid,jaw,4,30,15,0,-0.00035181346670235,-0.0003015843695335264,10,0.3333333333333333,-0.0005164284193908499,-2.604265515055706e-05,nominal_fixed_oof_group,gain,True,MOCK DATA / NOT A SCIENTIFIC RESULT,displacement-report-draft-v1
non_speaking,right_eyelid,jaw,5,30,15,0,-0.00047477370012425,-0.0004170606469637982,9,0.3,-0.00066391569253495,-0.00010046420174718994,nominal_fixed_oof_group,gain,True,MOCK DATA / NOT A SCIENTIFIC RESULT,displacement-report-draft-v1
non_speaking,right_eyelid,jaw,6,30,15,0,-0.0006216348028876501,-0.000558906251697316,7,0.23333333333333334,-0.00082721400037335,-0.00021479629332735,nominal_fixed_oof_group,gain,True,MOCK DATA / NOT A SCIENTIFIC RESULT,displacement-report-draft-v1
non_speaking,right_eyelid,jaw,7,30,15,0,-0.00076611256907395,-0.0007016171316518126,6,0.2,-0.0009774823522927,-0.00034781456702635003,nominal_fixed_oof_group,gain,True,MOCK DATA / NOT A SCIENTIFIC RESULT,displacement-report-draft-v1
non_speaking,right_eyelid,jaw,8,30,15,0,-0.0008702365730867501,-0.0008075080218963987,3,0.1,-0.00107581577057245,-0.00046339806352645,nominal_fixed_oof_group,gain,True,MOCK DATA / NOT A SCIENTIFIC RESULT,displacement-report-draft-v1
non_speaking,right_eyelid,jaw,9,30,15,0,-0.0008999182735747501,-0.0008422052204142862,0,0.0,-0.00108906026598545,-0.00052560877519765,nominal_fixed_oof_group,gain,True,MOCK DATA / NOT A SCIENTIFIC RESULT,displacement-report-draft-v1
non_speaking,right_eyelid,jaw,10,30,15,0,-0.0008426553128811499,-0.0007924262157122367,0,0.0,-0.00100727026556955,-0.00051688450132925,nominal_fixed_oof_group,gain,True,MOCK DATA / NOT A SCIENTIFIC RESULT,displacement-report-draft-v1
non_speaking,right_eyelid,jaw,11,30,15,0,-0.00071504699407365,-0.0006736937844553366,0,0.0,-0.0008505731537802,-0.00044684251864125,nominal_fixed_oof_group,gain,True,MOCK DATA / NOT A SCIENTIFIC RESULT,displacement-report-draft-v1
non_speaking,right_eyelid,jaw,12,30,15,0,-0.00055428363288385,-0.000522077720850583,0,0.0,-0.00065983151218995,-0.00034540577739385,nominal_fixed_oof_group,gain,True,MOCK DATA / NOT A SCIENTIFIC RESULT,displacement-report-draft-v1
non_speaking,right_eyelid,jaw,13,30,15,0,-0.0003997791675399,-0.0003760526220629435,0,0.0,-0.00047753776527095,-0.0002458959323035,nominal_fixed_oof_group,gain,True,MOCK DATA / NOT A SCIENTIFIC RESULT,displacement-report-draft-v1
non_speaking,right_eyelid,jaw,14,30,15,0,-0.00027746431323734996,-0.0002609292466653998,0,0.0,-0.00033165440135065,-0.0001702228464419,nominal_fixed_oof_group,gain,True,MOCK DATA / NOT A SCIENTIFIC RESULT,displacement-report-draft-v1
non_speaking,right_eyelid,jaw,15,30,15,0,-0.0001949414375543,-0.00018404084984703702,0,0.0,-0.00023066574539280002,-0.0001242435054005,nominal_fixed_oof_group,gain,True,MOCK DATA / NOT A SCIENTIFIC RESULT,displacement-report-draft-v1
non_speaking,right_eyelid,left_brow,1,30,15,0,-0.0001553179162487,-0.0001392289558234161,8,0.26666666666666666,-0.000306458268226,-5.0477457176735e-05,nominal_fixed_oof_group,gain,True,MOCK DATA / NOT A SCIENTIFIC RESULT,displacement-report-draft-v1
non_speaking,right_eyelid,left_brow,2,30,15,0,-0.00016552914343355,-0.00014369032814260041,10,0.3333333333333333,-0.0003706838670818,-2.322091716119249e-05,nominal_fixed_oof_group,gain,True,MOCK DATA / NOT A SCIENTIFIC RESULT,displacement-report-draft-v1
non_speaking,right_eyelid,left_brow,3,30,15,0,-0.00016435896434325,-0.00013631737043939452,12,0.4,-0.0004277828438612,1.8368415194132057e-05,nominal_fixed_oof_group,gain,True,MOCK DATA / NOT A SCIENTIFIC RESULT,displacement-report-draft-v1
non_speaking,right_eyelid,left_brow,4,30,15,0,-0.0001425782059212,-0.00010851787643356838,12,0.4,-0.000462542333568,7.936904767589896e-05,nominal_fixed_oof_group,gain,True,MOCK DATA / NOT A SCIENTIFIC RESULT,displacement-report-draft-v1
non_speaking,right_eyelid,left_brow,5,30,15,0,-9.350087858688624e-05,-5.436568171534747e-05,12,0.4,-0.0004611385179064,0.000161515722699,nominal_fixed_oof_group,gain,True,MOCK DATA / NOT A SCIENTIFIC RESULT,displacement-report-draft-v1
non_speaking,right_eyelid,left_brow,6,30,15,0,-1.8800639953333188e-05,2.3735564005158378e-05,14,0.4666666666666667,-0.0004183874788861,0.0002583779366794,nominal_fixed_oof_group,gain,True,MOCK DATA / NOT A SCIENTIFIC RESULT,displacement-report-draft-v1
non_speaking,right_eyelid,left_brow,7,30,15,0,6.767152584552733e-05,0.00011140585460844177,16,0.5333333333333333,-0.0003431705464813,0.0003526574406282,nominal_fixed_oof_group,gain,True,MOCK DATA / NOT A SCIENTIFIC RESULT,displacement-report-draft-v1
non_speaking,right_eyelid,left_brow,8,30,15,0,0.00014245510418195,0.00018499130814049152,16,0.5333333333333333,-0.0002571317347508,0.0004196336808148,nominal_fixed_oof_group,gain,True,MOCK DATA / NOT A SCIENTIFIC RESULT,displacement-report-draft-v1
non_speaking,right_eyelid,left_brow,9,30,15,0,0.0001822695010928,0.00022140469796442196,18,0.6,-0.0001853681382266,0.0004372861023788,nominal_fixed_oof_group,gain,True,MOCK DATA / NOT A SCIENTIFIC RESULT,displacement-report-draft-v1
non_speaking,right_eyelid,left_brow,10,30,15,0,0.00017580676412509998,0.00020986709361281862,18,0.6,-0.0001441573635216,0.0003977540177223,nominal_fixed_oof_group,gain,True,MOCK DATA / NOT A SCIENTIFIC RESULT,displacement-report-draft-v1
non_speaking,right_eyelid,left_brow,11,30,15,0,0.00012942075990935,0.000157462353813291,18,0.6,-0.0001340031196085,0.0003121481394468,nominal_fixed_oof_group,gain,True,MOCK DATA / NOT A SCIENTIFIC RESULT,displacement-report-draft-v1
non_speaking,right_eyelid,left_brow,12,30,15,0,6.264137183280196e-05,8.448018712374577e-05,16,0.5333333333333333,-0.0001425133518154,0.0002049495981051,nominal_fixed_oof_group,gain,True,MOCK DATA / NOT A SCIENTIFIC RESULT,displacement-report-draft-v1
non_speaking,right_eyelid,left_brow,13,30,15,0,-2.8164018913393214e-06,1.3272558533965893e-05,14,0.4666666666666667,-0.0001539567538686,0.0001020240571806,nominal_fixed_oof_group,gain,True,MOCK DATA / NOT A SCIENTIFIC RESULT,displacement-report-draft-v1
non_speaking,right_eyelid,left_brow,14,30,15,0,-5.267413101880296e-05,-4.146170938903232e-05,12,0.4,-0.0001580040781902,2.038934852859834e-05,nominal_fixed_oof_group,gain,True,MOCK DATA / NOT A SCIENTIFIC RESULT,displacement-report-draft-v1
non_speaking,right_eyelid,left_brow,15,30,15,0,-8.310377602792091e-05,-7.571209212662336e-05,8,0.26666666666666666,-0.0001525415567801,-3.4937361726454855e-05,nominal_fixed_oof_group,gain,True,MOCK DATA / NOT A SCIENTIFIC RESULT,displacement-report-draft-v1
non_speaking,right_eyelid,left_cheek,1,30,15,0,-7.22781154651373e-05,-9.899499242243227e-05,12,0.4,-0.0002319807539539,-2.214858873868112e-05,nominal_fixed_oof_group,gain,True,MOCK DATA / NOT A SCIENTIFIC RESULT,displacement-report-draft-v1
non_speaking,right_eyelid,left_cheek,2,30,15,0,-6.655032369312468e-05,-0.0001028152485606904,13,0.43333333333333335,-0.0002833273143275,1.4944377993656582e-06,nominal_fixed_oof_group,gain,True,MOCK DATA / NOT A SCIENTIFIC RESULT,displacement-report-draft-v1
non_speaking,right_eyelid,left_cheek,3,30,15,0,-5.9849763941612134e-05,-0.00010641484920584634,15,0.5,-0.00033819692966925003,2.7521439287192962e-05,nominal_fixed_oof_group,gain,True,MOCK DATA / NOT A SCIENTIFIC RESULT,displacement-report-draft-v1
non_speaking,right_eyelid,left_cheek,4,30,15,0,-5.084360972402362e-05,-0.00010740323868646338,15,0.5,-0.00038893409805794996,5.528059918868001e-05,nominal_fixed_oof_group,gain,True,MOCK DATA / NOT A SCIENTIFIC RESULT,displacement-report-draft-v1
non_speaking,right_eyelid,left_cheek,5,30,15,0,-3.880888745748719e-05,-0.00010379569902746336,15,0.5,-0.00042727365043450003,8.312744936331281e-05,nominal_fixed_oof_group,gain,True,MOCK DATA / NOT A SCIENTIFIC RESULT,displacement-report-draft-v1
non_speaking,right_eyelid,left_cheek,6,30,15,0,-2.4738918513363126e-05,-9.537334717425302e-05,15,0.5,-0.00044696284248940004,0.00010779417976093688,nominal_fixed_oof_group,gain,True,MOCK DATA / NOT A SCIENTIFIC RESULT,displacement-report-draft-v1
non_speaking,right_eyelid,left_cheek,7,30,15,0,-1.1517996033215241e-05,-8.414199717939435e-05,15,0.5,-0.00044563477619435,0.00012474818553658476,nominal_fixed_oof_group,gain,True,MOCK DATA / NOT A SCIENTIFIC RESULT,displacement-report-draft-v1
non_speaking,right_eyelid,left_cheek,8,30,15,0,-2.8048137882000034e-06,-7.343924244905333e-05,15,0.5,-0.00042502873776420003,0.0001297282844861,nominal_fixed_oof_group,gain,True,MOCK DATA / NOT A SCIENTIFIC RESULT,displacement-report-draft-v1
non_speaking,right_eyelid,left_cheek,9,30,15,0,-1.2984321218880227e-06,-6.628524369182921e-05,15,0.5,-0.00038976319509885,0.00012063790469893411,nominal_fixed_oof_group,gain,True,MOCK DATA / NOT A SCIENTIFIC RESULT,displacement-report-draft-v1
non_speaking,right_eyelid,left_cheek,10,30,15,0,-7.536691800780551e-06,-6.409632076317444e-05,15,0.5,-0.00034562718013464997,9.858751711192064e-05,nominal_fixed_oof_group,gain,True,MOCK DATA / NOT A SCIENTIFIC RESULT,displacement-report-draft-v1
non_speaking,right_eyelid,left_cheek,11,30,15,0,-1.9889666566794313e-05,-6.645475183101941e-05,15,0.5,-0.00029823683229439997,6.74815366620285e-05,nominal_fixed_oof_group,gain,True,MOCK DATA / NOT A SCIENTIFIC RESULT,displacement-report-draft-v1
non_speaking,right_eyelid,left_cheek,12,30,15,0,-3.551443096328844e-05,-7.177935583086165e-05,15,0.5,-0.00025229142159765,3.2530330529209703e-05,nominal_fixed_oof_group,gain,True,MOCK DATA / NOT A SCIENTIFIC RESULT,displacement-report-draft-v1
non_speaking,right_eyelid,left_cheek,13,30,15,0,-5.153476641671243e-05,-7.825164337398014e-05,13,0.43333333333333335,-0.0002112374049055,-1.4052396902293667e-06,nominal_fixed_oof_group,gain,True,MOCK DATA / NOT A SCIENTIFIC RESULT,displacement-report-draft-v1
non_speaking,right_eyelid,left_cheek,14,30,15,0,-6.58426766330304e-05,-8.446170988044939e-05,12,0.4,-0.00017713969463705001,-3.0907331222291504e-05,nominal_fixed_oof_group,gain,True,MOCK DATA / NOT A SCIENTIFIC RESULT,displacement-report-draft-v1
non_speaking,right_eyelid,left_cheek,15,30,15,0,-7.734904198772362e-05,-8.962346519946211e-05,8,0.26666666666666666,-0.0001507205582761,-5.431824286287719e-05,nominal_fixed_oof_group,gain,True,MOCK DATA / NOT A SCIENTIFIC RESULT,displacement-report-draft-v1
non_speaking,right_eyelid,left_eyelid,1,30,15,0,-3.4692113062908224e-05,-5.7798548023305505e-05,14,0.4666666666666667,-0.000188426818075,4.535347843477849e-05,nominal_fixed_oof_group,gain,True,MOCK DATA / NOT A SCIENTIFIC RESULT,displacement-report-draft-v1
non_speaking,right_eyelid,left_eyelid,2,30,15,0,4.083339002176802e-06,-2.7280848104584252e-05,15,0.5,-0.00020459290469634998,0.0001127355353754,nominal_fixed_oof_group,gain,True,MOCK DATA / NOT A SCIENTIFIC RESULT,displacement-report-draft-v1
non_speaking,right_eyelid,left_eyelid,3,30,15,0,6.559223213906465e-05,2.5319818720242015e-05,17,0.5666666666666667,-0.00020235336862874998,0.0002051044138613,nominal_fixed_oof_group,gain,True,MOCK DATA / NOT A SCIENTIFIC RESULT,displacement-report-draft-v1
non_speaking,right_eyelid,left_eyelid,4,30,15,0,0.00015861663617505002,0.00010970031298005178,17,0.5666666666666667,-0.0001668397368895039,0.0003280731547054,nominal_fixed_oof_group,gain,True,MOCK DATA / NOT A SCIENTIFIC RESULT,displacement-report-draft-v1
non_speaking,right_eyelid,left_eyelid,5,30,15,0,0.0002866507024426,0.00023044602188708523,19,0.6333333333333333,-8.729750723617266e-05,0.000481355636705,nominal_fixed_oof_group,gain,True,MOCK DATA / NOT A SCIENTIFIC RESULT,displacement-report-draft-v1
non_speaking,right_eyelid,left_eyelid,6,30,15,0,0.0004399751516863,0.00037888605678848173,20,0.6666666666666666,3.352932827517584e-05,0.0006516007331979,nominal_fixed_oof_group,gain,True,MOCK DATA / NOT A SCIENTIFIC RESULT,displacement-report-draft-v1
non_speaking,right_eyelid,left_eyelid,7,30,15,0,0.0005911369354790999,0.000528327133205798,23,0.7666666666666667,0.0001732426804411647,0.0008087234122955,nominal_fixed_oof_group,gain,True,MOCK DATA / NOT A SCIENTIFIC RESULT,displacement-report-draft-v1
non_speaking,right_eyelid,left_eyelid,8,30,15,0,0.0007003905713098501,0.0006393014764119925,23,0.7666666666666667,0.00029394474789870003,0.0009120161528214,nominal_fixed_oof_group,gain,True,MOCK DATA / NOT A SCIENTIFIC RESULT,displacement-report-draft-v1
non_speaking,right_eyelid,left_eyelid,9,30,15,0,0.0007319983055876,0.0006757936250320816,26,0.8666666666666667,0.00035805009590874997,0.00092670323985,nominal_fixed_oof_group,gain,True,MOCK DATA / NOT A SCIENTIFIC RESULT,displacement-report-draft-v1
non_speaking,right_eyelid,left_eyelid,10,30,15,0,0.0006727834711057,0.0006238671479106756,26,0.8666666666666667,0.0003473270980411,0.0008422399896361,nominal_fixed_oof_group,gain,True,MOCK DATA / NOT A SCIENTIFIC RESULT,displacement-report-draft-v1
non_speaking,right_eyelid,left_eyelid,11,30,15,0,0.0005400235187786001,0.0004997511053597696,26,0.8666666666666667,0.00027207791801069997,0.0006795357005008,nominal_fixed_oof_group,gain,True,MOCK DATA / NOT A SCIENTIFIC RESULT,displacement-report-draft-v1
non_speaking,right_eyelid,left_eyelid,12,30,15,0,0.00037256088253035,0.000341196695423598,24,0.8,0.0001638846388318,0.0004812130789036,nominal_fixed_oof_group,gain,True,MOCK DATA / NOT A SCIENTIFIC RESULT,displacement-report-draft-v1
non_speaking,right_eyelid,left_eyelid,13,30,15,0,0.0002115859098847,0.00018847947492433572,22,0.7333333333333333,5.785120487263517e-05,0.0002916315013824,nominal_fixed_oof_group,gain,True,MOCK DATA / NOT A SCIENTIFIC RESULT,displacement-report-draft-v1
non_speaking,right_eyelid,left_eyelid,14,30,15,0,8.419782737152486e-05,6.809491678635851e-05,20,0.6666666666666666,-2.2940128478736707e-05,0.00013998172501,nominal_fixed_oof_group,gain,True,MOCK DATA / NOT A SCIENTIFIC RESULT,displacement-report-draft-v1
non_speaking,right_eyelid,left_eyelid,15,30,15,0,-1.6673924119387819e-06,-1.2283085334147328e-05,15,0.5,-7.22970859450534e-05,3.51076194223263e-05,nominal_fixed_oof_group,gain,True,MOCK DATA / NOT A SCIENTIFIC RESULT,displacement-report-draft-v1
non_speaking,right_eyelid,mouth,1,30,15,0,-0.0001823590666192,-0.00014830667477410496,8,0.26666666666666666,-0.0003023135023546,-8.048544296539303e-05,nominal_fixed_oof_group,gain,True,MOCK DATA / NOT A SCIENTIFIC RESULT,displacement-report-draft-v1
non_speaking,right_eyelid,mouth,2,30,15,0,-0.000211806722474,-0.0001655847245287066,10,0.3333333333333333,-0.0003746303416579,-7.35256159771474e-05,nominal_fixed_oof_group,gain,True,MOCK DATA / NOT A SCIENTIFIC RESULT,displacement-report-draft-v1
non_speaking,right_eyelid,mouth,3,30,15,0,-0.00024362908152205,-0.00018427886135020718,10,0.3333333333333333,-0.0004526987469913,-6.607262613237547e-05,nominal_fixed_oof_group,gain,True,MOCK DATA / NOT A SCIENTIFIC RESULT,displacement-report-draft-v1
non_speaking,right_eyelid,mouth,4,30,15,0,-0.00027472923755730004,-0.00020264032345547724,10,0.3333333333333333,-0.00052867278000195,-5.906277458971477e-05,nominal_fixed_oof_group,gain,True,MOCK DATA / NOT A SCIENTIFIC RESULT,displacement-report-draft-v1
non_speaking,right_eyelid,mouth,5,30,15,0,-0.00030174506849580003,-0.00021891516379236823,10,0.3333333333333333,-0.0005935252913333001,-5.3945073199715074e-05,nominal_fixed_oof_group,gain,True,MOCK DATA / NOT A SCIENTIFIC RESULT,displacement-report-draft-v1
non_speaking,right_eyelid,mouth,6,30,15,0,-0.00032239308437115,-0.00023236492552751017,10,0.3333333333333333,-0.0006395301901434001,-5.305826601245201e-05,nominal_fixed_oof_group,gain,True,MOCK DATA / NOT A SCIENTIFIC RESULT,displacement-report-draft-v1
non_speaking,right_eyelid,mouth,7,30,15,0,-0.00033735095451515,-0.00024478695654698494,10,0.3333333333333333,-0.00066342091741775,-6.042973453762373e-05,nominal_fixed_oof_group,gain,True,MOCK DATA / NOT A SCIENTIFIC RESULT,displacement-report-draft-v1
non_speaking,right_eyelid,mouth,8,30,15,0,-0.00035216877995895,-0.00026214062111531647,10,0.3333333333333333,-0.0006693058857312,-8.283396160027037e-05,nominal_fixed_oof_group,gain,True,MOCK DATA / NOT A SCIENTIFIC RESULT,displacement-report-draft-v1
non_speaking,right_eyelid,mouth,9,30,15,0,-0.0003779267083971,-0.000295096803693658,10,0.3333333333333333,-0.0006697069312346,-0.000130126713101,nominal_fixed_oof_group,gain,True,MOCK DATA / NOT A SCIENTIFIC RESULT,displacement-report-draft-v1
non_speaking,right_eyelid,mouth,10,30,15,0,-0.00042867865725455,-0.0003565897431527431,7,0.23333333333333334,-0.00068262219969925,-0.00021301219428695,nominal_fixed_oof_group,gain,True,MOCK DATA / NOT A SCIENTIFIC RESULT,displacement-report-draft-v1
non_speaking,right_eyelid,mouth,11,30,15,0,-0.0005143992611414999,-0.0004550490409696564,4,0.13333333333333333,-0.0007234689266107999,-0.0003368428057518,nominal_fixed_oof_group,gain,True,MOCK DATA / NOT A SCIENTIFIC RESULT,displacement-report-draft-v1
non_speaking,right_eyelid,mouth,12,30,15,0,-0.0006313054670975501,-0.0005850834691522234,0,0.0,-0.0007941290862815,-0.0004930243606006499,nominal_fixed_oof_group,gain,True,MOCK DATA / NOT A SCIENTIFIC RESULT,displacement-report-draft-v1
non_speaking,right_eyelid,mouth,13,30,15,0,-0.0007557683767776,-0.0007217159849324532,0,0.0,-0.000875722812513,-0.0006538947531237,nominal_fixed_oof_group,gain,True,MOCK DATA / NOT A SCIENTIFIC RESULT,displacement-report-draft-v1
non_speaking,right_eyelid,mouth,14,30,15,0,-0.0008490616117255499,-0.0008253304467045533,0,0.0,-0.00093265804519745,-0.0007780657244112999,nominal_fixed_oof_group,gain,True,MOCK DATA / NOT A SCIENTIFIC RESULT,displacement-report-draft-v1
non_speaking,right_eyelid,mouth,15,30,15,0,-0.0008741129156618001,-0.0008584683674779464,0,0.0,-0.0009292230811463499,-0.00082730954216705,nominal_fixed_oof_group,gain,True,MOCK DATA / NOT A SCIENTIFIC RESULT,displacement-report-draft-v1
non_speaking,right_eyelid,right_brow,1,30,15,0,-0.00013689824553675,-0.00010346180875651009,11,0.36666666666666664,-0.00018631195227095001,5.955896508651583e-05,nominal_fixed_oof_group,gain,True,MOCK DATA / NOT A SCIENTIFIC RESULT,displacement-report-draft-v1
non_speaking,right_eyelid,right_brow,2,30,15,0,-0.00013438679084870001,-8.900087730746441e-05,13,0.43333333333333335,-0.0002014599133925,0.0001322800802207,nominal_fixed_oof_group,gain,True,MOCK DATA / NOT A SCIENTIFIC RESULT,displacement-report-draft-v1
non_speaking,right_eyelid,right_brow,3,30,15,0,-0.00011166403127300001,-5.3387364726438825e-05,14,0.4666666666666667,-0.00019778762539585,0.00023074300896875,nominal_fixed_oof_group,gain,True,MOCK DATA / NOT A SCIENTIFIC RESULT,displacement-report-draft-v1
non_speaking,right_eyelid,right_brow,4,30,15,0,-5.570834308706767e-05,1.50765941322413e-05,14,0.4666666666666667,-0.000160317161064231,0.00036019157506610004,nominal_fixed_oof_group,gain,True,MOCK DATA / NOT A SCIENTIFIC RESULT,displacement-report-draft-v1
non_speaking,right_eyelid,right_brow,5,30,15,0,4.191305629994363e-05,0.0001232446962249507,17,0.5666666666666667,-7.828210175097784e-05,0.0005197805760983,nominal_fixed_oof_group,gain,True,MOCK DATA / NOT A SCIENTIFIC RESULT,displacement-report-draft-v1
non_speaking,right_eyelid,right_brow,6,30,15,0,0.00017600339435925,0.00026440308314799025,17,0.5666666666666667,4.5362790340868546e-05,0.0006953995367628,nominal_fixed_oof_group,gain,True,MOCK DATA / NOT A SCIENTIFIC RESULT,displacement-report-draft-v1
non_speaking,right_eyelid,right_brow,7,30,15,0,0.0003220402217022,0.00041292988021051,20,0.6666666666666666,0.00018771984060986284,0.0008560662874093001,nominal_fixed_oof_group,gain,True,MOCK DATA / NOT A SCIENTIFIC RESULT,displacement-report-draft-v1
non_speaking,right_eyelid,right_brow,8,30,15,0,0.0004408443348026,0.0005292440235913265,20,0.6666666666666666,0.0003102037307842,0.0009602404772061999,nominal_fixed_oof_group,gain,True,MOCK DATA / NOT A SCIENTIFIC RESULT,displacement-report-draft-v1
non_speaking,right_eyelid,right_brow,9,30,15,0,0.0004948289328314,0.0005761605727564651,24,0.8,0.00037463377478050004,0.0009726964526298499,nominal_fixed_oof_group,gain,True,MOCK DATA / NOT A SCIENTIFIC RESULT,displacement-report-draft-v1
non_speaking,right_eyelid,right_brow,10,30,15,0,0.00046719628485180004,0.0005379812220711752,24,0.8,0.00036258746687465,0.0008830962030051,nominal_fixed_oof_group,gain,True,MOCK DATA / NOT A SCIENTIFIC RESULT,displacement-report-draft-v1
non_speaking,right_eyelid,right_brow,11,30,15,0,0.0003708297792356,0.00042910644578218754,24,0.8,0.00028470618511275,0.0007132368194774,nominal_fixed_oof_group,gain,True,MOCK DATA / NOT A SCIENTIFIC RESULT,displacement-report-draft-v1
non_speaking,right_eyelid,right_brow,12,30,15,0,0.0002403526900212,0.0002857386035624974,23,0.7666666666666667,0.0001732795674774,0.0005070195610907,nominal_fixed_oof_group,gain,True,MOCK DATA / NOT A SCIENTIFIC RESULT,displacement-report-draft-v1
non_speaking,right_eyelid,right_brow,13,30,15,0,0.00011356504616175,0.00014700148294207336,20,0.6666666666666666,6.415133942760777e-05,0.0003100222567851,nominal_fixed_oof_group,gain,True,MOCK DATA / NOT A SCIENTIFIC RESULT,displacement-report-draft-v1
non_speaking,right_eyelid,right_brow,14,30,15,0,1.5327032516161947e-05,3.8628937491190415e-05,17,0.5666666666666667,-1.9109456824796534e-05,0.00015223836920205002,nominal_fixed_oof_group,gain,True,MOCK DATA / NOT A SCIENTIFIC RESULT,displacement-report-draft-v1
non_speaking,right_eyelid,right_brow,15,30,15,0,-4.7462349336349196e-05,-3.2100786815738574e-05,12,0.4,-7.016428227137354e-05,4.279516654206788e-05,nominal_fixed_oof_group,gain,True,MOCK DATA / NOT A SCIENTIFIC RESULT,displacement-report-draft-v1
non_speaking,right_eyelid,right_cheek,1,24,12,6,-5.731825991908156e-05,-7.75194928960028e-05,9,0.375,-0.0001585791275988,0.00011296574497064011,nominal_fixed_oof_group,gain,True,MOCK DATA / NOT A SCIENTIFIC RESULT,displacement-report-draft-v1
non_speaking,right_eyelid,right_cheek,2,24,12,6,-5.3012968179106765e-05,-8.043369543371286e-05,12,0.5,-0.00019046233265015,0.0001781269458665,nominal_fixed_oof_group,gain,True,MOCK DATA / NOT A SCIENTIFIC RESULT,displacement-report-draft-v1
non_speaking,right_eyelid,right_cheek,3,24,12,6,-6.232644998912246e-05,-9.753536072809425e-05,12,0.5,-0.00023881492747755,0.00023446307445650001,nominal_fixed_oof_group,gain,True,MOCK DATA / NOT A SCIENTIFIC RESULT,displacement-report-draft-v1
non_speaking,right_eyelid,right_cheek,4,24,12,6,-9.501129263232042e-05,-0.00013777730318009296,11,0.4583333333333333,-0.00030938055119255,0.00026547994854805,nominal_fixed_oof_group,gain,True,MOCK DATA / NOT A SCIENTIFIC RESULT,displacement-report-draft-v1
non_speaking,right_eyelid,right_cheek,5,24,12,6,-0.00015774912650927636,-0.00020688711981035557,9,0.375,-0.0004040586385767,0.00025645402144240003,nominal_fixed_oof_group,gain,True,MOCK DATA / NOT A SCIENTIFIC RESULT,displacement-report-draft-v1
non_speaking,right_eyelid,right_cheek,6,24,12,6,-0.00024768455694545,-0.0003010928408497588,9,0.375,-0.00051539936304715,0.00020251452188765,nominal_fixed_oof_group,gain,True,MOCK DATA / NOT A SCIENTIFIC RESULT,displacement-report-draft-v1
non_speaking,right_eyelid,right_cheek,7,24,12,6,-0.00034827226949935,-0.0004031849140130094,9,0.375,-0.0006235278460472,0.00011460764666958725,nominal_fixed_oof_group,gain,True,MOCK DATA / NOT A SCIENTIFIC RESULT,displacement-report-draft-v1
non_speaking,right_eyelid,right_cheek,8,24,12,6,-0.00043239138022624997,-0.0004857996641305181,6,0.25,-0.0007001061863279501,1.7807698606943888e-05,nominal_fixed_oof_group,gain,True,MOCK DATA / NOT A SCIENTIFIC RESULT,displacement-report-draft-v1
non_speaking,right_eyelid,right_cheek,9,24,12,6,-0.00047362420468835,-0.0005227621979894307,6,0.25,-0.0007199337167558,-5.9421056736612166e-05,nominal_fixed_oof_group,gain,True,MOCK DATA / NOT A SCIENTIFIC RESULT,displacement-report-draft-v1
non_speaking,right_eyelid,right_cheek,10,24,12,6,-0.00045969831022009996,-0.0005024643207678162,3,0.125,-0.0006740675687803,-9.920706903965674e-05,nominal_fixed_oof_group,gain,True,MOCK DATA / NOT A SCIENTIFIC RESULT,displacement-report-draft-v1
non_speaking,right_eyelid,right_cheek,11,24,12,6,-0.0003988299333346,-0.00043403884407358797,3,0.125,-0.0005753184108230999,-0.00010204040888896211,nominal_fixed_oof_group,gain,True,MOCK DATA / NOT A SCIENTIFIC RESULT,displacement-report-draft-v1
non_speaking,right_eyelid,right_cheek,12,24,12,6,-0.0003143658351245,-0.0003417865623790816,3,0.125,-0.00045181519959555,-8.322592107882153e-05,nominal_fixed_oof_group,gain,True,MOCK DATA / NOT A SCIENTIFIC RESULT,displacement-report-draft-v1
non_speaking,right_eyelid,right_cheek,13,24,12,6,-0.00023199774444535,-0.00025219897742226734,3,0.125,-0.00033325861212509997,-6.171373955563214e-05,nominal_fixed_oof_group,gain,True,MOCK DATA / NOT A SCIENTIFIC RESULT,displacement-report-draft-v1
non_speaking,right_eyelid,right_cheek,14,24,12,6,-0.00016862095055355,-0.00018269922134239673,0,0.0,-0.00023918980727315002,-4.994976179082018e-05,nominal_fixed_oof_group,gain,True,MOCK DATA / NOT A SCIENTIFIC RESULT,displacement-report-draft-v1
non_speaking,right_eyelid,right_cheek,15,24,12,6,-0.00012885476500389999,-0.0001381357331108702,0,0.0,-0.00017537662258025,-5.062189573733656e-05,nominal_fixed_oof_group,gain,True,MOCK DATA / NOT A SCIENTIFIC RESULT,displacement-report-draft-v1
speaking,jaw,left_brow,1,30,15,0,-7.586478618014679e-05,-0.00010258166313745039,12,0.4,-0.00023556742466895,-2.57352594537014e-05,nominal_fixed_oof_group,gain,True,MOCK DATA / NOT A SCIENTIFIC RESULT,displacement-report-draft-v1
speaking,jaw,left_brow,2,30,15,0,-7.734704814564297e-05,-0.00011361197301322272,13,0.43333333333333335,-0.00029412403878000004,-9.302286653173081e-06,nominal_fixed_oof_group,gain,True,MOCK DATA / NOT A SCIENTIFIC RESULT,displacement-report-draft-v1
speaking,jaw,left_brow,3,30,15,0,-8.272545475599606e-05,-0.00012929054002021968,13,0.43333333333333335,-0.0003610726204836,4.645748472825988e-06,nominal_fixed_oof_group,gain,True,MOCK DATA / NOT A SCIENTIFIC RESULT,displacement-report-draft-v1
speaking,jaw,left_brow,4,30,15,0,-8.953338528440429e-05,-0.00014609301424682616,14,0.4666666666666667,-0.00042762387361825003,1.659082362831868e-05,nominal_fixed_oof_group,gain,True,MOCK DATA / NOT A SCIENTIFIC RESULT,displacement-report-draft-v1
speaking,jaw,left_brow,5,30,15,0,-9.337878304415393e-05,-0.00015836559461410857,15,0.5,-0.0004818435460211,2.8557553776702247e-05,nominal_fixed_oof_group,gain,True,MOCK DATA / NOT A SCIENTIFIC RESULT,displacement-report-draft-v1
speaking,jaw,left_brow,6,30,15,0,-9.025068341382344e-05,-0.00016088511207466578,15,0.5,-0.0005124746073898,4.228241486055632e-05,nominal_fixed_oof_group,gain,True,MOCK DATA / NOT A SCIENTIFIC RESULT,displacement-report-draft-v1
speaking,jaw,left_brow,7,30,15,0,-7.921400060490945e-05,-0.00015183800175108336,15,0.5,-0.000513330780766,5.705218096490163e-05,nominal_fixed_oof_group,gain,True,MOCK DATA / NOT A SCIENTIFIC RESULT,displacement-report-draft-v1
speaking,jaw,left_brow,8,30,15,0,-6.34286940737425e-05,-0.00013406312273460974,15,0.5,-0.00048565261804975,6.910440420061737e-05,nominal_fixed_oof_group,gain,True,MOCK DATA / NOT A SCIENTIFIC RESULT,displacement-report-draft-v1
speaking,jaw,left_brow,9,30,15,0,-4.8558469286791046e-05,-0.0001135452808567694,15,0.5,-0.0004370232322638,7.337786753402759e-05,nominal_fixed_oof_group,gain,True,MOCK DATA / NOT A SCIENTIFIC RESULT,displacement-report-draft-v1
speaking,jaw,left_brow,10,30,15,0,-3.970622945139136e-05,-9.62658584137904e-05,15,0.5,-0.00037779671778525,6.641797946134367e-05,nominal_fixed_oof_group,gain,True,MOCK DATA / NOT A SCIENTIFIC RESULT,displacement-report-draft-v1
speaking,jaw,left_brow,11,30,15,0,-3.905208830602997e-05,-8.56171735702866e-05,15,0.5,-0.0003173992540337,4.831911492275687e-05,nominal_fixed_oof_group,gain,True,MOCK DATA / NOT A SCIENTIFIC RESULT,displacement-report-draft-v1
speaking,jaw,left_brow,12,30,15,0,-4.5519441928820736e-05,-8.178436679638285e-05,15,0.5,-0.00026229643256319996,2.252531956367567e-05,nominal_fixed_oof_group,gain,True,MOCK DATA / NOT A SCIENTIFIC RESULT,displacement-report-draft-v1
speaking,jaw,left_brow,13,30,15,0,-5.6119177143415695e-05,-8.283605410068131e-05,13,0.43333333333333335,-0.0002158218156322,-5.989650416934368e-06,nominal_fixed_oof_group,gain,True,MOCK DATA / NOT A SCIENTIFIC RESULT,displacement-report-draft-v1
speaking,jaw,left_brow,14,30,15,0,-6.76879694968659e-05,-8.630700274428757e-05,12,0.4,-0.0001789849875009,-3.275262408612787e-05,nominal_fixed_oof_group,gain,True,MOCK DATA / NOT A SCIENTIFIC RESULT,displacement-report-draft-v1
speaking,jaw,left_brow,15,30,15,0,-7.800201088311188e-05,-9.027643409485671e-05,8,0.26666666666666666,-0.0001513735271715,-5.497121175826632e-05,nominal_fixed_oof_group,gain,True,MOCK DATA / NOT A SCIENTIFIC RESULT,displacement-report-draft-v1
speaking,jaw,left_cheek,1,30,15,0,-5.506725871938772e-05,-8.771788519943475e-05,13,0.43333333333333335,-0.0002482288769969,-4.212056268065693e-06,nominal_fixed_oof_group,gain,True,MOCK DATA / NOT A SCIENTIFIC RESULT,displacement-report-draft-v1
speaking,jaw,left_cheek,2,30,15,0,-4.5092064414276045e-05,-8.941133564013926e-05,13,0.43333333333333335,-0.0003072855679938,2.3937713990254857e-05,nominal_fixed_oof_group,gain,True,MOCK DATA / NOT A SCIENTIFIC RESULT,displacement-report-draft-v1
speaking,jaw,left_cheek,3,30,15,0,-4.2086079393138104e-05,-9.899315009623273e-05,13,0.43333333333333335,-0.00037874920207965,4.6549910586596994e-05,nominal_fixed_oof_group,gain,True,MOCK DATA / NOT A SCIENTIFIC RESULT,displacement-report-draft-v1
speaking,jaw,left_cheek,4,30,15,0,-5.230787276210968e-05,-0.00012142924956278421,13,0.43333333333333335,-0.00046123102186455,5.5352591672146696e-05,nominal_fixed_oof_group,gain,True,MOCK DATA / NOT A SCIENTIFIC RESULT,displacement-report-draft-v1
speaking,jaw,left_cheek,5,30,15,0,-8.047183140175423e-05,-0.000159892046350247,13,0.43333333333333335,-0.0005503230684913501,4.322965752374914e-05,nominal_fixed_oof_group,gain,True,MOCK DATA / NOT A SCIENTIFIC RESULT,displacement-report-draft-v1
speaking,jaw,left_cheek,6,30,15,0,-0.0001259542561865,-0.00021227640942795667,13,0.43333333333333335,-0.00063663746845185,8.497393058349998e-06,nominal_fixed_oof_group,gain,True,MOCK DATA / NOT A SCIENTIFIC RESULT,displacement-report-draft-v1
speaking,jaw,left_cheek,7,30,15,0,-0.00018026032310555,-0.0002690139277541591,13,0.43333333333333335,-0.0007053280400252,-4.202155039958281e-05,nominal_fixed_oof_group,gain,True,MOCK DATA / NOT A SCIENTIFIC RESULT,displacement-report-draft-v1
speaking,jaw,left_cheek,8,30,15,0,-0.000228576777806,-0.0003148989310474309,13,0.43333333333333335,-0.00073925999007135,-9.412512856106622e-05,nominal_fixed_oof_group,gain,True,MOCK DATA / NOT A SCIENTIFIC RESULT,displacement-report-draft-v1
speaking,jaw,left_cheek,9,30,15,0,-0.00025597101688775,-0.0003353912318362883,10,0.3333333333333333,-0.0007258222539774,-0.00013226952796224734,nominal_fixed_oof_group,gain,True,MOCK DATA / NOT A SCIENTIFIC RESULT,displacement-report-draft-v1
speaking,jaw,left_cheek,10,30,15,0,-0.00025492681602580004,-0.00032404819282647865,10,0.3333333333333333,-0.0006638499651282501,-0.00014726635159150977,nominal_fixed_oof_group,gain,True,MOCK DATA / NOT A SCIENTIFIC RESULT,displacement-report-draft-v1
speaking,jaw,left_cheek,11,30,15,0,-0.00022904634096480002,-0.0002859534116679519,10,0.3333333333333333,-0.0005657094636514,-0.00014041035098511266,nominal_fixed_oof_group,gain,True,MOCK DATA / NOT A SCIENTIFIC RESULT,displacement-report-draft-v1
speaking,jaw,left_cheek,12,30,15,0,-0.000190298883318,-0.00023461815454388046,10,0.3333333333333333,-0.0004524923868975,-0.00012126910491347188,nominal_fixed_oof_group,gain,True,MOCK DATA / NOT A SCIENTIFIC RESULT,displacement-report-draft-v1
speaking,jaw,left_cheek,13,30,15,0,-0.00015211862292385,-0.00018476924940390965,10,0.3333333333333333,-0.0003452802412014,-0.00010126342047253722,nominal_fixed_oof_group,gain,True,MOCK DATA / NOT A SCIENTIFIC RESULT,displacement-report-draft-v1
speaking,jaw,left_cheek,14,30,15,0,-0.0001233380947608,-0.0001460923673112456,8,0.26666666666666666,-0.0002579527279977,-8.789702480494079e-05,nominal_fixed_oof_group,gain,True,MOCK DATA / NOT A SCIENTIFIC RESULT,displacement-report-draft-v1
speaking,jaw,left_cheek,15,30,15,0,-0.0001062831035086,-0.00012128364448449943,2,0.06666666666666667,-0.00019502653915784998,-8.291891021589787e-05,nominal_fixed_oof_group,gain,True,MOCK DATA / NOT A SCIENTIFIC RESULT,displacement-report-draft-v1
speaking,jaw,left_eyelid,1,30,15,0,-0.0001823591112194,-0.00014830671937428859,8,0.26666666666666666,-0.00030231354695480005,-8.048548756558072e-05,nominal_fixed_oof_group,gain,True,MOCK DATA / NOT A SCIENTIFIC RESULT,displacement-report-draft-v1
speaking,jaw,left_eyelid,2,30,15,0,-0.00021180696358035,-0.0001655849656350476,10,0.3333333333333333,-0.0003746305827643,-7.352585708348541e-05,nominal_fixed_oof_group,gain,True,MOCK DATA / NOT A SCIENTIFIC RESULT,displacement-report-draft-v1
speaking,jaw,left_eyelid,3,30,15,0,-0.00024363023177605,-0.00018428001160421882,10,0.3333333333333333,-0.0004526998972453,-6.60737763863873e-05,nominal_fixed_oof_group,gain,True,MOCK DATA / NOT A SCIENTIFIC RESULT,displacement-report-draft-v1
speaking,jaw,left_eyelid,4,30,15,0,-0.0002747340803076,-0.00020264516620575822,10,0.3333333333333333,-0.00052867762275225,-5.906761733999715e-05,nominal_fixed_oof_group,gain,True,MOCK DATA / NOT A SCIENTIFIC RESULT,displacement-report-draft-v1
speaking,jaw,left_eyelid,5,30,15,0,-0.0003017630614959,-0.0002189331567924792,10,0.3333333333333333,-0.0005935432843334,-5.396306619982402e-05,nominal_fixed_oof_group,gain,True,MOCK DATA / NOT A SCIENTIFIC RESULT,displacement-report-draft-v1
speaking,jaw,left_eyelid,6,30,15,0,-0.00032245208114715,-0.00023242392230356145,10,0.3333333333333333,-0.0006395891869194501,-5.311726278852107e-05,nominal_fixed_oof_group,gain,True,MOCK DATA / NOT A SCIENTIFIC RESULT,displacement-report-draft-v1
speaking,jaw,left_eyelid,7,30,15,0,-0.00033752166734715,-0.0002449576693789484,10,0.3333333333333333,-0.00066359163024975,-6.0600447369575476e-05,nominal_fixed_oof_group,gain,True,MOCK DATA / NOT A SCIENTIFIC RESULT,displacement-report-draft-v1
speaking,jaw,left_eyelid,8,30,15,0,-0.00035260471044695,-0.00026257655160333716,10,0.3333333333333333,-0.0006697418162192499,-8.326989208830033e-05,nominal_fixed_oof_group,gain,True,MOCK DATA / NOT A SCIENTIFIC RESULT,displacement-report-draft-v1
speaking,jaw,left_eyelid,9,30,15,0,-0.0003789090929167,-0.0002960791882132336,10,0.3333333333333333,-0.00067068931575415,-0.0001311090976205,nominal_fixed_oof_group,gain,True,MOCK DATA / NOT A SCIENTIFIC RESULT,displacement-report-draft-v1
speaking,jaw,left_eyelid,10,30,15,0,-0.00043063236215820004,-0.00035854344805639164,7,0.23333333333333334,-0.0006845759046028501,-0.0002149658991906,nominal_fixed_oof_group,gain,True,MOCK DATA / NOT A SCIENTIFIC RESULT,displacement-report-draft-v1
speaking,jaw,left_eyelid,11,30,15,0,-0.000517828120031,-0.00045847789985911436,4,0.13333333333333333,-0.0007268977855002,-0.00034027166464125,nominal_fixed_oof_group,gain,True,MOCK DATA / NOT A SCIENTIFIC RESULT,displacement-report-draft-v1
speaking,jaw,left_eyelid,12,30,15,0,-0.00063661618763525,-0.0005903941896899466,0,0.0,-0.0007994398068192,-0.0004983350811384,nominal_fixed_oof_group,gain,True,MOCK DATA / NOT A SCIENTIFIC RESULT,displacement-report-draft-v1
speaking,jaw,left_eyelid,13,30,15,0,-0.00076302727110355,-0.0007289748792583967,0,0.0,-0.00088298170683895,-0.00066115364744965,nominal_fixed_oof_group,gain,True,MOCK DATA / NOT A SCIENTIFIC RESULT,displacement-report-draft-v1
speaking,jaw,left_eyelid,14,30,15,0,-0.0008578175096388501,-0.0008340863446178635,0,0.0,-0.00094141394311075,-0.0007868216223246,nominal_fixed_oof_group,gain,True,MOCK DATA / NOT A SCIENTIFIC RESULT,displacement-report-draft-v1
speaking,jaw,left_eyelid,15,30,15,0,-0.0008834335204733501,-0.0008677889722895199,0,0.0,-0.00093854368595785,-0.00083663014697865,nominal_fixed_oof_group,gain,True,MOCK DATA / NOT A SCIENTIFIC RESULT,displacement-report-draft-v1
speaking,jaw,mouth,1,30,15,0,1.058400060449053e-05,6.340409901826942e-06,15,0.5,-6.23943320665829e-05,9.754317602356752e-05,nominal_fixed_oof_group,gain,True,MOCK DATA / NOT A SCIENTIFIC RESULT,displacement-report-draft-v1
speaking,jaw,mouth,2,30,15,0,1.058400060449053e-05,6.340409901826942e-06,15,0.5,-6.23943320665829e-05,9.754317602356752e-05,nominal_fixed_oof_group,gain,True,MOCK DATA / NOT A SCIENTIFIC RESULT,displacement-report-draft-v1
speaking,jaw,mouth,3,30,15,0,1.058400060449053e-05,6.340409901826942e-06,15,0.5,-6.23943320665829e-05,9.754317602356752e-05,nominal_fixed_oof_group,gain,True,MOCK DATA / NOT A SCIENTIFIC RESULT,displacement-report-draft-v1
speaking,jaw,mouth,4,30,15,0,1.058400060449053e-05,6.340409901826942e-06,15,0.5,-6.23943320665829e-05,9.754317602356752e-05,nominal_fixed_oof_group,gain,True,MOCK DATA / NOT A SCIENTIFIC RESULT,displacement-report-draft-v1
speaking,jaw,mouth,5,30,15,0,1.058400060449053e-05,6.340409901826942e-06,15,0.5,-6.23943320665829e-05,9.754317602356752e-05,nominal_fixed_oof_group,gain,True,MOCK DATA / NOT A SCIENTIFIC RESULT,displacement-report-draft-v1
speaking,jaw,mouth,6,30,15,0,1.058400060449053e-05,6.340409901826942e-06,15,0.5,-6.23943320665829e-05,9.754317602356752e-05,nominal_fixed_oof_group,gain,True,MOCK DATA / NOT A SCIENTIFIC RESULT,displacement-report-draft-v1
speaking,jaw,mouth,7,30,15,0,1.058400060449053e-05,6.340409901826942e-06,15,0.5,-6.23943320665829e-05,9.754317602356752e-05,nominal_fixed_oof_group,gain,True,MOCK DATA / NOT A SCIENTIFIC RESULT,displacement-report-draft-v1
speaking,jaw,mouth,8,29,15,1,2.116800120898106e-05,6.559044726027871e-06,15,0.5172413793103449,-8.048593770006683e-05,9.804558291569287e-05,nominal_fixed_oof_group,gain,True,MOCK DATA / NOT A SCIENTIFIC RESULT,displacement-report-draft-v1
speaking,jaw,mouth,9,30,15,0,1.058400060449053e-05,6.340409901826942e-06,15,0.5,-6.23943320665829e-05,9.754317602356752e-05,nominal_fixed_oof_group,gain,True,MOCK DATA / NOT A SCIENTIFIC RESULT,displacement-report-draft-v1
speaking,jaw,mouth,10,30,15,0,1.058400060449053e-05,6.340409901826942e-06,15,0.5,-6.23943320665829e-05,9.754317602356752e-05,nominal_fixed_oof_group,gain,True,MOCK DATA / NOT A SCIENTIFIC RESULT,displacement-report-draft-v1
speaking,jaw,mouth,11,30,15,0,1.058400060449053e-05,6.340409901826942e-06,15,0.5,-6.23943320665829e-05,9.754317602356752e-05,nominal_fixed_oof_group,gain,True,MOCK DATA / NOT A SCIENTIFIC RESULT,displacement-report-draft-v1
speaking,jaw,mouth,12,30,15,0,1.058400060449053e-05,6.340409901826942e-06,15,0.5,-6.23943320665829e-05,9.754317602356752e-05,nominal_fixed_oof_group,gain,True,MOCK DATA / NOT A SCIENTIFIC RESULT,displacement-report-draft-v1
speaking,jaw,mouth,13,30,15,0,1.058400060449053e-05,6.340409901826942e-06,15,0.5,-6.23943320665829e-05,9.754317602356752e-05,nominal_fixed_oof_group,gain,True,MOCK DATA / NOT A SCIENTIFIC RESULT,displacement-report-draft-v1
speaking,jaw,mouth,14,30,15,0,1.058400060449053e-05,6.340409901826942e-06,15,0.5,-6.23943320665829e-05,9.754317602356752e-05,nominal_fixed_oof_group,gain,True,MOCK DATA / NOT A SCIENTIFIC RESULT,displacement-report-draft-v1
speaking,jaw,mouth,15,30,15,0,1.058400060449053e-05,6.340409901826942e-06,15,0.5,-6.23943320665829e-05,9.754317602356752e-05,nominal_fixed_oof_group,gain,True,MOCK DATA / NOT A SCIENTIFIC RESULT,displacement-report-draft-v1
speaking,jaw,right_brow,1,30,15,0,-0.00015939860980035002,-0.00013354016057772096,9,0.3,-0.00021204167859055002,-4.547510919624895e-06,nominal_fixed_oof_group,gain,True,MOCK DATA / NOT A SCIENTIFIC RESULT,displacement-report-draft-v1
speaking,jaw,right_brow,2,30,15,0,-0.00019255495376114997,-0.00015745524058170089,12,0.4,-0.0002640115441975,1.76366594109292e-05,nominal_fixed_oof_group,gain,True,MOCK DATA / NOT A SCIENTIFIC RESULT,displacement-report-draft-v1
speaking,jaw,right_brow,3,30,15,0,-0.0002435307219476,-0.0001984617981067388,12,0.4,-0.00033528280025775005,2.6360651739956723e-05,nominal_fixed_oof_group,gain,True,MOCK DATA / NOT A SCIENTIFIC RESULT,displacement-report-draft-v1
speaking,jaw,right_brow,4,30,15,0,-0.00031875902835395,-0.0002640166909200382,11,0.36666666666666664,-0.00043020440585735,9.060750549099404e-06,nominal_fixed_oof_group,gain,True,MOCK DATA / NOT A SCIENTIFIC RESULT,displacement-report-draft-v1
speaking,jaw,right_brow,5,30,15,0,-0.00042051837859405003,-0.0003576196284964663,9,0.3,-0.0005485687191111,-4.385462405211062e-05,nominal_fixed_oof_group,gain,True,MOCK DATA / NOT A SCIENTIFIC RESULT,displacement-report-draft-v1
speaking,jaw,right_brow,6,30,15,0,-0.00054089270709365,-0.0004725278009027453,9,0.3,-0.0006800711407442,-0.00013149534697409998,nominal_fixed_oof_group,gain,True,MOCK DATA / NOT A SCIENTIFIC RESULT,displacement-report-draft-v1
speaking,jaw,right_brow,7,30,15,0,-0.0006583731159373,-0.0005880825633032382,7,0.23333333333333334,-0.000801471813224,-0.00023744418773274998,nominal_fixed_oof_group,gain,True,MOCK DATA / NOT A SCIENTIFIC RESULT,displacement-report-draft-v1
speaking,jaw,right_brow,8,30,15,0,-0.00074213760491865,-0.0006737726987277214,6,0.2,-0.00088131603856915,-0.00033274024479910003,nominal_fixed_oof_group,gain,True,MOCK DATA / NOT A SCIENTIFIC RESULT,displacement-report-draft-v1
speaking,jaw,right_brow,9,30,15,0,-0.00076467592894605,-0.0007017771788484458,3,0.1,-0.0008927262694631,-0.00038801217440405,nominal_fixed_oof_group,gain,True,MOCK DATA / NOT A SCIENTIFIC RESULT,displacement-report-draft-v1
speaking,jaw,right_brow,10,30,15,0,-0.0007160989873709999,-0.0006613566499370521,3,0.1,-0.0008275443648743999,-0.0003882792084679,nominal_fixed_oof_group,gain,True,MOCK DATA / NOT A SCIENTIFIC RESULT,displacement-report-draft-v1
speaking,jaw,right_brow,11,30,15,0,-0.0006101636807131999,-0.0005650947568723076,0,0.0,-0.0007019157590232999,-0.0003402723070256,nominal_fixed_oof_group,gain,True,MOCK DATA / NOT A SCIENTIFIC RESULT,displacement-report-draft-v1
speaking,jaw,right_brow,12,30,15,0,-0.00047730854364205,-0.00044220883046256447,0,0.0,-0.0005487651340784,-0.0002671169304699,nominal_fixed_oof_group,gain,True,MOCK DATA / NOT A SCIENTIFIC RESULT,displacement-report-draft-v1
speaking,jaw,right_brow,13,30,15,0,-0.00034971835214240004,-0.0003238599029197403,0,0.0,-0.00040236142093260003,-0.0001948672532616,nominal_fixed_oof_group,gain,True,MOCK DATA / NOT A SCIENTIFIC RESULT,displacement-report-draft-v1
speaking,jaw,right_brow,14,30,15,0,-0.00024856828443455003,-0.0002305474908150988,0,0.0,-0.0002852553212323,-0.00014065231195495,nominal_fixed_oof_group,gain,True,MOCK DATA / NOT A SCIENTIFIC RESULT,displacement-report-draft-v1
speaking,jaw,right_brow,15,30,15,0,-0.0001800924170503,-0.0001682123777078962,0,0.0,-0.000204278002309,-0.00010894982334415,nominal_fixed_oof_group,gain,True,MOCK DATA / NOT A SCIENTIFIC RESULT,displacement-report-draft-v1
speaking,jaw,right_cheek,1,24,12,6,-5.4665411807279865e-05,-7.71881671943387e-05,10,0.4166666666666667,-0.0001595083775872,9.053308737101261e-05,nominal_fixed_oof_group,gain,True,MOCK DATA / NOT A SCIENTIFIC RESULT,displacement-report-draft-v1
speaking,jaw,right_cheek,2,24,12,6,-3.406824061479019e-05,-6.464015338843786e-05,10,0.4166666666666667,-0.0001763798694396,0.000163021137459,nominal_fixed_oof_group,gain,True,MOCK DATA / NOT A SCIENTIFIC RESULT,displacement-report-draft-v1
speaking,jaw,right_cheek,3,24,12,6,-6.24473333784431e-06,-4.549984637598277e-05,11,0.4583333333333333,-0.0001889764818392,0.0002468230374681,nominal_fixed_oof_group,gain,True,MOCK DATA / NOT A SCIENTIFIC RESULT,displacement-report-draft-v1
speaking,jaw,right_cheek,4,24,12,6,3.024738297221618e-05,-1.743329055637694e-05,13,0.5416666666666666,-0.0001917051773258,0.00033763260814485,nominal_fixed_oof_group,gain,True,MOCK DATA / NOT A SCIENTIFIC RESULT,displacement-report-draft-v1
speaking,jaw,right_cheek,5,24,12,6,7.51404052204592e-05,2.035548171626745e-05,13,0.5416666666666666,-0.0001798822934458,0.00042832493054610003,nominal_fixed_oof_group,gain,True,MOCK DATA / NOT A SCIENTIFIC RESULT,displacement-report-draft-v1
speaking,jaw,right_cheek,6,24,12,6,0.0001244535086859,6.49075534765412e-05,13,0.5416666666666666,-0.0001527316952142,0.00050833119949065,nominal_fixed_oof_group,gain,True,MOCK DATA / NOT A SCIENTIFIC RESULT,displacement-report-draft-v1
speaking,jaw,right_cheek,7,24,12,6,0.0001694899233357,0.00010826672664028928,13,0.5416666666666666,-0.0001155028053857,0.00056418036517175,nominal_fixed_oof_group,gain,True,MOCK DATA / NOT A SCIENTIFIC RESULT,displacement-report-draft-v1
speaking,jaw,right_cheek,8,24,12,6,0.0001986102504694,0.00013906429526002516,13,0.5416666666666666,-7.857495343077149e-05,0.00058248794127415,nominal_fixed_oof_group,gain,True,MOCK DATA / NOT A SCIENTIFIC RESULT,displacement-report-draft-v1
speaking,jaw,right_cheek,9,24,12,6,0.00020195903699755002,0.00014717411349338748,13,0.5416666666666666,-5.3063661668701495e-05,0.00055514356232325,nominal_fixed_oof_group,gain,True,MOCK DATA / NOT A SCIENTIFIC RESULT,displacement-report-draft-v1
speaking,jaw,right_cheek,10,24,12,6,0.0001766632029981,0.00012898252946958507,14,0.5833333333333334,-4.52893572998464e-05,0.0004840484281708,nominal_fixed_oof_group,gain,True,MOCK DATA / NOT A SCIENTIFIC RESULT,displacement-report-draft-v1
speaking,jaw,right_cheek,11,24,12,6,0.00012885586273355,8.960074969545488e-05,13,0.5416666666666666,-5.387588576780296e-05,0.00038192363353954997,nominal_fixed_oof_group,gain,True,MOCK DATA / NOT A SCIENTIFIC RESULT,displacement-report-draft-v1
speaking,jaw,right_cheek,12,24,12,6,7.086062299834373e-05,4.028871022468229e-05,13,0.5416666666666666,-7.145100582656334e-05,0.00026795000107215,nominal_fixed_oof_group,gain,True,MOCK DATA / NOT A SCIENTIFIC RESULT,displacement-report-draft-v1
speaking,jaw,right_cheek,13,24,12,6,1.546551892285704e-05,-7.057236464218812e-06,13,0.5416666666666666,-8.937744685716224e-05,0.00016066401810115,nominal_fixed_oof_group,gain,True,MOCK DATA / NOT A SCIENTIFIC RESULT,displacement-report-draft-v1
speaking,jaw,right_cheek,14,24,12,6,-2.8913960214510537e-05,-4.4610103594073276e-05,10,0.4166666666666667,-0.0001019791866906,7.227510046809056e-05,nominal_fixed_oof_group,gain,True,MOCK DATA / NOT A SCIENTIFIC RESULT,displacement-report-draft-v1
speaking,jaw,right_cheek,15,24,12,6,-5.9714679909761946e-05,-7.006221536300486e-05,7,0.2916666666666667,-0.0001078822458576,6.993260224026632e-06,nominal_fixed_oof_group,gain,True,MOCK DATA / NOT A SCIENTIFIC RESULT,displacement-report-draft-v1
speaking,jaw,right_eyelid,1,30,15,0,-0.0001641257774707,-0.00014039923199375288,10,0.3333333333333333,-0.00024188437520175,-1.024254223433961e-05,nominal_fixed_oof_group,gain,True,MOCK DATA / NOT A SCIENTIFIC RESULT,displacement-report-draft-v1
speaking,jaw,right_eyelid,2,30,15,0,-0.00020112339044540002,-0.00016891747841219697,10,0.3333333333333333,-0.00030667126975155,7.754465044523297e-06,nominal_fixed_oof_group,gain,True,MOCK DATA / NOT A SCIENTIFIC RESULT,displacement-report-draft-v1
speaking,jaw,right_eyelid,3,30,15,0,-0.0002589864340291,-0.0002176332244108427,10,0.3333333333333333,-0.0003945125937357,9.218041403204726e-06,nominal_fixed_oof_group,gain,True,MOCK DATA / NOT A SCIENTIFIC RESULT,displacement-report-draft-v1
speaking,jaw,right_eyelid,4,30,15,0,-0.00034554561518285003,-0.00029531651801397937,10,0.3333333333333333,-0.00051016056787125,-1.977480363102128e-05,nominal_fixed_oof_group,gain,True,MOCK DATA / NOT A SCIENTIFIC RESULT,displacement-report-draft-v1
speaking,jaw,right_eyelid,5,30,15,0,-0.00046377327812575,-0.00040606022496529853,9,0.3,-0.00065291527053645,-8.946377974869119e-05,nominal_fixed_oof_group,gain,True,MOCK DATA / NOT A SCIENTIFIC RESULT,displacement-report-draft-v1
speaking,jaw,right_eyelid,6,30,15,0,-0.00060459701599865,-0.0005418684648082892,7,0.23333333333333334,-0.00081017621348435,-0.00019775850643824998,nominal_fixed_oof_group,gain,True,MOCK DATA / NOT A SCIENTIFIC RESULT,displacement-report-draft-v1
speaking,jaw,right_eyelid,7,30,15,0,-0.0007428246755203499,-0.0006783292380982391,6,0.2,-0.00095419445873915,-0.00032452667347275,nominal_fixed_oof_group,gain,True,MOCK DATA / NOT A SCIENTIFIC RESULT,displacement-report-draft-v1
speaking,jaw,right_eyelid,8,30,15,0,-0.00084214601143715,-0.0007794174602467958,4,0.13333333333333333,-0.00104772520892285,-0.00043530750187685,nominal_fixed_oof_group,gain,True,MOCK DATA / NOT A SCIENTIFIC RESULT,displacement-report-draft-v1
speaking,jaw,right_eyelid,9,30,15,0,-0.00087001602635085,-0.0008123029731903849,0,0.0,-0.00105915801876155,-0.00049570652797375,nominal_fixed_oof_group,gain,True,MOCK DATA / NOT A SCIENTIFIC RESULT,displacement-report-draft-v1
speaking,jaw,right_eyelid,10,30,15,0,-0.0008145647512315501,-0.0007643356540626285,0,0.0,-0.0009791797039199498,-0.00048879393967965,nominal_fixed_oof_group,gain,True,MOCK DATA / NOT A SCIENTIFIC RESULT,displacement-report-draft-v1
speaking,jaw,right_eyelid,11,30,15,0,-0.0006917591005200501,-0.0006504058909017739,0,0.0,-0.00082728526022665,-0.00042355462508769995,nominal_fixed_oof_group,gain,True,MOCK DATA / NOT A SCIENTIFIC RESULT,displacement-report-draft-v1
speaking,jaw,right_eyelid,12,30,15,0,-0.0005372458459947499,-0.0005050399339615405,0,0.0,-0.00064279372530095,-0.0003283679905048,nominal_fixed_oof_group,gain,True,MOCK DATA / NOT A SCIENTIFIC RESULT,displacement-report-draft-v1
speaking,jaw,right_eyelid,13,30,15,0,-0.0003887787455414,-0.0003650522000644504,0,0.0,-0.00046653734327245,-0.00023489551030500002,nominal_fixed_oof_group,gain,True,MOCK DATA / NOT A SCIENTIFIC RESULT,displacement-report-draft-v1
speaking,jaw,right_eyelid,14,30,15,0,-0.00027119646171775,-0.000254661395145858,0,0.0,-0.00032538654983115,-0.0001639549949224,nominal_fixed_oof_group,gain,True,MOCK DATA / NOT A SCIENTIFIC RESULT,displacement-report-draft-v1
speaking,jaw,right_eyelid,15,30,15,0,-0.00019178976388425,-0.0001808891761769868,0,0.0,-0.0002275140717227,-0.00012109183173045001,nominal_fixed_oof_group,gain,True,MOCK DATA / NOT A SCIENTIFIC RESULT,displacement-report-draft-v1
speaking,left_brow,jaw,1,30,15,0,-5.266880659247951e-05,-7.938568354974832e-05,13,0.43333333333333335,-0.00021237144508125,-2.5392798659968838e-06,nominal_fixed_oof_group,gain,True,MOCK DATA / NOT A SCIENTIFIC RESULT,displacement-report-draft-v1
speaking,left_brow,jaw,2,30,15,0,-3.841030400114978e-05,-7.467522886870327e-05,15,0.5,-0.0002551872946355,2.9634457491347927e-05,nominal_fixed_oof_group,gain,True,MOCK DATA / NOT A SCIENTIFIC RESULT,displacement-report-draft-v1
speaking,left_brow,jaw,3,30,15,0,-2.6415617196967705e-05,-7.298070246119269e-05,15,0.5,-0.0003047627829246,6.095558603185381e-05,nominal_fixed_oof_group,gain,True,MOCK DATA / NOT A SCIENTIFIC RESULT,displacement-report-draft-v1
speaking,left_brow,jaw,4,30,15,0,-2.0515094343615232e-05,-7.707472330605252e-05,15,0.5,-0.00035860558267755,8.560911456908477e-05,nominal_fixed_oof_group,gain,True,MOCK DATA / NOT A SCIENTIFIC RESULT,displacement-report-draft-v1
speaking,left_brow,jaw,5,30,15,0,-2.4076237944651935e-05,-8.90630495146054e-05,15,0.5,-0.00041254100092160003,9.786009887619806e-05,nominal_fixed_oof_group,gain,True,MOCK DATA / NOT A SCIENTIFIC RESULT,displacement-report-draft-v1
speaking,left_brow,jaw,6,30,15,0,-3.808376958291997e-05,-0.0001087181982437673,15,0.5,-0.0004603076935589,9.444932869143003e-05,nominal_fixed_oof_group,gain,True,MOCK DATA / NOT A SCIENTIFIC RESULT,displacement-report-draft-v1
speaking,left_brow,jaw,7,30,15,0,-5.973861133842039e-05,-0.00013236261248460878,15,0.5,-0.00049385539149955,7.652757023137962e-05,nominal_fixed_oof_group,gain,True,MOCK DATA / NOT A SCIENTIFIC RESULT,displacement-report-draft-v1
speaking,left_brow,jaw,8,30,15,0,-8.290408334023242e-05,-0.00015353851200108082,15,0.5,-0.0005051280073162,4.9629014934138814e-05,nominal_fixed_oof_group,gain,True,MOCK DATA / NOT A SCIENTIFIC RESULT,displacement-report-draft-v1
speaking,left_brow,jaw,9,30,15,0,-0.00010072538311774453,-0.00016571219468768008,14,0.4666666666666667,-0.0004891901460947001,2.121095370312019e-05,nominal_fixed_oof_group,gain,True,MOCK DATA / NOT A SCIENTIFIC RESULT,displacement-report-draft-v1
speaking,left_brow,jaw,10,30,15,0,-0.00010900877455089248,-0.0001655684035132906,13,0.43333333333333335,-0.00044709926288475,-2.8845656381585785e-06,nominal_fixed_oof_group,gain,True,MOCK DATA / NOT A SCIENTIFIC RESULT,displacement-report-draft-v1
speaking,left_brow,jaw,11,30,15,0,-0.00010807037924681772,-0.00015463546451105755,12,0.4,-0.00038641754497445,-2.06991760180195e-05,nominal_fixed_oof_group,gain,True,MOCK DATA / NOT A SCIENTIFIC RESULT,displacement-report-draft-v1
speaking,left_brow,jaw,12,30,15,0,-0.0001018292794878325,-0.00013809420435539386,12,0.4,-0.00031860627012220003,-3.378451799535085e-05,nominal_fixed_oof_group,gain,True,MOCK DATA / NOT A SCIENTIFIC RESULT,displacement-report-draft-v1
speaking,left_brow,jaw,13,30,15,0,-9.505592128792377e-05,-0.0001217727982452028,12,0.4,-0.0002547585597767,-4.492639456145494e-05,nominal_fixed_oof_group,gain,True,MOCK DATA / NOT A SCIENTIFIC RESULT,displacement-report-draft-v1
speaking,left_brow,jaw,14,30,15,0,-9.088394908452496e-05,-0.00010950298233198292,12,0.4,-0.0002021809670886,-5.594860367383195e-05,nominal_fixed_oof_group,gain,True,MOCK DATA / NOT A SCIENTIFIC RESULT,displacement-report-draft-v1
speaking,left_brow,jaw,15,30,15,0,-9.001489842775325e-05,-0.00010228932163950154,8,0.26666666666666666,-0.00016338641471615,-6.698409930291395e-05,nominal_fixed_oof_group,gain,True,MOCK DATA / NOT A SCIENTIFIC RESULT,displacement-report-draft-v1
speaking,left_brow,left_cheek,1,30,15,0,-0.0001617922928817,-0.00012835585610144025,11,0.36666666666666664,-0.0002112059996159,3.466491774158217e-05,nominal_fixed_oof_group,gain,True,MOCK DATA / NOT A SCIENTIFIC RESULT,displacement-report-draft-v1
speaking,left_brow,left_cheek,2,30,15,0,-0.00019795596771725,-0.00015257005417600806,11,0.36666666666666664,-0.00026502909026105,6.871090335219343e-05,nominal_fixed_oof_group,gain,True,MOCK DATA / NOT A SCIENTIFIC RESULT,displacement-report-draft-v1
speaking,left_brow,left_cheek,3,30,15,0,-0.00025491938274075,-0.00019664271619419357,11,0.36666666666666664,-0.0003410429768636,8.748765750101091e-05,nominal_fixed_oof_group,gain,True,MOCK DATA / NOT A SCIENTIFIC RESULT,displacement-report-draft-v1
speaking,left_brow,left_cheek,4,30,15,0,-0.00034060562826915,-0.00026982069104986814,11,0.36666666666666664,-0.0004452144462463,7.52942898840374e-05,nominal_fixed_oof_group,gain,True,MOCK DATA / NOT A SCIENTIFIC RESULT,displacement-report-draft-v1
speaking,left_brow,left_cheek,5,30,15,0,-0.00045809725081429997,-0.00037676561088929227,11,0.36666666666666664,-0.0005782924088651999,1.9770268984105506e-05,nominal_fixed_oof_group,gain,True,MOCK DATA / NOT A SCIENTIFIC RESULT,displacement-report-draft-v1
speaking,left_brow,left_cheek,6,30,15,0,-0.0005984277189285501,-0.0005100280301398943,8,0.26666666666666666,-0.00072906832294695,-7.903157652504669e-05,nominal_fixed_oof_group,gain,True,MOCK DATA / NOT A SCIENTIFIC RESULT,displacement-report-draft-v1
speaking,left_brow,left_cheek,7,30,15,0,-0.0007364816067650501,-0.0006455919482568462,8,0.26666666666666666,-0.0008708019878574001,-0.00020245554105799998,nominal_fixed_oof_group,gain,True,MOCK DATA / NOT A SCIENTIFIC RESULT,displacement-report-draft-v1
speaking,left_brow,left_cheek,8,30,15,0,-0.0008359767143671,-0.0007475770255783896,5,0.16666666666666666,-0.0009666173183855,-0.0003165805719635,nominal_fixed_oof_group,gain,True,MOCK DATA / NOT A SCIENTIFIC RESULT,displacement-report-draft-v1
speaking,left_brow,left_cheek,9,30,15,0,-0.0008643399990394,-0.0007830083591143744,0,0.0,-0.0009845351570903,-0.00038647247924095,nominal_fixed_oof_group,gain,True,MOCK DATA / NOT A SCIENTIFIC RESULT,displacement-report-draft-v1
speaking,left_brow,left_cheek,10,30,15,0,-0.0008096247643178,-0.000738839827098522,0,0.0,-0.000914233582295,-0.0003937248461646,nominal_fixed_oof_group,gain,True,MOCK DATA / NOT A SCIENTIFIC RESULT,displacement-report-draft-v1
speaking,left_brow,left_cheek,11,30,15,0,-0.0006876920492317,-0.0006294153826851245,0,0.0,-0.0007738156433545499,-0.0003452850089899,nominal_fixed_oof_group,gain,True,MOCK DATA / NOT A SCIENTIFIC RESULT,displacement-report-draft-v1
speaking,left_brow,left_cheek,12,30,15,0,-0.0005340784232666,-0.0004886925097253488,0,0.0,-0.0006011515458104,-0.00026741155219715004,nominal_fixed_oof_group,gain,True,MOCK DATA / NOT A SCIENTIFIC RESULT,displacement-report-draft-v1
speaking,left_brow,left_cheek,13,30,15,0,-0.0003864452609524,-0.00035300882417212376,0,0.0,-0.0004358589676866,-0.0001899880503291,nominal_fixed_oof_group,gain,True,MOCK DATA / NOT A SCIENTIFIC RESULT,displacement-report-draft-v1
speaking,left_brow,left_cheek,14,30,15,0,-0.0002695702526659,-0.0002462683476909173,0,0.0,-0.00030400674200684995,-0.00013265891598,nominal_fixed_oof_group,gain,True,MOCK DATA / NOT A SCIENTIFIC RESULT,displacement-report-draft-v1
speaking,left_brow,left_cheek,15,30,15,0,-0.0001907177008041,-0.00017535613828348356,0,0.0,-0.0002134196337391,-0.00010046018492566245,nominal_fixed_oof_group,gain,True,MOCK DATA / NOT A SCIENTIFIC RESULT,displacement-report-draft-v1
speaking,left_brow,left_eyelid,1,30,15,0,-0.0001739188271133,-0.0001307659122537904,10,0.3333333333333333,-0.00024220072537515,-2.222228923138463e-05,nominal_fixed_oof_group,gain,True,MOCK DATA / NOT A SCIENTIFIC RESULT,displacement-report-draft-v1
speaking,left_brow,left_eyelid,2,30,15,0,-0.00019594030946439999,-0.00013736545366443154,11,0.36666666666666664,-0.0002886247169361,9.969369191376986e-06,nominal_fixed_oof_group,gain,True,MOCK DATA / NOT A SCIENTIFIC RESULT,displacement-report-draft-v1
speaking,left_brow,left_eyelid,3,30,15,0,-0.0002140925839926,-0.0001388809803666017,11,0.36666666666666664,-0.0003331017189169,5.0300676943419644e-05,nominal_fixed_oof_group,gain,True,MOCK DATA / NOT A SCIENTIFIC RESULT,displacement-report-draft-v1
speaking,left_brow,left_eyelid,4,30,15,0,-0.00022221209921185,-0.0001308573777372983,11,0.36666666666666664,-0.00036676487896649995,9.892947400432226e-05,nominal_fixed_oof_group,gain,True,MOCK DATA / NOT A SCIENTIFIC RESULT,displacement-report-draft-v1
speaking,left_brow,left_eyelid,5,30,15,0,-0.00021493463768075001,-0.00010996838914965753,13,0.43333333333333335,-0.00038102526507985,0.0001540558823905887,nominal_fixed_oof_group,gain,True,MOCK DATA / NOT A SCIENTIFIC RESULT,displacement-report-draft-v1
speaking,left_brow,left_eyelid,6,30,15,0,-0.00019083023010840001,-7.674198951691959e-05,13,0.43333333333333335,-0.00037135480561599997,0.000210227060392069,nominal_fixed_oof_group,gain,True,MOCK DATA / NOT A SCIENTIFIC RESULT,displacement-report-draft-v1
speaking,left_brow,left_eyelid,7,30,15,0,-0.00015467446847245,-3.73726841646388e-05,13,0.43333333333333335,-0.0003402839117302,0.00025767947389225,nominal_fixed_oof_group,gain,True,MOCK DATA / NOT A SCIENTIFIC RESULT,displacement-report-draft-v1
speaking,left_brow,left_eyelid,8,30,15,0,-0.00011667348832495,-2.5852477334382333e-06,14,0.4666666666666667,-0.0002971980638325,0.00028438380217555,nominal_fixed_oof_group,gain,True,MOCK DATA / NOT A SCIENTIFIC RESULT,displacement-report-draft-v1
speaking,left_brow,left_eyelid,9,30,15,0,-8.811600590367648e-05,1.6850242627453633e-05,14,0.4666666666666667,-0.0002542066333027,0.00028087451416765,nominal_fixed_oof_group,gain,True,MOCK DATA / NOT A SCIENTIFIC RESULT,displacement-report-draft-v1
speaking,left_brow,left_eyelid,10,30,15,0,-7.579627918596638e-05,1.5558442288651195e-05,14,0.4666666666666667,-0.0002203490589405,0.0002453452940303,nominal_fixed_oof_group,gain,True,MOCK DATA / NOT A SCIENTIFIC RESULT,displacement-report-draft-v1
speaking,left_brow,left_eyelid,11,30,15,0,-7.899198792117243e-05,-3.780384295146851e-06,14,0.4666666666666667,-0.00019800112284539998,0.00018540127301485,nominal_fixed_oof_group,gain,True,MOCK DATA / NOT A SCIENTIFIC RESULT,displacement-report-draft-v1
speaking,left_brow,left_eyelid,12,30,15,0,-9.101144585130791e-05,-3.243659005129897e-05,13,0.43333333333333335,-0.00018369585332295,0.00011489823280446796,nominal_fixed_oof_group,gain,True,MOCK DATA / NOT A SCIENTIFIC RESULT,displacement-report-draft-v1
speaking,left_brow,left_eyelid,13,30,15,0,-0.0001037878963832,-6.0634981523659674e-05,12,0.4,-0.00017206979464499998,4.790864149875054e-05,nominal_fixed_oof_group,gain,True,MOCK DATA / NOT A SCIENTIFIC RESULT,displacement-report-draft-v1
speaking,left_brow,left_eyelid,14,30,15,0,-0.00011202185145509999,-8.194851774254573e-05,10,0.3333333333333333,-0.00015960761291845002,-6.3042974587476826e-06,nominal_fixed_oof_group,gain,True,MOCK DATA / NOT A SCIENTIFIC RESULT,displacement-report-draft-v1
speaking,left_brow,left_eyelid,15,30,15,0,-0.0001145027785058,-9.467721503692445e-05,7,0.23333333333333334,-0.0001458732458815,-4.48094715860335e-05,nominal_fixed_oof_group,gain,True,MOCK DATA / NOT A SCIENTIFIC RESULT,displacement-report-draft-v1
speaking,left_brow,mouth,1,30,15,0,-3.250462192112358e-05,-6.172786753831148e-05,14,0.4666666666666667,-0.0001345548126162,9.599639222069006e-05,nominal_fixed_oof_group,gain,True,MOCK DATA / NOT A SCIENTIFIC RESULT,displacement-report-draft-v1
speaking,left_brow,mouth,2,30,15,0,-2.0311732970586423e-05,-5.997874975508285e-05,14,0.4666666666666667,-0.00015883250784244998,0.00015411283134914998,nominal_fixed_oof_group,gain,True,MOCK DATA / NOT A SCIENTIFIC RESULT,displacement-report-draft-v1
speaking,left_brow,mouth,3,30,15,0,-2.2366048600348798e-05,-7.329950635582152e-05,14,0.4666666666666667,-0.0002002302442751,0.0002015995252809,nominal_fixed_oof_group,gain,True,MOCK DATA / NOT A SCIENTIFIC RESULT,displacement-report-draft-v1
speaking,left_brow,mouth,4,30,15,0,-5.012445390551465e-05,-0.00011199006536257732,14,0.4666666666666667,-0.00026616470930235,0.00022191219516739998,nominal_fixed_oof_group,gain,True,MOCK DATA / NOT A SCIENTIFIC RESULT,displacement-report-draft-v1
speaking,left_brow,mouth,5,30,15,0,-0.00011185821248045001,-0.00018294157897662478,13,0.43333333333333335,-0.0003600876939421,0.0002007109252197,nominal_fixed_oof_group,gain,True,MOCK DATA / NOT A SCIENTIFIC RESULT,displacement-report-draft-v1
speaking,left_brow,mouth,6,30,15,0,-0.00020540872261890002,-0.00028266952151717947,12,0.4,-0.00047521035123015,0.0001343239389028,nominal_fixed_oof_group,gain,True,MOCK DATA / NOT A SCIENTIFIC RESULT,displacement-report-draft-v1
speaking,left_brow,mouth,7,30,15,0,-0.00031343949454435,-0.00039287651207418173,10,0.3333333333333333,-0.00059084067350165,3.5862477135847545e-05,nominal_fixed_oof_group,gain,True,MOCK DATA / NOT A SCIENTIFIC RESULT,displacement-report-draft-v1
speaking,left_brow,mouth,8,30,15,0,-0.00040665362044385004,-0.0004839144193421405,8,0.26666666666666666,-0.0006764552490551,-6.69209589221312e-05,nominal_fixed_oof_group,gain,True,MOCK DATA / NOT A SCIENTIFIC RESULT,displacement-report-draft-v1
speaking,left_brow,mouth,9,30,15,0,-0.00045601576283245003,-0.0005270991293286145,5,0.16666666666666666,-0.0007042452442941501,-0.0001434466251322,nominal_fixed_oof_group,gain,True,MOCK DATA / NOT A SCIENTIFIC RESULT,displacement-report-draft-v1
speaking,left_brow,mouth,10,30,15,0,-0.00044746441292249997,-0.0005093300243795745,2,0.06666666666666667,-0.0006635046683193999,-0.0001754277638495,nominal_fixed_oof_group,gain,True,MOCK DATA / NOT A SCIENTIFIC RESULT,displacement-report-draft-v1
speaking,left_brow,mouth,11,30,15,0,-0.0003889990073659,-0.00043993246512137943,0,0.0,-0.0005668632030407,-0.0001650334334846,nominal_fixed_oof_group,gain,True,MOCK DATA / NOT A SCIENTIFIC RESULT,displacement-report-draft-v1
speaking,left_brow,mouth,12,30,15,0,-0.0003050653228514,-0.0003447323396359403,0,0.0,-0.00044358609772334997,-0.00013064075853165,nominal_fixed_oof_group,gain,True,MOCK DATA / NOT A SCIENTIFIC RESULT,displacement-report-draft-v1
speaking,left_brow,mouth,13,30,15,0,-0.00022282436426315002,-0.00025204760988031675,0,0.0,-0.00032487455495825,-9.432335012134717e-05,nominal_fixed_oof_group,gain,True,MOCK DATA / NOT A SCIENTIFIC RESULT,displacement-report-draft-v1
speaking,left_brow,mouth,14,30,15,0,-0.00016013566624335,-0.0001805013917214868,0,0.0,-0.00023125460340425,-7.058310894182858e-05,nominal_fixed_oof_group,gain,True,MOCK DATA / NOT A SCIENTIFIC RESULT,displacement-report-draft-v1
speaking,left_brow,mouth,15,30,15,0,-0.00012179404210365,-0.00013521995580234516,0,0.0,-0.0001686785350568,-6.275735779214062e-05,nominal_fixed_oof_group,gain,True,MOCK DATA / NOT A SCIENTIFIC RESULT,displacement-report-draft-v1
speaking,left_brow,right_brow,1,30,15,0,0.00012941156341385,0.00012964999406075547,20,0.6666666666666666,-6.042480399517502e-05,0.00021935826137425,nominal_fixed_oof_group,gain,True,MOCK DATA / NOT A SCIENTIFIC RESULT,displacement-report-draft-v1
speaking,left_brow,right_brow,2,30,15,0,0.0002534501690631,0.00025377380979056636,20,0.6666666666666666,-4.229709173807911e-06,0.00037554191836580003,nominal_fixed_oof_group,gain,True,MOCK DATA / NOT A SCIENTIFIC RESULT,displacement-report-draft-v1
speaking,left_brow,right_brow,3,30,15,0,0.00038201150315765,0.0003824270660776176,23,0.7666666666666667,5.114399013248037e-05,0.0005387804124302,nominal_fixed_oof_group,gain,True,MOCK DATA / NOT A SCIENTIFIC RESULT,displacement-report-draft-v1
speaking,left_brow,right_brow,4,30,15,0,0.0004815599088714,0.00048206466655475484,23,0.7666666666666667,7.967631591267958e-05,0.0006719770699478,nominal_fixed_oof_group,gain,True,MOCK DATA / NOT A SCIENTIFIC RESULT,displacement-report-draft-v1
speaking,left_brow,right_brow,5,30,15,0,0.0005208140634521,0.0005213940282266432,23,0.7666666666666667,5.905125121686075e-05,0.0007396027011001,nominal_fixed_oof_group,gain,True,MOCK DATA / NOT A SCIENTIFIC RESULT,displacement-report-draft-v1
speaking,left_brow,right_brow,6,30,15,0,0.0004867039308533,0.0004873342969153114,20,0.6666666666666666,-1.518793968351747e-05,0.0007245061871021499,nominal_fixed_oof_group,gain,True,MOCK DATA / NOT A SCIENTIFIC RESULT,displacement-report-draft-v1
speaking,left_brow,right_brow,7,30,15,0,0.00039153544942995,0.000392183571124682,20,0.6666666666666666,-0.0001244932984788,0.0006360359240256,nominal_fixed_oof_group,gain,True,MOCK DATA / NOT A SCIENTIFIC RESULT,displacement-report-draft-v1
speaking,left_brow,right_brow,8,30,15,0,0.0002660114478598,0.0002666418139218025,18,0.6,-0.000235880422677,0.0005038137041086,nominal_fixed_oof_group,gain,True,MOCK DATA / NOT A SCIENTIFIC RESULT,displacement-report-draft-v1
speaking,left_brow,right_brow,9,30,15,0,0.00014339836174219998,0.00014397832651675895,17,0.5666666666666667,-0.000318364450493,0.0003621869993902,nominal_fixed_oof_group,gain,True,MOCK DATA / NOT A SCIENTIFIC RESULT,displacement-report-draft-v1
speaking,left_brow,right_brow,10,30,15,0,4.5822441259859e-05,4.6327198943205285e-05,17,0.5666666666666667,-0.0003560611516988,0.00023623960233625,nominal_fixed_oof_group,gain,True,MOCK DATA / NOT A SCIENTIFIC RESULT,displacement-report-draft-v1
speaking,left_brow,right_brow,11,30,15,0,-2.0051549827657458e-05,-1.9635986907710845e-05,14,0.4666666666666667,-0.0003509190628528,0.00013671735944484998,nominal_fixed_oof_group,gain,True,MOCK DATA / NOT A SCIENTIFIC RESULT,displacement-report-draft-v1
speaking,left_brow,right_brow,12,30,15,0,-5.882098648579562e-05,-5.8497345758317396e-05,14,0.4666666666666667,-0.0003165008647227,6.327076281691666e-05,nominal_fixed_oof_group,gain,True,MOCK DATA / NOT A SCIENTIFIC RESULT,displacement-report-draft-v1
speaking,left_brow,right_brow,13,30,15,0,-7.929999625342667e-05,-7.90615656065679e-05,14,0.4666666666666667,-0.0002691363636625,1.064670170697465e-05,nominal_fixed_oof_group,gain,True,MOCK DATA / NOT A SCIENTIFIC RESULT,displacement-report-draft-v1
speaking,left_brow,right_brow,14,30,15,0,-8.941592517698821e-05,-8.924976248706699e-05,11,0.36666666666666664,-0.000221713185894,-2.6731930992340835e-05,nominal_fixed_oof_group,gain,True,MOCK DATA / NOT A SCIENTIFIC RESULT,displacement-report-draft-v1
speaking,left_brow,right_brow,15,30,15,0,-9.436137258929085e-05,-9.425183139287023e-05,8,0.26666666666666666,-0.0001815771021182,-5.3037536759522816e-05,nominal_fixed_oof_group,gain,True,MOCK DATA / NOT A SCIENTIFIC RESULT,displacement-report-draft-v1
speaking,left_brow,right_cheek,1,24,12,6,-0.0001636260849748,-0.0001375484251793801,8,0.3333333333333333,-0.00031144031666895003,-6.125211172248925e-05,nominal_fixed_oof_group,gain,True,MOCK DATA / NOT A SCIENTIFIC RESULT,displacement-report-draft-v1
speaking,left_brow,right_cheek,2,24,12,6,-0.00020270026406200002,-0.00016730299907798625,8,0.3333333333333333,-0.00040334018224250003,-6.373999358109603e-05,nominal_fixed_oof_group,gain,True,MOCK DATA / NOT A SCIENTIFIC RESULT,displacement-report-draft-v1
speaking,left_brow,right_cheek,3,24,12,6,-0.0002656785264294,-0.0002202275385086497,8,0.3333333333333333,-0.0005233052809752999,-8.725000722204361e-05,nominal_fixed_oof_group,gain,True,MOCK DATA / NOT A SCIENTIFIC RESULT,displacement-report-draft-v1
speaking,left_brow,right_cheek,4,24,12,6,-0.0003620721552531,-0.0003068657490329947,8,0.3333333333333333,-0.0006749948862053001,-0.0001453464521772,nominal_fixed_oof_group,gain,True,MOCK DATA / NOT A SCIENTIFIC RESULT,displacement-report-draft-v1
speaking,left_brow,right_cheek,5,24,12,6,-0.00049583818970965,-0.000432406226235056,6,0.25,-0.00085538528938855,-0.0002468211313142,nominal_fixed_oof_group,gain,True,MOCK DATA / NOT A SCIENTIFIC RESULT,displacement-report-draft-v1
speaking,left_brow,right_cheek,6,24,12,6,-0.0006569398370741,-0.0005879953791043859,5,0.20833333333333334,-0.0010477330357086,-0.0003862821879041,nominal_fixed_oof_group,gain,True,MOCK DATA / NOT A SCIENTIFIC RESULT,displacement-report-draft-v1
speaking,left_brow,right_cheek,7,24,12,6,-0.0008165042566454,-0.0007456178278947364,3,0.125,-0.00121830499664735,-0.0005382229454464001,nominal_fixed_oof_group,gain,True,MOCK DATA / NOT A SCIENTIFIC RESULT,displacement-report-draft-v1
speaking,left_brow,right_cheek,8,24,12,6,-0.000932535128715,-0.0008635906707453014,0,0.0,-0.00132332832734955,-0.00066187747954505,nominal_fixed_oof_group,gain,True,MOCK DATA / NOT A SCIENTIFIC RESULT,displacement-report-draft-v1
speaking,left_brow,right_cheek,9,24,12,6,-0.00096714554450375,-0.0009037135810290916,0,0.0,-0.0013266926441826,-0.00071812848610825,nominal_fixed_oof_group,gain,True,MOCK DATA / NOT A SCIENTIFIC RESULT,displacement-report-draft-v1
speaking,left_brow,right_cheek,10,24,12,6,-0.0009062102828251,-0.0008510038766049374,0,0.0,-0.00121913301377725,-0.0006894845797492,nominal_fixed_oof_group,gain,True,MOCK DATA / NOT A SCIENTIFIC RESULT,displacement-report-draft-v1
speaking,left_brow,right_cheek,11,24,12,6,-0.0007677648813543,-0.0007223138934335416,0,0.0,-0.0010253916359002,-0.00058933636214695,nominal_fixed_oof_group,gain,True,MOCK DATA / NOT A SCIENTIFIC RESULT,displacement-report-draft-v1
speaking,left_brow,right_cheek,12,24,12,6,-0.00059265672754105,-0.0005572594625569709,0,0.0,-0.0007932966457215,-0.00045369645706005003,nominal_fixed_oof_group,gain,True,MOCK DATA / NOT A SCIENTIFIC RESULT,displacement-report-draft-v1
speaking,left_brow,right_cheek,13,24,12,6,-0.0004242598971244,-0.0003981822373289409,0,0.0,-0.00057207412881855,-0.000321885923872,nominal_fixed_oof_group,gain,True,MOCK DATA / NOT A SCIENTIFIC RESULT,displacement-report-draft-v1
speaking,left_brow,right_cheek,14,24,12,6,-0.0002911098427111,-0.00027293628090135853,0,0.0,-0.00039412181146625,-0.00021976526098079998,nominal_fixed_oof_group,gain,True,MOCK DATA / NOT A SCIENTIFIC RESULT,displacement-report-draft-v1
speaking,left_brow,right_cheek,15,24,12,6,-0.00020154287879434998,-0.00018956212845388305,0,0.0,-0.00026945255399464995,-0.000154509631773,nominal_fixed_oof_group,gain,True,MOCK DATA / NOT A SCIENTIFIC RESULT,displacement-report-draft-v1
speaking,left_brow,right_eyelid,1,30,15,0,-0.0001633096678285,-0.0001472207074031977,8,0.26666666666666666,-0.0003144500198058,-5.846920875651231e-05,nominal_fixed_oof_group,gain,True,MOCK DATA / NOT A SCIENTIFIC RESULT,displacement-report-draft-v1
speaking,left_brow,right_eyelid,2,30,15,0,-0.00018594058543295,-0.00016410177014206776,8,0.26666666666666666,-0.0003910953090812,-4.363235916066393e-05,nominal_fixed_oof_group,gain,True,MOCK DATA / NOT A SCIENTIFIC RESULT,displacement-report-draft-v1
speaking,left_brow,right_eyelid,3,30,15,0,-0.00021037493722885002,-0.0001823333433249862,10,0.3333333333333333,-0.0004737988167468,-2.7647557691455084e-05,nominal_fixed_oof_group,gain,True,MOCK DATA / NOT A SCIENTIFIC RESULT,displacement-report-draft-v1
speaking,left_brow,right_eyelid,4,30,15,0,-0.0002341680078107,-0.0002001076783230497,10,0.3333333333333333,-0.0005541321354575,-1.222075421358857e-05,nominal_fixed_oof_group,gain,True,MOCK DATA / NOT A SCIENTIFIC RESULT,displacement-report-draft-v1
speaking,left_brow,right_eyelid,5,30,15,0,-0.00025452877884275,-0.00021539358197124667,11,0.36666666666666664,-0.0006221664181623,4.878224431278944e-07,nominal_fixed_oof_group,gain,True,MOCK DATA / NOT A SCIENTIFIC RESULT,displacement-report-draft-v1
speaking,left_brow,right_eyelid,6,30,15,0,-0.00026913276980235,-0.00022659656584390368,11,0.36666666666666664,-0.0006687196087352,8.04580683040363e-06,nominal_fixed_oof_group,gain,True,MOCK DATA / NOT A SCIENTIFIC RESULT,displacement-report-draft-v1
speaking,left_brow,right_eyelid,7,30,15,0,-0.00027717498215775,-0.000233440653394872,11,0.36666666666666664,-0.0006880170544846,7.810932624972497e-06,nominal_fixed_oof_group,gain,True,MOCK DATA / NOT A SCIENTIFIC RESULT,displacement-report-draft-v1
speaking,left_brow,right_eyelid,8,30,15,0,-0.00028036060622064997,-0.0002378244022622217,10,0.3333333333333333,-0.0006799474451535,-3.1820295879059213e-06,nominal_fixed_oof_group,gain,True,MOCK DATA / NOT A SCIENTIFIC RESULT,displacement-report-draft-v1
speaking,left_brow,right_eyelid,9,30,15,0,-0.00028325539543405003,-0.00024412019856254573,10,0.3333333333333333,-0.0006508930347536,-2.8238794148166373e-05,nominal_fixed_oof_group,gain,True,MOCK DATA / NOT A SCIENTIFIC RESULT,displacement-report-draft-v1
speaking,left_brow,right_eyelid,10,30,15,0,-0.00029221934353704996,-0.0002581590140494298,8,0.26666666666666666,-0.0006121834711839,-7.027208993996316e-05,nominal_fixed_oof_group,gain,True,MOCK DATA / NOT A SCIENTIFIC RESULT,displacement-report-draft-v1
speaking,left_brow,right_eyelid,11,30,15,0,-0.00031247711229835,-0.00028443551839448753,8,0.26666666666666666,-0.0005759009918163,-0.0001297497327609,nominal_fixed_oof_group,gain,True,MOCK DATA / NOT A SCIENTIFIC RESULT,displacement-report-draft-v1
speaking,left_brow,right_eyelid,12,30,15,0,-0.00034412541333825,-0.00032228659804735396,5,0.16666666666666666,-0.0005492801369865,-0.0002018171870659,nominal_fixed_oof_group,gain,True,MOCK DATA / NOT A SCIENTIFIC RESULT,displacement-report-draft-v1
speaking,left_brow,right_eyelid,13,30,15,0,-0.0003795311803102,-0.00036344221988493346,0,0.0,-0.0005306715322876,-0.0002746907212382,nominal_fixed_oof_group,gain,True,MOCK DATA / NOT A SCIENTIFIC RESULT,displacement-report-draft-v1
speaking,left_brow,right_eyelid,14,30,15,0,-0.00040493421189830004,-0.00039372179026855327,0,0.0,-0.0005102641590697,-0.0003318707323509,nominal_fixed_oof_group,gain,True,MOCK DATA / NOT A SCIENTIFIC RESULT,displacement-report-draft-v1
speaking,left_brow,right_eyelid,15,30,15,0,-0.00040672110946905,-0.0003993294255677466,0,0.0,-0.0004761588902213,-0.0003585546951676,nominal_fixed_oof_group,gain,True,MOCK DATA / NOT A SCIENTIFIC RESULT,displacement-report-draft-v1
speaking,left_cheek,jaw,1,30,15,0,-4.998351341551797e-05,-8.263413989556732e-05,13,0.43333333333333335,-0.00024314513169305002,8.71689035806221e-07,nominal_fixed_oof_group,gain,True,MOCK DATA / NOT A SCIENTIFIC RESULT,displacement-report-draft-v1
speaking,left_cheek,jaw,2,30,15,0,-3.211405541272712e-05,-7.643332663859159e-05,13,0.43333333333333335,-0.0002943075589922,3.6915722991803356e-05,nominal_fixed_oof_group,gain,True,MOCK DATA / NOT A SCIENTIFIC RESULT,displacement-report-draft-v1
speaking,left_cheek,jaw,3,30,15,0,-1.2857762921973227e-05,-6.976483362507297e-05,14,0.4666666666666667,-0.00034952088560850003,7.577822705772835e-05,nominal_fixed_oof_group,gain,True,MOCK DATA / NOT A SCIENTIFIC RESULT,displacement-report-draft-v1
speaking,left_cheek,jaw,4,30,15,0,5.743462964265343e-06,-6.337791383641332e-05,15,0.5,-0.00040317968613825,0.00011340392739853485,nominal_fixed_oof_group,gain,True,MOCK DATA / NOT A SCIENTIFIC RESULT,displacement-report-draft-v1
speaking,left_cheek,jaw,5,30,15,0,2.1128643787887615e-05,-5.829157116060942e-05,16,0.5333333333333333,-0.0004487225933017,0.0001448301327133707,nominal_fixed_oof_group,gain,True,MOCK DATA / NOT A SCIENTIFIC RESULT,displacement-report-draft-v1
speaking,left_cheek,jaw,6,30,15,0,3.048039913546843e-05,-5.584175410589356e-05,16,0.5333333333333333,-0.00048020281312975,0.00016493204838042807,nominal_fixed_oof_group,gain,True,MOCK DATA / NOT A SCIENTIFIC RESULT,displacement-report-draft-v1
speaking,left_cheek,jaw,7,30,15,0,3.0877444072235916e-05,-5.787616057628313e-05,16,0.5333333333333333,-0.00049419027284735,0.00016911621677826718,nominal_fixed_oof_group,gain,True,MOCK DATA / NOT A SCIENTIFIC RESULT,displacement-report-draft-v1
speaking,left_cheek,jaw,8,30,15,0,1.925256271715801e-05,-6.706959052421125e-05,16,0.5333333333333333,-0.0004914306495480501,0.00015370421196207328,nominal_fixed_oof_group,gain,True,MOCK DATA / NOT A SCIENTIFIC RESULT,displacement-report-draft-v1
speaking,left_cheek,jaw,9,30,15,0,-7.597972803405351e-06,-8.701818775190208e-05,15,0.5,-0.000477449209893,0.00011610351612212401,nominal_fixed_oof_group,gain,True,MOCK DATA / NOT A SCIENTIFIC RESULT,displacement-report-draft-v1
speaking,left_cheek,jaw,10,30,15,0,-5.2307872762109246e-05,-0.00012142924956278415,13,0.43333333333333335,-0.00046123102186455,5.5352591672146696e-05,nominal_fixed_oof_group,gain,True,MOCK DATA / NOT A SCIENTIFIC RESULT,displacement-report-draft-v1
speaking,left_cheek,jaw,11,30,15,0,-0.00011495993799145,-0.00017186700869457316,13,0.43333333333333335,-0.000451623060678,-2.6323948011719756e-05,nominal_fixed_oof_group,gain,True,MOCK DATA / NOT A SCIENTIFIC RESULT,displacement-report-draft-v1
speaking,left_cheek,jaw,12,30,15,0,-0.000190298883318,-0.00023461815454388016,10,0.3333333333333333,-0.0004524923868975,-0.00012126910491347145,nominal_fixed_oof_group,gain,True,MOCK DATA / NOT A SCIENTIFIC RESULT,displacement-report-draft-v1
speaking,left_cheek,jaw,13,30,15,0,-0.00026620502589725,-0.0002988556523772945,0,0.0,-0.0004593666441748,-0.0002153498234459,nominal_fixed_oof_group,gain,True,MOCK DATA / NOT A SCIENTIFIC RESULT,displacement-report-draft-v1
speaking,left_cheek,jaw,14,30,15,0,-0.0003259570380245,-0.00034871131057492003,0,0.0,-0.0004605716712614,-0.0002905159680686,nominal_fixed_oof_group,gain,True,MOCK DATA / NOT A SCIENTIFIC RESULT,displacement-report-draft-v1
speaking,left_cheek,jaw,15,30,15,0,-0.000354656147593,-0.00036965668856887,0,0.0,-0.00044339958324225,-0.00033129195430025,nominal_fixed_oof_group,gain,True,MOCK DATA / NOT A SCIENTIFIC RESULT,displacement-report-draft-v1
speaking,left_cheek,left_brow,1,30,15,0,-0.0001617922928817,-0.00012835585610144372,11,0.36666666666666664,-0.0002112059996159,3.46649177415813e-05,nominal_fixed_oof_group,gain,True,MOCK DATA / NOT A SCIENTIFIC RESULT,displacement-report-draft-v1
speaking,left_cheek,left_brow,2,30,15,0,-0.00019795596771725,-0.00015257005417601153,11,0.36666666666666664,-0.00026502909026105,6.871090335219257e-05,nominal_fixed_oof_group,gain,True,MOCK DATA / NOT A SCIENTIFIC RESULT,displacement-report-draft-v1
speaking,left_cheek,left_brow,3,30,15,0,-0.00025491938274075,-0.00019664271619419373,11,0.36666666666666664,-0.0003410429768636,8.748765750101004e-05,nominal_fixed_oof_group,gain,True,MOCK DATA / NOT A SCIENTIFIC RESULT,displacement-report-draft-v1
speaking,left_cheek,left_brow,4,30,15,0,-0.00034060562826915,-0.00026982069104986825,11,0.36666666666666664,-0.0004452144462463,7.52942898840361e-05,nominal_fixed_oof_group,gain,True,MOCK DATA / NOT A SCIENTIFIC RESULT,displacement-report-draft-v1
speaking,left_cheek,left_brow,5,30,15,0,-0.00045809725081429997,-0.0003767656108892923,11,0.36666666666666664,-0.0005782924088651999,1.9770268984105506e-05,nominal_fixed_oof_group,gain,True,MOCK DATA / NOT A SCIENTIFIC RESULT,displacement-report-draft-v1
speaking,left_cheek,left_brow,6,30,15,0,-0.0005984277189285501,-0.0005100280301398944,8,0.26666666666666666,-0.00072906832294695,-7.903157652504713e-05,nominal_fixed_oof_group,gain,True,MOCK DATA / NOT A SCIENTIFIC RESULT,displacement-report-draft-v1
speaking,left_cheek,left_brow,7,30,15,0,-0.0007364816067650501,-0.0006455919482568462,8,0.26666666666666666,-0.0008708019878574001,-0.00020245554105799998,nominal_fixed_oof_group,gain,True,MOCK DATA / NOT A SCIENTIFIC RESULT,displacement-report-draft-v1
speaking,left_cheek,left_brow,8,30,15,0,-0.0008359767143671,-0.0007475770255783896,5,0.16666666666666666,-0.0009666173183855,-0.0003165805719635,nominal_fixed_oof_group,gain,True,MOCK DATA / NOT A SCIENTIFIC RESULT,displacement-report-draft-v1
speaking,left_cheek,left_brow,9,30,15,0,-0.0008643399990394,-0.0007830083591143743,0,0.0,-0.0009845351570903,-0.00038647247924095,nominal_fixed_oof_group,gain,True,MOCK DATA / NOT A SCIENTIFIC RESULT,displacement-report-draft-v1
speaking,left_cheek,left_brow,10,30,15,0,-0.0008096247643178,-0.0007388398270985219,0,0.0,-0.000914233582295,-0.0003937248461646,nominal_fixed_oof_group,gain,True,MOCK DATA / NOT A SCIENTIFIC RESULT,displacement-report-draft-v1
speaking,left_cheek,left_brow,11,30,15,0,-0.0006876920492317,-0.0006294153826851246,0,0.0,-0.0007738156433545499,-0.0003452850089899,nominal_fixed_oof_group,gain,True,MOCK DATA / NOT A SCIENTIFIC RESULT,displacement-report-draft-v1
speaking,left_cheek,left_brow,12,30,15,0,-0.0005340784232666,-0.0004886925097253519,0,0.0,-0.0006011515458104,-0.00026741155219715004,nominal_fixed_oof_group,gain,True,MOCK DATA / NOT A SCIENTIFIC RESULT,displacement-report-draft-v1
speaking,left_cheek,left_brow,13,30,15,0,-0.0003864452609524,-0.00035300882417212376,0,0.0,-0.0004358589676866,-0.0001899880503291,nominal_fixed_oof_group,gain,True,MOCK DATA / NOT A SCIENTIFIC RESULT,displacement-report-draft-v1
speaking,left_cheek,left_brow,14,30,15,0,-0.0002695702526659,-0.00024626834769091735,0,0.0,-0.00030400674200684995,-0.00013265891598,nominal_fixed_oof_group,gain,True,MOCK DATA / NOT A SCIENTIFIC RESULT,displacement-report-draft-v1
speaking,left_cheek,left_brow,15,30,15,0,-0.0001907177008041,-0.00017535613828348375,0,0.0,-0.0002134196337391,-0.00010046018492566245,nominal_fixed_oof_group,gain,True,MOCK DATA / NOT A SCIENTIFIC RESULT,displacement-report-draft-v1
speaking,left_cheek,left_eyelid,1,30,15,0,-1.885812750389076e-05,-4.8081373121075536e-05,14,0.4666666666666667,-0.00012090831819894999,0.00010964288663784999,nominal_fixed_oof_group,gain,True,MOCK DATA / NOT A SCIENTIFIC RESULT,displacement-report-draft-v1
speaking,left_cheek,left_eyelid,2,30,15,0,1.4535811312773022e-05,-2.513120547172413e-05,16,0.5333333333333333,-0.00012398496355904998,0.00018896037563255,nominal_fixed_oof_group,gain,True,MOCK DATA / NOT A SCIENTIFIC RESULT,displacement-report-draft-v1
speaking,left_cheek,left_eyelid,3,30,15,0,5.616410469115596e-05,5.230646935680137e-06,16,0.5333333333333333,-0.0001217000909836,0.0002801296785724,nominal_fixed_oof_group,gain,True,MOCK DATA / NOT A SCIENTIFIC RESULT,displacement-report-draft-v1
speaking,left_cheek,left_eyelid,4,30,15,0,0.0001060514044373,4.41857929802624e-05,16,0.5333333333333333,-0.0001099888509595,0.00037808805351025,nominal_fixed_oof_group,gain,True,MOCK DATA / NOT A SCIENTIFIC RESULT,displacement-report-draft-v1
speaking,left_cheek,left_eyelid,5,30,15,0,0.00016223895500884998,9.115558851276785e-05,18,0.6,-8.599052645275008e-05,0.00047480809270915,nominal_fixed_oof_group,gain,True,MOCK DATA / NOT A SCIENTIFIC RESULT,displacement-report-draft-v1
speaking,left_cheek,left_eyelid,6,30,15,0,0.0002191212751584,0.00014186047626019263,18,0.6,-5.068035345278006e-05,0.0005588539366802,nominal_fixed_oof_group,gain,True,MOCK DATA / NOT A SCIENTIFIC RESULT,displacement-report-draft-v1
speaking,left_cheek,left_eyelid,7,30,15,0,0.0002668242135841,0.00018738719605433923,18,0.6,-1.0576965373161606e-05,0.00061612618526435,nominal_fixed_oof_group,gain,True,MOCK DATA / NOT A SCIENTIFIC RESULT,displacement-report-draft-v1
speaking,left_cheek,left_eyelid,8,30,15,0,0.00029327801694190004,0.0002160172180436802,20,0.6666666666666666,2.347638833070237e-05,0.0006330106784637,nominal_fixed_oof_group,gain,True,MOCK DATA / NOT A SCIENTIFIC RESULT,displacement-report-draft-v1
speaking,left_cheek,left_eyelid,9,30,15,0,0.000289057586786,0.00021797422028988343,20,0.6666666666666666,4.082810532436915e-05,0.0006016267244862499,nominal_fixed_oof_group,gain,True,MOCK DATA / NOT A SCIENTIFIC RESULT,displacement-report-draft-v1
speaking,left_cheek,left_eyelid,10,30,15,0,0.00025246722446325,0.00019060161300621392,20,0.6666666666666666,3.642696906641261e-05,0.0005245038735362,nominal_fixed_oof_group,gain,True,MOCK DATA / NOT A SCIENTIFIC RESULT,displacement-report-draft-v1
speaking,left_cheek,left_eyelid,11,30,15,0,0.00019126470076255,0.0001403312430071192,20,0.6666666666666666,1.340050508783202e-05,0.00041523027464385003,nominal_fixed_oof_group,gain,True,MOCK DATA / NOT A SCIENTIFIC RESULT,displacement-report-draft-v1
speaking,left_cheek,left_eyelid,12,30,15,0,0.0001194646749259,7.979765814140126e-05,18,0.6,-1.9056099945978077e-05,0.00029388923924564996,nominal_fixed_oof_group,gain,True,MOCK DATA / NOT A SCIENTIFIC RESULT,displacement-report-draft-v1
speaking,left_cheek,left_eyelid,13,30,15,0,5.127280322624441e-05,2.2049557609048147e-05,16,0.5333333333333333,-5.0777387468873506e-05,0.00017977381736799999,nominal_fixed_oof_group,gain,True,MOCK DATA / NOT A SCIENTIFIC RESULT,displacement-report-draft-v1
speaking,left_cheek,left_eyelid,14,30,15,0,-3.959807900550706e-06,-2.432553337865901e-05,14,0.4666666666666667,-7.507874506143585e-05,8.559274940102973e-05,nominal_fixed_oof_group,gain,True,MOCK DATA / NOT A SCIENTIFIC RESULT,displacement-report-draft-v1
speaking,left_cheek,left_eyelid,15,30,15,0,-4.3263888812189195e-05,-5.668980251085336e-05,11,0.36666666666666664,-9.014838176531767e-05,1.5772795499365434e-05,nominal_fixed_oof_group,gain,True,MOCK DATA / NOT A SCIENTIFIC RESULT,displacement-report-draft-v1
speaking,left_cheek,mouth,1,30,15,0,-0.00014868036977865,-0.00012495382430169073,10,0.3333333333333333,-0.0002264389675097,5.2028654577377514e-06,nominal_fixed_oof_group,gain,True,MOCK DATA / NOT A SCIENTIFIC RESULT,displacement-report-draft-v1
speaking,left_cheek,mouth,2,30,15,0,-0.00016168216018745002,-0.0001294762481542168,12,0.4,-0.00026723003949354995,4.719569530249818e-05,nominal_fixed_oof_group,gain,True,MOCK DATA / NOT A SCIENTIFIC RESULT,displacement-report-draft-v1
speaking,left_cheek,mouth,3,30,15,0,-0.00017010424959225,-0.00012875103997402062,12,0.4,-0.00030563040929885,9.81002258399873e-05,nominal_fixed_oof_group,gain,True,MOCK DATA / NOT A SCIENTIFIC RESULT,displacement-report-draft-v1
speaking,left_cheek,mouth,4,30,15,0,-0.000168782284615,-0.0001185531874461451,13,0.43333333333333335,-0.00033339723730345004,0.00015698852693678866,nominal_fixed_oof_group,gain,True,MOCK DATA / NOT A SCIENTIFIC RESULT,displacement-report-draft-v1
speaking,left_cheek,mouth,5,30,15,0,-0.00015354397163285,-9.583091847239725e-05,13,0.43333333333333335,-0.00034268596404355,0.00022076552674415,nominal_fixed_oof_group,gain,True,MOCK DATA / NOT A SCIENTIFIC RESULT,displacement-report-draft-v1
speaking,left_cheek,mouth,6,30,15,0,-0.0001241044665781593,-6.137591538782771e-05,13,0.43333333333333335,-0.00032968366406385,0.00028273404298205,nominal_fixed_oof_group,gain,True,MOCK DATA / NOT A SCIENTIFIC RESULT,displacement-report-draft-v1
speaking,left_cheek,mouth,7,30,15,0,-8.606922852116662e-05,-2.1573791099029246e-05,13,0.43333333333333335,-0.0002974390117399,0.0003322287735264,nominal_fixed_oof_group,gain,True,MOCK DATA / NOT A SCIENTIFIC RESULT,displacement-report-draft-v1
speaking,left_cheek,mouth,8,30,15,0,-4.9947724794698056e-05,1.2780826395662126e-05,14,0.4666666666666667,-0.00025552692228035,0.00035689078476554997,nominal_fixed_oof_group,gain,True,MOCK DATA / NOT A SCIENTIFIC RESULT,displacement-report-draft-v1
speaking,left_cheek,mouth,9,30,15,0,-2.6725339855767673e-05,3.098771330471116e-05,15,0.5,-0.00021586733226645,0.0003475841585213,nominal_fixed_oof_group,gain,True,MOCK DATA / NOT A SCIENTIFIC RESULT,displacement-report-draft-v1
speaking,left_cheek,mouth,10,30,15,0,-2.236646458908965e-05,2.7862632579815022e-05,15,0.5,-0.00018698141727745002,0.00030340434696275,nominal_fixed_oof_group,gain,True,MOCK DATA / NOT A SCIENTIFIC RESULT,displacement-report-draft-v1
speaking,left_cheek,mouth,11,30,15,0,-3.500365352086636e-05,6.349556097426529e-06,14,0.4666666666666667,-0.0001705298132274,0.00023320082191145,nominal_fixed_oof_group,gain,True,MOCK DATA / NOT A SCIENTIFIC RESULT,displacement-report-draft-v1
speaking,left_cheek,mouth,12,30,15,0,-5.675329657434331e-05,-2.454738454110313e-05,13,0.43333333333333335,-0.00016230117588045,0.0001521245589156,nominal_fixed_oof_group,gain,True,MOCK DATA / NOT A SCIENTIFIC RESULT,displacement-report-draft-v1
speaking,left_cheek,mouth,13,30,15,0,-7.854943904853041e-05,-5.48228935715484e-05,13,0.43333333333333335,-0.00015630803677949999,7.53337961878353e-05,nominal_fixed_oof_group,gain,True,MOCK DATA / NOT A SCIENTIFIC RESULT,displacement-report-draft-v1
speaking,left_cheek,mouth,14,30,15,0,-9.443313114996544e-05,-7.789806457803734e-05,10,0.3333333333333333,-0.00014862321926325,1.2808335645392993e-05,nominal_fixed_oof_group,gain,True,MOCK DATA / NOT A SCIENTIFIC RESULT,displacement-report-draft-v1
speaking,left_cheek,mouth,15,30,15,0,-0.00010290757944743038,-9.200699174016234e-05,7,0.23333333333333334,-0.00013863188728589998,-3.220964729367098e-05,nominal_fixed_oof_group,gain,True,MOCK DATA / NOT A SCIENTIFIC RESULT,displacement-report-draft-v1
speaking,left_cheek,right_brow,1,30,15,0,-5.268109542866167e-05,-7.578753038906453e-05,14,0.4666666666666667,-0.0002064158004407,2.7364496069024608e-05,nominal_fixed_oof_group,gain,True,MOCK DATA / NOT A SCIENTIFIC RESULT,displacement-report-draft-v1
speaking,left_cheek,right_brow,2,30,15,0,-4.185313672829243e-05,-7.321732383504595e-05,14,0.4666666666666667,-0.0002505293804268,6.679905964500094e-05,nominal_fixed_oof_group,gain,True,MOCK DATA / NOT A SCIENTIFIC RESULT,displacement-report-draft-v1
speaking,left_cheek,right_brow,3,30,15,0,-3.792721392152122e-05,-7.819962734034723e-05,14,0.4666666666666667,-0.00030587281468935,0.0001015849678007,nominal_fixed_oof_group,gain,True,MOCK DATA / NOT A SCIENTIFIC RESULT,displacement-report-draft-v1
speaking,left_cheek,right_brow,4,30,15,0,-4.725636503600042e-05,-9.617268823102618e-05,14,0.4666666666666667,-0.00037271273810055,0.0001222001534943,nominal_fixed_oof_group,gain,True,MOCK DATA / NOT A SCIENTIFIC RESULT,displacement-report-draft-v1
speaking,left_cheek,right_brow,5,30,15,0,-7.466766707529777e-05,-0.00013087234763081655,14,0.4666666666666667,-0.00044861587675405003,0.0001200372671871,nominal_fixed_oof_group,gain,True,MOCK DATA / NOT A SCIENTIFIC RESULT,displacement-report-draft-v1
speaking,left_cheek,right_brow,6,30,15,0,-0.00011964568647607463,-0.00018073478137391386,14,0.4666666666666667,-0.00052609150988715,9.197989503553338e-05,nominal_fixed_oof_group,gain,True,MOCK DATA / NOT A SCIENTIFIC RESULT,displacement-report-draft-v1
speaking,left_cheek,right_brow,7,30,15,0,-0.0001737740587927,-0.000236583861066068,14,0.4666666666666667,-0.00059166831383065,4.3812418023688425e-05,nominal_fixed_oof_group,gain,True,MOCK DATA / NOT A SCIENTIFIC RESULT,displacement-report-draft-v1
speaking,left_cheek,right_brow,8,30,15,0,-0.00022226820809555,-0.0002833573029933997,13,0.43333333333333335,-0.00062871403150665,-1.0642626583947865e-05,nominal_fixed_oof_group,gain,True,MOCK DATA / NOT A SCIENTIFIC RESULT,displacement-report-draft-v1
speaking,left_cheek,right_brow,9,30,15,0,-0.0002501668525613,-0.00030637153311686375,12,0.4,-0.0006241150622401501,-5.546191829890364e-05,nominal_fixed_oof_group,gain,True,MOCK DATA / NOT A SCIENTIFIC RESULT,displacement-report-draft-v1
speaking,left_cheek,right_brow,10,30,15,0,-0.00024987530829965,-0.00029879163149471255,10,0.3333333333333333,-0.00057533168136425,-8.041878976932249e-05,nominal_fixed_oof_group,gain,True,MOCK DATA / NOT A SCIENTIFIC RESULT,displacement-report-draft-v1
speaking,left_cheek,right_brow,11,30,15,0,-0.0002248874754932,-0.00026515988891206754,10,0.3333333333333333,-0.0004928330762611,-8.537529377100183e-05,nominal_fixed_oof_group,gain,True,MOCK DATA / NOT A SCIENTIFIC RESULT,displacement-report-draft-v1
speaking,left_cheek,right_brow,12,30,15,0,-0.000187059955632,-0.0002184241427387795,10,0.3333333333333333,-0.00039573619933055,-7.840775925874871e-05,nominal_fixed_oof_group,gain,True,MOCK DATA / NOT A SCIENTIFIC RESULT,displacement-report-draft-v1
speaking,left_cheek,right_brow,13,30,15,0,-0.0001497324596331,-0.00017283889459354041,10,0.3333333333333333,-0.0003034671646452,-6.968686813547346e-05,nominal_fixed_oof_group,gain,True,MOCK DATA / NOT A SCIENTIFIC RESULT,displacement-report-draft-v1
speaking,left_cheek,right_brow,14,30,15,0,-0.00012167517383950001,-0.0001377780844246894,8,0.26666666666666666,-0.00022881312968975,-6.589127620102407e-05,nominal_fixed_oof_group,gain,True,MOCK DATA / NOT A SCIENTIFIC RESULT,displacement-report-draft-v1
speaking,left_cheek,right_brow,15,30,15,0,-0.0001051868384725221,-0.00011580253139471568,3,0.1,-0.0001758165320056,-6.84118266382587e-05,nominal_fixed_oof_group,gain,True,MOCK DATA / NOT A SCIENTIFIC RESULT,displacement-report-draft-v1
speaking,left_cheek,right_cheek,1,24,12,6,-2.459827198779234e-05,-2.025673259195739e-06,12,0.5,-0.00018478354632275,7.732385668584395e-05,nominal_fixed_oof_group,gain,True,MOCK DATA / NOT A SCIENTIFIC RESULT,displacement-report-draft-v1
speaking,left_cheek,right_cheek,2,24,12,6,5.211830202798625e-05,8.275787110139836e-05,14,0.5833333333333334,-0.0001653138083169,0.00019046524821495,nominal_fixed_oof_group,gain,True,MOCK DATA / NOT A SCIENTIFIC RESULT,displacement-report-draft-v1
speaking,left_cheek,right_cheek,3,24,12,6,0.00015348740303195,0.00019282938847857973,15,0.625,-0.00012570095305497757,0.00033112839825715,nominal_fixed_oof_group,gain,True,MOCK DATA / NOT A SCIENTIFIC RESULT,displacement-report-draft-v1
speaking,left_cheek,right_cheek,4,24,12,6,0.0002596734405758,0.00030745963245927424,16,0.6666666666666666,-7.943878785235934e-05,0.0004754425886712,nominal_fixed_oof_group,gain,True,MOCK DATA / NOT A SCIENTIFIC RESULT,displacement-report-draft-v1
speaking,left_cheek,right_cheek,5,24,12,6,0.00033987682575225,0.0003947829894691208,17,0.7083333333333334,-4.976191294209253e-05,0.00058779480589325,nominal_fixed_oof_group,gain,True,MOCK DATA / NOT A SCIENTIFIC RESULT,displacement-report-draft-v1
speaking,left_cheek,right_cheek,6,24,12,6,0.0003655346184134,0.00042521235010095935,17,0.7083333333333334,-5.796530452381265e-05,0.0006349976749778,nominal_fixed_oof_group,gain,True,MOCK DATA / NOT A SCIENTIFIC RESULT,displacement-report-draft-v1
speaking,left_cheek,right_cheek,7,24,12,6,0.0003256556300835,0.0003870143150285327,15,0.625,-0.00010977309032796128,0.0006027087003749999,nominal_fixed_oof_group,gain,True,MOCK DATA / NOT A SCIENTIFIC RESULT,displacement-report-draft-v1
speaking,left_cheek,right_cheek,8,24,12,6,0.00023346478377695,0.0002931425154645059,15,0.625,-0.00019003513916019998,0.00050292784034135,nominal_fixed_oof_group,gain,True,MOCK DATA / NOT A SCIENTIFIC RESULT,displacement-report-draft-v1
speaking,left_cheek,right_cheek,9,24,12,6,0.00011918434275873207,0.00017409050647561872,14,0.5833333333333334,-0.00027045439593555,0.0003671023228997,nominal_fixed_oof_group,gain,True,MOCK DATA / NOT A SCIENTIFIC RESULT,displacement-report-draft-v1
speaking,left_cheek,right_cheek,10,24,12,6,1.4327573502414571e-05,6.21137653858434e-05,12,0.5,-0.0003247846549258,0.00023009672159775,nominal_fixed_oof_group,gain,True,MOCK DATA / NOT A SCIENTIFIC RESULT,displacement-report-draft-v1
speaking,left_cheek,right_cheek,11,24,12,6,-6.155758158607754e-05,-2.2215596139475566e-05,11,0.4583333333333333,-0.00034074593767305004,0.00011608341363915394,nominal_fixed_oof_group,gain,True,MOCK DATA / NOT A SCIENTIFIC RESULT,displacement-report-draft-v1
speaking,left_cheek,right_cheek,12,24,12,6,-0.00010459888388389708,-7.395931481049207e-05,9,0.375,-0.00032203099422880004,3.3748062303090316e-05,nominal_fixed_oof_group,gain,True,MOCK DATA / NOT A SCIENTIFIC RESULT,displacement-report-draft-v1
speaking,left_cheek,right_cheek,13,24,12,6,-0.00012182444291862368,-9.925184419002854e-05,9,0.375,-0.00028200971725355,-1.9902314244949967e-05,nominal_fixed_oof_group,gain,True,MOCK DATA / NOT A SCIENTIFIC RESULT,displacement-report-draft-v1
speaking,left_cheek,right_cheek,14,24,12,6,-0.00012373487760615,-0.0001080039983241507,6,0.25,-0.0002353682452847,-5.270518706795369e-05,nominal_fixed_oof_group,gain,True,MOCK DATA / NOT A SCIENTIFIC RESULT,displacement-report-draft-v1
speaking,left_cheek,right_cheek,15,24,12,6,-0.00011907694136275001,-0.00010870650659127488,4,0.16666666666666666,-0.00019267019302255,-7.225128340941633e-05,nominal_fixed_oof_group,gain,True,MOCK DATA / NOT A SCIENTIFIC RESULT,displacement-report-draft-v1
speaking,left_cheek,right_eyelid,1,30,15,0,-3.95123166612092e-05,-6.62291936184872e-05,15,0.5,-0.00019921495515,1.061721006527343e-05,nominal_fixed_oof_group,gain,True,MOCK DATA / NOT A SCIENTIFIC RESULT,displacement-report-draft-v1
speaking,left_cheek,right_eyelid,2,30,15,0,-4.814030007545614e-06,-4.1078954875095317e-05,15,0.5,-0.00022159102064190001,6.323073148495079e-05,nominal_fixed_oof_group,gain,True,MOCK DATA / NOT A SCIENTIFIC RESULT,displacement-report-draft-v1
speaking,left_cheek,right_eyelid,3,30,15,0,4.929475496832897e-05,2.7296697041405538e-06,15,0.5,-0.00022905241075925,0.0001366659581971,nominal_fixed_oof_group,gain,True,MOCK DATA / NOT A SCIENTIFIC RESULT,displacement-report-draft-v1
speaking,left_cheek,right_eyelid,4,30,15,0,0.00013005295961752137,7.349333065516192e-05,17,0.5666666666666667,-0.00020803752871624998,0.00023617716853025,nominal_fixed_oof_group,gain,True,MOCK DATA / NOT A SCIENTIFIC RESULT,displacement-report-draft-v1
speaking,left_cheek,right_eyelid,5,30,15,0,0.00024017892634935,0.00017519211477946348,18,0.6,-0.00014828583662755001,0.0003621152631702,nominal_fixed_oof_group,gain,True,MOCK DATA / NOT A SCIENTIFIC RESULT,displacement-report-draft-v1
speaking,left_cheek,right_eyelid,6,30,15,0,0.00037120263544625004,0.00030056820678542724,18,0.6,-5.102128852974052e-05,0.0005037357337206001,nominal_fixed_oof_group,gain,True,MOCK DATA / NOT A SCIENTIFIC RESULT,displacement-report-draft-v1
speaking,left_cheek,right_eyelid,7,30,15,0,0.00049968957586205,0.0004270655747159215,21,0.7,6.557279570097198e-05,0.0006359557574319001,nominal_fixed_oof_group,gain,True,MOCK DATA / NOT A SCIENTIFIC RESULT,displacement-report-draft-v1
speaking,left_cheek,right_eyelid,8,30,15,0,0.00059189511843975,0.0005212606897789374,21,0.7,0.0001696711944637,0.0007244282167141001,nominal_fixed_oof_group,gain,True,MOCK DATA / NOT A SCIENTIFIC RESULT,displacement-report-draft-v1
speaking,left_cheek,right_eyelid,9,30,15,0,0.00061759462805925,0.0005526078164893465,24,0.8,0.00022912986508225,0.0007395309648801,nominal_fixed_oof_group,gain,True,MOCK DATA / NOT A SCIENTIFIC RESULT,displacement-report-draft-v1
speaking,left_cheek,right_eyelid,10,30,15,0,0.0005657904272291,0.000509230798266711,24,0.8,0.00022769993889514998,0.0006719146361418499,nominal_fixed_oof_group,gain,True,MOCK DATA / NOT A SCIENTIFIC RESULT,displacement-report-draft-v1
speaking,left_cheek,right_eyelid,11,30,15,0,0.0004513578079537,0.0004047927226894559,24,0.8,0.000173010642226,0.0005387290111825,nominal_fixed_oof_group,gain,True,MOCK DATA / NOT A SCIENTIFIC RESULT,displacement-report-draft-v1
speaking,left_cheek,right_eyelid,12,30,15,0,0.00030745712554130003,0.00027119220067377985,21,0.7,9.068013490695333e-05,0.0003755018870338,nominal_fixed_oof_group,gain,True,MOCK DATA / NOT A SCIENTIFIC RESULT,displacement-report-draft-v1
speaking,left_cheek,right_eyelid,13,30,15,0,0.0001691992430061,0.00014248236604884944,21,0.7,9.496604517327152e-06,0.0002193287697326,nominal_fixed_oof_group,gain,True,MOCK DATA / NOT A SCIENTIFIC RESULT,displacement-report-draft-v1
speaking,left_cheek,right_eyelid,14,30,15,0,5.968410487664465e-05,4.106507162920203e-05,18,0.6,-5.16129131274295e-05,9.461945028733256e-05,nominal_fixed_oof_group,gain,True,MOCK DATA / NOT A SCIENTIFIC RESULT,displacement-report-draft-v1
speaking,left_cheek,right_eyelid,15,30,15,0,-1.4304526262426571e-05,-2.6578949474176672e-05,15,0.5,-8.767604255086395e-05,8.72627286241769e-06,nominal_fixed_oof_group,gain,True,MOCK DATA / NOT A SCIENTIFIC RESULT,displacement-report-draft-v1
speaking,left_eyelid,jaw,1,30,15,0,-0.00019601163356575,-0.000161959241720625,8,0.26666666666666666,-0.00031596606930115,-9.413800991192774e-05,nominal_fixed_oof_group,gain,True,MOCK DATA / NOT A SCIENTIFIC RESULT,displacement-report-draft-v1
speaking,left_eyelid,jaw,2,30,15,0,-0.00024665972415625003,-0.0002004377262109575,8,0.26666666666666666,-0.0004094833433402,-0.00010837861765935,nominal_fixed_oof_group,gain,True,MOCK DATA / NOT A SCIENTIFIC RESULT,displacement-report-draft-v1
speaking,left_eyelid,jaw,3,30,15,0,-0.00032212359049424997,-0.0002627733703224134,8,0.26666666666666666,-0.0005311932559635001,-0.00014456713510455,nominal_fixed_oof_group,gain,True,MOCK DATA / NOT A SCIENTIFIC RESULT,displacement-report-draft-v1
speaking,left_eyelid,jaw,4,30,15,0,-0.00043063236215820004,-0.0003585434480563916,7,0.23333333333333334,-0.0006845759046028501,-0.0002149658991906,nominal_fixed_oof_group,gain,True,MOCK DATA / NOT A SCIENTIFIC RESULT,displacement-report-draft-v1
speaking,left_eyelid,jaw,5,30,15,0,-0.0005746136224534,-0.00049178371774996,6,0.2,-0.0008663938452909,-0.00032681362715729996,nominal_fixed_oof_group,gain,True,MOCK DATA / NOT A SCIENTIFIC RESULT,displacement-report-draft-v1
speaking,left_eyelid,jaw,6,30,15,0,-0.00074256117392595,-0.0006525330150823389,5,0.16666666666666666,-0.00105969827969825,-0.00047322635556725,nominal_fixed_oof_group,gain,True,MOCK DATA / NOT A SCIENTIFIC RESULT,displacement-report-draft-v1
speaking,left_eyelid,jaw,7,30,15,0,-0.00090453730488485,-0.0008119733069167034,3,0.1,-0.0012306072677875498,-0.0006276160849073499,nominal_fixed_oof_group,gain,True,MOCK DATA / NOT A SCIENTIFIC RESULT,displacement-report-draft-v1
speaking,left_eyelid,jaw,8,30,15,0,-0.00101815646556695,-0.0009281283067232806,0,0.0,-0.0013352935713392,-0.0007488216472082,nominal_fixed_oof_group,gain,True,MOCK DATA / NOT A SCIENTIFIC RESULT,displacement-report-draft-v1
speaking,left_eyelid,jaw,9,30,15,0,-0.0010459209772475,-0.0009630910725440034,0,0.0,-0.00133770120008495,-0.0007981209819513,nominal_fixed_oof_group,gain,True,MOCK DATA / NOT A SCIENTIFIC RESULT,displacement-report-draft-v1
speaking,left_eyelid,jaw,10,30,15,0,-0.0009747704897302,-0.00090268157562832,0,0.0,-0.0012287140321748501,-0.00075910402676255,nominal_fixed_oof_group,gain,True,MOCK DATA / NOT A SCIENTIFIC RESULT,displacement-report-draft-v1
speaking,left_eyelid,jaw,11,30,15,0,-0.0008242099454192,-0.0007648597252472901,0,0.0,-0.0010332796108884,-0.00064665349002945,nominal_fixed_oof_group,gain,True,MOCK DATA / NOT A SCIENTIFIC RESULT,displacement-report-draft-v1
speaking,left_eyelid,jaw,12,30,15,0,-0.00063661618763525,-0.0005903941896899466,0,0.0,-0.0007994398068192,-0.0004983350811384,nominal_fixed_oof_group,gain,True,MOCK DATA / NOT A SCIENTIFIC RESULT,displacement-report-draft-v1
speaking,left_eyelid,jaw,13,30,15,0,-0.00045664544571535003,-0.00042259305387020406,0,0.0,-0.00057659988145075,-0.00035477182206149996,nominal_fixed_oof_group,gain,True,MOCK DATA / NOT A SCIENTIFIC RESULT,displacement-report-draft-v1
speaking,left_eyelid,jaw,14,30,15,0,-0.00031367938206695,-0.00028994821704590815,0,0.0,-0.0003972758155388,-0.0002426834947526,nominal_fixed_oof_group,gain,True,MOCK DATA / NOT A SCIENTIFIC RESULT,displacement-report-draft-v1
speaking,left_eyelid,jaw,15,30,15,0,-0.00021642163614255,-0.00020077708795873163,0,0.0,-0.00027153180162705,-0.00016961826264785,nominal_fixed_oof_group,gain,True,MOCK DATA / NOT A SCIENTIFIC RESULT,displacement-report-draft-v1
speaking,left_eyelid,left_brow,1,30,15,0,-0.0001739188271133,-0.0001307659122537904,10,0.3333333333333333,-0.00024220072537515,-2.2222289231385063e-05,nominal_fixed_oof_group,gain,True,MOCK DATA / NOT A SCIENTIFIC RESULT,displacement-report-draft-v1
speaking,left_eyelid,left_brow,2,30,15,0,-0.00019594030946439999,-0.00013736545366443157,11,0.36666666666666664,-0.0002886247169361,9.969369191376552e-06,nominal_fixed_oof_group,gain,True,MOCK DATA / NOT A SCIENTIFIC RESULT,displacement-report-draft-v1
speaking,left_eyelid,left_brow,3,30,15,0,-0.0002140925839926,-0.00013888098036660167,11,0.36666666666666664,-0.0003331017189169,5.0300676943419644e-05,nominal_fixed_oof_group,gain,True,MOCK DATA / NOT A SCIENTIFIC RESULT,displacement-report-draft-v1
speaking,left_eyelid,left_brow,4,30,15,0,-0.00022221209921185,-0.00013085737773729832,11,0.36666666666666664,-0.00036676487896649995,9.892947400432269e-05,nominal_fixed_oof_group,gain,True,MOCK DATA / NOT A SCIENTIFIC RESULT,displacement-report-draft-v1
speaking,left_eyelid,left_brow,5,30,15,0,-0.00021493463768075001,-0.00010996838914965758,13,0.43333333333333335,-0.00038102526507985,0.00015405588239058915,nominal_fixed_oof_group,gain,True,MOCK DATA / NOT A SCIENTIFIC RESULT,displacement-report-draft-v1
speaking,left_eyelid,left_brow,6,30,15,0,-0.00019083023010840001,-7.674198951691962e-05,13,0.43333333333333335,-0.00037135480561599997,0.000210227060392069,nominal_fixed_oof_group,gain,True,MOCK DATA / NOT A SCIENTIFIC RESULT,displacement-report-draft-v1
speaking,left_eyelid,left_brow,7,30,15,0,-0.00015467446847245,-3.7372684164638775e-05,13,0.43333333333333335,-0.0003402839117302,0.00025767947389225,nominal_fixed_oof_group,gain,True,MOCK DATA / NOT A SCIENTIFIC RESULT,displacement-report-draft-v1
speaking,left_eyelid,left_brow,8,30,15,0,-0.00011667348832495,-2.5852477334382333e-06,14,0.4666666666666667,-0.0002971980638325,0.00028438380217555,nominal_fixed_oof_group,gain,True,MOCK DATA / NOT A SCIENTIFIC RESULT,displacement-report-draft-v1
speaking,left_eyelid,left_brow,9,30,15,0,-8.811600590367822e-05,1.685024262745355e-05,14,0.4666666666666667,-0.0002542066333027,0.00028087451416765,nominal_fixed_oof_group,gain,True,MOCK DATA / NOT A SCIENTIFIC RESULT,displacement-report-draft-v1
speaking,left_eyelid,left_brow,10,30,15,0,-7.579627918596768e-05,1.5558442288651107e-05,14,0.4666666666666667,-0.0002203490589405,0.0002453452940303,nominal_fixed_oof_group,gain,True,MOCK DATA / NOT A SCIENTIFIC RESULT,displacement-report-draft-v1
speaking,left_eyelid,left_brow,11,30,15,0,-7.89919879211733e-05,-3.7803842951469375e-06,14,0.4666666666666667,-0.00019800112284539998,0.00018540127301485,nominal_fixed_oof_group,gain,True,MOCK DATA / NOT A SCIENTIFIC RESULT,displacement-report-draft-v1
speaking,left_eyelid,left_brow,12,30,15,0,-9.101144585130965e-05,-3.243659005129906e-05,13,0.43333333333333335,-0.00018369585332295,0.0001148982328044684,nominal_fixed_oof_group,gain,True,MOCK DATA / NOT A SCIENTIFIC RESULT,displacement-report-draft-v1
speaking,left_eyelid,left_brow,13,30,15,0,-0.0001037878963832,-6.063498152365961e-05,12,0.4,-0.00017206979464499998,4.7908641498750966e-05,nominal_fixed_oof_group,gain,True,MOCK DATA / NOT A SCIENTIFIC RESULT,displacement-report-draft-v1
speaking,left_eyelid,left_brow,14,30,15,0,-0.00011202185145509999,-8.194851774254564e-05,10,0.3333333333333333,-0.00015960761291845002,-6.3042974587463815e-06,nominal_fixed_oof_group,gain,True,MOCK DATA / NOT A SCIENTIFIC RESULT,displacement-report-draft-v1
speaking,left_eyelid,left_brow,15,30,15,0,-0.0001145027785058,-9.467721503692445e-05,7,0.23333333333333334,-0.0001458732458815,-4.480947158603263e-05,nominal_fixed_oof_group,gain,True,MOCK DATA / NOT A SCIENTIFIC RESULT,displacement-report-draft-v1
speaking,left_eyelid,left_cheek,1,30,15,0,-1.8858127503890328e-05,-4.808137312107556e-05,14,0.4666666666666667,-0.00012090831819894999,0.00010964288663784999,nominal_fixed_oof_group,gain,True,MOCK DATA / NOT A SCIENTIFIC RESULT,displacement-report-draft-v1
speaking,left_eyelid,left_cheek,2,30,15,0,1.4535811312774757e-05,-2.51312054717241e-05,16,0.5333333333333333,-0.00012398496355904998,0.00018896037563255,nominal_fixed_oof_group,gain,True,MOCK DATA / NOT A SCIENTIFIC RESULT,displacement-report-draft-v1
speaking,left_eyelid,left_cheek,3,30,15,0,5.616410469115726e-05,5.230646935680253e-06,16,0.5333333333333333,-0.0001217000909836,0.0002801296785724,nominal_fixed_oof_group,gain,True,MOCK DATA / NOT A SCIENTIFIC RESULT,displacement-report-draft-v1
speaking,left_eyelid,left_cheek,4,30,15,0,0.0001060514044373,4.418579298026571e-05,16,0.5333333333333333,-0.0001099888509595,0.00037808805351025,nominal_fixed_oof_group,gain,True,MOCK DATA / NOT A SCIENTIFIC RESULT,displacement-report-draft-v1
speaking,left_eyelid,left_cheek,5,30,15,0,0.00016223895500884998,9.115558851276782e-05,18,0.6,-8.599052645275008e-05,0.00047480809270915,nominal_fixed_oof_group,gain,True,MOCK DATA / NOT A SCIENTIFIC RESULT,displacement-report-draft-v1
speaking,left_eyelid,left_cheek,6,30,15,0,0.0002191212751584,0.0001418604762601926,18,0.6,-5.0680353452780495e-05,0.0005588539366802,nominal_fixed_oof_group,gain,True,MOCK DATA / NOT A SCIENTIFIC RESULT,displacement-report-draft-v1
speaking,left_eyelid,left_cheek,7,30,15,0,0.0002668242135841,0.0001873871960543426,18,0.6,-1.0576965373161606e-05,0.00061612618526435,nominal_fixed_oof_group,gain,True,MOCK DATA / NOT A SCIENTIFIC RESULT,displacement-report-draft-v1
speaking,left_eyelid,left_cheek,8,30,15,0,0.00029327801694190004,0.0002160172180436802,20,0.6666666666666666,2.347638833070237e-05,0.0006330106784637,nominal_fixed_oof_group,gain,True,MOCK DATA / NOT A SCIENTIFIC RESULT,displacement-report-draft-v1
speaking,left_eyelid,left_cheek,9,30,15,0,0.000289057586786,0.00021797422028988338,20,0.6666666666666666,4.0828105324368716e-05,0.0006016267244862499,nominal_fixed_oof_group,gain,True,MOCK DATA / NOT A SCIENTIFIC RESULT,displacement-report-draft-v1
speaking,left_eyelid,left_cheek,10,30,15,0,0.00025246722446325,0.00019060161300621397,20,0.6666666666666666,3.642696906641218e-05,0.0005245038735362,nominal_fixed_oof_group,gain,True,MOCK DATA / NOT A SCIENTIFIC RESULT,displacement-report-draft-v1
speaking,left_eyelid,left_cheek,11,30,15,0,0.00019126470076255,0.0001403312430071192,20,0.6666666666666666,1.3400505087831152e-05,0.00041523027464385003,nominal_fixed_oof_group,gain,True,MOCK DATA / NOT A SCIENTIFIC RESULT,displacement-report-draft-v1
speaking,left_eyelid,left_cheek,12,30,15,0,0.0001194646749259,7.97976581414014e-05,18,0.6,-1.9056099945977643e-05,0.00029388923924564996,nominal_fixed_oof_group,gain,True,MOCK DATA / NOT A SCIENTIFIC RESULT,displacement-report-draft-v1
speaking,left_eyelid,left_cheek,13,30,15,0,5.127280322624571e-05,2.2049557609048204e-05,16,0.5333333333333333,-5.0777387468873506e-05,0.00017977381736799999,nominal_fixed_oof_group,gain,True,MOCK DATA / NOT A SCIENTIFIC RESULT,displacement-report-draft-v1
speaking,left_eyelid,left_cheek,14,30,15,0,-3.959807900549839e-06,-2.432553337865898e-05,14,0.4666666666666667,-7.507874506143628e-05,8.559274940102887e-05,nominal_fixed_oof_group,gain,True,MOCK DATA / NOT A SCIENTIFIC RESULT,displacement-report-draft-v1
speaking,left_eyelid,left_cheek,15,30,15,0,-4.326388881218876e-05,-5.668980251085339e-05,11,0.36666666666666664,-9.014838176531811e-05,1.5772795499365434e-05,nominal_fixed_oof_group,gain,True,MOCK DATA / NOT A SCIENTIFIC RESULT,displacement-report-draft-v1
speaking,left_eyelid,mouth,1,30,15,0,-0.0001611975230752,-0.0001353390738525668,9,0.3,-0.00021384059186539998,-6.346424194471172e-06,nominal_fixed_oof_group,gain,True,MOCK DATA / NOT A SCIENTIFIC RESULT,displacement-report-draft-v1
speaking,left_eyelid,mouth,2,30,15,0,-0.00019714863973575,-0.00016204892655631903,12,0.4,-0.0002686052301721,1.3042973436315063e-05,nominal_fixed_oof_group,gain,True,MOCK DATA / NOT A SCIENTIFIC RESULT,displacement-report-draft-v1
speaking,left_eyelid,mouth,3,30,15,0,-0.00025388275309290003,-0.00020881382925205474,12,0.4,-0.00034563483140304997,1.6008620594630454e-05,nominal_fixed_oof_group,gain,True,MOCK DATA / NOT A SCIENTIFIC RESULT,displacement-report-draft-v1
speaking,left_eyelid,mouth,4,30,15,0,-0.00033934650057895,-0.0002846041631450242,9,0.3,-0.0004507918780823,-1.1526721675894375e-05,nominal_fixed_oof_group,gain,True,MOCK DATA / NOT A SCIENTIFIC RESULT,displacement-report-draft-v1
speaking,left_eyelid,mouth,5,30,15,0,-0.00045665051759755,-0.0003937517674999683,9,0.3,-0.0005847008581146001,-7.998676305562367e-05,nominal_fixed_oof_group,gain,True,MOCK DATA / NOT A SCIENTIFIC RESULT,displacement-report-draft-v1
speaking,left_eyelid,mouth,6,30,15,0,-0.00059685525873675,-0.000528490352545845,9,0.3,-0.0007360336923873,-0.0001874578986172,nominal_fixed_oof_group,gain,True,MOCK DATA / NOT A SCIENTIFIC RESULT,displacement-report-draft-v1
speaking,left_eyelid,mouth,7,30,15,0,-0.000734864854808,-0.0006645743021739311,6,0.2,-0.0008779635520947,-0.00031393592660345,nominal_fixed_oof_group,gain,True,MOCK DATA / NOT A SCIENTIFIC RESULT,displacement-report-draft-v1
speaking,left_eyelid,mouth,8,30,15,0,-0.00083440425417525,-0.0007660393479843465,3,0.1,-0.0009735826878258501,-0.0004250068940557,nominal_fixed_oof_group,gain,True,MOCK DATA / NOT A SCIENTIFIC RESULT,displacement-report-draft-v1
speaking,left_eyelid,mouth,9,30,15,0,-0.00086289326582265,-0.000799994515725045,0,0.0,-0.0009909436063397,-0.00048622951128065,nominal_fixed_oof_group,gain,True,MOCK DATA / NOT A SCIENTIFIC RESULT,displacement-report-draft-v1
speaking,left_eyelid,mouth,10,30,15,0,-0.00080836563662765,-0.0007536232991936756,0,0.0,-0.000919811014131,-0.00048054585772455,nominal_fixed_oof_group,gain,True,MOCK DATA / NOT A SCIENTIFIC RESULT,displacement-report-draft-v1
speaking,left_eyelid,mouth,11,30,15,0,-0.0006866554195838501,-0.0006415864957429894,0,0.0,-0.00077840749789395,-0.0004167640458963,nominal_fixed_oof_group,gain,True,MOCK DATA / NOT A SCIENTIFIC RESULT,displacement-report-draft-v1
speaking,left_eyelid,mouth,12,30,15,0,-0.0005332710952851501,-0.0004981713821056603,0,0.0,-0.0006047276857215,-0.000323079482113,nominal_fixed_oof_group,gain,True,MOCK DATA / NOT A SCIENTIFIC RESULT,displacement-report-draft-v1
speaking,left_eyelid,mouth,13,30,15,0,-0.00038585049114589997,-0.00035999204192325974,0,0.0,-0.0004384935599361,-0.00023099939226515,nominal_fixed_oof_group,gain,True,MOCK DATA / NOT A SCIENTIFIC RESULT,displacement-report-draft-v1
speaking,left_eyelid,mouth,14,30,15,0,-0.00026915575665955,-0.00025113496304009366,0,0.0,-0.0003058427934573,-0.00016123978417995,nominal_fixed_oof_group,gain,True,MOCK DATA / NOT A SCIENTIFIC RESULT,displacement-report-draft-v1
speaking,left_eyelid,mouth,15,30,15,0,-0.00019044444819564998,-0.00017856440885322063,0,0.0,-0.00021463003345435002,-0.00011930185448945,nominal_fixed_oof_group,gain,True,MOCK DATA / NOT A SCIENTIFIC RESULT,displacement-report-draft-v1
speaking,left_eyelid,right_brow,1,30,15,0,-0.0001523727517749,-0.00013628379134960172,8,0.26666666666666666,-0.0003035131037522,-4.753229270291516e-05,nominal_fixed_oof_group,gain,True,MOCK DATA / NOT A SCIENTIFIC RESULT,displacement-report-draft-v1
speaking,left_eyelid,right_brow,2,30,15,0,-0.00015800840248095,-0.0001361695871899962,10,0.3333333333333333,-0.0003631631261292,-1.570017620858375e-05,nominal_fixed_oof_group,gain,True,MOCK DATA / NOT A SCIENTIFIC RESULT,displacement-report-draft-v1
speaking,left_eyelid,right_brow,3,30,15,0,-0.00014741071298095,-0.00011936911907708446,12,0.4,-0.0004108345924989,3.531666655645117e-05,nominal_fixed_oof_group,gain,True,MOCK DATA / NOT A SCIENTIFIC RESULT,displacement-report-draft-v1
speaking,left_eyelid,right_brow,4,30,15,0,-0.00010887258339305,-7.481225390544042e-05,12,0.4,-0.0004288367110399,0.000113074670204,nominal_fixed_oof_group,gain,True,MOCK DATA / NOT A SCIENTIFIC RESULT,displacement-report-draft-v1
speaking,left_eyelid,right_brow,5,30,15,0,-3.4345668803125156e-05,4.7895280684307326e-06,14,0.4666666666666667,-0.0004019833081226,0.0002206709324828,nominal_fixed_oof_group,gain,True,MOCK DATA / NOT A SCIENTIFIC RESULT,displacement-report-draft-v1
speaking,left_eyelid,right_brow,6,30,15,0,7.282074128181406e-05,0.00011535694524029756,16,0.5333333333333333,-0.000326766097651,0.0003499993179146,nominal_fixed_oof_group,gain,True,MOCK DATA / NOT A SCIENTIFIC RESULT,displacement-report-draft-v1
speaking,left_eyelid,right_brow,7,30,15,0,0.00019290310594045,0.00023663743470337707,17,0.5666666666666667,-0.0002179389663863,0.0004778890207232,nominal_fixed_oof_group,gain,True,MOCK DATA / NOT A SCIENTIFIC RESULT,displacement-report-draft-v1
speaking,left_eyelid,right_brow,8,30,15,0,0.00029351322427525,0.00033604942823380215,20,0.6666666666666666,-0.0001060736146575,0.0005706918009081,nominal_fixed_oof_group,gain,True,MOCK DATA / NOT A SCIENTIFIC RESULT,displacement-report-draft-v1
speaking,left_eyelid,right_brow,9,30,15,0,0.00034307003290670005,0.0003822052297782812,20,0.6666666666666666,-2.4567606412804165e-05,0.0005980866341926,nominal_fixed_oof_group,gain,True,MOCK DATA / NOT A SCIENTIFIC RESULT,displacement-report-draft-v1
speaking,left_eyelid,right_brow,10,30,15,0,0.00032686488421845004,0.0003609252137061202,21,0.7,6.9007565716401945e-06,0.0005488121378156,nominal_fixed_oof_group,gain,True,MOCK DATA / NOT A SCIENTIFIC RESULT,displacement-report-draft-v1
speaking,left_eyelid,right_brow,11,30,15,0,0.00025465234000425,0.0002826939339082271,20,0.6666666666666666,-8.77153951358775e-06,0.0004373797195417,nominal_fixed_oof_group,gain,True,MOCK DATA / NOT A SCIENTIFIC RESULT,displacement-report-draft-v1
speaking,left_eyelid,right_brow,12,30,15,0,0.00015426275306789998,0.00017610156835888254,20,0.6666666666666666,-5.089197058030445e-05,0.0002965709793403,nominal_fixed_oof_group,gain,True,MOCK DATA / NOT A SCIENTIFIC RESULT,displacement-report-draft-v1
speaking,left_eyelid,right_brow,13,30,15,0,5.633880789242176e-05,7.242776831771974e-05,16,0.5333333333333333,-9.480154408490326e-05,0.0001611792669644,nominal_fixed_oof_group,gain,True,MOCK DATA / NOT A SCIENTIFIC RESULT,displacement-report-draft-v1
speaking,left_eyelid,right_brow,14,30,15,0,-1.8968508490661753e-05,-7.756086860898999e-06,13,0.43333333333333335,-0.000124298455662,5.4094971056740417e-05,nominal_fixed_oof_group,gain,True,MOCK DATA / NOT A SCIENTIFIC RESULT,displacement-report-draft-v1
speaking,left_eyelid,right_brow,15,30,15,0,-6.61555246656018e-05,-5.876384076429756e-05,8,0.26666666666666666,-0.0001355933054178,-1.7989110364136605e-05,nominal_fixed_oof_group,gain,True,MOCK DATA / NOT A SCIENTIFIC RESULT,displacement-report-draft-v1
speaking,left_eyelid,right_cheek,1,24,12,6,4.506016874350916e-05,-3.864176043683975e-05,13,0.5416666666666666,-5.579881489107333e-05,5.1752634453824935e-05,nominal_fixed_oof_group,gain,True,MOCK DATA / NOT A SCIENTIFIC RESULT,displacement-report-draft-v1
speaking,left_eyelid,right_cheek,2,24,12,6,9.689623265889282e-05,-1.671899931032324e-05,14,0.5833333333333334,-4.0007622891849996e-05,0.00010598044435594281,nominal_fixed_oof_group,gain,True,MOCK DATA / NOT A SCIENTIFIC RESULT,displacement-report-draft-v1
speaking,left_eyelid,right_cheek,3,24,12,6,0.00015279472597624737,6.9098804048524e-06,14,0.5833333333333334,-2.2993304193500008e-05,0.00016445908468579735,nominal_fixed_oof_group,gain,True,MOCK DATA / NOT A SCIENTIFIC RESULT,displacement-report-draft-v1
speaking,left_eyelid,right_cheek,4,24,12,6,0.00020695093967385,2.975395420854803e-05,14,0.5833333333333334,-6.567530356099986e-06,0.00022111888969375,nominal_fixed_oof_group,gain,True,MOCK DATA / NOT A SCIENTIFIC RESULT,displacement-report-draft-v1
speaking,left_eyelid,right_cheek,5,24,12,6,0.00025231531554065,4.871661242946613e-05,14,0.5833333333333334,6.983356454349989e-06,0.00026859423948635,nominal_fixed_oof_group,gain,True,MOCK DATA / NOT A SCIENTIFIC RESULT,displacement-report-draft-v1
speaking,left_eyelid,right_cheek,6,24,12,6,0.00028175812885885,6.0465873970061826e-05,14,0.5833333333333334,1.5105829050999982e-05,0.0002994517572173,nominal_fixed_oof_group,gain,True,MOCK DATA / NOT A SCIENTIFIC RESULT,displacement-report-draft-v1
speaking,left_eyelid,right_cheek,7,24,12,6,0.0002892329581949,6.170752509704947e-05,14,0.5833333333333334,1.5069815744199987e-05,0.00030742496612285,nominal_fixed_oof_group,gain,True,MOCK DATA / NOT A SCIENTIFIC RESULT,displacement-report-draft-v1
speaking,left_eyelid,right_cheek,8,24,12,6,0.00027053029244055,4.923803755175306e-05,14,0.5833333333333334,3.8779926326999985e-06,0.000288223920799,nominal_fixed_oof_group,gain,True,MOCK DATA / NOT A SCIENTIFIC RESULT,displacement-report-draft-v1
speaking,left_eyelid,right_cheek,9,24,12,6,0.00022358869894935,1.9989995838173172e-05,14,0.5833333333333334,-2.1743260136949997e-05,0.0002398676228951,nominal_fixed_oof_group,gain,True,MOCK DATA / NOT A SCIENTIFIC RESULT,displacement-report-draft-v1
speaking,left_eyelid,right_cheek,10,24,12,6,0.0001488996039474657,-2.8297381517820988e-05,14,0.5833333333333334,-6.461886608244999e-05,0.00016306755396736572,nominal_fixed_oof_group,gain,True,MOCK DATA / NOT A SCIENTIFIC RESULT,displacement-report-draft-v1
speaking,left_eyelid,right_cheek,11,24,12,6,5.069255090674112e-05,-9.519229466465912e-05,12,0.5,-0.000125095479263,6.235690961629113e-05,nominal_fixed_oof_group,gain,True,MOCK DATA / NOT A SCIENTIFIC RESULT,displacement-report-draft-v1
speaking,left_eyelid,right_cheek,12,24,12,6,-6.128859524635186e-05,-0.00017490382721560018,10,0.4166666666666667,-0.00019819245079710185,-5.2204383549323544e-05,nominal_fixed_oof_group,gain,True,MOCK DATA / NOT A SCIENTIFIC RESULT,displacement-report-draft-v1
speaking,left_eyelid,right_cheek,13,24,12,6,-0.00017116134373815,-0.0002548632729185499,0,0.0,-0.00027202032737275,-0.00016446887802785,nominal_fixed_oof_group,gain,True,MOCK DATA / NOT A SCIENTIFIC RESULT,displacement-report-draft-v1
speaking,left_eyelid,right_cheek,14,24,12,6,-0.0002597209475972,-0.0003180529526730583,0,0.0,-0.0003300097306985,-0.00025505695779905,nominal_fixed_oof_group,gain,True,MOCK DATA / NOT A SCIENTIFIC RESULT,displacement-report-draft-v1
speaking,left_eyelid,right_cheek,15,24,12,6,-0.00031099062559765,-0.0003494454533847584,0,0.0,-0.0003573278472654,-0.00030791593402389997,nominal_fixed_oof_group,gain,True,MOCK DATA / NOT A SCIENTIFIC RESULT,displacement-report-draft-v1
speaking,left_eyelid,right_eyelid,1,30,15,0,1.533393968425941e-05,-7.772495276139583e-06,16,0.5333333333333333,-0.0001384007653278,9.537953118194786e-05,nominal_fixed_oof_group,gain,True,MOCK DATA / NOT A SCIENTIFIC RESULT,displacement-report-draft-v1
speaking,left_eyelid,right_eyelid,2,30,15,0,9.628322615615531e-05,6.491903904941163e-05,17,0.5666666666666667,-0.00011239301754235297,0.0002049354225294,nominal_fixed_oof_group,gain,True,MOCK DATA / NOT A SCIENTIFIC RESULT,displacement-report-draft-v1
speaking,left_eyelid,right_eyelid,3,30,15,0,0.0002109825127094,0.0001707100992906065,20,0.6666666666666666,-5.6963088058435574e-05,0.0003504946944317,nominal_fixed_oof_group,gain,True,MOCK DATA / NOT A SCIENTIFIC RESULT,displacement-report-draft-v1
speaking,left_eyelid,right_eyelid,4,30,15,0,0.000351135379726,0.0003022190565310122,20,0.6666666666666666,2.567900666146503e-05,0.0005205918982564,nominal_fixed_oof_group,gain,True,MOCK DATA / NOT A SCIENTIFIC RESULT,displacement-report-draft-v1
speaking,left_eyelid,right_eyelid,5,30,15,0,0.0004924617852274,0.0004362571046719265,21,0.7,0.00011851357554863987,0.0006871667194899,nominal_fixed_oof_group,gain,True,MOCK DATA / NOT A SCIENTIFIC RESULT,displacement-report-draft-v1
speaking,left_eyelid,right_eyelid,6,30,15,0,0.0005994349629236499,0.0005383458680258625,23,0.7666666666666667,0.00019298913951255,0.0008110605444353,nominal_fixed_oof_group,gain,True,MOCK DATA / NOT A SCIENTIFIC RESULT,displacement-report-draft-v1
speaking,left_eyelid,right_eyelid,7,30,15,0,0.0006395116311198,0.000576701828846496,23,0.7666666666666667,0.00022161737608184998,0.0008570981079362,nominal_fixed_oof_group,gain,True,MOCK DATA / NOT A SCIENTIFIC RESULT,displacement-report-draft-v1
speaking,left_eyelid,right_eyelid,8,30,15,0,0.0005994349629236499,0.0005383458680258625,23,0.7666666666666667,0.00019298913951255,0.0008110605444353,nominal_fixed_oof_group,gain,True,MOCK DATA / NOT A SCIENTIFIC RESULT,displacement-report-draft-v1
speaking,left_eyelid,right_eyelid,9,30,15,0,0.0004924617852274,0.0004362571046719265,21,0.7,0.00011851357554863987,0.0006871667194899,nominal_fixed_oof_group,gain,True,MOCK DATA / NOT A SCIENTIFIC RESULT,displacement-report-draft-v1
speaking,left_eyelid,right_eyelid,10,30,15,0,0.000351135379726,0.0003022190565310122,20,0.6666666666666666,2.567900666146503e-05,0.0005205918982564,nominal_fixed_oof_group,gain,True,MOCK DATA / NOT A SCIENTIFIC RESULT,displacement-report-draft-v1
speaking,left_eyelid,right_eyelid,11,30,15,0,0.0002109825127094,0.0001707100992906065,20,0.6666666666666666,-5.6963088058435574e-05,0.0003504946944317,nominal_fixed_oof_group,gain,True,MOCK DATA / NOT A SCIENTIFIC RESULT,displacement-report-draft-v1
speaking,left_eyelid,right_eyelid,12,30,15,0,9.628322615615531e-05,6.491903904941163e-05,17,0.5666666666666667,-0.00011239301754235297,0.0002049354225294,nominal_fixed_oof_group,gain,True,MOCK DATA / NOT A SCIENTIFIC RESULT,displacement-report-draft-v1
speaking,left_eyelid,right_eyelid,13,30,15,0,1.533393968425941e-05,-7.772495276139583e-06,16,0.5333333333333333,-0.0001384007653278,9.537953118194786e-05,nominal_fixed_oof_group,gain,True,MOCK DATA / NOT A SCIENTIFIC RESULT,displacement-report-draft-v1
speaking,left_eyelid,right_eyelid,14,30,15,0,-3.5554584626402985e-05,-5.165749521153634e-05,14,0.4666666666666667,-0.0001426925404766,2.0229313012137123e-05,nominal_fixed_oof_group,gain,True,MOCK DATA / NOT A SCIENTIFIC RESULT,displacement-report-draft-v1
speaking,left_eyelid,right_eyelid,15,30,15,0,-6.498867150890944e-05,-7.560436443109984e-05,10,0.3333333333333333,-0.00013561836504195,-2.821365967464219e-05,nominal_fixed_oof_group,gain,True,MOCK DATA / NOT A SCIENTIFIC RESULT,displacement-report-draft-v1
speaking,mouth,jaw,1,30,15,0,0.00019232980452580002,0.00015349569759502978,20,0.6666666666666666,4.071229845244422e-05,0.00026572183357145,nominal_fixed_oof_group,gain,True,MOCK DATA / NOT A SCIENTIFIC RESULT,displacement-report-draft-v1
speaking,mouth,jaw,2,30,15,0,0.00033885406153049997,0.00028614146445571023,23,0.7666666666666667,0.00013305165898347822,0.0004384748526683,nominal_fixed_oof_group,gain,True,MOCK DATA / NOT A SCIENTIFIC RESULT,displacement-report-draft-v1
speaking,mouth,jaw,3,30,15,0,0.00049167227176985,0.0004239879573462307,23,0.7666666666666667,0.00022741675608409998,0.00061958789962135,nominal_fixed_oof_group,gain,True,MOCK DATA / NOT A SCIENTIFIC RESULT,displacement-report-draft-v1
speaking,mouth,jaw,4,30,15,0,0.00061475782635065,0.0005325460213329484,25,0.8333333333333334,0.0002937835634744,0.00077012875305935,nominal_fixed_oof_group,gain,True,MOCK DATA / NOT A SCIENTIFIC RESULT,displacement-report-draft-v1
speaking,mouth,jaw,5,30,15,0,0.00067385799467185,0.0005793969244787774,23,0.7666666666666667,0.00030505971358325,0.0008523786342640499,nominal_fixed_oof_group,gain,True,MOCK DATA / NOT A SCIENTIFIC RESULT,displacement-report-draft-v1
speaking,mouth,jaw,6,30,15,0,0.00065304799945065,0.0005503778797357196,23,0.7666666666666667,0.000252199654279,0.0008470828055466,nominal_fixed_oof_group,gain,True,MOCK DATA / NOT A SCIENTIFIC RESULT,displacement-report-draft-v1
speaking,mouth,jaw,7,30,15,0,0.0005625649609231999,0.0004570029137287036,22,0.7333333333333333,0.0001504258492874968,0.0007620651798315,nominal_fixed_oof_group,gain,True,MOCK DATA / NOT A SCIENTIFIC RESULT,displacement-report-draft-v1
speaking,mouth,jaw,8,30,15,0,0.00043235551645715,0.00032968539674221067,20,0.6666666666666666,3.1507171285526495e-05,0.0006263903225530499,nominal_fixed_oof_group,gain,True,MOCK DATA / NOT A SCIENTIFIC RESULT,displacement-report-draft-v1
speaking,mouth,jaw,9,30,15,0,0.00029644229296195,0.00020198122276889554,19,0.6333333333333333,-7.235598812657951e-05,0.00047496293255415,nominal_fixed_oof_group,gain,True,MOCK DATA / NOT A SCIENTIFIC RESULT,displacement-report-draft-v1
speaking,mouth,jaw,10,30,15,0,0.00017902035873905,9.680855372138873e-05,17,0.5666666666666667,-0.0001419539041370994,0.0003343912854478,nominal_fixed_oof_group,gain,True,MOCK DATA / NOT A SCIENTIFIC RESULT,displacement-report-draft-v1
speaking,mouth,jaw,11,30,15,0,8.960921878456473e-05,2.1924904360913446e-05,17,0.5666666666666667,-0.00017464629690118775,0.000217524846636,nominal_fixed_oof_group,gain,True,MOCK DATA / NOT A SCIENTIFIC RESULT,displacement-report-draft-v1
speaking,mouth,jaw,12,30,15,0,2.6582905981614204e-05,-2.612969109317153e-05,16,0.5333333333333333,-0.00017921949656535,0.0001262036971194,nominal_fixed_oof_group,gain,True,MOCK DATA / NOT A SCIENTIFIC RESULT,displacement-report-draft-v1
speaking,mouth,jaw,13,30,15,0,-1.638175514146736e-05,-5.5215862072296516e-05,14,0.4666666666666667,-0.00016799926121485,5.701027390410396e-05,nominal_fixed_oof_group,gain,True,MOCK DATA / NOT A SCIENTIFIC RESULT,displacement-report-draft-v1
speaking,mouth,jaw,14,30,15,0,-4.556810475220144e-05,-7.26316544790492e-05,12,0.4,-0.00015123058135785,5.578914829524205e-06,nominal_fixed_oof_group,gain,True,MOCK DATA / NOT A SCIENTIFIC RESULT,displacement-report-draft-v1
speaking,mouth,jaw,15,30,15,0,-6.545510781953787e-05,-8.329649939691248e-05,8,0.26666666666666666,-0.00013511210548554999,-3.173691439760807e-05,nominal_fixed_oof_group,gain,True,MOCK DATA / NOT A SCIENTIFIC RESULT,displacement-report-draft-v1
speaking,mouth,left_brow,1,30,15,0,-3.250462192112315e-05,-6.172786753830827e-05,14,0.4666666666666667,-0.0001345548126162,9.59963922206892e-05,nominal_fixed_oof_group,gain,True,MOCK DATA / NOT A SCIENTIFIC RESULT,displacement-report-draft-v1
speaking,mouth,left_brow,2,30,15,0,-2.0311732970586423e-05,-5.997874975508621e-05,14,0.4666666666666667,-0.00015883250784244998,0.00015411283134914998,nominal_fixed_oof_group,gain,True,MOCK DATA / NOT A SCIENTIFIC RESULT,displacement-report-draft-v1
speaking,mouth,left_brow,3,30,15,0,-2.2366048600348798e-05,-7.329950635582157e-05,14,0.4666666666666667,-0.0002002302442751,0.0002015995252809,nominal_fixed_oof_group,gain,True,MOCK DATA / NOT A SCIENTIFIC RESULT,displacement-report-draft-v1
speaking,mouth,left_brow,4,30,15,0,-5.0124453905515086e-05,-0.00011199006536258079,14,0.4666666666666667,-0.00026616470930235,0.00022191219516739998,nominal_fixed_oof_group,gain,True,MOCK DATA / NOT A SCIENTIFIC RESULT,displacement-report-draft-v1
speaking,mouth,left_brow,5,30,15,0,-0.00011185821248045001,-0.00018294157897662158,13,0.43333333333333335,-0.0003600876939421,0.0002007109252197,nominal_fixed_oof_group,gain,True,MOCK DATA / NOT A SCIENTIFIC RESULT,displacement-report-draft-v1
speaking,mouth,left_brow,6,30,15,0,-0.00020540872261890002,-0.0002826695215171795,12,0.4,-0.00047521035123015,0.0001343239389028,nominal_fixed_oof_group,gain,True,MOCK DATA / NOT A SCIENTIFIC RESULT,displacement-report-draft-v1
speaking,mouth,left_brow,7,30,15,0,-0.00031343949454435,-0.0003928765120741817,10,0.3333333333333333,-0.00059084067350165,3.5862477135848846e-05,nominal_fixed_oof_group,gain,True,MOCK DATA / NOT A SCIENTIFIC RESULT,displacement-report-draft-v1
speaking,mouth,left_brow,8,30,15,0,-0.00040665362044385004,-0.0004839144193421404,8,0.26666666666666666,-0.0006764552490551,-6.69209589221299e-05,nominal_fixed_oof_group,gain,True,MOCK DATA / NOT A SCIENTIFIC RESULT,displacement-report-draft-v1
speaking,mouth,left_brow,9,30,15,0,-0.00045601576283245003,-0.0005270991293286147,5,0.16666666666666666,-0.0007042452442941501,-0.0001434466251322,nominal_fixed_oof_group,gain,True,MOCK DATA / NOT A SCIENTIFIC RESULT,displacement-report-draft-v1
speaking,mouth,left_brow,10,30,15,0,-0.00044746441292249997,-0.0005093300243795781,2,0.06666666666666667,-0.0006635046683193999,-0.00017542776384955,nominal_fixed_oof_group,gain,True,MOCK DATA / NOT A SCIENTIFIC RESULT,displacement-report-draft-v1
speaking,mouth,left_brow,11,30,15,0,-0.0003889990073659,-0.0004399324651213829,0,0.0,-0.0005668632030407,-0.0001650334334846,nominal_fixed_oof_group,gain,True,MOCK DATA / NOT A SCIENTIFIC RESULT,displacement-report-draft-v1
speaking,mouth,left_brow,12,30,15,0,-0.0003050653228514,-0.00034473233963594366,0,0.0,-0.00044358609772334997,-0.00013064075853165,nominal_fixed_oof_group,gain,True,MOCK DATA / NOT A SCIENTIFIC RESULT,displacement-report-draft-v1
speaking,mouth,left_brow,13,30,15,0,-0.00022282436426315002,-0.0002520476098803202,0,0.0,-0.00032487455495825,-9.432335012134543e-05,nominal_fixed_oof_group,gain,True,MOCK DATA / NOT A SCIENTIFIC RESULT,displacement-report-draft-v1
speaking,mouth,left_brow,14,30,15,0,-0.00016013566624335,-0.00018050139172148683,0,0.0,-0.00023125460340425,-7.058310894182858e-05,nominal_fixed_oof_group,gain,True,MOCK DATA / NOT A SCIENTIFIC RESULT,displacement-report-draft-v1
speaking,mouth,left_brow,15,30,15,0,-0.00012179404210365,-0.0001352199558023452,0,0.0,-0.0001686785350568,-6.275735779213976e-05,nominal_fixed_oof_group,gain,True,MOCK DATA / NOT A SCIENTIFIC RESULT,displacement-report-draft-v1
speaking,mouth,left_cheek,1,30,15,0,-0.00014868036977865,-0.00012495382430169062,10,0.3333333333333333,-0.0002264389675097,5.202865457739488e-06,nominal_fixed_oof_group,gain,True,MOCK DATA / NOT A SCIENTIFIC RESULT,displacement-report-draft-v1
speaking,mouth,left_cheek,2,30,15,0,-0.00016168216018745002,-0.00012947624815421683,12,0.4,-0.00026723003949354995,4.719569530249861e-05,nominal_fixed_oof_group,gain,True,MOCK DATA / NOT A SCIENTIFIC RESULT,displacement-report-draft-v1
speaking,mouth,left_cheek,3,30,15,0,-0.00017010424959225,-0.00012875103997402065,12,0.4,-0.00030563040929885,9.810022583998773e-05,nominal_fixed_oof_group,gain,True,MOCK DATA / NOT A SCIENTIFIC RESULT,displacement-report-draft-v1
speaking,mouth,left_cheek,4,30,15,0,-0.000168782284615,-0.00011855318744614503,13,0.43333333333333335,-0.00033339723730345004,0.00015698852693679042,nominal_fixed_oof_group,gain,True,MOCK DATA / NOT A SCIENTIFIC RESULT,displacement-report-draft-v1
speaking,mouth,left_cheek,5,30,15,0,-0.00015354397163285,-9.583091847240062e-05,13,0.43333333333333335,-0.00034268596404355,0.00022076552674415,nominal_fixed_oof_group,gain,True,MOCK DATA / NOT A SCIENTIFIC RESULT,displacement-report-draft-v1
speaking,mouth,left_cheek,6,30,15,0,-0.00012410446657815972,-6.137591538782781e-05,13,0.43333333333333335,-0.00032968366406385,0.00028273404298205,nominal_fixed_oof_group,gain,True,MOCK DATA / NOT A SCIENTIFIC RESULT,displacement-report-draft-v1
speaking,mouth,left_cheek,7,30,15,0,-8.606922852116706e-05,-2.157379109902592e-05,13,0.43333333333333335,-0.0002974390117399,0.0003322287735264,nominal_fixed_oof_group,gain,True,MOCK DATA / NOT A SCIENTIFIC RESULT,displacement-report-draft-v1
speaking,mouth,left_cheek,8,30,15,0,-4.994772479469762e-05,1.2780826395662126e-05,14,0.4666666666666667,-0.00025552692228035,0.00035689078476554997,nominal_fixed_oof_group,gain,True,MOCK DATA / NOT A SCIENTIFIC RESULT,displacement-report-draft-v1
speaking,mouth,left_cheek,9,30,15,0,-2.672533985576637e-05,3.0987713304707916e-05,15,0.5,-0.00021586733226645,0.0003475841585213,nominal_fixed_oof_group,gain,True,MOCK DATA / NOT A SCIENTIFIC RESULT,displacement-report-draft-v1
speaking,mouth,left_cheek,10,30,15,0,-2.2366464589089214e-05,2.7862632579815053e-05,15,0.5,-0.00018698141727745002,0.00030340434696275,nominal_fixed_oof_group,gain,True,MOCK DATA / NOT A SCIENTIFIC RESULT,displacement-report-draft-v1
speaking,mouth,left_cheek,11,30,15,0,-3.500365352086636e-05,6.349556097426558e-06,14,0.4666666666666667,-0.0001705298132274,0.00023320082191145,nominal_fixed_oof_group,gain,True,MOCK DATA / NOT A SCIENTIFIC RESULT,displacement-report-draft-v1
speaking,mouth,left_cheek,12,30,15,0,-5.6753296574342874e-05,-2.454738454110313e-05,13,0.43333333333333335,-0.00016230117588045,0.0001521245589156,nominal_fixed_oof_group,gain,True,MOCK DATA / NOT A SCIENTIFIC RESULT,displacement-report-draft-v1
speaking,mouth,left_cheek,13,30,15,0,-7.854943904853041e-05,-5.4822893571548336e-05,13,0.43333333333333335,-0.00015630803677949999,7.53337961878366e-05,nominal_fixed_oof_group,gain,True,MOCK DATA / NOT A SCIENTIFIC RESULT,displacement-report-draft-v1
speaking,mouth,left_cheek,14,30,15,0,-9.4433131149965e-05,-7.789806457803722e-05,10,0.3333333333333333,-0.00014862321926325,1.280833564539386e-05,nominal_fixed_oof_group,gain,True,MOCK DATA / NOT A SCIENTIFIC RESULT,displacement-report-draft-v1
speaking,mouth,left_cheek,15,30,15,0,-0.00010290757944743125,-9.200699174016231e-05,7,0.23333333333333334,-0.00013863188728589998,-3.220964729367011e-05,nominal_fixed_oof_group,gain,True,MOCK DATA / NOT A SCIENTIFIC RESULT,displacement-report-draft-v1
speaking,mouth,left_eyelid,1,30,15,0,-0.0001611975230752,-0.00013533907385257664,9,0.3,-0.00021384059186539998,-6.346424194469437e-06,nominal_fixed_oof_group,gain,True,MOCK DATA / NOT A SCIENTIFIC RESULT,displacement-report-draft-v1
speaking,mouth,left_eyelid,2,30,15,0,-0.00019714863973575,-0.00016204892655631911,12,0.4,-0.0002686052301721,1.304297343631463e-05,nominal_fixed_oof_group,gain,True,MOCK DATA / NOT A SCIENTIFIC RESULT,displacement-report-draft-v1
speaking,mouth,left_eyelid,3,30,15,0,-0.00025388275309290003,-0.00020881382925205466,12,0.4,-0.00034563483140304997,1.6008620594631755e-05,nominal_fixed_oof_group,gain,True,MOCK DATA / NOT A SCIENTIFIC RESULT,displacement-report-draft-v1
speaking,mouth,left_eyelid,4,30,15,0,-0.00033934650057895,-0.0002846041631450241,9,0.3,-0.0004507918780823,-1.1526721675892207e-05,nominal_fixed_oof_group,gain,True,MOCK DATA / NOT A SCIENTIFIC RESULT,displacement-report-draft-v1
speaking,mouth,left_eyelid,5,30,15,0,-0.00045665051759755,-0.0003937517674999683,9,0.3,-0.0005847008581146001,-7.998676305562367e-05,nominal_fixed_oof_group,gain,True,MOCK DATA / NOT A SCIENTIFIC RESULT,displacement-report-draft-v1
speaking,mouth,left_eyelid,6,30,15,0,-0.00059685525873675,-0.0005284903525458449,9,0.3,-0.0007360336923873,-0.0001874578986172,nominal_fixed_oof_group,gain,True,MOCK DATA / NOT A SCIENTIFIC RESULT,displacement-report-draft-v1
speaking,mouth,left_eyelid,7,30,15,0,-0.000734864854808,-0.0006645743021739311,6,0.2,-0.0008779635520947,-0.00031393592660345,nominal_fixed_oof_group,gain,True,MOCK DATA / NOT A SCIENTIFIC RESULT,displacement-report-draft-v1
speaking,mouth,left_eyelid,8,30,15,0,-0.00083440425417525,-0.0007660393479843495,3,0.1,-0.0009735826878258501,-0.0004250068940557,nominal_fixed_oof_group,gain,True,MOCK DATA / NOT A SCIENTIFIC RESULT,displacement-report-draft-v1
speaking,mouth,left_eyelid,9,30,15,0,-0.00086289326582265,-0.000799994515725045,0,0.0,-0.0009909436063397,-0.00048622951128065,nominal_fixed_oof_group,gain,True,MOCK DATA / NOT A SCIENTIFIC RESULT,displacement-report-draft-v1
speaking,mouth,left_eyelid,10,30,15,0,-0.00080836563662765,-0.0007536232991936724,0,0.0,-0.000919811014131,-0.0004805458577245,nominal_fixed_oof_group,gain,True,MOCK DATA / NOT A SCIENTIFIC RESULT,displacement-report-draft-v1
speaking,mouth,left_eyelid,11,30,15,0,-0.0006866554195839,-0.0006415864957429926,0,0.0,-0.00077840749789395,-0.0004167640458963,nominal_fixed_oof_group,gain,True,MOCK DATA / NOT A SCIENTIFIC RESULT,displacement-report-draft-v1
speaking,mouth,left_eyelid,12,30,15,0,-0.0005332710952851501,-0.0004981713821056602,0,0.0,-0.0006047276857215,-0.000323079482113,nominal_fixed_oof_group,gain,True,MOCK DATA / NOT A SCIENTIFIC RESULT,displacement-report-draft-v1
speaking,mouth,left_eyelid,13,30,15,0,-0.00038585049114589997,-0.00035999204192325963,0,0.0,-0.0004384935599361,-0.00023099939226515,nominal_fixed_oof_group,gain,True,MOCK DATA / NOT A SCIENTIFIC RESULT,displacement-report-draft-v1
speaking,mouth,left_eyelid,14,30,15,0,-0.00026915575665955,-0.00025113496304009366,0,0.0,-0.0003058427934573,-0.00016123978417995,nominal_fixed_oof_group,gain,True,MOCK DATA / NOT A SCIENTIFIC RESULT,displacement-report-draft-v1
speaking,mouth,left_eyelid,15,30,15,0,-0.00019044444819564998,-0.00017856440885321716,0,0.0,-0.00021463003345435002,-0.00011930185448945,nominal_fixed_oof_group,gain,True,MOCK DATA / NOT A SCIENTIFIC RESULT,displacement-report-draft-v1
speaking,mouth,right_brow,1,30,15,0,-5.045147196615926e-05,-7.716834892342618e-05,13,0.43333333333333335,-0.0002101541104549,-3.219452396766376e-07,nominal_fixed_oof_group,gain,True,MOCK DATA / NOT A SCIENTIFIC RESULT,displacement-report-draft-v1
speaking,mouth,right_brow,2,30,15,0,-3.275831823806299e-05,-6.902324310561492e-05,15,0.5,-0.0002495353088724,3.5286443254435584e-05,nominal_fixed_oof_group,gain,True,MOCK DATA / NOT A SCIENTIFIC RESULT,displacement-report-draft-v1
speaking,mouth,right_brow,3,30,15,0,-1.3727220333058926e-05,-6.029230559728142e-05,15,0.5,-0.00029207438606070003,7.364398289576345e-05,nominal_fixed_oof_group,gain,True,MOCK DATA / NOT A SCIENTIFIC RESULT,displacement-report-draft-v1
speaking,mouth,right_brow,4,30,15,0,4.514394182923015e-06,-5.204523477947413e-05,15,0.5,-0.00033357609415095,0.00011063860309562241,nominal_fixed_oof_group,gain,True,MOCK DATA / NOT A SCIENTIFIC RESULT,displacement-report-draft-v1
speaking,mouth,right_brow,5,30,15,0,1.909243783865553e-05,-4.5894373731269644e-05,15,0.5,-0.0003693723251383,0.0001410287746595,nominal_fixed_oof_group,gain,True,MOCK DATA / NOT A SCIENTIFIC RESULT,displacement-report-draft-v1
speaking,mouth,right_brow,6,30,15,0,2.6287060390725014e-05,-4.4347368270114986e-05,15,0.5,-0.00039593686358525,0.0001588201586651,nominal_fixed_oof_group,gain,True,MOCK DATA / NOT A SCIENTIFIC RESULT,displacement-report-draft-v1
speaking,mouth,right_brow,7,30,15,0,2.104047146998003e-05,-5.158352967616134e-05,15,0.5,-0.00041307630869105,0.00015730665303979999,nominal_fixed_oof_group,gain,True,MOCK DATA / NOT A SCIENTIFIC RESULT,displacement-report-draft-v1
speaking,mouth,right_brow,8,30,15,0,-3.865568909050001e-06,-7.449999756988667e-05,15,0.5,-0.000426089492885,0.0001286675293653,nominal_fixed_oof_group,gain,True,MOCK DATA / NOT A SCIENTIFIC RESULT,displacement-report-draft-v1
speaking,mouth,right_brow,9,30,15,0,-5.8053593582072256e-05,-0.00012304040515203558,15,0.5,-0.0004465183565591,6.388274323876515e-05,nominal_fixed_oof_group,gain,True,MOCK DATA / NOT A SCIENTIFIC RESULT,displacement-report-draft-v1
speaking,mouth,right_brow,10,30,15,0,-0.0001513838876676949,-0.00020794351663009765,12,0.4,-0.00048947437600155,-4.525967875496301e-05,nominal_fixed_oof_group,gain,True,MOCK DATA / NOT A SCIENTIFIC RESULT,displacement-report-draft-v1
speaking,mouth,right_brow,11,30,15,0,-0.00028792510858790003,-0.00033449019385218566,8,0.26666666666666666,-0.0005662722743156,-0.0002005539053591,nominal_fixed_oof_group,gain,True,MOCK DATA / NOT A SCIENTIFIC RESULT,displacement-report-draft-v1
speaking,mouth,right_brow,12,30,15,0,-0.00045756754229295,-0.0004938324671605267,0,0.0,-0.0006743445329274,-0.00038952278080045,nominal_fixed_oof_group,gain,True,MOCK DATA / NOT A SCIENTIFIC RESULT,displacement-report-draft-v1
speaking,mouth,right_brow,13,30,15,0,-0.0006311196318502499,-0.0006578365088075268,0,0.0,-0.00079082227033905,-0.0005809901051238,nominal_fixed_oof_group,gain,True,MOCK DATA / NOT A SCIENTIFIC RESULT,displacement-report-draft-v1
speaking,mouth,right_brow,14,30,15,0,-0.00076589086998055,-0.0007845099032279766,0,0.0,-0.0008771878879846,-0.0007309555245698001,nominal_fixed_oof_group,gain,True,MOCK DATA / NOT A SCIENTIFIC RESULT,displacement-report-draft-v1
speaking,mouth,right_brow,15,30,15,0,-0.0008228317446127499,-0.00083510616782455,0,0.0,-0.00089620326090125,-0.0007998009454879499,nominal_fixed_oof_group,gain,True,MOCK DATA / NOT A SCIENTIFIC RESULT,displacement-report-draft-v1
speaking,mouth,right_cheek,1,24,12,6,-0.00014151854037675,-0.00012780486420308664,7,0.2916666666666667,-0.00031410941100745,-3.9046597361919524e-05,nominal_fixed_oof_group,gain,True,MOCK DATA / NOT A SCIENTIFIC RESULT,displacement-report-draft-v1
speaking,mouth,right_cheek,2,24,12,6,-0.00014327512502935,-0.00012466047044637363,9,0.375,-0.00037754632994069996,-4.181872460648234e-06,nominal_fixed_oof_group,gain,True,MOCK DATA / NOT A SCIENTIFIC RESULT,displacement-report-draft-v1
speaking,mouth,right_cheek,3,24,12,6,-0.00012849281026205002,-0.00010459112065465723,10,0.4166666666666667,-0.00042930299176635004,5.010646132593303e-05,nominal_fixed_oof_group,gain,True,MOCK DATA / NOT A SCIENTIFIC RESULT,displacement-report-draft-v1
speaking,mouth,right_cheek,4,24,12,6,-8.589421768287345e-05,-5.686236499539756e-05,10,0.4166666666666667,-0.00045126909367525,0.0001310388873818,nominal_fixed_oof_group,gain,True,MOCK DATA / NOT A SCIENTIFIC RESULT,displacement-report-draft-v1
speaking,mouth,right_cheek,5,24,12,6,-7.943608712024201e-06,2.5413886284665892e-05,12,0.5,-0.0004277580356117,0.0002413117538275,nominal_fixed_oof_group,gain,True,MOCK DATA / NOT A SCIENTIFIC RESULT,displacement-report-draft-v1
speaking,mouth,right_cheek,6,24,12,6,0.00010151724731053218,0.00013777364370431936,13,0.5416666666666666,-0.00035478075333415,0.00037243391021965,nominal_fixed_oof_group,gain,True,MOCK DATA / NOT A SCIENTIFIC RESULT,displacement-report-draft-v1
speaking,mouth,right_cheek,7,24,12,6,0.00022240791154630002,0.0002596855482906,13,0.5416666666666666,-0.00024674271584694996,0.00050095553217045,nominal_fixed_oof_group,gain,True,MOCK DATA / NOT A SCIENTIFIC RESULT,displacement-report-draft-v1
speaking,mouth,right_cheek,8,24,12,6,0.000322209730304,0.0003584661266978215,16,0.6666666666666666,-0.00013408827034065002,0.0005931263932132,nominal_fixed_oof_group,gain,True,MOCK DATA / NOT A SCIENTIFIC RESULT,displacement-report-draft-v1
speaking,mouth,right_cheek,9,24,12,6,0.00036947209299780003,0.00040282958799453566,16,0.6666666666666666,-5.034233390186762e-05,0.0006187274555374,nominal_fixed_oof_group,gain,True,MOCK DATA / NOT A SCIENTIFIC RESULT,displacement-report-draft-v1
speaking,mouth,right_cheek,10,24,12,6,0.00034984324992865,0.0003788751026161619,16,0.6666666666666666,-1.5531626063709607e-05,0.0005667763549934001,nominal_fixed_oof_group,gain,True,MOCK DATA / NOT A SCIENTIFIC RESULT,displacement-report-draft-v1
speaking,mouth,right_cheek,11,24,12,6,0.00027357024272315,0.00029747193233065273,16,0.6666666666666666,-2.723993878100831e-05,0.0004521695143112,nominal_fixed_oof_group,gain,True,MOCK DATA / NOT A SCIENTIFIC RESULT,displacement-report-draft-v1
speaking,mouth,right_cheek,12,24,12,6,0.00016899603051945,0.00018761068510249573,16,0.6666666666666666,-6.527517439184694e-05,0.0003080892830882,nominal_fixed_oof_group,gain,True,MOCK DATA / NOT A SCIENTIFIC RESULT,displacement-report-draft-v1
speaking,mouth,right_cheek,13,24,12,6,6.719301929058313e-05,8.090669546425273e-05,13,0.5416666666666666,-0.00010539785134004999,0.00016966496230535,nominal_fixed_oof_group,gain,True,MOCK DATA / NOT A SCIENTIFIC RESULT,displacement-report-draft-v1
speaking,mouth,right_cheek,14,24,12,6,-1.1404191627570597e-05,-1.847109299774271e-06,10,0.4166666666666667,-0.0001316830387254,6.0008665383147735e-05,nominal_fixed_oof_group,gain,True,MOCK DATA / NOT A SCIENTIFIC RESULT,displacement-report-draft-v1
speaking,mouth,right_cheek,15,24,12,6,-6.116881964974121e-05,-5.4868402673070286e-05,7,0.2916666666666667,-0.00014046152261030002,-1.4090562789582754e-05,nominal_fixed_oof_group,gain,True,MOCK DATA / NOT A SCIENTIFIC RESULT,displacement-report-draft-v1
speaking,mouth,right_eyelid,1,30,15,0,-0.0001874406172719,-0.00015338822542680408,8,0.26666666666666666,-0.00030739505300729996,-8.556699361809885e-05,nominal_fixed_oof_group,gain,True,MOCK DATA / NOT A SCIENTIFIC RESULT,displacement-report-draft-v1
speaking,mouth,right_eyelid,2,30,15,0,-0.00022477286730345001,-0.00017855086935816006,9,0.3,-0.0003875964864874,-8.649176080659758e-05,nominal_fixed_oof_group,gain,True,MOCK DATA / NOT A SCIENTIFIC RESULT,displacement-report-draft-v1
speaking,mouth,right_eyelid,3,30,15,0,-0.00027280079719369996,-0.0002134505770218557,10,0.3333333333333333,-0.000481870462663,-9.5244341804036e-05,nominal_fixed_oof_group,gain,True,MOCK DATA / NOT A SCIENTIFIC RESULT,displacement-report-draft-v1
speaking,mouth,right_eyelid,4,30,15,0,-0.00033254227501695,-0.00026045336091510586,10,0.3333333333333333,-0.0005864858174615499,-0.0001168758120493,nominal_fixed_oof_group,gain,True,MOCK DATA / NOT A SCIENTIFIC RESULT,displacement-report-draft-v1
speaking,mouth,right_eyelid,5,30,15,0,-0.0004024601582145,-0.00031963025351103026,9,0.3,-0.00069424038105195,-0.00015466016291829998,nominal_fixed_oof_group,gain,True,MOCK DATA / NOT A SCIENTIFIC RESULT,displacement-report-draft-v1
speaking,mouth,right_eyelid,6,30,15,0,-0.00047592467249795,-0.00038589651365429026,8,0.26666666666666666,-0.0007930617782702,-0.0002065898541392,nominal_fixed_oof_group,gain,True,MOCK DATA / NOT A SCIENTIFIC RESULT,displacement-report-draft-v1
speaking,mouth,right_eyelid,7,30,15,0,-0.00054008841823115,-0.00044752442026299105,8,0.26666666666666666,-0.0008661583811338501,-0.00026316719825355,nominal_fixed_oof_group,gain,True,MOCK DATA / NOT A SCIENTIFIC RESULT,displacement-report-draft-v1
speaking,mouth,right_eyelid,8,30,15,0,-0.00057854719411735,-0.0004885190352737457,6,0.2,-0.00089568429988965,-0.00030921237575865,nominal_fixed_oof_group,gain,True,MOCK DATA / NOT A SCIENTIFIC RESULT,displacement-report-draft-v1
speaking,mouth,right_eyelid,9,30,15,0,-0.0005779593437005,-0.0004951294389970789,6,0.2,-0.000869739566538,-0.00033015934840439996,nominal_fixed_oof_group,gain,True,MOCK DATA / NOT A SCIENTIFIC RESULT,displacement-report-draft-v1
speaking,mouth,right_eyelid,10,30,15,0,-0.0005351612182806,-0.0004630723041787925,6,0.2,-0.00078910476072525,-0.000319494755313,nominal_fixed_oof_group,gain,True,MOCK DATA / NOT A SCIENTIFIC RESULT,displacement-report-draft-v1
speaking,mouth,right_eyelid,11,30,15,0,-0.00045976105876545,-0.00040041083859358224,5,0.16666666666666666,-0.0006688307242347,-0.0002822046033757,nominal_fixed_oof_group,gain,True,MOCK DATA / NOT A SCIENTIFIC RESULT,displacement-report-draft-v1
speaking,mouth,right_eyelid,12,30,15,0,-0.0003699796862072,-0.0003237576882618938,5,0.16666666666666666,-0.0005328033053911,-0.0002316985797103,nominal_fixed_oof_group,gain,True,MOCK DATA / NOT A SCIENTIFIC RESULT,displacement-report-draft-v1
speaking,mouth,right_eyelid,13,30,15,0,-0.00028449198147640004,-0.0002504395896312927,5,0.16666666666666666,-0.0004044464172118,-0.00018261835782255,nominal_fixed_oof_group,gain,True,MOCK DATA / NOT A SCIENTIFIC RESULT,displacement-report-draft-v1
speaking,mouth,right_eyelid,14,30,15,0,-0.00021558929492565,-0.00019185812990465953,4,0.13333333333333333,-0.00029918572839755,-0.0001445934076114,nominal_fixed_oof_group,gain,True,MOCK DATA / NOT A SCIENTIFIC RESULT,displacement-report-draft-v1
speaking,mouth,right_eyelid,15,30,15,0,-0.00016709884284205,-0.00015145429465819772,2,0.06666666666666667,-0.00022220900832655002,-0.00012029546934734999,nominal_fixed_oof_group,gain,True,MOCK DATA / NOT A SCIENTIFIC RESULT,displacement-report-draft-v1
speaking,right_brow,jaw,1,30,15,0,-0.00015939860980035002,-0.00013354016057772435,9,0.3,-0.00021204167859055002,-4.547510919626196e-06,nominal_fixed_oof_group,gain,True,MOCK DATA / NOT A SCIENTIFIC RESULT,displacement-report-draft-v1
speaking,right_brow,jaw,2,30,15,0,-0.00019255495376114997,-0.00015745524058170086,12,0.4,-0.0002640115441975,1.76366594109292e-05,nominal_fixed_oof_group,gain,True,MOCK DATA / NOT A SCIENTIFIC RESULT,displacement-report-draft-v1
speaking,right_brow,jaw,3,30,15,0,-0.0002435307219476,-0.0001984617981067388,12,0.4,-0.00033528280025775005,2.636065173995629e-05,nominal_fixed_oof_group,gain,True,MOCK DATA / NOT A SCIENTIFIC RESULT,displacement-report-draft-v1
speaking,right_brow,jaw,4,30,15,0,-0.00031875902835395,-0.00026401669092003825,11,0.36666666666666664,-0.00043020440585735,9.06075054909767e-06,nominal_fixed_oof_group,gain,True,MOCK DATA / NOT A SCIENTIFIC RESULT,displacement-report-draft-v1
speaking,right_brow,jaw,5,30,15,0,-0.00042051837859405003,-0.0003576196284964664,9,0.3,-0.0005485687191111,-4.385462405211106e-05,nominal_fixed_oof_group,gain,True,MOCK DATA / NOT A SCIENTIFIC RESULT,displacement-report-draft-v1
speaking,right_brow,jaw,6,30,15,0,-0.00054089270709365,-0.00047252780090274526,9,0.3,-0.0006800711407442,-0.00013149534697409998,nominal_fixed_oof_group,gain,True,MOCK DATA / NOT A SCIENTIFIC RESULT,displacement-report-draft-v1
speaking,right_brow,jaw,7,30,15,0,-0.0006583731159373,-0.000588082563303238,7,0.23333333333333334,-0.000801471813224,-0.00023744418773274998,nominal_fixed_oof_group,gain,True,MOCK DATA / NOT A SCIENTIFIC RESULT,displacement-report-draft-v1
speaking,right_brow,jaw,8,30,15,0,-0.00074213760491865,-0.0006737726987277214,6,0.2,-0.00088131603856915,-0.00033274024479910003,nominal_fixed_oof_group,gain,True,MOCK DATA / NOT A SCIENTIFIC RESULT,displacement-report-draft-v1
speaking,right_brow,jaw,9,30,15,0,-0.00076467592894605,-0.0007017771788484459,3,0.1,-0.0008927262694631,-0.00038801217440405,nominal_fixed_oof_group,gain,True,MOCK DATA / NOT A SCIENTIFIC RESULT,displacement-report-draft-v1
speaking,right_brow,jaw,10,30,15,0,-0.0007160989873709999,-0.0006613566499370522,3,0.1,-0.0008275443648743999,-0.0003882792084679,nominal_fixed_oof_group,gain,True,MOCK DATA / NOT A SCIENTIFIC RESULT,displacement-report-draft-v1
speaking,right_brow,jaw,11,30,15,0,-0.0006101636807131999,-0.0005650947568723076,0,0.0,-0.0007019157590232999,-0.0003402723070256,nominal_fixed_oof_group,gain,True,MOCK DATA / NOT A SCIENTIFIC RESULT,displacement-report-draft-v1
speaking,right_brow,jaw,12,30,15,0,-0.00047730854364205,-0.0004422088304625647,0,0.0,-0.0005487651340784,-0.0002671169304699,nominal_fixed_oof_group,gain,True,MOCK DATA / NOT A SCIENTIFIC RESULT,displacement-report-draft-v1
speaking,right_brow,jaw,13,30,15,0,-0.00034971835214240004,-0.00032385990291974376,0,0.0,-0.00040236142093260003,-0.00019486725326165,nominal_fixed_oof_group,gain,True,MOCK DATA / NOT A SCIENTIFIC RESULT,displacement-report-draft-v1
speaking,right_brow,jaw,14,30,15,0,-0.00024856828443455003,-0.0002305474908150987,0,0.0,-0.0002852553212323,-0.00014065231195495,nominal_fixed_oof_group,gain,True,MOCK DATA / NOT A SCIENTIFIC RESULT,displacement-report-draft-v1
speaking,right_brow,jaw,15,30,15,0,-0.0001800924170503,-0.0001682123777078962,0,0.0,-0.000204278002309,-0.00010894982334415,nominal_fixed_oof_group,gain,True,MOCK DATA / NOT A SCIENTIFIC RESULT,displacement-report-draft-v1
speaking,right_brow,left_brow,1,30,15,0,-7.92999962534271e-05,-7.906156560656792e-05,14,0.4666666666666667,-0.0002691363636625,1.0646701706975084e-05,nominal_fixed_oof_group,gain,True,MOCK DATA / NOT A SCIENTIFIC RESULT,displacement-report-draft-v1
speaking,right_brow,left_brow,2,30,15,0,-5.882098648579562e-05,-5.8497345758317396e-05,14,0.4666666666666667,-0.0003165008647227,6.327076281691709e-05,nominal_fixed_oof_group,gain,True,MOCK DATA / NOT A SCIENTIFIC RESULT,displacement-report-draft-v1
speaking,right_brow,left_brow,3,30,15,0,-2.0051549827657892e-05,-1.9635986907710903e-05,14,0.4666666666666667,-0.0003509190628528,0.00013671735944484998,nominal_fixed_oof_group,gain,True,MOCK DATA / NOT A SCIENTIFIC RESULT,displacement-report-draft-v1
speaking,right_brow,left_brow,4,30,15,0,4.582244125985813e-05,4.63271989432052e-05,17,0.5666666666666667,-0.0003560611516988,0.00023623960233625,nominal_fixed_oof_group,gain,True,MOCK DATA / NOT A SCIENTIFIC RESULT,displacement-report-draft-v1
speaking,right_brow,left_brow,5,30,15,0,0.00014339836174219998,0.00014397832651675895,17,0.5666666666666667,-0.000318364450493,0.0003621869993902,nominal_fixed_oof_group,gain,True,MOCK DATA / NOT A SCIENTIFIC RESULT,displacement-report-draft-v1
speaking,right_brow,left_brow,6,30,15,0,0.0002660114478598,0.00026664181392180585,18,0.6,-0.000235880422677,0.0005038137041086,nominal_fixed_oof_group,gain,True,MOCK DATA / NOT A SCIENTIFIC RESULT,displacement-report-draft-v1
speaking,right_brow,left_brow,7,30,15,0,0.00039153544942995,0.00039218357112468205,20,0.6666666666666666,-0.0001244932984788,0.0006360359240256,nominal_fixed_oof_group,gain,True,MOCK DATA / NOT A SCIENTIFIC RESULT,displacement-report-draft-v1
speaking,right_brow,left_brow,8,30,15,0,0.0004867039308533,0.0004873342969153114,20,0.6666666666666666,-1.5187939683518337e-05,0.0007245061871021499,nominal_fixed_oof_group,gain,True,MOCK DATA / NOT A SCIENTIFIC RESULT,displacement-report-draft-v1
speaking,right_brow,left_brow,9,30,15,0,0.0005208140634521,0.0005213940282266432,23,0.7666666666666667,5.9051251216862485e-05,0.0007396027011001,nominal_fixed_oof_group,gain,True,MOCK DATA / NOT A SCIENTIFIC RESULT,displacement-report-draft-v1
speaking,right_brow,left_brow,10,30,15,0,0.0004815599088714,0.00048206466655475484,23,0.7666666666666667,7.967631591268044e-05,0.0006719770699478,nominal_fixed_oof_group,gain,True,MOCK DATA / NOT A SCIENTIFIC RESULT,displacement-report-draft-v1
speaking,right_brow,left_brow,11,30,15,0,0.00038201150315765,0.0003824270660776175,23,0.7666666666666667,5.11439901324795e-05,0.0005387804124302,nominal_fixed_oof_group,gain,True,MOCK DATA / NOT A SCIENTIFIC RESULT,displacement-report-draft-v1
speaking,right_brow,left_brow,12,30,15,0,0.0002534501690631,0.00025377380979056636,20,0.6666666666666666,-4.229709173808778e-06,0.00037554191836580003,nominal_fixed_oof_group,gain,True,MOCK DATA / NOT A SCIENTIFIC RESULT,displacement-report-draft-v1
speaking,right_brow,left_brow,13,30,15,0,0.00012941156341385,0.00012964999406075547,20,0.6666666666666666,-6.0424803995175885e-05,0.00021935826137425,nominal_fixed_oof_group,gain,True,MOCK DATA / NOT A SCIENTIFIC RESULT,displacement-report-draft-v1
speaking,right_brow,left_brow,14,30,15,0,3.195600887386267e-05,3.212217156375851e-05,17,0.5666666666666667,-0.0001003412518432,9.464000305848732e-05,nominal_fixed_oof_group,gain,True,MOCK DATA / NOT A SCIENTIFIC RESULT,displacement-report-draft-v1
speaking,right_brow,left_brow,15,30,15,0,-3.258401374555981e-05,-3.2474472549134135e-05,14,0.4666666666666667,-0.0001197997432744,8.739822084209096e-06,nominal_fixed_oof_group,gain,True,MOCK DATA / NOT A SCIENTIFIC RESULT,displacement-report-draft-v1
speaking,right_brow,left_cheek,1,30,15,0,-4.7597350124791056e-05,-7.07037850851914e-05,14,0.4666666666666667,-0.0002013320551369,3.244824137289652e-05,nominal_fixed_oof_group,gain,True,MOCK DATA / NOT A SCIENTIFIC RESULT,displacement-report-draft-v1
speaking,right_brow,left_cheek,2,30,15,0,-2.8875127726742632e-05,-6.023931483349711e-05,14,0.4666666666666667,-0.00023755137142525,7.977706864655074e-05,nominal_fixed_oof_group,gain,True,MOCK DATA / NOT A SCIENTIFIC RESULT,displacement-report-draft-v1
speaking,right_brow,left_cheek,3,30,15,0,-8.698897450356343e-06,-4.897131086918743e-05,15,0.5,-0.0002766444982182,0.0001308132842718,nominal_fixed_oof_group,gain,True,MOCK DATA / NOT A SCIENTIFIC RESULT,displacement-report-draft-v1
speaking,right_brow,left_cheek,4,30,15,0,1.0794970690375903e-05,-3.812135250466525e-05,15,0.5,-0.0003146614023742,0.0001802514892207,nominal_fixed_oof_group,gain,True,MOCK DATA / NOT A SCIENTIFIC RESULT,displacement-report-draft-v1
speaking,right_brow,left_cheek,5,30,15,0,2.6932808114338378e-05,-2.927187244118197e-05,15,0.5,-0.00034701540156445,0.0002216377423767,nominal_fixed_oof_group,gain,True,MOCK DATA / NOT A SCIENTIFIC RESULT,displacement-report-draft-v1
speaking,right_brow,left_cheek,6,30,15,0,3.6788968845974206e-05,-2.430012605187237e-05,16,0.5333333333333333,-0.0003696568545651,0.0002484145503575,nominal_fixed_oof_group,gain,True,MOCK DATA / NOT A SCIENTIFIC RESULT,displacement-report-draft-v1
speaking,right_brow,left_cheek,7,30,15,0,3.736370838515468e-05,-2.5446093888183865e-05,16,0.5333333333333333,-0.00038053054665275,0.0002549501852015,nominal_fixed_oof_group,gain,True,MOCK DATA / NOT A SCIENTIFIC RESULT,displacement-report-draft-v1
speaking,right_brow,left_cheek,8,30,15,0,2.5561132427663787e-05,-3.5527962470180046e-05,15,0.5,-0.0003808846909834,0.0002371867139392,nominal_fixed_oof_group,gain,True,MOCK DATA / NOT A SCIENTIFIC RESULT,displacement-report-draft-v1
speaking,right_brow,left_cheek,9,30,15,0,-1.7938084769554552e-06,-5.799848903248134e-05,15,0.5,-0.00037574201815575,0.0001929111257854,nominal_fixed_oof_group,gain,True,MOCK DATA / NOT A SCIENTIFIC RESULT,displacement-report-draft-v1
speaking,right_brow,left_cheek,10,30,15,0,-4.725636503599912e-05,-9.617268823102606e-05,14,0.4666666666666667,-0.00037271273810055,0.0001222001534943,nominal_fixed_oof_group,gain,True,MOCK DATA / NOT A SCIENTIFIC RESULT,displacement-report-draft-v1
speaking,right_brow,left_cheek,11,30,15,0,-0.00011080107251984245,-0.000151073485938688,14,0.4666666666666667,-0.0003787466732877,2.871110920238569e-05,nominal_fixed_oof_group,gain,True,MOCK DATA / NOT A SCIENTIFIC RESULT,displacement-report-draft-v1
speaking,right_brow,left_cheek,12,30,15,0,-0.000187059955632,-0.00021842414273877953,10,0.3333333333333333,-0.00039573619933055,-7.840775925874871e-05,nominal_fixed_oof_group,gain,True,MOCK DATA / NOT A SCIENTIFIC RESULT,displacement-report-draft-v1
speaking,right_brow,left_cheek,13,30,15,0,-0.0002638188626065,-0.00028692529756691023,0,0.0,-0.0004175535676186,-0.0001837732711088,nominal_fixed_oof_group,gain,True,MOCK DATA / NOT A SCIENTIFIC RESULT,displacement-report-draft-v1
speaking,right_brow,left_cheek,14,30,15,0,-0.0003242941171032,-0.0003403970276883601,0,0.0,-0.00043143207295344996,-0.0002685102194647,nominal_fixed_oof_group,gain,True,MOCK DATA / NOT A SCIENTIFIC RESULT,displacement-report-draft-v1
speaking,right_brow,left_cheek,15,30,15,0,-0.0003535598825569,-0.0003641755754790933,0,0.0,-0.00042418957609,-0.0003167848707226,nominal_fixed_oof_group,gain,True,MOCK DATA / NOT A SCIENTIFIC RESULT,displacement-report-draft-v1
speaking,right_brow,left_eyelid,1,30,15,0,-3.815716733269201e-05,-2.20682069073761e-05,12,0.4,-0.00018929751931,6.668329173932508e-05,nominal_fixed_oof_group,gain,True,MOCK DATA / NOT A SCIENTIFIC RESULT,displacement-report-draft-v1
speaking,right_brow,left_eyelid,2,30,15,0,3.37137436749943e-05,5.555255896594304e-05,16,0.5333333333333333,-0.0001714409799732,0.0001760219699473,nominal_fixed_oof_group,gain,True,MOCK DATA / NOT A SCIENTIFIC RESULT,displacement-report-draft-v1
speaking,right_brow,left_eyelid,3,30,15,0,0.00012985548232375001,0.00015789707622775146,18,0.6,-0.000133568397194,0.0003125828618613,nominal_fixed_oof_group,gain,True,MOCK DATA / NOT A SCIENTIFIC RESULT,displacement-report-draft-v1
speaking,right_brow,left_eyelid,4,30,15,0,0.00023096925890540003,0.00026502958839310996,20,0.6666666666666666,-8.899486874137767e-05,0.0004529165125026,nominal_fixed_oof_group,gain,True,MOCK DATA / NOT A SCIENTIFIC RESULT,displacement-report-draft-v1
speaking,right_brow,left_eyelid,5,30,15,0,0.00030689582358330004,0.0003460310204548715,20,0.6666666666666666,-6.074181573622987e-05,0.0005619124248692,nominal_fixed_oof_group,gain,True,MOCK DATA / NOT A SCIENTIFIC RESULT,displacement-report-draft-v1
speaking,right_brow,left_eyelid,6,30,15,0,0.00032968743359869997,0.0003722236375572237,20,0.6666666666666666,-6.989940533411437e-05,0.0006068660102315,nominal_fixed_oof_group,gain,True,MOCK DATA / NOT A SCIENTIFIC RESULT,displacement-report-draft-v1
speaking,right_brow,left_eyelid,7,30,15,0,0.00028879873125345,0.00033253306001639,20,0.6666666666666666,-0.0001220433410733,0.0005737846460362,nominal_fixed_oof_group,gain,True,MOCK DATA / NOT A SCIENTIFIC RESULT,displacement-report-draft-v1
speaking,right_brow,left_eyelid,8,30,15,0,0.00019761759896225,0.0002401538029207854,18,0.6,-0.0002019692399705,0.0004747961755951,nominal_fixed_oof_group,gain,True,MOCK DATA / NOT A SCIENTIFIC RESULT,displacement-report-draft-v1
speaking,right_brow,left_eyelid,9,30,15,0,8.620334058982672e-05,0.0001253385374613612,16,0.5333333333333333,-0.0002814342987297,0.0003412199418757,nominal_fixed_oof_group,gain,True,MOCK DATA / NOT A SCIENTIFIC RESULT,displacement-report-draft-v1
speaking,right_brow,left_eyelid,10,30,15,0,-1.4376608167985996e-05,1.9683721319671403e-05,14,0.4666666666666667,-0.0003343407358148,0.0002075706454291,nominal_fixed_oof_group,gain,True,MOCK DATA / NOT A SCIENTIFIC RESULT,displacement-report-draft-v1
speaking,right_brow,left_eyelid,11,30,15,0,-8.518950229424293e-05,-5.7147908390304024e-05,12,0.4,-0.0003486133818121,9.753787724323636e-05,nominal_fixed_oof_group,gain,True,MOCK DATA / NOT A SCIENTIFIC RESULT,displacement-report-draft-v1
speaking,right_brow,left_eyelid,12,30,15,0,-0.00012300344223685,-0.00010116462694593696,12,0.4,-0.0003281581658851,1.93047840354706e-05,nominal_fixed_oof_group,gain,True,MOCK DATA / NOT A SCIENTIFIC RESULT,displacement-report-draft-v1
speaking,right_brow,left_eyelid,13,30,15,0,-0.0001353833382635,-0.0001192943778382055,8,0.26666666666666666,-0.0002865236902408,-3.0542879191517054e-05,nominal_fixed_oof_group,gain,True,MOCK DATA / NOT A SCIENTIFIC RESULT,displacement-report-draft-v1
speaking,right_brow,left_eyelid,14,30,15,0,-0.00013318409293285,-0.00012197167130311345,8,0.26666666666666666,-0.0002385140401043,-6.012061338549982e-05,nominal_fixed_oof_group,gain,True,MOCK DATA / NOT A SCIENTIFIC RESULT,displacement-report-draft-v1
speaking,right_brow,left_eyelid,15,30,15,0,-0.00012530624802965,-0.00011791456412836419,5,0.16666666666666666,-0.0001947440287819,-7.713983372820143e-05,nominal_fixed_oof_group,gain,True,MOCK DATA / NOT A SCIENTIFIC RESULT,displacement-report-draft-v1
speaking,right_brow,mouth,1,30,15,0,-6.410399431245836e-05,-9.082087126977216e-05,12,0.4,-0.0002238066328013,-1.397446758602365e-05,nominal_fixed_oof_group,gain,True,MOCK DATA / NOT A SCIENTIFIC RESULT,displacement-report-draft-v1
speaking,right_brow,mouth,2,30,15,0,-6.761107881394803e-05,-0.00010387600368154508,13,0.43333333333333335,-0.0002843880694483,4.3368267851852035e-07,nominal_fixed_oof_group,gain,True,MOCK DATA / NOT A SCIENTIFIC RESULT,displacement-report-draft-v1
speaking,right_brow,mouth,3,30,15,0,-9.222057905122598e-05,-0.00013878566431547583,13,0.43333333333333335,-0.00037056774477885,-4.8493758224351524e-06,nominal_fixed_oof_group,gain,True,MOCK DATA / NOT A SCIENTIFIC RESULT,displacement-report-draft-v1
speaking,right_brow,mouth,4,30,15,0,-0.00015138388766769404,-0.00020794351663009427,12,0.4,-0.00048947437600155,-4.5259678754962576e-05,nominal_fixed_oof_group,gain,True,MOCK DATA / NOT A SCIENTIFIC RESULT,displacement-report-draft-v1
speaking,right_brow,mouth,5,30,15,0,-0.00025375812311875,-0.00031874493468875135,12,0.4,-0.0006422228860958,-0.0001318217862979,nominal_fixed_oof_group,gain,True,MOCK DATA / NOT A SCIENTIFIC RESULT,displacement-report-draft-v1
speaking,right_brow,mouth,6,30,15,0,-0.000393822032388,-0.00046445646104889847,8,0.26666666666666666,-0.00081604595636405,-0.0002612889341136,nominal_fixed_oof_group,gain,True,MOCK DATA / NOT A SCIENTIFIC RESULT,displacement-report-draft-v1
speaking,right_brow,mouth,7,30,15,0,-0.00054597516606775,-0.000618599167213919,7,0.23333333333333334,-0.00098009194622885,-0.00040970898449790003,nominal_fixed_oof_group,gain,True,MOCK DATA / NOT A SCIENTIFIC RESULT,displacement-report-draft-v1
speaking,right_brow,mouth,8,30,15,0,-0.00066941732402895,-0.0007400517526898147,0,0.0,-0.0010916412480050002,-0.0005368842257546,nominal_fixed_oof_group,gain,True,MOCK DATA / NOT A SCIENTIFIC RESULT,displacement-report-draft-v1
speaking,right_brow,mouth,9,30,15,0,-0.0007250654779128499,-0.0007900522894827833,0,0.0,-0.0011135302408899,-0.000603129141092,nominal_fixed_oof_group,gain,True,MOCK DATA / NOT A SCIENTIFIC RESULT,displacement-report-draft-v1
speaking,right_brow,mouth,10,30,15,0,-0.0006955220152396,-0.0007520816442020165,0,0.0,-0.00103361250357355,-0.00058939780632685,nominal_fixed_oof_group,gain,True,MOCK DATA / NOT A SCIENTIFIC RESULT,displacement-report-draft-v1
speaking,right_brow,mouth,11,30,15,0,-0.0005943069339761,-0.0006408720192403601,0,0.0,-0.0008726540997038,-0.0005069357307473,nominal_fixed_oof_group,gain,True,MOCK DATA / NOT A SCIENTIFIC RESULT,displacement-report-draft-v1
speaking,right_brow,mouth,12,30,15,0,-0.00045756754229295,-0.0004938324671605267,0,0.0,-0.0006743445329274,-0.00038952278080045,nominal_fixed_oof_group,gain,True,MOCK DATA / NOT A SCIENTIFIC RESULT,displacement-report-draft-v1
speaking,right_brow,mouth,13,30,15,0,-0.00032473780646205,-0.0003514546834193409,0,0.0,-0.0004844404449509,-0.0002746082797356,nominal_fixed_oof_group,gain,True,MOCK DATA / NOT A SCIENTIFIC RESULT,displacement-report-draft-v1
speaking,right_brow,mouth,14,30,15,0,-0.0002217527424086,-0.00024037177565602817,0,0.0,-0.00033304976041265003,-0.00018681739699785,nominal_fixed_oof_group,gain,True,MOCK DATA / NOT A SCIENTIFIC RESULT,displacement-report-draft-v1
speaking,right_brow,mouth,15,30,15,0,-0.000155819860282,-0.00016809428349378333,0,0.0,-0.00022919137657045,-0.00013278906115715,nominal_fixed_oof_group,gain,True,MOCK DATA / NOT A SCIENTIFIC RESULT,displacement-report-draft-v1
speaking,right_brow,right_cheek,1,24,12,6,-5.955180832242779e-05,-7.709837684557115e-05,11,0.4583333333333333,-0.0001615644953329,0.00011210913243121102,nominal_fixed_oof_group,gain,True,MOCK DATA / NOT A SCIENTIFIC RESULT,displacement-report-draft-v1
speaking,right_brow,right_cheek,2,24,12,6,-5.9176891970694114e-05,-8.299423372784994e-05,11,0.4583333333333333,-0.00019764676013265002,0.00017383204575355,nominal_fixed_oof_group,gain,True,MOCK DATA / NOT A SCIENTIFIC RESULT,displacement-report-draft-v1
speaking,right_brow,right_cheek,3,24,12,6,-7.672352217770212e-05,-0.00010730559435185434,11,0.4583333333333333,-0.00025452235234305,0.00022246587617565002,nominal_fixed_oof_group,gain,True,MOCK DATA / NOT A SCIENTIFIC RESULT,displacement-report-draft-v1
speaking,right_brow,right_cheek,4,24,12,6,-0.00012416252075864235,-0.00016130860661365244,11,0.4583333333333333,-0.00034012338085455,0.0002392436936685,nominal_fixed_oof_group,gain,True,MOCK DATA / NOT A SCIENTIFIC RESULT,displacement-report-draft-v1
speaking,right_brow,right_cheek,5,24,12,6,-0.00020940489371355,-0.00025208561362466956,9,0.375,-0.0004575431502581,0.0002081475480824,nominal_fixed_oof_group,gain,True,MOCK DATA / NOT A SCIENTIFIC RESULT,displacement-report-draft-v1
speaking,right_brow,right_cheek,6,24,12,6,-0.0003281229889108,-0.0003745128362187021,8,0.3333333333333333,-0.0005978254647903,0.00012571645096472504,nominal_fixed_oof_group,gain,True,MOCK DATA / NOT A SCIENTIFIC RESULT,displacement-report-draft-v1
speaking,right_brow,right_cheek,7,24,12,6,-0.0004585631554547,-0.0005062596738229752,6,0.25,-0.0007358623888276,8.059660452087051e-06,nominal_fixed_oof_group,gain,True,MOCK DATA / NOT A SCIENTIFIC RESULT,displacement-report-draft-v1
speaking,right_brow,right_cheek,8,24,12,6,-0.00056567198434935,-0.0006120618316571984,4,0.16666666666666666,-0.0008353744602288,-0.00011183254447375602,nominal_fixed_oof_group,gain,True,MOCK DATA / NOT A SCIENTIFIC RESULT,displacement-report-draft-v1
speaking,right_brow,right_cheek,9,24,12,6,-0.00061564764193865,-0.0006583283618497635,0,0.0,-0.00086378589848325,-0.0001980952001426,nominal_fixed_oof_group,gain,True,MOCK DATA / NOT A SCIENTIFIC RESULT,displacement-report-draft-v1
speaking,right_brow,right_cheek,10,24,12,6,-0.0005931816568073,-0.0006303277426622886,0,0.0,-0.0008091425169032499,-0.0002297754423801,nominal_fixed_oof_group,gain,True,MOCK DATA / NOT A SCIENTIFIC RESULT,displacement-report-draft-v1
speaking,right_brow,right_cheek,11,24,12,6,-0.0005094961886686501,-0.0005400782608427748,0,0.0,-0.00068729501883405,-0.00021030679031524999,nominal_fixed_oof_group,gain,True,MOCK DATA / NOT A SCIENTIFIC RESULT,displacement-report-draft-v1
speaking,right_brow,right_cheek,12,24,12,6,-0.00039529934751999997,-0.00041911668927718386,0,0.0,-0.00053376921568205,-0.00016229040979575,nominal_fixed_oof_group,gain,True,MOCK DATA / NOT A SCIENTIFIC RESULT,displacement-report-draft-v1
speaking,right_brow,right_cheek,13,24,12,6,-0.0002842047763931,-0.00030175134491624574,0,0.0,-0.0003862174634036,-0.00011254383563945163,nominal_fixed_oof_group,gain,True,MOCK DATA / NOT A SCIENTIFIC RESULT,displacement-report-draft-v1
speaking,right_brow,right_cheek,14,24,12,6,-0.0001983186994141,-0.00021054693040209005,0,0.0,-0.00026941150019864997,-7.8687921898901e-05,nominal_fixed_oof_group,gain,True,MOCK DATA / NOT A SCIENTIFIC RESULT,displacement-report-draft-v1
speaking,right_brow,right_cheek,15,24,12,6,-0.0001437457819356,-0.00015180712863835299,0,0.0,-0.00019061304472749998,-6.48803127751051e-05,nominal_fixed_oof_group,gain,True,MOCK DATA / NOT A SCIENTIFIC RESULT,displacement-report-draft-v1
speaking,right_brow,right_eyelid,1,30,15,0,-0.0001463468851896,-0.00011291044840936464,11,0.36666666666666664,-0.0001957605919238,5.0110325433659966e-05,nominal_fixed_oof_group,gain,True,MOCK DATA / NOT A SCIENTIFIC RESULT,displacement-report-draft-v1
speaking,right_brow,right_eyelid,2,30,15,0,-0.00015851473745924998,-0.00011312882391803133,11,0.36666666666666664,-0.00022558786000305002,0.0001081521336101,nominal_fixed_oof_group,gain,True,MOCK DATA / NOT A SCIENTIFIC RESULT,displacement-report-draft-v1
speaking,right_brow,right_eyelid,3,30,15,0,-0.0001660371983039,-0.00010776053175736614,14,0.4666666666666667,-0.00025216079242675,0.0001763698419378,nominal_fixed_oof_group,gain,True,MOCK DATA / NOT A SCIENTIFIC RESULT,displacement-report-draft-v1
speaking,right_brow,right_eyelid,4,30,15,0,-0.0001638422977013,-9.305736048202617e-05,14,0.4666666666666667,-0.0002684511156785,0.0002520576204518,nominal_fixed_oof_group,gain,True,MOCK DATA / NOT A SCIENTIFIC RESULT,displacement-report-draft-v1
speaking,right_brow,right_eyelid,5,30,15,0,-0.00014786794432130002,-6.653630439636132e-05,14,0.4666666666666667,-0.00026806310237225,0.000329999575477,nominal_fixed_oof_group,gain,True,MOCK DATA / NOT A SCIENTIFIC RESULT,displacement-report-draft-v1
speaking,right_brow,right_eyelid,6,30,15,0,-0.0001179351695081,-2.9535480719423352e-05,14,0.4666666666666667,-0.00024857577352645,0.0004014609728954,nominal_fixed_oof_group,gain,True,MOCK DATA / NOT A SCIENTIFIC RESULT,displacement-report-draft-v1
speaking,right_brow,right_eyelid,7,30,15,0,-7.972615976588196e-05,1.1163498742369753e-05,14,0.4666666666666667,-0.00021404654085822522,0.0004542999059412,nominal_fixed_oof_group,gain,True,MOCK DATA / NOT A SCIENTIFIC RESULT,displacement-report-draft-v1
speaking,right_brow,right_eyelid,8,30,15,0,-4.377842772464516e-05,4.462126106405423e-05,14,0.4666666666666667,-0.00017441903174303478,0.0004756177146789,nominal_fixed_oof_group,gain,True,MOCK DATA / NOT A SCIENTIFIC RESULT,displacement-report-draft-v1
speaking,right_brow,right_eyelid,9,30,15,0,-2.1049312544276465e-05,6.028232738074193e-05,14,0.4666666666666667,-0.00014124447059518723,0.0004568182072541,nominal_fixed_oof_group,gain,True,MOCK DATA / NOT A SCIENTIFIC RESULT,displacement-report-draft-v1
speaking,right_brow,right_eyelid,10,30,15,0,-1.7426477675394538e-05,5.335845954391851e-05,14,0.4666666666666667,-0.00012203529565254401,0.0003984734404778,nominal_fixed_oof_group,gain,True,MOCK DATA / NOT A SCIENTIFIC RESULT,displacement-report-draft-v1
speaking,right_brow,right_eyelid,11,30,15,0,-3.093660223251176e-05,2.7340064314078856e-05,14,0.4666666666666667,-0.00011706019635535047,0.00031147043800924996,nominal_fixed_oof_group,gain,True,MOCK DATA / NOT A SCIENTIFIC RESULT,displacement-report-draft-v1
speaking,right_brow,right_eyelid,12,30,15,0,-5.3585873846180836e-05,-8.199960304908325e-06,14,0.4666666666666667,-0.00012065899638995588,0.00021308099722324998,nominal_fixed_oof_group,gain,True,MOCK DATA / NOT A SCIENTIFIC RESULT,displacement-report-draft-v1
speaking,right_brow,right_eyelid,13,30,15,0,-7.621595445952154e-05,-4.277951767924242e-05,14,0.4666666666666667,-0.0001256296611936996,0.0001202412561637,nominal_fixed_oof_group,gain,True,MOCK DATA / NOT A SCIENTIFIC RESULT,displacement-report-draft-v1
speaking,right_brow,right_eyelid,14,30,15,0,-9.280692209812438e-05,-6.950501712309383e-05,11,0.36666666666666664,-0.00012724341143906324,4.4104414587805164e-05,nominal_fixed_oof_group,gain,True,MOCK DATA / NOT A SCIENTIFIC RESULT,displacement-report-draft-v1
speaking,right_brow,right_eyelid,15,30,15,0,-0.00010183551636725,-8.647395384665904e-05,8,0.26666666666666666,-0.00012453744930225,-1.1578000488872333e-05,nominal_fixed_oof_group,gain,True,MOCK DATA / NOT A SCIENTIFIC RESULT,displacement-report-draft-v1
speaking,right_cheek,jaw,1,24,12,6,-5.46654118072777e-05,-7.71881671943387e-05,10,0.4166666666666667,-0.0001595083775872,9.053308737101261e-05,nominal_fixed_oof_group,gain,True,MOCK DATA / NOT A SCIENTIFIC RESULT,displacement-report-draft-v1
speaking,right_cheek,jaw,2,24,12,6,-3.406824061478889e-05,-6.46401533884379e-05,10,0.4166666666666667,-0.0001763798694396,0.000163021137459,nominal_fixed_oof_group,gain,True,MOCK DATA / NOT A SCIENTIFIC RESULT,displacement-report-draft-v1
speaking,right_cheek,jaw,3,24,12,6,-6.24473333784431e-06,-4.5499846375982625e-05,11,0.4583333333333333,-0.0001889764818392,0.0002468230374681,nominal_fixed_oof_group,gain,True,MOCK DATA / NOT A SCIENTIFIC RESULT,displacement-report-draft-v1
speaking,right_cheek,jaw,4,24,12,6,3.0247382972217046e-05,-1.7433290556376902e-05,13,0.5416666666666666,-0.0001917051773258,0.00033763260814485,nominal_fixed_oof_group,gain,True,MOCK DATA / NOT A SCIENTIFIC RESULT,displacement-report-draft-v1
speaking,right_cheek,jaw,5,24,12,6,7.51404052204592e-05,2.035548171626745e-05,13,0.5416666666666666,-0.0001798822934458,0.00042832493054610003,nominal_fixed_oof_group,gain,True,MOCK DATA / NOT A SCIENTIFIC RESULT,displacement-report-draft-v1
speaking,right_cheek,jaw,6,24,12,6,0.0001244535086859,6.49075534765412e-05,13,0.5416666666666666,-0.0001527316952142,0.00050833119949065,nominal_fixed_oof_group,gain,True,MOCK DATA / NOT A SCIENTIFIC RESULT,displacement-report-draft-v1
speaking,right_cheek,jaw,7,24,12,6,0.0001694899233357,0.00010826672664028925,13,0.5416666666666666,-0.0001155028053857,0.00056418036517175,nominal_fixed_oof_group,gain,True,MOCK DATA / NOT A SCIENTIFIC RESULT,displacement-report-draft-v1
speaking,right_cheek,jaw,8,24,12,6,0.0001986102504694,0.00013906429526002102,13,0.5416666666666666,-7.857495343077149e-05,0.00058248794127415,nominal_fixed_oof_group,gain,True,MOCK DATA / NOT A SCIENTIFIC RESULT,displacement-report-draft-v1
speaking,right_cheek,jaw,9,24,12,6,0.00020195903699755002,0.0001471741134933872,13,0.5416666666666666,-5.306366166870496e-05,0.00055514356232325,nominal_fixed_oof_group,gain,True,MOCK DATA / NOT A SCIENTIFIC RESULT,displacement-report-draft-v1
speaking,right_cheek,jaw,10,24,12,6,0.0001766632029981,0.00012898252946958507,14,0.5833333333333334,-4.5289357299848135e-05,0.0004840484281708,nominal_fixed_oof_group,gain,True,MOCK DATA / NOT A SCIENTIFIC RESULT,displacement-report-draft-v1
speaking,right_cheek,jaw,11,24,12,6,0.00012885586273355,8.960074969545481e-05,13,0.5416666666666666,-5.387588576780383e-05,0.00038192363353954997,nominal_fixed_oof_group,gain,True,MOCK DATA / NOT A SCIENTIFIC RESULT,displacement-report-draft-v1
speaking,right_cheek,jaw,12,24,12,6,7.08606229983446e-05,4.028871022468226e-05,13,0.5416666666666666,-7.145100582656508e-05,0.00026795000107215,nominal_fixed_oof_group,gain,True,MOCK DATA / NOT A SCIENTIFIC RESULT,displacement-report-draft-v1
speaking,right_cheek,jaw,13,24,12,6,1.546551892285704e-05,-7.057236464218957e-06,13,0.5416666666666666,-8.937744685716398e-05,0.00016066401810115,nominal_fixed_oof_group,gain,True,MOCK DATA / NOT A SCIENTIFIC RESULT,displacement-report-draft-v1
speaking,right_cheek,jaw,14,24,12,6,-2.8913960214510537e-05,-4.4610103594073344e-05,10,0.4166666666666667,-0.0001019791866906,7.2275100468091e-05,nominal_fixed_oof_group,gain,True,MOCK DATA / NOT A SCIENTIFIC RESULT,displacement-report-draft-v1
speaking,right_cheek,jaw,15,24,12,6,-5.971467990976238e-05,-7.006221536300505e-05,7,0.2916666666666667,-0.0001078822458576,6.9932602240279345e-06,nominal_fixed_oof_group,gain,True,MOCK DATA / NOT A SCIENTIFIC RESULT,displacement-report-draft-v1
speaking,right_cheek,left_brow,1,24,12,6,-0.0001499735626284,-0.00012389590283302674,8,0.3333333333333333,-0.00029778779432264996,-4.759958937614224e-05,nominal_fixed_oof_group,gain,True,MOCK DATA / NOT A SCIENTIFIC RESULT,displacement-report-draft-v1
speaking,right_cheek,left_brow,2,24,12,6,-0.0001678475034861,-0.0001324502385020666,8,0.3333333333333333,-0.00036848742166655,-2.8887233005179397e-05,nominal_fixed_oof_group,gain,True,MOCK DATA / NOT A SCIENTIFIC RESULT,displacement-report-draft-v1
speaking,right_cheek,left_brow,3,24,12,6,-0.0001871851677112,-0.00014173417979045718,9,0.375,-0.00044481192225709993,-8.756648503872085e-06,nominal_fixed_oof_group,gain,True,MOCK DATA / NOT A SCIENTIFIC RESULT,displacement-report-draft-v1
speaking,right_cheek,left_brow,4,24,12,6,-0.0002061738734025,-0.00015096746718237875,9,0.375,-0.00051909660435465,1.0551829673365303e-05,nominal_fixed_oof_group,gain,True,MOCK DATA / NOT A SCIENTIFIC RESULT,displacement-report-draft-v1
speaking,right_cheek,left_brow,5,24,12,6,-0.00022298762875215,-0.00015955566527757866,9,0.375,-0.0005825347284310501,2.602942964326227e-05,nominal_fixed_oof_group,gain,True,MOCK DATA / NOT A SCIENTIFIC RESULT,displacement-report-draft-v1
speaking,right_cheek,left_brow,6,24,12,6,-0.00023683074429525,-0.000167886286325603,9,0.375,-0.0006276239429298,3.3826904874640316e-05,nominal_fixed_oof_group,gain,True,MOCK DATA / NOT A SCIENTIFIC RESULT,displacement-report-draft-v1
speaking,right_cheek,left_brow,7,24,12,6,-0.0002494886191076,-0.00017860219035697493,9,0.375,-0.00065128935910955,2.8792692091327097e-05,nominal_fixed_oof_group,gain,True,MOCK DATA / NOT A SCIENTIFIC RESULT,displacement-report-draft-v1
speaking,right_cheek,left_brow,8,24,12,6,-0.00026698337359500003,-0.00019803891562539236,9,0.375,-0.0006577765722296,3.674275574858891e-06,nominal_fixed_oof_group,gain,True,MOCK DATA / NOT A SCIENTIFIC RESULT,displacement-report-draft-v1
speaking,right_cheek,left_brow,9,24,12,6,-0.00030013366017295,-0.0002367016966983372,8,0.3333333333333333,-0.0006596807598517999,-5.1116601777506654e-05,nominal_fixed_oof_group,gain,True,MOCK DATA / NOT A SCIENTIFIC RESULT,displacement-report-draft-v1
speaking,right_cheek,left_brow,10,24,12,6,-0.0003620721552531,-0.0003068657490329989,8,0.3333333333333333,-0.0006749948862053499,-0.0001453464521772,nominal_fixed_oof_group,gain,True,MOCK DATA / NOT A SCIENTIFIC RESULT,displacement-report-draft-v1
speaking,right_cheek,left_brow,11,24,12,6,-0.0004613830559661,-0.0004159320680453633,4,0.16666666666666666,-0.000719009810512,-0.00028295453675875,nominal_fixed_oof_group,gain,True,MOCK DATA / NOT A SCIENTIFIC RESULT,displacement-report-draft-v1
speaking,right_cheek,left_brow,12,24,12,6,-0.00059265672754105,-0.0005572594625569751,0,0.0,-0.00079329664572155,-0.00045369645706005003,nominal_fixed_oof_group,gain,True,MOCK DATA / NOT A SCIENTIFIC RESULT,displacement-report-draft-v1
speaking,right_cheek,left_brow,13,24,12,6,-0.0007306417225126,-0.0007045640627171374,0,0.0,-0.0008784559542067501,-0.0006282677492602,nominal_fixed_oof_group,gain,True,MOCK DATA / NOT A SCIENTIFIC RESULT,displacement-report-draft-v1
speaking,right_cheek,left_brow,14,24,12,6,-0.00083524797028305,-0.0008170744084733208,0,0.0,-0.00093825993903825,-0.00076390338855275,nominal_fixed_oof_group,gain,True,MOCK DATA / NOT A SCIENTIFIC RESULT,displacement-report-draft-v1
speaking,right_cheek,left_brow,15,24,12,6,-0.00086855476312515,-0.0008565740127846625,0,0.0,-0.0009364644383254501,-0.0008215215161038001,nominal_fixed_oof_group,gain,True,MOCK DATA / NOT A SCIENTIFIC RESULT,displacement-report-draft-v1
speaking,right_cheek,left_cheek,1,24,12,6,-0.00013881385643,-0.00011624125770140622,8,0.3333333333333333,-0.00029899913076494996,-3.6891727756347206e-05,nominal_fixed_oof_group,gain,True,MOCK DATA / NOT A SCIENTIFIC RESULT,displacement-report-draft-v1
speaking,right_cheek,left_cheek,2,24,12,6,-0.00013960384412792557,-0.00010896427505454492,9,0.375,-0.00035703595447290004,-1.2568979409679354e-06,nominal_fixed_oof_group,gain,True,MOCK DATA / NOT A SCIENTIFIC RESULT,displacement-report-draft-v1
speaking,right_cheek,left_cheek,3,24,12,6,-0.000123778792272871,-8.443680682626146e-05,10,0.4166666666666667,-0.00040296714835984996,5.386220295235961e-05,nominal_fixed_oof_group,gain,True,MOCK DATA / NOT A SCIENTIFIC RESULT,displacement-report-draft-v1
speaking,right_cheek,left_cheek,4,24,12,6,-8.016840172266469e-05,-3.2382209839251955e-05,11,0.4583333333333333,-0.0004192806301509,0.00013560074637266071,nominal_fixed_oof_group,gain,True,MOCK DATA / NOT A SCIENTIFIC RESULT,displacement-report-draft-v1
speaking,right_cheek,left_cheek,5,24,12,6,-1.364666634176906e-06,5.354149708266736e-05,12,0.5,-0.0003910034053285,0.0002465533135068,nominal_fixed_oof_group,gain,True,MOCK DATA / NOT A SCIENTIFIC RESULT,displacement-report-draft-v1
speaking,right_cheek,left_cheek,6,24,12,6,0.00010866792609648559,0.0001683456577840127,14,0.5833333333333334,-0.0003148319968407,0.00037813098266085,nominal_fixed_oof_group,gain,True,MOCK DATA / NOT A SCIENTIFIC RESULT,displacement-report-draft-v1
speaking,right_cheek,left_cheek,7,24,12,6,0.00022976000477040003,0.00029111868971551814,15,0.625,-0.00020566871564094998,0.00050681307506195,nominal_fixed_oof_group,gain,True,MOCK DATA / NOT A SCIENTIFIC RESULT,displacement-report-draft-v1
speaking,right_cheek,left_cheek,8,24,12,6,0.00032936040908994996,0.00038903814077751445,16,0.6666666666666666,-9.413951384722595e-05,0.00059882346565435,nominal_fixed_oof_group,gain,True,MOCK DATA / NOT A SCIENTIFIC RESULT,displacement-report-draft-v1
speaking,right_cheek,left_cheek,9,24,12,6,0.0003760510350757,0.00043095719879254193,18,0.75,-1.3587703618665736e-05,0.0006239690152167,nominal_fixed_oof_group,gain,True,MOCK DATA / NOT A SCIENTIFIC RESULT,displacement-report-draft-v1
speaking,right_cheek,left_cheek,10,24,12,6,0.00035556906588884996,0.00040335525777229184,18,0.75,1.645683746062535e-05,0.00057133821398425,nominal_fixed_oof_group,gain,True,MOCK DATA / NOT A SCIENTIFIC RESULT,displacement-report-draft-v1
speaking,right_cheek,left_cheek,11,24,12,6,0.00027828426071245,0.0003176262461590598,18,0.75,-9.04095374531115e-07,0.00045592525593765,nominal_fixed_oof_group,gain,True,MOCK DATA / NOT A SCIENTIFIC RESULT,displacement-report-draft-v1
speaking,right_cheek,left_cheek,12,24,12,6,0.00017266731142090002,0.00020330688049432404,17,0.7083333333333334,-4.476479892403596e-05,0.0003110142576079,nominal_fixed_oof_group,gain,True,MOCK DATA / NOT A SCIENTIFIC RESULT,displacement-report-draft-v1
speaking,right_cheek,left_cheek,13,24,12,6,6.989770323731564e-05,9.247030196591e-05,15,0.625,-9.028757109764464e-05,0.000171819831911,nominal_fixed_oof_group,gain,True,MOCK DATA / NOT A SCIENTIFIC RESULT,displacement-report-draft-v1
speaking,right_cheek,left_cheek,14,24,12,6,-9.519293164001255e-06,6.2115861180610234e-06,12,0.5,-0.0001211526608424903,6.151039737428568e-05,nominal_fixed_oof_group,gain,True,MOCK DATA / NOT A SCIENTIFIC RESULT,displacement-report-draft-v1
speaking,right_cheek,left_cheek,15,24,12,6,-5.9926217998754975e-05,-4.9555783227218774e-05,9,0.375,-0.00013351946965845,-1.310056004535324e-05,nominal_fixed_oof_group,gain,True,MOCK DATA / NOT A SCIENTIFIC RESULT,displacement-report-draft-v1
speaking,right_cheek,left_eyelid,1,24,12,6,3.997642343964028e-05,-4.372550574070199e-05,13,0.5416666666666666,-6.088256019490929e-05,4.666888914995693e-05,nominal_fixed_oof_group,gain,True,MOCK DATA / NOT A SCIENTIFIC RESULT,displacement-report-draft-v1
speaking,right_cheek,left_eyelid,2,24,12,6,8.391822365736921e-05,-2.9697008311875155e-05,14,0.5833333333333334,-5.29856318934e-05,9.300243535441921e-05,nominal_fixed_oof_group,gain,True,MOCK DATA / NOT A SCIENTIFIC RESULT,displacement-report-draft-v1
speaking,right_cheek,left_eyelid,3,24,12,6,0.00012356640950506688,-2.231843606631745e-05,14,0.5833333333333334,-5.2221620664650006e-05,0.00013523076821461686,nominal_fixed_oof_group,gain,True,MOCK DATA / NOT A SCIENTIFIC RESULT,displacement-report-draft-v1
speaking,right_cheek,left_eyelid,4,24,12,6,0.00014889960394746745,-2.829738151781671e-05,14,0.5833333333333334,-6.461886608244999e-05,0.00016306755396736745,nominal_fixed_oof_group,gain,True,MOCK DATA / NOT A SCIENTIFIC RESULT,displacement-report-draft-v1
speaking,right_cheek,left_eyelid,5,24,12,6,0.000150714840351039,-5.288386276016742e-05,14,0.5833333333333334,-9.461711873525e-05,0.000166993764296739,nominal_fixed_oof_group,gain,True,MOCK DATA / NOT A SCIENTIFIC RESULT,displacement-report-draft-v1
speaking,right_cheek,left_eyelid,6,24,12,6,0.00012532347353684645,-9.596878135198585e-05,13,0.5416666666666666,-0.000141328826271,0.00014301710189529643,nominal_fixed_oof_group,gain,True,MOCK DATA / NOT A SCIENTIFIC RESULT,displacement-report-draft-v1
speaking,right_cheek,left_eyelid,7,24,12,6,7.809519101705145e-05,-0.00014943024208082165,12,0.5,-0.00019606795143370002,9.628719894500146e-05,nominal_fixed_oof_group,gain,True,MOCK DATA / NOT A SCIENTIFIC RESULT,displacement-report-draft-v1
speaking,right_cheek,left_eyelid,8,24,12,6,2.270095191735581e-05,-0.000198591302971462,12,0.5,-0.0002439513478905,4.0394580275805806e-05,nominal_fixed_oof_group,gain,True,MOCK DATA / NOT A SCIENTIFIC RESULT,displacement-report-draft-v1
speaking,right_cheek,left_eyelid,9,24,12,6,-2.4784345134964314e-05,-0.00022838304824620857,12,0.5,-0.0002701163042212643,-8.505421189245117e-06,nominal_fixed_oof_group,gain,True,MOCK DATA / NOT A SCIENTIFIC RESULT,displacement-report-draft-v1
speaking,right_cheek,left_eyelid,10,24,12,6,-5.3719339316181874e-05,-0.00023091632478150484,12,0.5,-0.00026723780934613186,-3.955138929626211e-05,nominal_fixed_oof_group,gain,True,MOCK DATA / NOT A SCIENTIFIC RESULT,displacement-report-draft-v1
speaking,right_cheek,left_eyelid,11,24,12,6,-6.33938520666439e-05,-0.0002092786976380395,11,0.4583333333333333,-0.0002391818822363939,-5.172949335708684e-05,nominal_fixed_oof_group,gain,True,MOCK DATA / NOT A SCIENTIFIC RESULT,displacement-report-draft-v1
speaking,right_cheek,left_eyelid,12,24,12,6,-6.128859524635229e-05,-0.00017490382721560018,10,0.4166666666666667,-0.00019819245079710229,-5.2204383549323544e-05,nominal_fixed_oof_group,gain,True,MOCK DATA / NOT A SCIENTIFIC RESULT,displacement-report-draft-v1
speaking,right_cheek,left_eyelid,13,24,12,6,-5.707494076485778e-05,-0.00014077686994517477,8,0.3333333333333333,-0.0001579339243994079,-5.0382475054541135e-05,nominal_fixed_oof_group,gain,True,MOCK DATA / NOT A SCIENTIFIC RESULT,displacement-report-draft-v1
speaking,right_cheek,left_eyelid,14,24,12,6,-5.710200433353598e-05,-0.00011543400940939139,8,0.3333333333333333,-0.00012739078743483398,-5.2438014535366104e-05,nominal_fixed_oof_group,gain,True,MOCK DATA / NOT A SCIENTIFIC RESULT,displacement-report-draft-v1
speaking,right_cheek,left_eyelid,15,24,12,6,-6.261758151333147e-05,-0.00010107240930038613,4,0.16666666666666666,-0.00010895480318105189,-5.9542889939537096e-05,nominal_fixed_oof_group,gain,True,MOCK DATA / NOT A SCIENTIFIC RESULT,displacement-report-draft-v1
speaking,right_cheek,mouth,1,24,12,6,-8.952416662131538e-05,-7.581049044763301e-05,10,0.4166666666666667,-0.00026211503725195,1.2947776393532496e-05,nominal_fixed_oof_group,gain,True,MOCK DATA / NOT A SCIENTIFIC RESULT,displacement-report-draft-v1
speaking,right_cheek,mouth,2,24,12,6,-4.604895409854922e-05,-2.7434299515550743e-05,10,0.4166666666666667,-0.00028032015900985,9.304429847019477e-05,nominal_fixed_oof_group,gain,True,MOCK DATA / NOT A SCIENTIFIC RESULT,displacement-report-draft-v1
speaking,right_cheek,mouth,3,24,12,6,2.8224375649795862e-05,5.212606525722936e-05,13,0.5416666666666666,-0.00027258580585445,0.0002068236472378,nominal_fixed_oof_group,gain,True,MOCK DATA / NOT A SCIENTIFIC RESULT,displacement-report-draft-v1
speaking,right_cheek,mouth,4,24,12,6,0.00012915076693515,0.0001581826196226671,13,0.5416666666666666,-0.00023622410905715,0.0003460838719999,nominal_fixed_oof_group,gain,True,MOCK DATA / NOT A SCIENTIFIC RESULT,displacement-report-draft-v1
speaking,right_cheek,mouth,5,24,12,6,0.0002374022583614,0.00027075975335811057,15,0.625,-0.00018241216853825,0.000486657620901,nominal_fixed_oof_group,gain,True,MOCK DATA / NOT A SCIENTIFIC RESULT,displacement-report-draft-v1
speaking,right_cheek,mouth,6,24,12,6,0.000322209730304,0.00035846612669782134,16,0.6666666666666666,-0.00013408827034065002,0.0005931263932132,nominal_fixed_oof_group,gain,True,MOCK DATA / NOT A SCIENTIFIC RESULT,displacement-report-draft-v1
speaking,right_cheek,mouth,7,24,12,6,0.00035447774618275,0.0003917553829270377,16,0.6666666666666666,-0.00011467288121055001,0.00063302536680685,nominal_fixed_oof_group,gain,True,MOCK DATA / NOT A SCIENTIFIC RESULT,displacement-report-draft-v1
speaking,right_cheek,mouth,8,24,12,6,0.000322209730304,0.00035846612669782134,16,0.6666666666666666,-0.00013408827034065002,0.0005931263932132,nominal_fixed_oof_group,gain,True,MOCK DATA / NOT A SCIENTIFIC RESULT,displacement-report-draft-v1
speaking,right_cheek,mouth,9,24,12,6,0.0002374022583614,0.00027075975335811057,15,0.625,-0.00018241216853825,0.000486657620901,nominal_fixed_oof_group,gain,True,MOCK DATA / NOT A SCIENTIFIC RESULT,displacement-report-draft-v1
speaking,right_cheek,mouth,10,24,12,6,0.00012915076693515,0.0001581826196226671,13,0.5416666666666666,-0.00023622410905715,0.0003460838719999,nominal_fixed_oof_group,gain,True,MOCK DATA / NOT A SCIENTIFIC RESULT,displacement-report-draft-v1
speaking,right_cheek,mouth,11,24,12,6,2.8224375649795862e-05,5.212606525722936e-05,13,0.5416666666666666,-0.00027258580585445,0.0002068236472378,nominal_fixed_oof_group,gain,True,MOCK DATA / NOT A SCIENTIFIC RESULT,displacement-report-draft-v1
speaking,right_cheek,mouth,12,24,12,6,-4.604895409854922e-05,-2.7434299515550743e-05,10,0.4166666666666667,-0.00028032015900985,9.304429847019477e-05,nominal_fixed_oof_group,gain,True,MOCK DATA / NOT A SCIENTIFIC RESULT,displacement-report-draft-v1
speaking,right_cheek,mouth,13,24,12,6,-8.952416662131538e-05,-7.581049044763301e-05,10,0.4166666666666667,-0.00026211503725195,1.2947776393532496e-05,nominal_fixed_oof_group,gain,True,MOCK DATA / NOT A SCIENTIFIC RESULT,displacement-report-draft-v1
speaking,right_cheek,mouth,14,24,12,6,-0.00010863036255835001,-9.907328023060244e-05,7,0.2916666666666667,-0.00022890920965625,-3.72175055476944e-05,nominal_fixed_oof_group,gain,True,MOCK DATA / NOT A SCIENTIFIC RESULT,displacement-report-draft-v1
speaking,right_cheek,mouth,15,24,12,6,-0.00011316319340515,-0.00010686277642850514,5,0.20833333333333334,-0.0001924558963657,-6.608493654503608e-05,nominal_fixed_oof_group,gain,True,MOCK DATA / NOT A SCIENTIFIC RESULT,displacement-report-draft-v1
speaking,right_cheek,right_brow,1,24,12,6,-5.955180832242866e-05,-7.709837684557537e-05,11,0.4583333333333333,-0.0001615644953329,0.00011210913243115973,nominal_fixed_oof_group,gain,True,MOCK DATA / NOT A SCIENTIFIC RESULT,displacement-report-draft-v1
speaking,right_cheek,right_brow,2,24,12,6,-5.917689197069455e-05,-8.299423372785009e-05,11,0.4583333333333333,-0.00019764676013265002,0.00017383204575355,nominal_fixed_oof_group,gain,True,MOCK DATA / NOT A SCIENTIFIC RESULT,displacement-report-draft-v1
speaking,right_cheek,right_brow,3,24,12,6,-7.672352217770256e-05,-0.00010730559435185443,11,0.4583333333333333,-0.00025452235234305,0.00022246587617565002,nominal_fixed_oof_group,gain,True,MOCK DATA / NOT A SCIENTIFIC RESULT,displacement-report-draft-v1
speaking,right_cheek,right_brow,4,24,12,6,-0.00012416252075864279,-0.00016130860661365263,11,0.4583333333333333,-0.00034012338085455,0.0002392436936685,nominal_fixed_oof_group,gain,True,MOCK DATA / NOT A SCIENTIFIC RESULT,displacement-report-draft-v1
speaking,right_cheek,right_brow,5,24,12,6,-0.00020940489371355,-0.00025208561362466967,9,0.375,-0.0004575431502581,0.0002081475480824,nominal_fixed_oof_group,gain,True,MOCK DATA / NOT A SCIENTIFIC RESULT,displacement-report-draft-v1
speaking,right_cheek,right_brow,6,24,12,6,-0.0003281229889108,-0.0003745128362187062,8,0.3333333333333333,-0.0005978254647903,0.0001257164509647246,nominal_fixed_oof_group,gain,True,MOCK DATA / NOT A SCIENTIFIC RESULT,displacement-report-draft-v1
speaking,right_cheek,right_brow,7,24,12,6,-0.0004585631554547,-0.0005062596738229795,6,0.25,-0.0007358623888276,8.059660452085747e-06,nominal_fixed_oof_group,gain,True,MOCK DATA / NOT A SCIENTIFIC RESULT,displacement-report-draft-v1
speaking,right_cheek,right_brow,8,24,12,6,-0.00056567198434935,-0.0006120618316571984,4,0.16666666666666666,-0.0008353744602288,-0.00011183254447375645,nominal_fixed_oof_group,gain,True,MOCK DATA / NOT A SCIENTIFIC RESULT,displacement-report-draft-v1
speaking,right_cheek,right_brow,9,24,12,6,-0.00061564764193865,-0.0006583283618497637,0,0.0,-0.00086378589848325,-0.0001980952001426,nominal_fixed_oof_group,gain,True,MOCK DATA / NOT A SCIENTIFIC RESULT,displacement-report-draft-v1
speaking,right_cheek,right_brow,10,24,12,6,-0.0005931816568073,-0.0006303277426622887,0,0.0,-0.0008091425169032499,-0.0002297754423801,nominal_fixed_oof_group,gain,True,MOCK DATA / NOT A SCIENTIFIC RESULT,displacement-report-draft-v1
speaking,right_cheek,right_brow,11,24,12,6,-0.0005094961886686501,-0.0005400782608427748,0,0.0,-0.00068729501883405,-0.00021030679031524999,nominal_fixed_oof_group,gain,True,MOCK DATA / NOT A SCIENTIFIC RESULT,displacement-report-draft-v1
speaking,right_cheek,right_brow,12,24,12,6,-0.00039529934751999997,-0.0004191166892771882,0,0.0,-0.00053376921568205,-0.00016229040979575,nominal_fixed_oof_group,gain,True,MOCK DATA / NOT A SCIENTIFIC RESULT,displacement-report-draft-v1
speaking,right_cheek,right_brow,13,24,12,6,-0.0002842047763931,-0.00030175134491624585,0,0.0,-0.0003862174634036,-0.00011254383563945251,nominal_fixed_oof_group,gain,True,MOCK DATA / NOT A SCIENTIFIC RESULT,displacement-report-draft-v1
speaking,right_cheek,right_brow,14,24,12,6,-0.0001983186994141,-0.00021054693040209035,0,0.0,-0.00026941150019864997,-7.868792189890186e-05,nominal_fixed_oof_group,gain,True,MOCK DATA / NOT A SCIENTIFIC RESULT,displacement-report-draft-v1
speaking,right_cheek,right_brow,15,24,12,6,-0.0001437457819356,-0.0001518071286383533,0,0.0,-0.00019061304472749998,-6.488031277510553e-05,nominal_fixed_oof_group,gain,True,MOCK DATA / NOT A SCIENTIFIC RESULT,displacement-report-draft-v1
speaking,right_cheek,right_eyelid,1,24,12,6,-4.449124770342528e-05,-6.46924806803341e-05,12,0.5,-0.0001457521153831,0.0001257927571862757,nominal_fixed_oof_group,gain,True,MOCK DATA / NOT A SCIENTIFIC RESULT,displacement-report-draft-v1
speaking,right_cheek,right_eyelid,2,24,12,6,-2.0258045006727073e-05,-4.767877226132967e-05,12,0.5,-0.0001577074094778053,0.0002108818690389,nominal_fixed_oof_group,gain,True,MOCK DATA / NOT A SCIENTIFIC RESULT,displacement-report-draft-v1
speaking,right_cheek,right_eyelid,3,24,12,6,1.1487908832334172e-05,-2.372100190663151e-05,12,0.5,-0.00016500056865610457,0.00030827743327795,nominal_fixed_oof_group,gain,True,MOCK DATA / NOT A SCIENTIFIC RESULT,displacement-report-draft-v1
speaking,right_cheek,right_eyelid,4,24,12,6,5.178608854908702e-05,9.020078001355863e-06,12,0.5,-0.00016258317001114324,0.0004122773297295,nominal_fixed_oof_group,gain,True,MOCK DATA / NOT A SCIENTIFIC RESULT,displacement-report-draft-v1
speaking,right_cheek,right_eyelid,5,24,12,6,9.988830096274819e-05,5.075030766171748e-05,12,0.5,-0.00014642121110466938,0.0005140914489145,nominal_fixed_oof_group,gain,True,MOCK DATA / NOT A SCIENTIFIC RESULT,displacement-report-draft-v1
speaking,right_cheek,right_eyelid,6,24,12,6,0.00015135209678538398,9.794381288114259e-05,15,0.625,-0.00011636270931626785,0.0006015511756186,nominal_fixed_oof_group,gain,True,MOCK DATA / NOT A SCIENTIFIC RESULT,displacement-report-draft-v1
speaking,right_cheek,right_eyelid,7,24,12,6,0.0001971461687390106,0.00014223352422543194,15,0.625,-7.810940780876955e-05,0.00066002608490805,nominal_fixed_oof_group,gain,True,MOCK DATA / NOT A SCIENTIFIC RESULT,displacement-report-draft-v1
speaking,right_cheek,right_eyelid,8,24,12,6,0.00022550883856885,0.00017210055466462167,15,0.625,-4.2205967532776194e-05,0.0006757079174020499,nominal_fixed_oof_group,gain,True,MOCK DATA / NOT A SCIENTIFIC RESULT,displacement-report-draft-v1
speaking,right_cheek,right_eyelid,9,24,12,6,0.00022670693273985,0.0001775689394388325,15,0.625,-1.9602579327510192e-05,0.0006409100806916,nominal_fixed_oof_group,gain,True,MOCK DATA / NOT A SCIENTIFIC RESULT,displacement-report-draft-v1
speaking,right_cheek,right_eyelid,10,24,12,6,0.000198201908575,0.00015543589802732453,15,0.625,-1.6167349985163283e-05,0.00055869314975545,nominal_fixed_oof_group,gain,True,MOCK DATA / NOT A SCIENTIFIC RESULT,displacement-report-draft-v1
speaking,right_cheek,right_eyelid,11,24,12,6,0.0001465885049037479,0.00011137959416481998,15,0.625,-2.9899972584677406e-05,0.00044337802934945003,nominal_fixed_oof_group,gain,True,MOCK DATA / NOT A SCIENTIFIC RESULT,displacement-report-draft-v1
speaking,right_cheek,right_eyelid,12,24,12,6,8.46708186064019e-05,5.7250091351809915e-05,15,0.625,-5.2778545864688346e-05,0.00031581073265205,nominal_fixed_oof_group,gain,True,MOCK DATA / NOT A SCIENTIFIC RESULT,displacement-report-draft-v1
speaking,right_cheek,right_eyelid,13,24,12,6,2.5639683026710755e-05,5.4384500497943476e-06,12,0.5,-7.56211846530279e-05,0.0001959236879164,nominal_fixed_oof_group,gain,True,MOCK DATA / NOT A SCIENTIFIC RESULT,displacement-report-draft-v1
speaking,right_cheek,right_eyelid,14,24,12,6,-2.1823569372142557e-05,-3.59018401609727e-05,12,0.5,-9.2392426091745e-05,9.684761939058602e-05,nominal_fixed_oof_group,gain,True,MOCK DATA / NOT A SCIENTIFIC RESULT,displacement-report-draft-v1
speaking,right_cheek,right_eyelid,15,24,12,6,-5.504040618247233e-05,-6.432137428941764e-05,9,0.375,-0.00010156226375883563,2.3192463084134845e-05,nominal_fixed_oof_group,gain,True,MOCK DATA / NOT A SCIENTIFIC RESULT,displacement-report-draft-v1
speaking,right_eyelid,jaw,1,30,15,0,-0.0001641257774707,-0.00014039923199375616,10,0.3333333333333333,-0.00024188437520175,-1.0242542234340043e-05,nominal_fixed_oof_group,gain,True,MOCK DATA / NOT A SCIENTIFIC RESULT,displacement-report-draft-v1
speaking,right_eyelid,jaw,2,30,15,0,-0.00020112339044540002,-0.00016891747841219688,10,0.3333333333333333,-0.00030667126975155,7.754465044524164e-06,nominal_fixed_oof_group,gain,True,MOCK DATA / NOT A SCIENTIFIC RESULT,displacement-report-draft-v1
speaking,right_eyelid,jaw,3,30,15,0,-0.0002589864340291,-0.00021763322441084593,10,0.3333333333333333,-0.0003945125937357,9.218041403204723e-06,nominal_fixed_oof_group,gain,True,MOCK DATA / NOT A SCIENTIFIC RESULT,displacement-report-draft-v1
speaking,right_eyelid,jaw,4,30,15,0,-0.00034554561518285003,-0.0002953165180139793,10,0.3333333333333333,-0.00051016056787125,-1.977480363102128e-05,nominal_fixed_oof_group,gain,True,MOCK DATA / NOT A SCIENTIFIC RESULT,displacement-report-draft-v1
speaking,right_eyelid,jaw,5,30,15,0,-0.00046377327812575,-0.0004060602249652985,9,0.3,-0.00065291527053645,-8.946377974869119e-05,nominal_fixed_oof_group,gain,True,MOCK DATA / NOT A SCIENTIFIC RESULT,displacement-report-draft-v1
speaking,right_eyelid,jaw,6,30,15,0,-0.00060459701599865,-0.0005418684648082892,7,0.23333333333333334,-0.00081017621348435,-0.00019775850643824998,nominal_fixed_oof_group,gain,True,MOCK DATA / NOT A SCIENTIFIC RESULT,displacement-report-draft-v1
speaking,right_eyelid,jaw,7,30,15,0,-0.0007428246755203499,-0.0006783292380982392,6,0.2,-0.00095419445873915,-0.00032452667347275,nominal_fixed_oof_group,gain,True,MOCK DATA / NOT A SCIENTIFIC RESULT,displacement-report-draft-v1
speaking,right_eyelid,jaw,8,30,15,0,-0.00084214601143715,-0.0007794174602467958,4,0.13333333333333333,-0.00104772520892285,-0.00043530750187685,nominal_fixed_oof_group,gain,True,MOCK DATA / NOT A SCIENTIFIC RESULT,displacement-report-draft-v1
speaking,right_eyelid,jaw,9,30,15,0,-0.00087001602635085,-0.0008123029731903887,0,0.0,-0.00105915801876155,-0.00049570652797375,nominal_fixed_oof_group,gain,True,MOCK DATA / NOT A SCIENTIFIC RESULT,displacement-report-draft-v1
speaking,right_eyelid,jaw,10,30,15,0,-0.0008145647512315501,-0.0007643356540626283,0,0.0,-0.0009791797039199498,-0.00048879393967965,nominal_fixed_oof_group,gain,True,MOCK DATA / NOT A SCIENTIFIC RESULT,displacement-report-draft-v1
speaking,right_eyelid,jaw,11,30,15,0,-0.0006917591005200501,-0.0006504058909017737,0,0.0,-0.00082728526022665,-0.00042355462508769995,nominal_fixed_oof_group,gain,True,MOCK DATA / NOT A SCIENTIFIC RESULT,displacement-report-draft-v1
speaking,right_eyelid,jaw,12,30,15,0,-0.0005372458459947499,-0.0005050399339615407,0,0.0,-0.00064279372530095,-0.0003283679905048,nominal_fixed_oof_group,gain,True,MOCK DATA / NOT A SCIENTIFIC RESULT,displacement-report-draft-v1
speaking,right_eyelid,jaw,13,30,15,0,-0.0003887787455414,-0.0003650522000644539,0,0.0,-0.0004665373432725,-0.00023489551030500002,nominal_fixed_oof_group,gain,True,MOCK DATA / NOT A SCIENTIFIC RESULT,displacement-report-draft-v1
speaking,right_eyelid,jaw,14,30,15,0,-0.00027119646171775,-0.0002546613951458613,0,0.0,-0.00032538654983115,-0.0001639549949224,nominal_fixed_oof_group,gain,True,MOCK DATA / NOT A SCIENTIFIC RESULT,displacement-report-draft-v1
speaking,right_eyelid,jaw,15,30,15,0,-0.00019178976388425,-0.00018088917617698673,0,0.0,-0.0002275140717227,-0.00012109183173045001,nominal_fixed_oof_group,gain,True,MOCK DATA / NOT A SCIENTIFIC RESULT,displacement-report-draft-v1
speaking,right_eyelid,left_brow,1,30,15,0,-0.00016839341313235,-0.0001523044527070742,8,0.26666666666666666,-0.0003195337651097,-6.355295406038249e-05,nominal_fixed_oof_group,gain,True,MOCK DATA / NOT A SCIENTIFIC RESULT,displacement-report-draft-v1
speaking,right_eyelid,left_brow,2,30,15,0,-0.00019891859443455,-0.0001770797791436159,8,0.26666666666666666,-0.0004040733180828,-5.6610368162212e-05,nominal_fixed_oof_group,gain,True,MOCK DATA / NOT A SCIENTIFIC RESULT,displacement-report-draft-v1
speaking,right_eyelid,left_brow,3,30,15,0,-0.00023960325370005,-0.00021156165979616126,8,0.26666666666666666,-0.000503027133218,-5.687587416261693e-05,nominal_fixed_oof_group,gain,True,MOCK DATA / NOT A SCIENTIFIC RESULT,displacement-report-draft-v1
speaking,right_eyelid,left_brow,4,30,15,0,-0.00029221934353704996,-0.0002581590140494297,8,0.26666666666666666,-0.0006121834711839,-7.027208993996229e-05,nominal_fixed_oof_group,gain,True,MOCK DATA / NOT A SCIENTIFIC RESULT,displacement-report-draft-v1
speaking,right_eyelid,left_brow,5,30,15,0,-0.0003561292540324,-0.0003169940571608835,8,0.26666666666666666,-0.000723766893352,-0.0001011126527465,nominal_fixed_oof_group,gain,True,MOCK DATA / NOT A SCIENTIFIC RESULT,displacement-report-draft-v1
speaking,right_eyelid,left_brow,6,30,15,0,-0.00042556742512445003,-0.00038303122116596834,8,0.26666666666666666,-0.0008251542640573,-0.0001483888484916,nominal_fixed_oof_group,gain,True,MOCK DATA / NOT A SCIENTIFIC RESULT,displacement-report-draft-v1
speaking,right_eyelid,left_brow,7,30,15,0,-0.00048831274933565,-0.0004445784205727393,8,0.26666666666666666,-0.0008991548216625,-0.0002033268345529,nominal_fixed_oof_group,gain,True,MOCK DATA / NOT A SCIENTIFIC RESULT,displacement-report-draft-v1
speaking,right_eyelid,left_brow,8,30,15,0,-0.0005281899467438999,-0.00048565374278543603,7,0.23333333333333334,-0.0009277767856768,-0.0002510113701111,nominal_fixed_oof_group,gain,True,MOCK DATA / NOT A SCIENTIFIC RESULT,displacement-report-draft-v1
speaking,right_eyelid,left_brow,9,30,15,0,-0.0005316284395184,-0.0004924932426469248,7,0.23333333333333334,-0.000899266078838,-0.0002766118382325,nominal_fixed_oof_group,gain,True,MOCK DATA / NOT A SCIENTIFIC RESULT,displacement-report-draft-v1
speaking,right_eyelid,left_brow,10,30,15,0,-0.0004948382868007501,-0.00046077795731311544,5,0.16666666666666666,-0.0008148024144476,-0.0002728910332036,nominal_fixed_oof_group,gain,True,MOCK DATA / NOT A SCIENTIFIC RESULT,displacement-report-draft-v1
speaking,right_eyelid,left_brow,11,30,15,0,-0.00042656351527175,-0.00039852192136787104,5,0.16666666666666666,-0.0006899873947897,-0.0002438361357343,nominal_fixed_oof_group,gain,True,MOCK DATA / NOT A SCIENTIFIC RESULT,displacement-report-draft-v1
speaking,right_eyelid,left_brow,12,30,15,0,-0.00034412541333825,-0.0003222865980473541,5,0.16666666666666666,-0.0005492801369865,-0.0002018171870659,nominal_fixed_oof_group,gain,True,MOCK DATA / NOT A SCIENTIFIC RESULT,displacement-report-draft-v1
speaking,right_eyelid,left_brow,13,30,15,0,-0.00026544477733685004,-0.00024935581691155076,5,0.16666666666666666,-0.0004165851293142,-0.0001606043182648,nominal_fixed_oof_group,gain,True,MOCK DATA / NOT A SCIENTIFIC RESULT,displacement-report-draft-v1
speaking,right_eyelid,left_brow,14,30,15,0,-0.0002023152686346,-0.0001911028470048694,4,0.13333333333333333,-0.000307645215806,-0.0001292517890872,nominal_fixed_oof_group,gain,True,MOCK DATA / NOT A SCIENTIFIC RESULT,displacement-report-draft-v1
speaking,right_eyelid,left_brow,15,30,15,0,-0.00015834806538465,-0.00015095638148336383,1,0.03333333333333333,-0.0002277858461369,-0.0001101816510832,nominal_fixed_oof_group,gain,True,MOCK DATA / NOT A SCIENTIFIC RESULT,displacement-report-draft-v1
speaking,right_eyelid,left_cheek,1,30,15,0,0.0001691992430061,0.00014248236604884966,21,0.7,9.49660451732802e-06,0.0002193287697326,nominal_fixed_oof_group,gain,True,MOCK DATA / NOT A SCIENTIFIC RESULT,displacement-report-draft-v1
speaking,right_eyelid,left_cheek,2,30,15,0,0.00030745712554130003,0.00027119220067377996,21,0.7,9.068013490695376e-05,0.0003755018870338,nominal_fixed_oof_group,gain,True,MOCK DATA / NOT A SCIENTIFIC RESULT,displacement-report-draft-v1
speaking,right_eyelid,left_cheek,3,30,15,0,0.0004513578079537,0.00040479272268945587,24,0.8,0.000173010642226,0.0005387290111825,nominal_fixed_oof_group,gain,True,MOCK DATA / NOT A SCIENTIFIC RESULT,displacement-report-draft-v1
speaking,right_eyelid,left_cheek,4,30,15,0,0.0005657904272291,0.0005092307982667111,24,0.8,0.00022769993889514998,0.0006719146361418499,nominal_fixed_oof_group,gain,True,MOCK DATA / NOT A SCIENTIFIC RESULT,displacement-report-draft-v1
speaking,right_eyelid,left_cheek,5,30,15,0,0.00061759462805925,0.0005526078164893467,24,0.8,0.00022912986508225,0.0007395309648801,nominal_fixed_oof_group,gain,True,MOCK DATA / NOT A SCIENTIFIC RESULT,displacement-report-draft-v1
speaking,right_eyelid,left_cheek,6,30,15,0,0.00059189511843975,0.000521260689778934,21,0.7,0.0001696711944637,0.0007244282167141001,nominal_fixed_oof_group,gain,True,MOCK DATA / NOT A SCIENTIFIC RESULT,displacement-report-draft-v1
speaking,right_eyelid,left_cheek,7,30,15,0,0.00049968957586205,0.0004270655747159183,21,0.7,6.557279570097328e-05,0.0006359557574319001,nominal_fixed_oof_group,gain,True,MOCK DATA / NOT A SCIENTIFIC RESULT,displacement-report-draft-v1
speaking,right_eyelid,left_cheek,8,30,15,0,0.00037120263544625004,0.00030056820678542735,18,0.6,-5.1021288529739216e-05,0.0005037357337206001,nominal_fixed_oof_group,gain,True,MOCK DATA / NOT A SCIENTIFIC RESULT,displacement-report-draft-v1
speaking,right_eyelid,left_cheek,9,30,15,0,0.00024017892634935,0.00017519211477946353,18,0.6,-0.00014828583662755001,0.0003621152631702,nominal_fixed_oof_group,gain,True,MOCK DATA / NOT A SCIENTIFIC RESULT,displacement-report-draft-v1
speaking,right_eyelid,left_cheek,10,30,15,0,0.00013005295961752094,7.34933306551619e-05,17,0.5666666666666667,-0.00020803752871624998,0.00023617716853025,nominal_fixed_oof_group,gain,True,MOCK DATA / NOT A SCIENTIFIC RESULT,displacement-report-draft-v1
speaking,right_eyelid,left_cheek,11,30,15,0,4.92947549683294e-05,2.729669704143922e-06,15,0.5,-0.00022905241075925,0.00013666595819715,nominal_fixed_oof_group,gain,True,MOCK DATA / NOT A SCIENTIFIC RESULT,displacement-report-draft-v1
speaking,right_eyelid,left_cheek,12,30,15,0,-4.814030007546481e-06,-4.107895487509535e-05,15,0.5,-0.00022159102064190001,6.323073148495036e-05,nominal_fixed_oof_group,gain,True,MOCK DATA / NOT A SCIENTIFIC RESULT,displacement-report-draft-v1
speaking,right_eyelid,left_cheek,13,30,15,0,-3.951231666121007e-05,-6.622919361848723e-05,15,0.5,-0.00019921495515,1.0617210065271259e-05,nominal_fixed_oof_group,gain,True,MOCK DATA / NOT A SCIENTIFIC RESULT,displacement-report-draft-v1
speaking,right_eyelid,left_cheek,14,30,15,0,-6.168782917420753e-05,-8.030686242163027e-05,12,0.4,-0.00017298484717825002,-2.67524837634708e-05,nominal_fixed_oof_group,gain,True,MOCK DATA / NOT A SCIENTIFIC RESULT,displacement-report-draft-v1
speaking,right_eyelid,left_cheek,15,30,15,0,-7.608188510615848e-05,-8.835630831789818e-05,8,0.26666666666666666,-0.00014945340139455,-5.305108598131422e-05,nominal_fixed_oof_group,gain,True,MOCK DATA / NOT A SCIENTIFIC RESULT,displacement-report-draft-v1
speaking,right_eyelid,left_eyelid,1,30,15,0,-3.666043407119348e-05,-5.976686903159204e-05,14,0.4666666666666667,-0.0001903951390833,4.33851574264928e-05,nominal_fixed_oof_group,gain,True,MOCK DATA / NOT A SCIENTIFIC RESULT,displacement-report-draft-v1
speaking,right_eyelid,left_eyelid,2,30,15,0,-9.429447746646218e-07,-3.2307131881415023e-05,15,0.5,-0.00020961918847320002,0.0001077092515986,nominal_fixed_oof_group,gain,True,MOCK DATA / NOT A SCIENTIFIC RESULT,displacement-report-draft-v1
speaking,right_eyelid,left_eyelid,3,30,15,0,5.426532679754905e-05,1.3992913378723093e-05,17,0.5666666666666667,-0.0002136802739703,0.0001937775085198,nominal_fixed_oof_group,gain,True,MOCK DATA / NOT A SCIENTIFIC RESULT,displacement-report-draft-v1
speaking,right_eyelid,left_eyelid,4,30,15,0,0.00013609039510795,8.717407191296993e-05,17,0.5666666666666667,-0.00018936597795654998,0.0003055469136383,nominal_fixed_oof_group,gain,True,MOCK DATA / NOT A SCIENTIFIC RESULT,displacement-report-draft-v1
speaking,right_eyelid,left_eyelid,5,30,15,0,0.000247115918154,0.00019091123759848875,18,0.6,-0.0001268322915247723,0.0004418208524164,nominal_fixed_oof_group,gain,True,MOCK DATA / NOT A SCIENTIFIC RESULT,displacement-report-draft-v1
speaking,right_eyelid,left_eyelid,6,30,15,0,0.00037874247993015004,0.00031765338503236,20,0.6666666666666666,-2.7703343480877562e-05,0.0005903680614418,nominal_fixed_oof_group,gain,True,MOCK DATA / NOT A SCIENTIFIC RESULT,displacement-report-draft-v1
speaking,right_eyelid,left_eyelid,7,30,15,0,0.0005074417964834,0.000444631994210081,20,0.6666666666666666,8.954754144544633e-05,0.0007250282732998,nominal_fixed_oof_group,gain,True,MOCK DATA / NOT A SCIENTIFIC RESULT,displacement-report-draft-v1
speaking,right_eyelid,left_eyelid,8,30,15,0,0.0005994349629236499,0.0005383458680258593,23,0.7666666666666667,0.00019298913951255,0.0008110605444353,nominal_fixed_oof_group,gain,True,MOCK DATA / NOT A SCIENTIFIC RESULT,displacement-report-draft-v1
speaking,right_eyelid,left_eyelid,9,30,15,0,0.00062453161986385,0.0005683269393083577,23,0.7666666666666667,0.00025058341018505,0.0008192365541263,nominal_fixed_oof_group,gain,True,MOCK DATA / NOT A SCIENTIFIC RESULT,displacement-report-draft-v1
speaking,right_eyelid,left_eyelid,10,30,15,0,0.00057182786271955,0.0005229115395245117,24,0.8,0.00024637148965489996,0.0007412843812499,nominal_fixed_oof_group,gain,True,MOCK DATA / NOT A SCIENTIFIC RESULT,displacement-report-draft-v1
speaking,right_eyelid,left_eyelid,11,30,15,0,0.00045632837978285,0.00041605596636404,23,0.7666666666666667,0.00018838277901495,0.0005958405615051,nominal_fixed_oof_group,gain,True,MOCK DATA / NOT A SCIENTIFIC RESULT,displacement-report-draft-v1
speaking,right_eyelid,left_eyelid,12,30,15,0,0.0003113282107742,0.0002799640236674716,23,0.7666666666666667,0.00010265196707564732,0.0004199804071475,nominal_fixed_oof_group,gain,True,MOCK DATA / NOT A SCIENTIFIC RESULT,displacement-report-draft-v1
speaking,right_eyelid,left_eyelid,13,30,15,0,0.00017205112559609998,0.00014894469063574106,20,0.6666666666666666,1.831642058403591e-05,0.0002520967170938,nominal_fixed_oof_group,gain,True,MOCK DATA / NOT A SCIENTIFIC RESULT,displacement-report-draft-v1
speaking,right_eyelid,left_eyelid,14,30,15,0,6.167158630444045e-05,4.5568675719283026e-05,17,0.5666666666666667,-4.546636954582198e-05,0.0001174554839429,nominal_fixed_oof_group,gain,True,MOCK DATA / NOT A SCIENTIFIC RESULT,displacement-report-draft-v1
speaking,right_eyelid,left_eyelid,15,30,15,0,-1.2994297753455687e-05,-2.36099906756542e-05,14,0.4666666666666667,-8.362399128657117e-05,2.378071408081113e-05,nominal_fixed_oof_group,gain,True,MOCK DATA / NOT A SCIENTIFIC RESULT,displacement-report-draft-v1
speaking,right_eyelid,mouth,1,30,15,0,-0.00018235687196805,-0.0001483044801229267,8,0.26666666666666666,-0.00030231130770345,-8.048324831422954e-05,nominal_fixed_oof_group,gain,True,MOCK DATA / NOT A SCIENTIFIC RESULT,displacement-report-draft-v1
speaking,right_eyelid,mouth,2,30,15,0,-0.0002117948583019,-0.00016557286035660706,10,0.3333333333333333,-0.0003746184774858,-7.351375180504995e-05,nominal_fixed_oof_group,gain,True,MOCK DATA / NOT A SCIENTIFIC RESULT,displacement-report-draft-v1
speaking,right_eyelid,mouth,3,30,15,0,-0.00024357248072255,-0.00018422226055070352,10,0.3333333333333333,-0.0004526421461918,-6.601602533287286e-05,nominal_fixed_oof_group,gain,True,MOCK DATA / NOT A SCIENTIFIC RESULT,displacement-report-draft-v1
speaking,right_eyelid,mouth,4,30,15,0,-0.00027449093929055,-0.00020240202518874683,10,0.3333333333333333,-0.0005284344817352499,-5.882447632298785e-05,nominal_fixed_oof_group,gain,True,MOCK DATA / NOT A SCIENTIFIC RESULT,displacement-report-draft-v1
speaking,right_eyelid,mouth,5,30,15,0,-0.00030085968302485,-0.00021802977832140836,10,0.3333333333333333,-0.00059263990586235,-5.305968772874965e-05,nominal_fixed_oof_group,gain,True,MOCK DATA / NOT A SCIENTIFIC RESULT,displacement-report-draft-v1
speaking,right_eyelid,mouth,6,30,15,0,-0.00031949001717585,-0.00022946185833222588,10,0.3333333333333333,-0.0006366271229481,-5.015519881718762e-05,nominal_fixed_oof_group,gain,True,MOCK DATA / NOT A SCIENTIFIC RESULT,displacement-report-draft-v1
speaking,right_eyelid,mouth,7,30,15,0,-0.00032895065105325,-0.00023638665308512325,10,0.3333333333333333,-0.00065502061395595,-5.202943107574919e-05,nominal_fixed_oof_group,gain,True,MOCK DATA / NOT A SCIENTIFIC RESULT,displacement-report-draft-v1
speaking,right_eyelid,mouth,8,30,15,0,-0.00033071785359415,-0.00024068969475053652,10,0.3333333333333333,-0.00064785495936645,-6.13830352354976e-05,nominal_fixed_oof_group,gain,True,MOCK DATA / NOT A SCIENTIFIC RESULT,displacement-report-draft-v1
speaking,right_eyelid,mouth,9,30,15,0,-0.00032958629961610004,-0.0002467563949126898,10,0.3333333333333333,-0.0006213665224536001,-8.178630432004218e-05,nominal_fixed_oof_group,gain,True,MOCK DATA / NOT A SCIENTIFIC RESULT,displacement-report-draft-v1
speaking,right_eyelid,mouth,10,30,15,0,-0.00033254227501695,-0.00026045336091510586,10,0.3333333333333333,-0.0005864858174615499,-0.0001168758120493,nominal_fixed_oof_group,gain,True,MOCK DATA / NOT A SCIENTIFIC RESULT,displacement-report-draft-v1
speaking,right_eyelid,mouth,11,30,15,0,-0.00034567465579205003,-0.00028632443562021326,8,0.26666666666666666,-0.0005547443212612999,-0.00016811820040235002,nominal_fixed_oof_group,gain,True,MOCK DATA / NOT A SCIENTIFIC RESULT,displacement-report-draft-v1
speaking,right_eyelid,mouth,12,30,15,0,-0.0003699796862072,-0.0003237576882618937,5,0.16666666666666666,-0.0005328033053911,-0.0002316985797103,nominal_fixed_oof_group,gain,True,MOCK DATA / NOT A SCIENTIFIC RESULT,displacement-report-draft-v1
speaking,right_eyelid,mouth,13,30,15,0,-0.00039857838444980003,-0.0003645259926046684,0,0.0,-0.0005185328201852001,-0.00029670476079595,nominal_fixed_oof_group,gain,True,MOCK DATA / NOT A SCIENTIFIC RESULT,displacement-report-draft-v1
speaking,right_eyelid,mouth,14,30,15,0,-0.00041820823818935,-0.00039447707316834005,0,0.0,-0.0005018046716612501,-0.0003472123508751,nominal_fixed_oof_group,gain,True,MOCK DATA / NOT A SCIENTIFIC RESULT,displacement-report-draft-v1
speaking,right_eyelid,mouth,15,30,15,0,-0.00041547188692645,-0.00039982733874258005,0,0.0,-0.00047058205241095,-0.00036866851343174997,nominal_fixed_oof_group,gain,True,MOCK DATA / NOT A SCIENTIFIC RESULT,displacement-report-draft-v1
speaking,right_eyelid,right_brow,1,30,15,0,-0.0001463468851896,-0.00011291044840936802,11,0.36666666666666664,-0.0001957605919238,5.01103254336604e-05,nominal_fixed_oof_group,gain,True,MOCK DATA / NOT A SCIENTIFIC RESULT,displacement-report-draft-v1
speaking,right_eyelid,right_brow,2,30,15,0,-0.00015851473745924998,-0.00011312882391803135,11,0.36666666666666664,-0.00022558786000305002,0.0001081521336101,nominal_fixed_oof_group,gain,True,MOCK DATA / NOT A SCIENTIFIC RESULT,displacement-report-draft-v1
speaking,right_eyelid,right_brow,3,30,15,0,-0.0001660371983039,-0.00010776053175736622,14,0.4666666666666667,-0.00025216079242675,0.0001763698419378,nominal_fixed_oof_group,gain,True,MOCK DATA / NOT A SCIENTIFIC RESULT,displacement-report-draft-v1
speaking,right_eyelid,right_brow,4,30,15,0,-0.0001638422977013,-9.305736048202621e-05,14,0.4666666666666667,-0.0002684511156785,0.0002520576204518,nominal_fixed_oof_group,gain,True,MOCK DATA / NOT A SCIENTIFIC RESULT,displacement-report-draft-v1
speaking,right_eyelid,right_brow,5,30,15,0,-0.00014786794432130002,-6.653630439636135e-05,14,0.4666666666666667,-0.00026806310237225,0.000329999575477,nominal_fixed_oof_group,gain,True,MOCK DATA / NOT A SCIENTIFIC RESULT,displacement-report-draft-v1
speaking,right_eyelid,right_brow,6,30,15,0,-0.0001179351695081,-2.9535480719426692e-05,14,0.4666666666666667,-0.0002485757735265,0.0004014609728954,nominal_fixed_oof_group,gain,True,MOCK DATA / NOT A SCIENTIFIC RESULT,displacement-report-draft-v1
speaking,right_eyelid,right_brow,7,30,15,0,-7.972615976588196e-05,1.1163498742369782e-05,14,0.4666666666666667,-0.0002140465408582248,0.0004542999059412,nominal_fixed_oof_group,gain,True,MOCK DATA / NOT A SCIENTIFIC RESULT,displacement-report-draft-v1
speaking,right_eyelid,right_brow,8,30,15,0,-4.377842772464559e-05,4.462126106405426e-05,14,0.4666666666666667,-0.00017441903174303521,0.0004756177146789,nominal_fixed_oof_group,gain,True,MOCK DATA / NOT A SCIENTIFIC RESULT,displacement-report-draft-v1
speaking,right_eyelid,right_brow,9,30,15,0,-2.1049312544277332e-05,6.028232738074188e-05,14,0.4666666666666667,-0.00014124447059518766,0.0004568182072541,nominal_fixed_oof_group,gain,True,MOCK DATA / NOT A SCIENTIFIC RESULT,displacement-report-draft-v1
speaking,right_eyelid,right_brow,10,30,15,0,-1.7426477675394972e-05,5.3358459543918563e-05,14,0.4666666666666667,-0.00012203529565254445,0.0003984734404778,nominal_fixed_oof_group,gain,True,MOCK DATA / NOT A SCIENTIFIC RESULT,displacement-report-draft-v1
speaking,right_eyelid,right_brow,11,30,15,0,-3.093660223251176e-05,2.7340064314078886e-05,14,0.4666666666666667,-0.00011706019635535047,0.00031147043800924996,nominal_fixed_oof_group,gain,True,MOCK DATA / NOT A SCIENTIFIC RESULT,displacement-report-draft-v1
speaking,right_eyelid,right_brow,12,30,15,0,-5.358587384618127e-05,-8.199960304908325e-06,14,0.4666666666666667,-0.00012065899638995588,0.00021308099722324998,nominal_fixed_oof_group,gain,True,MOCK DATA / NOT A SCIENTIFIC RESULT,displacement-report-draft-v1
speaking,right_eyelid,right_brow,13,30,15,0,-7.62159544595211e-05,-4.277951767924237e-05,14,0.4666666666666667,-0.00012562966119369917,0.0001202412561637,nominal_fixed_oof_group,gain,True,MOCK DATA / NOT A SCIENTIFIC RESULT,displacement-report-draft-v1
speaking,right_eyelid,right_brow,14,30,15,0,-9.280692209812612e-05,-6.950501712309383e-05,11,0.36666666666666664,-0.00012724341143906454,4.410441458780473e-05,nominal_fixed_oof_group,gain,True,MOCK DATA / NOT A SCIENTIFIC RESULT,displacement-report-draft-v1
speaking,right_eyelid,right_brow,15,30,15,0,-0.00010183551636725,-8.647395384665904e-05,8,0.26666666666666666,-0.00012453744930225,-1.1578000488871898e-05,nominal_fixed_oof_group,gain,True,MOCK DATA / NOT A SCIENTIFIC RESULT,displacement-report-draft-v1
speaking,right_eyelid,right_cheek,1,24,12,6,-4.4491247703425715e-05,-6.469248068033402e-05,12,0.5,-0.0001457521153831,0.000125792757186277,nominal_fixed_oof_group,gain,True,MOCK DATA / NOT A SCIENTIFIC RESULT,displacement-report-draft-v1
speaking,right_eyelid,right_cheek,2,24,12,6,-2.0258045006727937e-05,-4.767877226132967e-05,12,0.5,-0.00015770740947780487,0.0002108818690389,nominal_fixed_oof_group,gain,True,MOCK DATA / NOT A SCIENTIFIC RESULT,displacement-report-draft-v1
speaking,right_eyelid,right_cheek,3,24,12,6,1.1487908832334606e-05,-2.3721001906631478e-05,12,0.5,-0.000165000568656105,0.00030827743327795,nominal_fixed_oof_group,gain,True,MOCK DATA / NOT A SCIENTIFIC RESULT,displacement-report-draft-v1
speaking,right_eyelid,right_cheek,4,24,12,6,5.178608854908658e-05,9.020078001355827e-06,12,0.5,-0.00016258317001114324,0.0004122773297295,nominal_fixed_oof_group,gain,True,MOCK DATA / NOT A SCIENTIFIC RESULT,displacement-report-draft-v1
speaking,right_eyelid,right_cheek,5,24,12,6,9.988830096274819e-05,5.075030766172168e-05,12,0.5,-0.0001464212111046698,0.0005140914489145,nominal_fixed_oof_group,gain,True,MOCK DATA / NOT A SCIENTIFIC RESULT,displacement-report-draft-v1
speaking,right_eyelid,right_cheek,6,24,12,6,0.00015135209678538355,9.794381288114259e-05,15,0.625,-0.00011636270931626742,0.0006015511756186,nominal_fixed_oof_group,gain,True,MOCK DATA / NOT A SCIENTIFIC RESULT,displacement-report-draft-v1
speaking,right_eyelid,right_cheek,7,24,12,6,0.00019714616873901016,0.00014223352422543194,15,0.625,-7.810940780876955e-05,0.00066002608490805,nominal_fixed_oof_group,gain,True,MOCK DATA / NOT A SCIENTIFIC RESULT,displacement-report-draft-v1
speaking,right_eyelid,right_cheek,8,24,12,6,0.00022550883856885,0.00017210055466462172,15,0.625,-4.2205967532776194e-05,0.0006757079174020499,nominal_fixed_oof_group,gain,True,MOCK DATA / NOT A SCIENTIFIC RESULT,displacement-report-draft-v1
speaking,right_eyelid,right_cheek,9,24,12,6,0.00022670693273985,0.0001775689394388325,15,0.625,-1.9602579327510192e-05,0.0006409100806916,nominal_fixed_oof_group,gain,True,MOCK DATA / NOT A SCIENTIFIC RESULT,displacement-report-draft-v1
speaking,right_eyelid,right_cheek,10,24,12,6,0.000198201908575,0.00015543589802731616,15,0.625,-1.6167349985163283e-05,0.00055869314975545,nominal_fixed_oof_group,gain,True,MOCK DATA / NOT A SCIENTIFIC RESULT,displacement-report-draft-v1
speaking,right_eyelid,right_cheek,11,24,12,6,0.0001465885049037479,0.00011137959416482002,15,0.625,-2.9899972584677406e-05,0.00044337802934945003,nominal_fixed_oof_group,gain,True,MOCK DATA / NOT A SCIENTIFIC RESULT,displacement-report-draft-v1
speaking,right_eyelid,right_cheek,12,24,12,6,8.467081860640104e-05,5.7250091351809806e-05,15,0.625,-5.2778545864688346e-05,0.00031581073265205,nominal_fixed_oof_group,gain,True,MOCK DATA / NOT A SCIENTIFIC RESULT,displacement-report-draft-v1
speaking,right_eyelid,right_cheek,13,24,12,6,2.563968302671032e-05,5.4384500497943476e-06,12,0.5,-7.562118465302833e-05,0.0001959236879164,nominal_fixed_oof_group,gain,True,MOCK DATA / NOT A SCIENTIFIC RESULT,displacement-report-draft-v1
speaking,right_eyelid,right_cheek,14,24,12,6,-2.182356937214299e-05,-3.5901840160972735e-05,12,0.5,-9.2392426091745e-05,9.684761939058689e-05,nominal_fixed_oof_group,gain,True,MOCK DATA / NOT A SCIENTIFIC RESULT,displacement-report-draft-v1
speaking,right_eyelid,right_cheek,15,24,12,6,-5.504040618247233e-05,-6.43213742894174e-05,9,0.375,-0.0001015622637588352,2.3192463084136583e-05,nominal_fixed_oof_group,gain,True,MOCK DATA / NOT A SCIENTIFIC RESULT,displacement-report-draft-v1
