subject_id,group_id,outer_fold,condition,target,model,error,residual_scale,coordinates_key,n_points,n_valid,support_sha256,metric_name,status,reason,self_scalar_count,added_blocks,added_scalar_count,is_synthetic,synthetic_notice,protocol_id,n_targets
MOCK_S01,MOCK_G01,0,speaking,left_brow,persistence,0.0063168213065815,,MOCK_S01_speaking_left_brow,3.0,900.0,047b3e189ba903ae23b99980ceb550decad5e53bcbddf8e02301da3031b8ecc7,displacement_mean_euclidean_error,evaluable,,180.0,0.0,0.0,True,MOCK DATA / NOT A SCIENTIFIC RESULT,displacement-report-draft-v1,
MOCK_S01,MOCK_G01,0,speaking,left_brow,self,0.006,0.006,MOCK_S01_speaking_left_brow,3.0,900.0,047b3e189ba903ae23b99980ceb550decad5e53bcbddf8e02301da3031b8ecc7,displacement_mean_euclidean_error,evaluable,,180.0,0.0,0.0,True,MOCK DATA / NOT A SCIENTIFIC RESULT,displacement-report-draft-v1,
MOCK_S01,MOCK_G01,0,speaking,left_brow,full,0.00545,0.00545,MOCK_S01_speaking_left_brow,3.0,900.0,047b3e189ba903ae23b99980ceb550decad5e53bcbddf8e02301da3031b8ecc7,displacement_mean_euclidean_error,evaluable,,180.0,105.0,780.0,True,MOCK DATA / NOT A SCIENTIFIC RESULT,displacement-report-draft-v1,
MOCK_S01,MOCK_G01,0,speaking,left_brow,pcmci,0.0064,0.0064,MOCK_S01_speaking_left_brow,3.0,900.0,047b3e189ba903ae23b99980ceb550decad5e53bcbddf8e02301da3031b8ecc7,displacement_mean_euclidean_error,evaluable,,180.0,3.0,20.0,True,MOCK DATA / NOT A SCIENTIFIC RESULT,displacement-report-draft-v1,
MOCK_S01,MOCK_G01,0,speaking,right_brow,persistence,0.0064868412013445,,MOCK_S01_speaking_right_brow,3.0,900.0,047b3e189ba903ae23b99980ceb550decad5e53bcbddf8e02301da3031b8ecc7,displacement_mean_euclidean_error,evaluable,,180.0,0.0,0.0,True,MOCK DATA / NOT A SCIENTIFIC RESULT,displacement-report-draft-v1,
MOCK_S01,MOCK_G01,0,speaking,right_brow,self,0.0063,0.0063,MOCK_S01_speaking_right_brow,3.0,900.0,047b3e189ba903ae23b99980ceb550decad5e53bcbddf8e02301da3031b8ecc7,displacement_mean_euclidean_error,evaluable,,180.0,0.0,0.0,True,MOCK DATA / NOT A SCIENTIFIC RESULT,displacement-report-draft-v1,
MOCK_S01,MOCK_G01,0,speaking,right_brow,full,0.0065073238863271,0.0065073238863271,MOCK_S01_speaking_right_brow,3.0,900.0,047b3e189ba903ae23b99980ceb550decad5e53bcbddf8e02301da3031b8ecc7,displacement_mean_euclidean_error,evaluable,,180.0,105.0,780.0,True,MOCK DATA / NOT A SCIENTIFIC RESULT,displacement-report-draft-v1,
MOCK_S01,MOCK_G01,0,speaking,right_brow,pcmci,0.0063092569599879,0.0063092569599879,MOCK_S01_speaking_right_brow,3.0,900.0,047b3e189ba903ae23b99980ceb550decad5e53bcbddf8e02301da3031b8ecc7,displacement_mean_euclidean_error,evaluable,,180.0,3.0,20.0,True,MOCK DATA / NOT A SCIENTIFIC RESULT,displacement-report-draft-v1,
MOCK_S01,MOCK_G01,0,speaking,left_eyelid,persistence,0.0064918298198183,,MOCK_S01_speaking_left_eyelid,4.0,900.0,047b3e189ba903ae23b99980ceb550decad5e53bcbddf8e02301da3031b8ecc7,displacement_mean_euclidean_error,evaluable,,240.0,0.0,0.0,True,MOCK DATA / NOT A SCIENTIFIC RESULT,displacement-report-draft-v1,
MOCK_S01,MOCK_G01,0,speaking,left_eyelid,self,0.0065999999999999,0.0066,MOCK_S01_speaking_left_eyelid,4.0,900.0,047b3e189ba903ae23b99980ceb550decad5e53bcbddf8e02301da3031b8ecc7,displacement_mean_euclidean_error,evaluable,,240.0,0.0,0.0,True,MOCK DATA / NOT A SCIENTIFIC RESULT,displacement-report-draft-v1,
MOCK_S01,MOCK_G01,0,speaking,left_eyelid,full,0.0068683676841431,0.0068683676841431,MOCK_S01_speaking_left_eyelid,4.0,900.0,047b3e189ba903ae23b99980ceb550decad5e53bcbddf8e02301da3031b8ecc7,displacement_mean_euclidean_error,evaluable,,240.0,105.0,750.0,True,MOCK DATA / NOT A SCIENTIFIC RESULT,displacement-report-draft-v1,
MOCK_S01,MOCK_G01,0,speaking,left_eyelid,pcmci,0.0057962751889349,0.0057962751889349,MOCK_S01_speaking_left_eyelid,4.0,900.0,047b3e189ba903ae23b99980ceb550decad5e53bcbddf8e02301da3031b8ecc7,displacement_mean_euclidean_error,evaluable,,240.0,3.0,20.0,True,MOCK DATA / NOT A SCIENTIFIC RESULT,displacement-report-draft-v1,
MOCK_S01,MOCK_G01,0,speaking,right_eyelid,persistence,0.0065529773353355,,MOCK_S01_speaking_right_eyelid,4.0,900.0,047b3e189ba903ae23b99980ceb550decad5e53bcbddf8e02301da3031b8ecc7,displacement_mean_euclidean_error,evaluable,,240.0,0.0,0.0,True,MOCK DATA / NOT A SCIENTIFIC RESULT,displacement-report-draft-v1,
MOCK_S01,MOCK_G01,0,speaking,right_eyelid,self,0.0068999999999999,0.0069,MOCK_S01_speaking_right_eyelid,4.0,900.0,047b3e189ba903ae23b99980ceb550decad5e53bcbddf8e02301da3031b8ecc7,displacement_mean_euclidean_error,evaluable,,240.0,0.0,0.0,True,MOCK DATA / NOT A SCIENTIFIC RESULT,displacement-report-draft-v1,
MOCK_S01,MOCK_G01,0,speaking,right_eyelid,full,0.0064770080072538,0.0064770080072538,MOCK_S01_speaking_right_eyelid,4.0,900.0,047b3e189ba903ae23b99980ceb550decad5e53bcbddf8e02301da3031b8ecc7,displacement_mean_euclidean_error,evaluable,,240.0,105.0,750.0,True,MOCK DATA / NOT A SCIENTIFIC RESULT,displacement-report-draft-v1,
MOCK_S01,MOCK_G01,0,speaking,right_eyelid,pcmci,0.0056085063778896,0.0056085063778896,MOCK_S01_speaking_right_eyelid,4.0,900.0,047b3e189ba903ae23b99980ceb550decad5e53bcbddf8e02301da3031b8ecc7,displacement_mean_euclidean_error,evaluable,,240.0,3.0,24.0,True,MOCK DATA / NOT A SCIENTIFIC RESULT,displacement-report-draft-v1,
MOCK_S01,MOCK_G01,0,speaking,left_cheek,persistence,0.0066360469866286,,MOCK_S01_speaking_left_cheek,2.0,900.0,047b3e189ba903ae23b99980ceb550decad5e53bcbddf8e02301da3031b8ecc7,displacement_mean_euclidean_error,evaluable,,120.0,0.0,0.0,True,MOCK DATA / NOT A SCIENTIFIC RESULT,displacement-report-draft-v1,
MOCK_S01,MOCK_G01,0,speaking,left_cheek,self,0.0072,0.0072,MOCK_S01_speaking_left_cheek,2.0,900.0,047b3e189ba903ae23b99980ceb550decad5e53bcbddf8e02301da3031b8ecc7,displacement_mean_euclidean_error,evaluable,,120.0,0.0,0.0,True,MOCK DATA / NOT A SCIENTIFIC RESULT,displacement-report-draft-v1,
MOCK_S01,MOCK_G01,0,speaking,left_cheek,full,0.0059688777542228,0.0059688777542228,MOCK_S01_speaking_left_cheek,2.0,900.0,047b3e189ba903ae23b99980ceb550decad5e53bcbddf8e02301da3031b8ecc7,displacement_mean_euclidean_error,evaluable,,120.0,105.0,810.0,True,MOCK DATA / NOT A SCIENTIFIC RESULT,displacement-report-draft-v1,
MOCK_S01,MOCK_G01,0,speaking,left_cheek,pcmci,0.0061944029222659,0.0061944029222659,MOCK_S01_speaking_left_cheek,2.0,900.0,047b3e189ba903ae23b99980ceb550decad5e53bcbddf8e02301da3031b8ecc7,displacement_mean_euclidean_error,evaluable,,120.0,3.0,14.0,True,MOCK DATA / NOT A SCIENTIFIC RESULT,displacement-report-draft-v1,
MOCK_S01,MOCK_G01,0,speaking,right_cheek,persistence,0.0067002051037236,,MOCK_S01_speaking_right_cheek,2.0,900.0,047b3e189ba903ae23b99980ceb550decad5e53bcbddf8e02301da3031b8ecc7,displacement_mean_euclidean_error,evaluable,,120.0,0.0,0.0,True,MOCK DATA / NOT A SCIENTIFIC RESULT,displacement-report-draft-v1,
MOCK_S01,MOCK_G01,0,speaking,right_cheek,self,0.0074999999999999,0.0075,MOCK_S01_speaking_right_cheek,2.0,900.0,047b3e189ba903ae23b99980ceb550decad5e53bcbddf8e02301da3031b8ecc7,displacement_mean_euclidean_error,evaluable,,120.0,0.0,0.0,True,MOCK DATA / NOT A SCIENTIFIC RESULT,displacement-report-draft-v1,
MOCK_S01,MOCK_G01,0,speaking,right_cheek,full,0.0060869681528031,0.0060869681528031,MOCK_S01_speaking_right_cheek,2.0,900.0,047b3e189ba903ae23b99980ceb550decad5e53bcbddf8e02301da3031b8ecc7,displacement_mean_euclidean_error,evaluable,,120.0,105.0,810.0,True,MOCK DATA / NOT A SCIENTIFIC RESULT,displacement-report-draft-v1,
MOCK_S01,MOCK_G01,0,speaking,right_cheek,pcmci,0.0072911128576437,0.0072911128576437,MOCK_S01_speaking_right_cheek,2.0,900.0,047b3e189ba903ae23b99980ceb550decad5e53bcbddf8e02301da3031b8ecc7,displacement_mean_euclidean_error,evaluable,,120.0,3.0,38.0,True,MOCK DATA / NOT A SCIENTIFIC RESULT,displacement-report-draft-v1,
MOCK_S01,MOCK_G01,0,speaking,mouth,persistence,0.0067832383249334,,MOCK_S01_speaking_mouth,8.0,900.0,047b3e189ba903ae23b99980ceb550decad5e53bcbddf8e02301da3031b8ecc7,displacement_mean_euclidean_error,evaluable,,480.0,0.0,0.0,True,MOCK DATA / NOT A SCIENTIFIC RESULT,displacement-report-draft-v1,
MOCK_S01,MOCK_G01,0,speaking,mouth,self,0.0078,0.0078,MOCK_S01_speaking_mouth,8.0,900.0,047b3e189ba903ae23b99980ceb550decad5e53bcbddf8e02301da3031b8ecc7,displacement_mean_euclidean_error,evaluable,,480.0,0.0,0.0,True,MOCK DATA / NOT A SCIENTIFIC RESULT,displacement-report-draft-v1,
MOCK_S01,MOCK_G01,0,speaking,mouth,full,0.0069985260516209,0.0069985260516209,MOCK_S01_speaking_mouth,8.0,900.0,047b3e189ba903ae23b99980ceb550decad5e53bcbddf8e02301da3031b8ecc7,displacement_mean_euclidean_error,evaluable,,480.0,105.0,630.0,True,MOCK DATA / NOT A SCIENTIFIC RESULT,displacement-report-draft-v1,
MOCK_S01,MOCK_G01,0,speaking,mouth,pcmci,0.0081661447436528,0.0081661447436528,MOCK_S01_speaking_mouth,8.0,900.0,047b3e189ba903ae23b99980ceb550decad5e53bcbddf8e02301da3031b8ecc7,displacement_mean_euclidean_error,evaluable,,480.0,3.0,18.0,True,MOCK DATA / NOT A SCIENTIFIC RESULT,displacement-report-draft-v1,
MOCK_S01,MOCK_G01,0,speaking,jaw,persistence,0.0067712771040129,,MOCK_S01_speaking_jaw,3.0,900.0,047b3e189ba903ae23b99980ceb550decad5e53bcbddf8e02301da3031b8ecc7,displacement_mean_euclidean_error,evaluable,,180.0,0.0,0.0,True,MOCK DATA / NOT A SCIENTIFIC RESULT,displacement-report-draft-v1,
MOCK_S01,MOCK_G01,0,speaking,jaw,self,0.0081,0.0081,MOCK_S01_speaking_jaw,3.0,900.0,047b3e189ba903ae23b99980ceb550decad5e53bcbddf8e02301da3031b8ecc7,displacement_mean_euclidean_error,evaluable,,180.0,0.0,0.0,True,MOCK DATA / NOT A SCIENTIFIC RESULT,displacement-report-draft-v1,
MOCK_S01,MOCK_G01,0,speaking,jaw,full,0.0081412879388469,0.0081412879388469,MOCK_S01_speaking_jaw,3.0,900.0,047b3e189ba903ae23b99980ceb550decad5e53bcbddf8e02301da3031b8ecc7,displacement_mean_euclidean_error,evaluable,,180.0,105.0,780.0,True,MOCK DATA / NOT A SCIENTIFIC RESULT,displacement-report-draft-v1,
MOCK_S01,MOCK_G01,0,speaking,jaw,pcmci,0.0082908169161918,0.0082908169161918,MOCK_S01_speaking_jaw,3.0,900.0,047b3e189ba903ae23b99980ceb550decad5e53bcbddf8e02301da3031b8ecc7,displacement_mean_euclidean_error,evaluable,,180.0,3.0,20.0,True,MOCK DATA / NOT A SCIENTIFIC RESULT,displacement-report-draft-v1,
MOCK_S01,MOCK_G01,0,non_speaking,left_brow,persistence,0.0063734196919327,,MOCK_S01_non_speaking_left_brow,3.0,900.0,d82d4dd61fdebcd36329339ad9f7cd3ac6d8ae6de7b34fda6274be20911ab84e,displacement_mean_euclidean_error,evaluable,,180.0,0.0,0.0,True,MOCK DATA / NOT A SCIENTIFIC RESULT,displacement-report-draft-v1,
MOCK_S01,MOCK_G01,0,non_speaking,left_brow,self,0.0064,0.0064,MOCK_S01_non_speaking_left_brow,3.0,900.0,d82d4dd61fdebcd36329339ad9f7cd3ac6d8ae6de7b34fda6274be20911ab84e,displacement_mean_euclidean_error,evaluable,,180.0,0.0,0.0,True,MOCK DATA / NOT A SCIENTIFIC RESULT,displacement-report-draft-v1,
MOCK_S01,MOCK_G01,0,non_speaking,left_brow,full,0.0058499999999999,0.00585,MOCK_S01_non_speaking_left_brow,3.0,900.0,d82d4dd61fdebcd36329339ad9f7cd3ac6d8ae6de7b34fda6274be20911ab84e,displacement_mean_euclidean_error,evaluable,,180.0,105.0,780.0,True,MOCK DATA / NOT A SCIENTIFIC RESULT,displacement-report-draft-v1,
MOCK_S01,MOCK_G01,0,non_speaking,left_brow,pcmci,0.0064092569599879,0.0064092569599879,MOCK_S01_non_speaking_left_brow,3.0,900.0,d82d4dd61fdebcd36329339ad9f7cd3ac6d8ae6de7b34fda6274be20911ab84e,displacement_mean_euclidean_error,evaluable,,180.0,3.0,20.0,True,MOCK DATA / NOT A SCIENTIFIC RESULT,displacement-report-draft-v1,
MOCK_S01,MOCK_G01,0,non_speaking,right_brow,persistence,0.0065598567160985,,MOCK_S01_non_speaking_right_brow,3.0,900.0,d82d4dd61fdebcd36329339ad9f7cd3ac6d8ae6de7b34fda6274be20911ab84e,displacement_mean_euclidean_error,evaluable,,180.0,0.0,0.0,True,MOCK DATA / NOT A SCIENTIFIC RESULT,displacement-report-draft-v1,
MOCK_S01,MOCK_G01,0,non_speaking,right_brow,self,0.0067,0.0067,MOCK_S01_non_speaking_right_brow,3.0,900.0,d82d4dd61fdebcd36329339ad9f7cd3ac6d8ae6de7b34fda6274be20911ab84e,displacement_mean_euclidean_error,evaluable,,180.0,0.0,0.0,True,MOCK DATA / NOT A SCIENTIFIC RESULT,displacement-report-draft-v1,
MOCK_S01,MOCK_G01,0,non_speaking,right_brow,full,0.0069073238863271,0.0069073238863271,MOCK_S01_non_speaking_right_brow,3.0,900.0,d82d4dd61fdebcd36329339ad9f7cd3ac6d8ae6de7b34fda6274be20911ab84e,displacement_mean_euclidean_error,evaluable,,180.0,105.0,780.0,True,MOCK DATA / NOT A SCIENTIFIC RESULT,displacement-report-draft-v1,
MOCK_S01,MOCK_G01,0,non_speaking,right_brow,pcmci,0.0058962751889349,0.0058962751889349,MOCK_S01_non_speaking_right_brow,3.0,900.0,d82d4dd61fdebcd36329339ad9f7cd3ac6d8ae6de7b34fda6274be20911ab84e,displacement_mean_euclidean_error,evaluable,,180.0,3.0,20.0,True,MOCK DATA / NOT A SCIENTIFIC RESULT,displacement-report-draft-v1,
MOCK_S01,MOCK_G01,0,non_speaking,left_eyelid,persistence,0.0064523369276404,,MOCK_S01_non_speaking_left_eyelid,4.0,900.0,d82d4dd61fdebcd36329339ad9f7cd3ac6d8ae6de7b34fda6274be20911ab84e,displacement_mean_euclidean_error,evaluable,,240.0,0.0,0.0,True,MOCK DATA / NOT A SCIENTIFIC RESULT,displacement-report-draft-v1,
MOCK_S01,MOCK_G01,0,non_speaking,left_eyelid,self,0.007,0.007,MOCK_S01_non_speaking_left_eyelid,4.0,900.0,d82d4dd61fdebcd36329339ad9f7cd3ac6d8ae6de7b34fda6274be20911ab84e,displacement_mean_euclidean_error,evaluable,,240.0,0.0,0.0,True,MOCK DATA / NOT A SCIENTIFIC RESULT,displacement-report-draft-v1,
MOCK_S01,MOCK_G01,0,non_speaking,left_eyelid,full,0.0072683676841431,0.0072683676841431,MOCK_S01_non_speaking_left_eyelid,4.0,900.0,d82d4dd61fdebcd36329339ad9f7cd3ac6d8ae6de7b34fda6274be20911ab84e,displacement_mean_euclidean_error,evaluable,,240.0,105.0,750.0,True,MOCK DATA / NOT A SCIENTIFIC RESULT,displacement-report-draft-v1,
MOCK_S01,MOCK_G01,0,non_speaking,left_eyelid,pcmci,0.0057085063778896,0.0057085063778896,MOCK_S01_non_speaking_left_eyelid,4.0,900.0,d82d4dd61fdebcd36329339ad9f7cd3ac6d8ae6de7b34fda6274be20911ab84e,displacement_mean_euclidean_error,evaluable,,240.0,3.0,20.0,True,MOCK DATA / NOT A SCIENTIFIC RESULT,displacement-report-draft-v1,
MOCK_S01,MOCK_G01,0,non_speaking,right_eyelid,persistence,0.0065598990703812,,MOCK_S01_non_speaking_right_eyelid,4.0,900.0,d82d4dd61fdebcd36329339ad9f7cd3ac6d8ae6de7b34fda6274be20911ab84e,displacement_mean_euclidean_error,evaluable,,240.0,0.0,0.0,True,MOCK DATA / NOT A SCIENTIFIC RESULT,displacement-report-draft-v1,
MOCK_S01,MOCK_G01,0,non_speaking,right_eyelid,self,0.0073,0.0073,MOCK_S01_non_speaking_right_eyelid,4.0,900.0,d82d4dd61fdebcd36329339ad9f7cd3ac6d8ae6de7b34fda6274be20911ab84e,displacement_mean_euclidean_error,evaluable,,240.0,0.0,0.0,True,MOCK DATA / NOT A SCIENTIFIC RESULT,displacement-report-draft-v1,
MOCK_S01,MOCK_G01,0,non_speaking,right_eyelid,full,0.0068770080072538,0.0068770080072538,MOCK_S01_non_speaking_right_eyelid,4.0,900.0,d82d4dd61fdebcd36329339ad9f7cd3ac6d8ae6de7b34fda6274be20911ab84e,displacement_mean_euclidean_error,evaluable,,240.0,105.0,750.0,True,MOCK DATA / NOT A SCIENTIFIC RESULT,displacement-report-draft-v1,
MOCK_S01,MOCK_G01,0,non_speaking,right_eyelid,pcmci,0.0062944029222659,0.0062944029222659,MOCK_S01_non_speaking_right_eyelid,4.0,900.0,d82d4dd61fdebcd36329339ad9f7cd3ac6d8ae6de7b34fda6274be20911ab84e,displacement_mean_euclidean_error,evaluable,,240.0,3.0,24.0,True,MOCK DATA / NOT A SCIENTIFIC RESULT,displacement-report-draft-v1,
MOCK_S01,MOCK_G01,0,non_speaking,left_cheek,persistence,0.0065190252971214,,MOCK_S01_non_speaking_left_cheek,2.0,900.0,d82d4dd61fdebcd36329339ad9f7cd3ac6d8ae6de7b34fda6274be20911ab84e,displacement_mean_euclidean_error,evaluable,,120.0,0.0,0.0,True,MOCK DATA / NOT A SCIENTIFIC RESULT,displacement-report-draft-v1,
MOCK_S01,MOCK_G01,0,non_speaking,left_cheek,self,0.0075999999999999,0.0076,MOCK_S01_non_speaking_left_cheek,2.0,900.0,d82d4dd61fdebcd36329339ad9f7cd3ac6d8ae6de7b34fda6274be20911ab84e,displacement_mean_euclidean_error,evaluable,,120.0,0.0,0.0,True,MOCK DATA / NOT A SCIENTIFIC RESULT,displacement-report-draft-v1,
MOCK_S01,MOCK_G01,0,non_speaking,left_cheek,full,0.0063688777542228,0.0063688777542228,MOCK_S01_non_speaking_left_cheek,2.0,900.0,d82d4dd61fdebcd36329339ad9f7cd3ac6d8ae6de7b34fda6274be20911ab84e,displacement_mean_euclidean_error,evaluable,,120.0,105.0,810.0,True,MOCK DATA / NOT A SCIENTIFIC RESULT,displacement-report-draft-v1,
MOCK_S01,MOCK_G01,0,non_speaking,left_cheek,pcmci,0.0073911128576437,0.0073911128576437,MOCK_S01_non_speaking_left_cheek,2.0,900.0,d82d4dd61fdebcd36329339ad9f7cd3ac6d8ae6de7b34fda6274be20911ab84e,displacement_mean_euclidean_error,evaluable,,120.0,3.0,14.0,True,MOCK DATA / NOT A SCIENTIFIC RESULT,displacement-report-draft-v1,
MOCK_S01,MOCK_G01,0,non_speaking,right_cheek,persistence,0.0067009755571303,,MOCK_S01_non_speaking_right_cheek,2.0,900.0,d82d4dd61fdebcd36329339ad9f7cd3ac6d8ae6de7b34fda6274be20911ab84e,displacement_mean_euclidean_error,evaluable,,120.0,0.0,0.0,True,MOCK DATA / NOT A SCIENTIFIC RESULT,displacement-report-draft-v1,
MOCK_S01,MOCK_G01,0,non_speaking,right_cheek,self,0.0078999999999999,0.0078999999999999,MOCK_S01_non_speaking_right_cheek,2.0,900.0,d82d4dd61fdebcd36329339ad9f7cd3ac6d8ae6de7b34fda6274be20911ab84e,displacement_mean_euclidean_error,evaluable,,120.0,0.0,0.0,True,MOCK DATA / NOT A SCIENTIFIC RESULT,displacement-report-draft-v1,
MOCK_S01,MOCK_G01,0,non_speaking,right_cheek,full,0.0064869681528031,0.0064869681528031,MOCK_S01_non_speaking_right_cheek,2.0,900.0,d82d4dd61fdebcd36329339ad9f7cd3ac6d8ae6de7b34fda6274be20911ab84e,displacement_mean_euclidean_error,evaluable,,120.0,105.0,810.0,True,MOCK DATA / NOT A SCIENTIFIC RESULT,displacement-report-draft-v1,
MOCK_S01,MOCK_G01,0,non_speaking,right_cheek,pcmci,0.0082661447436528,0.0082661447436528,MOCK_S01_non_speaking_right_cheek,2.0,900.0,d82d4dd61fdebcd36329339ad9f7cd3ac6d8ae6de7b34fda6274be20911ab84e,displacement_mean_euclidean_error,evaluable,,120.0,3.0,38.0,True,MOCK DATA / NOT A SCIENTIFIC RESULT,displacement-report-draft-v1,
MOCK_S01,MOCK_G01,0,non_speaking,mouth,persistence,0.006674025505075,,MOCK_S01_non_speaking_mouth,8.0,900.0,d82d4dd61fdebcd36329339ad9f7cd3ac6d8ae6de7b34fda6274be20911ab84e,displacement_mean_euclidean_error,evaluable,,480.0,0.0,0.0,True,MOCK DATA / NOT A SCIENTIFIC RESULT,displacement-report-draft-v1,
MOCK_S01,MOCK_G01,0,non_speaking,mouth,self,0.0081999999999999,0.0081999999999999,MOCK_S01_non_speaking_mouth,8.0,900.0,d82d4dd61fdebcd36329339ad9f7cd3ac6d8ae6de7b34fda6274be20911ab84e,displacement_mean_euclidean_error,evaluable,,480.0,0.0,0.0,True,MOCK DATA / NOT A SCIENTIFIC RESULT,displacement-report-draft-v1,
MOCK_S01,MOCK_G01,0,non_speaking,mouth,full,0.0073985260516209,0.0073985260516209,MOCK_S01_non_speaking_mouth,8.0,900.0,d82d4dd61fdebcd36329339ad9f7cd3ac6d8ae6de7b34fda6274be20911ab84e,displacement_mean_euclidean_error,evaluable,,480.0,105.0,630.0,True,MOCK DATA / NOT A SCIENTIFIC RESULT,displacement-report-draft-v1,
MOCK_S01,MOCK_G01,0,non_speaking,mouth,pcmci,0.0083908169161918,0.0083908169161918,MOCK_S01_non_speaking_mouth,8.0,900.0,d82d4dd61fdebcd36329339ad9f7cd3ac6d8ae6de7b34fda6274be20911ab84e,displacement_mean_euclidean_error,evaluable,,480.0,3.0,18.0,True,MOCK DATA / NOT A SCIENTIFIC RESULT,displacement-report-draft-v1,
MOCK_S01,MOCK_G01,0,non_speaking,jaw,persistence,0.0067404437561375,,MOCK_S01_non_speaking_jaw,3.0,900.0,d82d4dd61fdebcd36329339ad9f7cd3ac6d8ae6de7b34fda6274be20911ab84e,displacement_mean_euclidean_error,evaluable,,180.0,0.0,0.0,True,MOCK DATA / NOT A SCIENTIFIC RESULT,displacement-report-draft-v1,
MOCK_S01,MOCK_G01,0,non_speaking,jaw,self,0.0084999999999999,0.0084999999999999,MOCK_S01_non_speaking_jaw,3.0,900.0,d82d4dd61fdebcd36329339ad9f7cd3ac6d8ae6de7b34fda6274be20911ab84e,displacement_mean_euclidean_error,evaluable,,180.0,0.0,0.0,True,MOCK DATA / NOT A SCIENTIFIC RESULT,displacement-report-draft-v1,
MOCK_S01,MOCK_G01,0,non_speaking,jaw,full,0.0085412879388469,0.0085412879388469,MOCK_S01_non_speaking_jaw,3.0,900.0,d82d4dd61fdebcd36329339ad9f7cd3ac6d8ae6de7b34fda6274be20911ab84e,displacement_mean_euclidean_error,evaluable,,180.0,105.0,780.0,True,MOCK DATA / NOT A SCIENTIFIC RESULT,displacement-report-draft-v1,
MOCK_S01,MOCK_G01,0,non_speaking,jaw,pcmci,0.0079263249712626,0.0079263249712626,MOCK_S01_non_speaking_jaw,3.0,900.0,d82d4dd61fdebcd36329339ad9f7cd3ac6d8ae6de7b34fda6274be20911ab84e,displacement_mean_euclidean_error,evaluable,,180.0,3.0,20.0,True,MOCK DATA / NOT A SCIENTIFIC RESULT,displacement-report-draft-v1,
MOCK_S02,MOCK_G01,0,speaking,left_brow,persistence,0.0065091302778369,,MOCK_S02_speaking_left_brow,3.0,900.0,099881c2612ad5c4d865ff3443cf621535cb1c9064270bcf7308773ea1ff93e7,displacement_mean_euclidean_error,evaluable,,180.0,0.0,0.0,True,MOCK DATA / NOT A SCIENTIFIC RESULT,displacement-report-draft-v1,
MOCK_S02,MOCK_G01,0,speaking,left_brow,self,0.0062524412954423,0.0062524412954423,MOCK_S02_speaking_left_brow,3.0,900.0,099881c2612ad5c4d865ff3443cf621535cb1c9064270bcf7308773ea1ff93e7,displacement_mean_euclidean_error,evaluable,,180.0,0.0,0.0,True,MOCK DATA / NOT A SCIENTIFIC RESULT,displacement-report-draft-v1,
MOCK_S02,MOCK_G01,0,speaking,left_brow,full,0.0062106195214979,0.0062106195214979,MOCK_S02_speaking_left_brow,3.0,900.0,099881c2612ad5c4d865ff3443cf621535cb1c9064270bcf7308773ea1ff93e7,displacement_mean_euclidean_error,evaluable,,180.0,105.0,780.0,True,MOCK DATA / NOT A SCIENTIFIC RESULT,displacement-report-draft-v1,
MOCK_S02,MOCK_G01,0,speaking,left_brow,pcmci,0.0065483864730491,0.0065483864730491,MOCK_S02_speaking_left_brow,3.0,900.0,099881c2612ad5c4d865ff3443cf621535cb1c9064270bcf7308773ea1ff93e7,displacement_mean_euclidean_error,evaluable,,180.0,3.0,20.0,True,MOCK DATA / NOT A SCIENTIFIC RESULT,displacement-report-draft-v1,
MOCK_S02,MOCK_G01,0,speaking,right_brow,persistence,0.0064701495080756,,MOCK_S02_speaking_right_brow,3.0,900.0,099881c2612ad5c4d865ff3443cf621535cb1c9064270bcf7308773ea1ff93e7,displacement_mean_euclidean_error,evaluable,,180.0,0.0,0.0,True,MOCK DATA / NOT A SCIENTIFIC RESULT,displacement-report-draft-v1,
MOCK_S02,MOCK_G01,0,speaking,right_brow,self,0.0065524412954423,0.0065524412954423,MOCK_S02_speaking_right_brow,3.0,900.0,099881c2612ad5c4d865ff3443cf621535cb1c9064270bcf7308773ea1ff93e7,displacement_mean_euclidean_error,evaluable,,180.0,0.0,0.0,True,MOCK DATA / NOT A SCIENTIFIC RESULT,displacement-report-draft-v1,
MOCK_S02,MOCK_G01,0,speaking,right_brow,full,0.0069020575381797,0.0069020575381797,MOCK_S02_speaking_right_brow,3.0,900.0,099881c2612ad5c4d865ff3443cf621535cb1c9064270bcf7308773ea1ff93e7,displacement_mean_euclidean_error,evaluable,,180.0,105.0,780.0,True,MOCK DATA / NOT A SCIENTIFIC RESULT,displacement-report-draft-v1,
MOCK_S02,MOCK_G01,0,speaking,right_brow,pcmci,0.0061625679168599,0.0061625679168599,MOCK_S02_speaking_right_brow,3.0,900.0,099881c2612ad5c4d865ff3443cf621535cb1c9064270bcf7308773ea1ff93e7,displacement_mean_euclidean_error,evaluable,,180.0,3.0,20.0,True,MOCK DATA / NOT A SCIENTIFIC RESULT,displacement-report-draft-v1,
MOCK_S02,MOCK_G01,0,speaking,left_eyelid,persistence,0.0064325290726711,,MOCK_S02_speaking_left_eyelid,4.0,900.0,099881c2612ad5c4d865ff3443cf621535cb1c9064270bcf7308773ea1ff93e7,displacement_mean_euclidean_error,evaluable,,240.0,0.0,0.0,True,MOCK DATA / NOT A SCIENTIFIC RESULT,displacement-report-draft-v1,
MOCK_S02,MOCK_G01,0,speaking,left_eyelid,self,0.0068524412954423,0.0068524412954423,MOCK_S02_speaking_left_eyelid,4.0,900.0,099881c2612ad5c4d865ff3443cf621535cb1c9064270bcf7308773ea1ff93e7,displacement_mean_euclidean_error,evaluable,,240.0,0.0,0.0,True,MOCK DATA / NOT A SCIENTIFIC RESULT,displacement-report-draft-v1,
MOCK_S02,MOCK_G01,0,speaking,left_eyelid,full,0.0067663925300816,0.0067663925300816,MOCK_S02_speaking_left_eyelid,4.0,900.0,099881c2612ad5c4d865ff3443cf621535cb1c9064270bcf7308773ea1ff93e7,displacement_mean_euclidean_error,evaluable,,240.0,105.0,750.0,True,MOCK DATA / NOT A SCIENTIFIC RESULT,displacement-report-draft-v1,
MOCK_S02,MOCK_G01,0,speaking,left_eyelid,pcmci,0.0057214692222274,0.0057214692222274,MOCK_S02_speaking_left_eyelid,4.0,900.0,099881c2612ad5c4d865ff3443cf621535cb1c9064270bcf7308773ea1ff93e7,displacement_mean_euclidean_error,evaluable,,240.0,3.0,20.0,True,MOCK DATA / NOT A SCIENTIFIC RESULT,displacement-report-draft-v1,
MOCK_S02,MOCK_G01,0,speaking,right_eyelid,persistence,0.006576459819114,,MOCK_S02_speaking_right_eyelid,4.0,900.0,099881c2612ad5c4d865ff3443cf621535cb1c9064270bcf7308773ea1ff93e7,displacement_mean_euclidean_error,evaluable,,240.0,0.0,0.0,True,MOCK DATA / NOT A SCIENTIFIC RESULT,displacement-report-draft-v1,
MOCK_S02,MOCK_G01,0,speaking,right_eyelid,self,0.0071524412954423,0.0071524412954423,MOCK_S02_speaking_right_eyelid,4.0,900.0,099881c2612ad5c4d865ff3443cf621535cb1c9064270bcf7308773ea1ff93e7,displacement_mean_euclidean_error,evaluable,,240.0,0.0,0.0,True,MOCK DATA / NOT A SCIENTIFIC RESULT,displacement-report-draft-v1,
MOCK_S02,MOCK_G01,0,speaking,right_eyelid,full,0.006204172896477,0.006204172896477,MOCK_S02_speaking_right_eyelid,4.0,900.0,099881c2612ad5c4d865ff3443cf621535cb1c9064270bcf7308773ea1ff93e7,displacement_mean_euclidean_error,evaluable,,240.0,105.0,750.0,True,MOCK DATA / NOT A SCIENTIFIC RESULT,displacement-report-draft-v1,
MOCK_S02,MOCK_G01,0,speaking,right_eyelid,pcmci,0.0059064531112451,0.0059064531112451,MOCK_S02_speaking_right_eyelid,4.0,900.0,099881c2612ad5c4d865ff3443cf621535cb1c9064270bcf7308773ea1ff93e7,displacement_mean_euclidean_error,evaluable,,240.0,3.0,24.0,True,MOCK DATA / NOT A SCIENTIFIC RESULT,displacement-report-draft-v1,
MOCK_S02,MOCK_G01,0,speaking,left_cheek,persistence,0.0065700910197716,,MOCK_S02_speaking_left_cheek,2.0,900.0,099881c2612ad5c4d865ff3443cf621535cb1c9064270bcf7308773ea1ff93e7,displacement_mean_euclidean_error,evaluable,,120.0,0.0,0.0,True,MOCK DATA / NOT A SCIENTIFIC RESULT,displacement-report-draft-v1,
MOCK_S02,MOCK_G01,0,speaking,left_cheek,self,0.0074524412954423,0.0074524412954423,MOCK_S02_speaking_left_cheek,2.0,900.0,099881c2612ad5c4d865ff3443cf621535cb1c9064270bcf7308773ea1ff93e7,displacement_mean_euclidean_error,evaluable,,120.0,0.0,0.0,True,MOCK DATA / NOT A SCIENTIFIC RESULT,displacement-report-draft-v1,
MOCK_S02,MOCK_G01,0,speaking,left_cheek,full,0.0060081193921722,0.0060081193921722,MOCK_S02_speaking_left_cheek,2.0,900.0,099881c2612ad5c4d865ff3443cf621535cb1c9064270bcf7308773ea1ff93e7,displacement_mean_euclidean_error,evaluable,,120.0,105.0,810.0,True,MOCK DATA / NOT A SCIENTIFIC RESULT,displacement-report-draft-v1,
MOCK_S02,MOCK_G01,0,speaking,left_cheek,pcmci,0.0068232648659262,0.0068232648659262,MOCK_S02_speaking_left_cheek,2.0,900.0,099881c2612ad5c4d865ff3443cf621535cb1c9064270bcf7308773ea1ff93e7,displacement_mean_euclidean_error,evaluable,,120.0,3.0,14.0,True,MOCK DATA / NOT A SCIENTIFIC RESULT,displacement-report-draft-v1,
MOCK_S02,MOCK_G01,0,speaking,right_cheek,persistence,0.006663710369074,,MOCK_S02_speaking_right_cheek,2.0,900.0,099881c2612ad5c4d865ff3443cf621535cb1c9064270bcf7308773ea1ff93e7,displacement_mean_euclidean_error,evaluable,,120.0,0.0,0.0,True,MOCK DATA / NOT A SCIENTIFIC RESULT,displacement-report-draft-v1,
MOCK_S02,MOCK_G01,0,speaking,right_cheek,self,0.0077524412954423,0.0077524412954423,MOCK_S02_speaking_right_cheek,2.0,900.0,099881c2612ad5c4d865ff3443cf621535cb1c9064270bcf7308773ea1ff93e7,displacement_mean_euclidean_error,evaluable,,120.0,0.0,0.0,True,MOCK DATA / NOT A SCIENTIFIC RESULT,displacement-report-draft-v1,
MOCK_S02,MOCK_G01,0,speaking,right_cheek,full,0.0066343013213572,0.0066343013213572,MOCK_S02_speaking_right_cheek,2.0,900.0,099881c2612ad5c4d865ff3443cf621535cb1c9064270bcf7308773ea1ff93e7,displacement_mean_euclidean_error,evaluable,,120.0,105.0,810.0,True,MOCK DATA / NOT A SCIENTIFIC RESULT,displacement-report-draft-v1,
MOCK_S02,MOCK_G01,0,speaking,right_cheek,pcmci,0.0079048106035899,0.0079048106035899,MOCK_S02_speaking_right_cheek,2.0,900.0,099881c2612ad5c4d865ff3443cf621535cb1c9064270bcf7308773ea1ff93e7,displacement_mean_euclidean_error,evaluable,,120.0,3.0,38.0,True,MOCK DATA / NOT A SCIENTIFIC RESULT,displacement-report-draft-v1,
MOCK_S02,MOCK_G01,0,speaking,mouth,persistence,0.0067340684533267,,MOCK_S02_speaking_mouth,8.0,900.0,099881c2612ad5c4d865ff3443cf621535cb1c9064270bcf7308773ea1ff93e7,displacement_mean_euclidean_error,evaluable,,480.0,0.0,0.0,True,MOCK DATA / NOT A SCIENTIFIC RESULT,displacement-report-draft-v1,
MOCK_S02,MOCK_G01,0,speaking,mouth,self,0.0080524412954423,0.0080524412954423,MOCK_S02_speaking_mouth,8.0,900.0,099881c2612ad5c4d865ff3443cf621535cb1c9064270bcf7308773ea1ff93e7,displacement_mean_euclidean_error,evaluable,,480.0,0.0,0.0,True,MOCK DATA / NOT A SCIENTIFIC RESULT,displacement-report-draft-v1,
MOCK_S02,MOCK_G01,0,speaking,mouth,full,0.0077828285226044,0.0077828285226044,MOCK_S02_speaking_mouth,8.0,900.0,099881c2612ad5c4d865ff3443cf621535cb1c9064270bcf7308773ea1ff93e7,displacement_mean_euclidean_error,evaluable,,480.0,105.0,630.0,True,MOCK DATA / NOT A SCIENTIFIC RESULT,displacement-report-draft-v1,
MOCK_S02,MOCK_G01,0,speaking,mouth,pcmci,0.0084325407773111,0.0084325407773111,MOCK_S02_speaking_mouth,8.0,900.0,099881c2612ad5c4d865ff3443cf621535cb1c9064270bcf7308773ea1ff93e7,displacement_mean_euclidean_error,evaluable,,480.0,3.0,18.0,True,MOCK DATA / NOT A SCIENTIFIC RESULT,displacement-report-draft-v1,
MOCK_S02,MOCK_G01,0,speaking,jaw,persistence,0.0067126052924924,,MOCK_S02_speaking_jaw,3.0,900.0,099881c2612ad5c4d865ff3443cf621535cb1c9064270bcf7308773ea1ff93e7,displacement_mean_euclidean_error,evaluable,,180.0,0.0,0.0,True,MOCK DATA / NOT A SCIENTIFIC RESULT,displacement-report-draft-v1,
MOCK_S02,MOCK_G01,0,speaking,jaw,self,0.0083524412954423,0.0083524412954423,MOCK_S02_speaking_jaw,3.0,900.0,099881c2612ad5c4d865ff3443cf621535cb1c9064270bcf7308773ea1ff93e7,displacement_mean_euclidean_error,evaluable,,180.0,0.0,0.0,True,MOCK DATA / NOT A SCIENTIFIC RESULT,displacement-report-draft-v1,
MOCK_S02,MOCK_G01,0,speaking,jaw,full,0.0086735690002707,0.0086735690002707,MOCK_S02_speaking_jaw,3.0,900.0,099881c2612ad5c4d865ff3443cf621535cb1c9064270bcf7308773ea1ff93e7,displacement_mean_euclidean_error,evaluable,,180.0,105.0,780.0,True,MOCK DATA / NOT A SCIENTIFIC RESULT,displacement-report-draft-v1,
MOCK_S02,MOCK_G01,0,speaking,jaw,pcmci,0.0081970813156021,0.0081970813156021,MOCK_S02_speaking_jaw,3.0,900.0,099881c2612ad5c4d865ff3443cf621535cb1c9064270bcf7308773ea1ff93e7,displacement_mean_euclidean_error,evaluable,,180.0,3.0,20.0,True,MOCK DATA / NOT A SCIENTIFIC RESULT,displacement-report-draft-v1,
MOCK_S02,MOCK_G01,0,non_speaking,left_brow,persistence,0.0063789521952821,,MOCK_S02_non_speaking_left_brow,3.0,900.0,c87c2d5876bbe76dc41b8bcab8ab2d1898bfaef4ec24a4e8c32e09eb0bc7de71,displacement_mean_euclidean_error,evaluable,,180.0,0.0,0.0,True,MOCK DATA / NOT A SCIENTIFIC RESULT,displacement-report-draft-v1,
MOCK_S02,MOCK_G01,0,non_speaking,left_brow,self,0.0066524412954423,0.0066524412954423,MOCK_S02_non_speaking_left_brow,3.0,900.0,c87c2d5876bbe76dc41b8bcab8ab2d1898bfaef4ec24a4e8c32e09eb0bc7de71,displacement_mean_euclidean_error,evaluable,,180.0,0.0,0.0,True,MOCK DATA / NOT A SCIENTIFIC RESULT,displacement-report-draft-v1,
MOCK_S02,MOCK_G01,0,non_speaking,left_brow,full,0.0066106195214979,0.0066106195214979,MOCK_S02_non_speaking_left_brow,3.0,900.0,c87c2d5876bbe76dc41b8bcab8ab2d1898bfaef4ec24a4e8c32e09eb0bc7de71,displacement_mean_euclidean_error,evaluable,,180.0,105.0,780.0,True,MOCK DATA / NOT A SCIENTIFIC RESULT,displacement-report-draft-v1,
MOCK_S02,MOCK_G01,0,non_speaking,left_brow,pcmci,0.0062625679168599,0.0062625679168599,MOCK_S02_non_speaking_left_brow,3.0,900.0,c87c2d5876bbe76dc41b8bcab8ab2d1898bfaef4ec24a4e8c32e09eb0bc7de71,displacement_mean_euclidean_error,evaluable,,180.0,3.0,20.0,True,MOCK DATA / NOT A SCIENTIFIC RESULT,displacement-report-draft-v1,
MOCK_S02,MOCK_G01,0,non_speaking,right_brow,persistence,0.0065140510854235,,MOCK_S02_non_speaking_right_brow,3.0,900.0,c87c2d5876bbe76dc41b8bcab8ab2d1898bfaef4ec24a4e8c32e09eb0bc7de71,displacement_mean_euclidean_error,evaluable,,180.0,0.0,0.0,True,MOCK DATA / NOT A SCIENTIFIC RESULT,displacement-report-draft-v1,
MOCK_S02,MOCK_G01,0,non_speaking,right_brow,self,0.0069524412954423,0.0069524412954423,MOCK_S02_non_speaking_right_brow,3.0,900.0,c87c2d5876bbe76dc41b8bcab8ab2d1898bfaef4ec24a4e8c32e09eb0bc7de71,displacement_mean_euclidean_error,evaluable,,180.0,0.0,0.0,True,MOCK DATA / NOT A SCIENTIFIC RESULT,displacement-report-draft-v1,
MOCK_S02,MOCK_G01,0,non_speaking,right_brow,full,0.0073020575381797,0.0073020575381797,MOCK_S02_non_speaking_right_brow,3.0,900.0,c87c2d5876bbe76dc41b8bcab8ab2d1898bfaef4ec24a4e8c32e09eb0bc7de71,displacement_mean_euclidean_error,evaluable,,180.0,105.0,780.0,True,MOCK DATA / NOT A SCIENTIFIC RESULT,displacement-report-draft-v1,
MOCK_S02,MOCK_G01,0,non_speaking,right_brow,pcmci,0.0058214692222274,0.0058214692222274,MOCK_S02_non_speaking_right_brow,3.0,900.0,c87c2d5876bbe76dc41b8bcab8ab2d1898bfaef4ec24a4e8c32e09eb0bc7de71,displacement_mean_euclidean_error,evaluable,,180.0,3.0,20.0,True,MOCK DATA / NOT A SCIENTIFIC RESULT,displacement-report-draft-v1,
MOCK_S02,MOCK_G01,0,non_speaking,left_eyelid,persistence,0.0065034628085047,,MOCK_S02_non_speaking_left_eyelid,4.0,900.0,c87c2d5876bbe76dc41b8bcab8ab2d1898bfaef4ec24a4e8c32e09eb0bc7de71,displacement_mean_euclidean_error,evaluable,,240.0,0.0,0.0,True,MOCK DATA / NOT A SCIENTIFIC RESULT,displacement-report-draft-v1,
MOCK_S02,MOCK_G01,0,non_speaking,left_eyelid,self,0.0072524412954423,0.0072524412954423,MOCK_S02_non_speaking_left_eyelid,4.0,900.0,c87c2d5876bbe76dc41b8bcab8ab2d1898bfaef4ec24a4e8c32e09eb0bc7de71,displacement_mean_euclidean_error,evaluable,,240.0,0.0,0.0,True,MOCK DATA / NOT A SCIENTIFIC RESULT,displacement-report-draft-v1,
MOCK_S02,MOCK_G01,0,non_speaking,left_eyelid,full,0.0071663925300816,0.0071663925300816,MOCK_S02_non_speaking_left_eyelid,4.0,900.0,c87c2d5876bbe76dc41b8bcab8ab2d1898bfaef4ec24a4e8c32e09eb0bc7de71,displacement_mean_euclidean_error,evaluable,,240.0,105.0,750.0,True,MOCK DATA / NOT A SCIENTIFIC RESULT,displacement-report-draft-v1,
MOCK_S02,MOCK_G01,0,non_speaking,left_eyelid,pcmci,0.0060064531112451,0.0060064531112451,MOCK_S02_non_speaking_left_eyelid,4.0,900.0,c87c2d5876bbe76dc41b8bcab8ab2d1898bfaef4ec24a4e8c32e09eb0bc7de71,displacement_mean_euclidean_error,evaluable,,240.0,3.0,20.0,True,MOCK DATA / NOT A SCIENTIFIC RESULT,displacement-report-draft-v1,
MOCK_S02,MOCK_G01,0,non_speaking,right_eyelid,persistence,0.0065521183270738,,MOCK_S02_non_speaking_right_eyelid,4.0,900.0,c87c2d5876bbe76dc41b8bcab8ab2d1898bfaef4ec24a4e8c32e09eb0bc7de71,displacement_mean_euclidean_error,evaluable,,240.0,0.0,0.0,True,MOCK DATA / NOT A SCIENTIFIC RESULT,displacement-report-draft-v1,
MOCK_S02,MOCK_G01,0,non_speaking,right_eyelid,self,0.0075524412954423,0.0075524412954423,MOCK_S02_non_speaking_right_eyelid,4.0,900.0,c87c2d5876bbe76dc41b8bcab8ab2d1898bfaef4ec24a4e8c32e09eb0bc7de71,displacement_mean_euclidean_error,evaluable,,240.0,0.0,0.0,True,MOCK DATA / NOT A SCIENTIFIC RESULT,displacement-report-draft-v1,
MOCK_S02,MOCK_G01,0,non_speaking,right_eyelid,full,0.006604172896477,0.006604172896477,MOCK_S02_non_speaking_right_eyelid,4.0,900.0,c87c2d5876bbe76dc41b8bcab8ab2d1898bfaef4ec24a4e8c32e09eb0bc7de71,displacement_mean_euclidean_error,evaluable,,240.0,105.0,750.0,True,MOCK DATA / NOT A SCIENTIFIC RESULT,displacement-report-draft-v1,
MOCK_S02,MOCK_G01,0,non_speaking,right_eyelid,pcmci,0.0069232648659262,0.0069232648659262,MOCK_S02_non_speaking_right_eyelid,4.0,900.0,c87c2d5876bbe76dc41b8bcab8ab2d1898bfaef4ec24a4e8c32e09eb0bc7de71,displacement_mean_euclidean_error,evaluable,,240.0,3.0,24.0,True,MOCK DATA / NOT A SCIENTIFIC RESULT,displacement-report-draft-v1,
MOCK_S02,MOCK_G01,0,non_speaking,left_cheek,persistence,0.0067400110825729,,MOCK_S02_non_speaking_left_cheek,2.0,900.0,c87c2d5876bbe76dc41b8bcab8ab2d1898bfaef4ec24a4e8c32e09eb0bc7de71,displacement_mean_euclidean_error,evaluable,,120.0,0.0,0.0,True,MOCK DATA / NOT A SCIENTIFIC RESULT,displacement-report-draft-v1,
MOCK_S02,MOCK_G01,0,non_speaking,left_cheek,self,0.0078524412954423,0.0078524412954423,MOCK_S02_non_speaking_left_cheek,2.0,900.0,c87c2d5876bbe76dc41b8bcab8ab2d1898bfaef4ec24a4e8c32e09eb0bc7de71,displacement_mean_euclidean_error,evaluable,,120.0,0.0,0.0,True,MOCK DATA / NOT A SCIENTIFIC RESULT,displacement-report-draft-v1,
MOCK_S02,MOCK_G01,0,non_speaking,left_cheek,full,0.0064081193921722,0.0064081193921722,MOCK_S02_non_speaking_left_cheek,2.0,900.0,c87c2d5876bbe76dc41b8bcab8ab2d1898bfaef4ec24a4e8c32e09eb0bc7de71,displacement_mean_euclidean_error,evaluable,,120.0,105.0,810.0,True,MOCK DATA / NOT A SCIENTIFIC RESULT,displacement-report-draft-v1,
MOCK_S02,MOCK_G01,0,non_speaking,left_cheek,pcmci,0.0080048106035899,0.0080048106035899,MOCK_S02_non_speaking_left_cheek,2.0,900.0,c87c2d5876bbe76dc41b8bcab8ab2d1898bfaef4ec24a4e8c32e09eb0bc7de71,displacement_mean_euclidean_error,evaluable,,120.0,3.0,14.0,True,MOCK DATA / NOT A SCIENTIFIC RESULT,displacement-report-draft-v1,
MOCK_S02,MOCK_G01,0,non_speaking,right_cheek,persistence,0.0067101941873344,,MOCK_S02_non_speaking_right_cheek,2.0,900.0,c87c2d5876bbe76dc41b8bcab8ab2d1898bfaef4ec24a4e8c32e09eb0bc7de71,displacement_mean_euclidean_error,evaluable,,120.0,0.0,0.0,True,MOCK DATA / NOT A SCIENTIFIC RESULT,displacement-report-draft-v1,
MOCK_S02,MOCK_G01,0,non_speaking,right_cheek,self,0.0081524412954423,0.0081524412954423,MOCK_S02_non_speaking_right_cheek,2.0,900.0,c87c2d5876bbe76dc41b8bcab8ab2d1898bfaef4ec24a4e8c32e09eb0bc7de71,displacement_mean_euclidean_error,evaluable,,120.0,0.0,0.0,True,MOCK DATA / NOT A SCIENTIFIC RESULT,displacement-report-draft-v1,
MOCK_S02,MOCK_G01,0,non_speaking,right_cheek,full,0.0070343013213572,0.0070343013213572,MOCK_S02_non_speaking_right_cheek,2.0,900.0,c87c2d5876bbe76dc41b8bcab8ab2d1898bfaef4ec24a4e8c32e09eb0bc7de71,displacement_mean_euclidean_error,evaluable,,120.0,105.0,810.0,True,MOCK DATA / NOT A SCIENTIFIC RESULT,displacement-report-draft-v1,
MOCK_S02,MOCK_G01,0,non_speaking,right_cheek,pcmci,0.0085325407773111,0.0085325407773111,MOCK_S02_non_speaking_right_cheek,2.0,900.0,c87c2d5876bbe76dc41b8bcab8ab2d1898bfaef4ec24a4e8c32e09eb0bc7de71,displacement_mean_euclidean_error,evaluable,,120.0,3.0,38.0,True,MOCK DATA / NOT A SCIENTIFIC RESULT,displacement-report-draft-v1,
MOCK_S02,MOCK_G01,0,non_speaking,mouth,persistence,0.0067515145805107,,MOCK_S02_non_speaking_mouth,8.0,900.0,c87c2d5876bbe76dc41b8bcab8ab2d1898bfaef4ec24a4e8c32e09eb0bc7de71,displacement_mean_euclidean_error,evaluable,,480.0,0.0,0.0,True,MOCK DATA / NOT A SCIENTIFIC RESULT,displacement-report-draft-v1,
MOCK_S02,MOCK_G01,0,non_speaking,mouth,self,0.0084524412954423,0.0084524412954423,MOCK_S02_non_speaking_mouth,8.0,900.0,c87c2d5876bbe76dc41b8bcab8ab2d1898bfaef4ec24a4e8c32e09eb0bc7de71,displacement_mean_euclidean_error,evaluable,,480.0,0.0,0.0,True,MOCK DATA / NOT A SCIENTIFIC RESULT,displacement-report-draft-v1,
MOCK_S02,MOCK_G01,0,non_speaking,mouth,full,0.0081828285226044,0.0081828285226044,MOCK_S02_non_speaking_mouth,8.0,900.0,c87c2d5876bbe76dc41b8bcab8ab2d1898bfaef4ec24a4e8c32e09eb0bc7de71,displacement_mean_euclidean_error,evaluable,,480.0,105.0,630.0,True,MOCK DATA / NOT A SCIENTIFIC RESULT,displacement-report-draft-v1,
MOCK_S02,MOCK_G01,0,non_speaking,mouth,pcmci,0.0082970813156021,0.0082970813156021,MOCK_S02_non_speaking_mouth,8.0,900.0,c87c2d5876bbe76dc41b8bcab8ab2d1898bfaef4ec24a4e8c32e09eb0bc7de71,displacement_mean_euclidean_error,evaluable,,480.0,3.0,18.0,True,MOCK DATA / NOT A SCIENTIFIC RESULT,displacement-report-draft-v1,
MOCK_S02,MOCK_G01,0,non_speaking,jaw,persistence,0.0066948725433494,,MOCK_S02_non_speaking_jaw,3.0,900.0,c87c2d5876bbe76dc41b8bcab8ab2d1898bfaef4ec24a4e8c32e09eb0bc7de71,displacement_mean_euclidean_error,evaluable,,180.0,0.0,0.0,True,MOCK DATA / NOT A SCIENTIFIC RESULT,displacement-report-draft-v1,
MOCK_S02,MOCK_G01,0,non_speaking,jaw,self,0.0087524412954423,0.0087524412954423,MOCK_S02_non_speaking_jaw,3.0,900.0,c87c2d5876bbe76dc41b8bcab8ab2d1898bfaef4ec24a4e8c32e09eb0bc7de71,displacement_mean_euclidean_error,evaluable,,180.0,0.0,0.0,True,MOCK DATA / NOT A SCIENTIFIC RESULT,displacement-report-draft-v1,
MOCK_S02,MOCK_G01,0,non_speaking,jaw,full,0.0090735690002707,0.0090735690002707,MOCK_S02_non_speaking_jaw,3.0,900.0,c87c2d5876bbe76dc41b8bcab8ab2d1898bfaef4ec24a4e8c32e09eb0bc7de71,displacement_mean_euclidean_error,evaluable,,180.0,105.0,780.0,True,MOCK DATA / NOT A SCIENTIFIC RESULT,displacement-report-draft-v1,
MOCK_S02,MOCK_G01,0,non_speaking,jaw,pcmci,0.0077907311781602,0.0077907311781602,MOCK_S02_non_speaking_jaw,3.0,900.0,c87c2d5876bbe76dc41b8bcab8ab2d1898bfaef4ec24a4e8c32e09eb0bc7de71,displacement_mean_euclidean_error,evaluable,,180.0,3.0,20.0,True,MOCK DATA / NOT A SCIENTIFIC RESULT,displacement-report-draft-v1,
MOCK_S03,MOCK_G02,0,speaking,left_brow,persistence,0.0063901143557764,,MOCK_S03_speaking_left_brow,3.0,900.0,f8b1a5e55064f63cfba2623fe9afbae3cd4160b61f92caa7c58218d53a6ba043,displacement_mean_euclidean_error,evaluable,,180.0,0.0,0.0,True,MOCK DATA / NOT A SCIENTIFIC RESULT,displacement-report-draft-v1,
MOCK_S03,MOCK_G02,0,speaking,left_brow,self,0.0062727892280477,0.0062727892280477,MOCK_S03_speaking_left_brow,3.0,900.0,f8b1a5e55064f63cfba2623fe9afbae3cd4160b61f92caa7c58218d53a6ba043,displacement_mean_euclidean_error,evaluable,,180.0,0.0,0.0,True,MOCK DATA / NOT A SCIENTIFIC RESULT,displacement-report-draft-v1,
MOCK_S03,MOCK_G02,0,speaking,left_brow,full,0.0065616244054182,0.0065616244054182,MOCK_S03_speaking_left_brow,3.0,900.0,f8b1a5e55064f63cfba2623fe9afbae3cd4160b61f92caa7c58218d53a6ba043,displacement_mean_euclidean_error,evaluable,,180.0,105.0,780.0,True,MOCK DATA / NOT A SCIENTIFIC RESULT,displacement-report-draft-v1,
MOCK_S03,MOCK_G02,0,speaking,left_brow,pcmci,0.0062820461880356,0.0062820461880356,MOCK_S03_speaking_left_brow,3.0,900.0,f8b1a5e55064f63cfba2623fe9afbae3cd4160b61f92caa7c58218d53a6ba043,displacement_mean_euclidean_error,evaluable,,180.0,3.0,20.0,True,MOCK DATA / NOT A SCIENTIFIC RESULT,displacement-report-draft-v1,
MOCK_S03,MOCK_G02,0,speaking,right_brow,persistence,0.0065146329178122,,MOCK_S03_speaking_right_brow,3.0,900.0,f8b1a5e55064f63cfba2623fe9afbae3cd4160b61f92caa7c58218d53a6ba043,displacement_mean_euclidean_error,evaluable,,180.0,0.0,0.0,True,MOCK DATA / NOT A SCIENTIFIC RESULT,displacement-report-draft-v1,
MOCK_S03,MOCK_G02,0,speaking,right_brow,self,0.0065727892280477,0.0065727892280477,MOCK_S03_speaking_right_brow,3.0,900.0,f8b1a5e55064f63cfba2623fe9afbae3cd4160b61f92caa7c58218d53a6ba043,displacement_mean_euclidean_error,evaluable,,180.0,0.0,0.0,True,MOCK DATA / NOT A SCIENTIFIC RESULT,displacement-report-draft-v1,
MOCK_S03,MOCK_G02,0,speaking,right_brow,full,0.0067504359914853,0.0067504359914853,MOCK_S03_speaking_right_brow,3.0,900.0,f8b1a5e55064f63cfba2623fe9afbae3cd4160b61f92caa7c58218d53a6ba043,displacement_mean_euclidean_error,evaluable,,180.0,105.0,780.0,True,MOCK DATA / NOT A SCIENTIFIC RESULT,displacement-report-draft-v1,
MOCK_S03,MOCK_G02,0,speaking,right_brow,pcmci,0.0057690644169826,0.0057690644169826,MOCK_S03_speaking_right_brow,3.0,900.0,f8b1a5e55064f63cfba2623fe9afbae3cd4160b61f92caa7c58218d53a6ba043,displacement_mean_euclidean_error,evaluable,,180.0,3.0,20.0,True,MOCK DATA / NOT A SCIENTIFIC RESULT,displacement-report-draft-v1,
MOCK_S03,MOCK_G02,0,speaking,left_eyelid,persistence,0.0064156289853036,,MOCK_S03_speaking_left_eyelid,4.0,900.0,f8b1a5e55064f63cfba2623fe9afbae3cd4160b61f92caa7c58218d53a6ba043,displacement_mean_euclidean_error,evaluable,,240.0,0.0,0.0,True,MOCK DATA / NOT A SCIENTIFIC RESULT,displacement-report-draft-v1,
MOCK_S03,MOCK_G02,0,speaking,left_eyelid,self,0.0068727892280477,0.0068727892280477,MOCK_S03_speaking_left_eyelid,4.0,900.0,f8b1a5e55064f63cfba2623fe9afbae3cd4160b61f92caa7c58218d53a6ba043,displacement_mean_euclidean_error,evaluable,,240.0,0.0,0.0,True,MOCK DATA / NOT A SCIENTIFIC RESULT,displacement-report-draft-v1,
MOCK_S03,MOCK_G02,0,speaking,left_eyelid,full,0.0062702524989628,0.0062702524989628,MOCK_S03_speaking_left_eyelid,4.0,900.0,f8b1a5e55064f63cfba2623fe9afbae3cd4160b61f92caa7c58218d53a6ba043,displacement_mean_euclidean_error,evaluable,,240.0,105.0,750.0,True,MOCK DATA / NOT A SCIENTIFIC RESULT,displacement-report-draft-v1,
MOCK_S03,MOCK_G02,0,speaking,left_eyelid,pcmci,0.0055812956059373,0.0055812956059373,MOCK_S03_speaking_left_eyelid,4.0,900.0,f8b1a5e55064f63cfba2623fe9afbae3cd4160b61f92caa7c58218d53a6ba043,displacement_mean_euclidean_error,evaluable,,240.0,3.0,20.0,True,MOCK DATA / NOT A SCIENTIFIC RESULT,displacement-report-draft-v1,
MOCK_S03,MOCK_G02,0,speaking,right_eyelid,persistence,0.0065239918307534,,MOCK_S03_speaking_right_eyelid,4.0,900.0,f8b1a5e55064f63cfba2623fe9afbae3cd4160b61f92caa7c58218d53a6ba043,displacement_mean_euclidean_error,evaluable,,240.0,0.0,0.0,True,MOCK DATA / NOT A SCIENTIFIC RESULT,displacement-report-draft-v1,
MOCK_S03,MOCK_G02,0,speaking,right_eyelid,self,0.0071727892280477,0.0071727892280477,MOCK_S03_speaking_right_eyelid,4.0,900.0,f8b1a5e55064f63cfba2623fe9afbae3cd4160b61f92caa7c58218d53a6ba043,displacement_mean_euclidean_error,evaluable,,240.0,0.0,0.0,True,MOCK DATA / NOT A SCIENTIFIC RESULT,displacement-report-draft-v1,
MOCK_S03,MOCK_G02,0,speaking,right_eyelid,full,0.0058383710328754,0.0058383710328754,MOCK_S03_speaking_right_eyelid,4.0,900.0,f8b1a5e55064f63cfba2623fe9afbae3cd4160b61f92caa7c58218d53a6ba043,displacement_mean_euclidean_error,evaluable,,240.0,105.0,750.0,True,MOCK DATA / NOT A SCIENTIFIC RESULT,displacement-report-draft-v1,
MOCK_S03,MOCK_G02,0,speaking,right_eyelid,pcmci,0.0061671921503136,0.0061671921503136,MOCK_S03_speaking_right_eyelid,4.0,900.0,f8b1a5e55064f63cfba2623fe9afbae3cd4160b61f92caa7c58218d53a6ba043,displacement_mean_euclidean_error,evaluable,,240.0,3.0,24.0,True,MOCK DATA / NOT A SCIENTIFIC RESULT,displacement-report-draft-v1,
MOCK_S03,MOCK_G02,0,speaking,left_cheek,persistence,0.0065600553482818,,MOCK_S03_speaking_left_cheek,2.0,900.0,f8b1a5e55064f63cfba2623fe9afbae3cd4160b61f92caa7c58218d53a6ba043,displacement_mean_euclidean_error,evaluable,,120.0,0.0,0.0,True,MOCK DATA / NOT A SCIENTIFIC RESULT,displacement-report-draft-v1,
MOCK_S03,MOCK_G02,0,speaking,left_cheek,self,0.0074727892280477,0.0074727892280477,MOCK_S03_speaking_left_cheek,2.0,900.0,f8b1a5e55064f63cfba2623fe9afbae3cd4160b61f92caa7c58218d53a6ba043,displacement_mean_euclidean_error,evaluable,,120.0,0.0,0.0,True,MOCK DATA / NOT A SCIENTIFIC RESULT,displacement-report-draft-v1,
MOCK_S03,MOCK_G02,0,speaking,left_cheek,full,0.0061276800378995,0.0061276800378995,MOCK_S03_speaking_left_cheek,2.0,900.0,f8b1a5e55064f63cfba2623fe9afbae3cd4160b61f92caa7c58218d53a6ba043,displacement_mean_euclidean_error,evaluable,,120.0,105.0,810.0,True,MOCK DATA / NOT A SCIENTIFIC RESULT,displacement-report-draft-v1,
MOCK_S03,MOCK_G02,0,speaking,left_cheek,pcmci,0.0072639020856914,0.0072639020856914,MOCK_S03_speaking_left_cheek,2.0,900.0,f8b1a5e55064f63cfba2623fe9afbae3cd4160b61f92caa7c58218d53a6ba043,displacement_mean_euclidean_error,evaluable,,120.0,3.0,14.0,True,MOCK DATA / NOT A SCIENTIFIC RESULT,displacement-report-draft-v1,
MOCK_S03,MOCK_G02,0,speaking,right_cheek,persistence,0.0065549052044024,,MOCK_S03_speaking_right_cheek,2.0,900.0,f8b1a5e55064f63cfba2623fe9afbae3cd4160b61f92caa7c58218d53a6ba043,displacement_mean_euclidean_error,evaluable,,120.0,0.0,0.0,True,MOCK DATA / NOT A SCIENTIFIC RESULT,displacement-report-draft-v1,
MOCK_S03,MOCK_G02,0,speaking,right_cheek,self,0.0077727892280477,0.0077727892280477,MOCK_S03_speaking_right_cheek,2.0,900.0,f8b1a5e55064f63cfba2623fe9afbae3cd4160b61f92caa7c58218d53a6ba043,displacement_mean_euclidean_error,evaluable,,120.0,0.0,0.0,True,MOCK DATA / NOT A SCIENTIFIC RESULT,displacement-report-draft-v1,
MOCK_S03,MOCK_G02,0,speaking,right_cheek,full,0.0071480087655119,0.0071480087655119,MOCK_S03_speaking_right_cheek,2.0,900.0,f8b1a5e55064f63cfba2623fe9afbae3cd4160b61f92caa7c58218d53a6ba043,displacement_mean_euclidean_error,evaluable,,120.0,105.0,810.0,True,MOCK DATA / NOT A SCIENTIFIC RESULT,displacement-report-draft-v1,
MOCK_S03,MOCK_G02,0,speaking,right_cheek,pcmci,0.0081389339717005,0.0081389339717005,MOCK_S03_speaking_right_cheek,2.0,900.0,f8b1a5e55064f63cfba2623fe9afbae3cd4160b61f92caa7c58218d53a6ba043,displacement_mean_euclidean_error,evaluable,,120.0,3.0,38.0,True,MOCK DATA / NOT A SCIENTIFIC RESULT,displacement-report-draft-v1,
MOCK_S03,MOCK_G02,0,speaking,mouth,persistence,0.0067162152597276,,MOCK_S03_speaking_mouth,8.0,900.0,f8b1a5e55064f63cfba2623fe9afbae3cd4160b61f92caa7c58218d53a6ba043,displacement_mean_euclidean_error,evaluable,,480.0,0.0,0.0,True,MOCK DATA / NOT A SCIENTIFIC RESULT,displacement-report-draft-v1,
MOCK_S03,MOCK_G02,0,speaking,mouth,self,0.0080727892280477,0.0080727892280477,MOCK_S03_speaking_mouth,8.0,900.0,f8b1a5e55064f63cfba2623fe9afbae3cd4160b61f92caa7c58218d53a6ba043,displacement_mean_euclidean_error,evaluable,,480.0,0.0,0.0,True,MOCK DATA / NOT A SCIENTIFIC RESULT,displacement-report-draft-v1,
MOCK_S03,MOCK_G02,0,speaking,mouth,full,0.0082370903055119,0.0082370903055119,MOCK_S03_speaking_mouth,8.0,900.0,f8b1a5e55064f63cfba2623fe9afbae3cd4160b61f92caa7c58218d53a6ba043,displacement_mean_euclidean_error,evaluable,,480.0,105.0,630.0,True,MOCK DATA / NOT A SCIENTIFIC RESULT,displacement-report-draft-v1,
MOCK_S03,MOCK_G02,0,speaking,mouth,pcmci,0.0082636061442395,0.0082636061442395,MOCK_S03_speaking_mouth,8.0,900.0,f8b1a5e55064f63cfba2623fe9afbae3cd4160b61f92caa7c58218d53a6ba043,displacement_mean_euclidean_error,evaluable,,480.0,3.0,18.0,True,MOCK DATA / NOT A SCIENTIFIC RESULT,displacement-report-draft-v1,
MOCK_S03,MOCK_G02,0,speaking,jaw,persistence,0.0067037576178241,,MOCK_S03_speaking_jaw,3.0,900.0,f8b1a5e55064f63cfba2623fe9afbae3cd4160b61f92caa7c58218d53a6ba043,displacement_mean_euclidean_error,evaluable,,180.0,0.0,0.0,True,MOCK DATA / NOT A SCIENTIFIC RESULT,displacement-report-draft-v1,
MOCK_S03,MOCK_G02,0,speaking,jaw,self,0.0083727892280477,0.0083727892280477,MOCK_S03_speaking_jaw,3.0,900.0,f8b1a5e55064f63cfba2623fe9afbae3cd4160b61f92caa7c58218d53a6ba043,displacement_mean_euclidean_error,evaluable,,180.0,0.0,0.0,True,MOCK DATA / NOT A SCIENTIFIC RESULT,displacement-report-draft-v1,
MOCK_S03,MOCK_G02,0,speaking,jaw,full,0.0086694467290595,0.0086694467290595,MOCK_S03_speaking_jaw,3.0,900.0,f8b1a5e55064f63cfba2623fe9afbae3cd4160b61f92caa7c58218d53a6ba043,displacement_mean_euclidean_error,evaluable,,180.0,105.0,780.0,True,MOCK DATA / NOT A SCIENTIFIC RESULT,displacement-report-draft-v1,
MOCK_S03,MOCK_G02,0,speaking,jaw,pcmci,0.0077991141993103,0.0077991141993103,MOCK_S03_speaking_jaw,3.0,900.0,f8b1a5e55064f63cfba2623fe9afbae3cd4160b61f92caa7c58218d53a6ba043,displacement_mean_euclidean_error,evaluable,,180.0,3.0,20.0,True,MOCK DATA / NOT A SCIENTIFIC RESULT,displacement-report-draft-v1,
MOCK_S03,MOCK_G02,0,non_speaking,left_brow,persistence,0.0063707766445719,,MOCK_S03_non_speaking_left_brow,3.0,900.0,fbefdf81dc949c4d5bd8efb75f5a6e2a699a76c3414834547b23e270bf621e1a,displacement_mean_euclidean_error,evaluable,,180.0,0.0,0.0,True,MOCK DATA / NOT A SCIENTIFIC RESULT,displacement-report-draft-v1,
MOCK_S03,MOCK_G02,0,non_speaking,left_brow,self,0.0066727892280477,0.0066727892280477,MOCK_S03_non_speaking_left_brow,3.0,900.0,fbefdf81dc949c4d5bd8efb75f5a6e2a699a76c3414834547b23e270bf621e1a,displacement_mean_euclidean_error,evaluable,,180.0,0.0,0.0,True,MOCK DATA / NOT A SCIENTIFIC RESULT,displacement-report-draft-v1,
MOCK_S03,MOCK_G02,0,non_speaking,left_brow,full,0.0069616244054182,0.0069616244054182,MOCK_S03_non_speaking_left_brow,3.0,900.0,fbefdf81dc949c4d5bd8efb75f5a6e2a699a76c3414834547b23e270bf621e1a,displacement_mean_euclidean_error,evaluable,,180.0,105.0,780.0,True,MOCK DATA / NOT A SCIENTIFIC RESULT,displacement-report-draft-v1,
MOCK_S03,MOCK_G02,0,non_speaking,left_brow,pcmci,0.0058690644169826,0.0058690644169826,MOCK_S03_non_speaking_left_brow,3.0,900.0,fbefdf81dc949c4d5bd8efb75f5a6e2a699a76c3414834547b23e270bf621e1a,displacement_mean_euclidean_error,evaluable,,180.0,3.0,20.0,True,MOCK DATA / NOT A SCIENTIFIC RESULT,displacement-report-draft-v1,
MOCK_S03,MOCK_G02,0,non_speaking,right_brow,persistence,0.0065152033620895,,MOCK_S03_non_speaking_right_brow,3.0,900.0,fbefdf81dc949c4d5bd8efb75f5a6e2a699a76c3414834547b23e270bf621e1a,displacement_mean_euclidean_error,evaluable,,180.0,0.0,0.0,True,MOCK DATA / NOT A SCIENTIFIC RESULT,displacement-report-draft-v1,
MOCK_S03,MOCK_G02,0,non_speaking,right_brow,self,0.0069727892280477,0.0069727892280477,MOCK_S03_non_speaking_right_brow,3.0,900.0,fbefdf81dc949c4d5bd8efb75f5a6e2a699a76c3414834547b23e270bf621e1a,displacement_mean_euclidean_error,evaluable,,180.0,0.0,0.0,True,MOCK DATA / NOT A SCIENTIFIC RESULT,displacement-report-draft-v1,
MOCK_S03,MOCK_G02,0,non_speaking,right_brow,full,0.0071504359914853,0.0071504359914853,MOCK_S03_non_speaking_right_brow,3.0,900.0,fbefdf81dc949c4d5bd8efb75f5a6e2a699a76c3414834547b23e270bf621e1a,displacement_mean_euclidean_error,evaluable,,180.0,105.0,780.0,True,MOCK DATA / NOT A SCIENTIFIC RESULT,displacement-report-draft-v1,
MOCK_S03,MOCK_G02,0,non_speaking,right_brow,pcmci,0.0056812956059373,0.0056812956059373,MOCK_S03_non_speaking_right_brow,3.0,900.0,fbefdf81dc949c4d5bd8efb75f5a6e2a699a76c3414834547b23e270bf621e1a,displacement_mean_euclidean_error,evaluable,,180.0,3.0,20.0,True,MOCK DATA / NOT A SCIENTIFIC RESULT,displacement-report-draft-v1,
MOCK_S03,MOCK_G02,0,non_speaking,left_eyelid,persistence,0.0065147051485558,,MOCK_S03_non_speaking_left_eyelid,4.0,900.0,fbefdf81dc949c4d5bd8efb75f5a6e2a699a76c3414834547b23e270bf621e1a,displacement_mean_euclidean_error,evaluable,,240.0,0.0,0.0,True,MOCK DATA / NOT A SCIENTIFIC RESULT,displacement-report-draft-v1,
MOCK_S03,MOCK_G02,0,non_speaking,left_eyelid,self,0.0072727892280477,0.0072727892280477,MOCK_S03_non_speaking_left_eyelid,4.0,900.0,fbefdf81dc949c4d5bd8efb75f5a6e2a699a76c3414834547b23e270bf621e1a,displacement_mean_euclidean_error,evaluable,,240.0,0.0,0.0,True,MOCK DATA / NOT A SCIENTIFIC RESULT,displacement-report-draft-v1,
MOCK_S03,MOCK_G02,0,non_speaking,left_eyelid,full,0.0066702524989628,0.0066702524989628,MOCK_S03_non_speaking_left_eyelid,4.0,900.0,fbefdf81dc949c4d5bd8efb75f5a6e2a699a76c3414834547b23e270bf621e1a,displacement_mean_euclidean_error,evaluable,,240.0,105.0,750.0,True,MOCK DATA / NOT A SCIENTIFIC RESULT,displacement-report-draft-v1,
MOCK_S03,MOCK_G02,0,non_speaking,left_eyelid,pcmci,0.0062671921503136,0.0062671921503136,MOCK_S03_non_speaking_left_eyelid,4.0,900.0,fbefdf81dc949c4d5bd8efb75f5a6e2a699a76c3414834547b23e270bf621e1a,displacement_mean_euclidean_error,evaluable,,240.0,3.0,20.0,True,MOCK DATA / NOT A SCIENTIFIC RESULT,displacement-report-draft-v1,
MOCK_S03,MOCK_G02,0,non_speaking,right_eyelid,persistence,0.0066240339066187,,MOCK_S03_non_speaking_right_eyelid,4.0,900.0,fbefdf81dc949c4d5bd8efb75f5a6e2a699a76c3414834547b23e270bf621e1a,displacement_mean_euclidean_error,evaluable,,240.0,0.0,0.0,True,MOCK DATA / NOT A SCIENTIFIC RESULT,displacement-report-draft-v1,
MOCK_S03,MOCK_G02,0,non_speaking,right_eyelid,self,0.0075727892280477,0.0075727892280477,MOCK_S03_non_speaking_right_eyelid,4.0,900.0,fbefdf81dc949c4d5bd8efb75f5a6e2a699a76c3414834547b23e270bf621e1a,displacement_mean_euclidean_error,evaluable,,240.0,0.0,0.0,True,MOCK DATA / NOT A SCIENTIFIC RESULT,displacement-report-draft-v1,
MOCK_S03,MOCK_G02,0,non_speaking,right_eyelid,full,0.0062383710328754,0.0062383710328754,MOCK_S03_non_speaking_right_eyelid,4.0,900.0,fbefdf81dc949c4d5bd8efb75f5a6e2a699a76c3414834547b23e270bf621e1a,displacement_mean_euclidean_error,evaluable,,240.0,105.0,750.0,True,MOCK DATA / NOT A SCIENTIFIC RESULT,displacement-report-draft-v1,
MOCK_S03,MOCK_G02,0,non_speaking,right_eyelid,pcmci,0.0073639020856914,0.0073639020856914,MOCK_S03_non_speaking_right_eyelid,4.0,900.0,fbefdf81dc949c4d5bd8efb75f5a6e2a699a76c3414834547b23e270bf621e1a,displacement_mean_euclidean_error,evaluable,,240.0,3.0,24.0,True,MOCK DATA / NOT A SCIENTIFIC RESULT,displacement-report-draft-v1,
MOCK_S03,MOCK_G02,0,non_speaking,left_cheek,persistence,0.0066451893375056,,MOCK_S03_non_speaking_left_cheek,2.0,900.0,fbefdf81dc949c4d5bd8efb75f5a6e2a699a76c3414834547b23e270bf621e1a,displacement_mean_euclidean_error,evaluable,,120.0,0.0,0.0,True,MOCK DATA / NOT A SCIENTIFIC RESULT,displacement-report-draft-v1,
MOCK_S03,MOCK_G02,0,non_speaking,left_cheek,self,0.0078727892280477,0.0078727892280477,MOCK_S03_non_speaking_left_cheek,2.0,900.0,fbefdf81dc949c4d5bd8efb75f5a6e2a699a76c3414834547b23e270bf621e1a,displacement_mean_euclidean_error,evaluable,,120.0,0.0,0.0,True,MOCK DATA / NOT A SCIENTIFIC RESULT,displacement-report-draft-v1,
MOCK_S03,MOCK_G02,0,non_speaking,left_cheek,full,0.0065276800378995,0.0065276800378995,MOCK_S03_non_speaking_left_cheek,2.0,900.0,fbefdf81dc949c4d5bd8efb75f5a6e2a699a76c3414834547b23e270bf621e1a,displacement_mean_euclidean_error,evaluable,,120.0,105.0,810.0,True,MOCK DATA / NOT A SCIENTIFIC RESULT,displacement-report-draft-v1,
MOCK_S03,MOCK_G02,0,non_speaking,left_cheek,pcmci,0.0082389339717005,0.0082389339717005,MOCK_S03_non_speaking_left_cheek,2.0,900.0,fbefdf81dc949c4d5bd8efb75f5a6e2a699a76c3414834547b23e270bf621e1a,displacement_mean_euclidean_error,evaluable,,120.0,3.0,14.0,True,MOCK DATA / NOT A SCIENTIFIC RESULT,displacement-report-draft-v1,
MOCK_S03,MOCK_G02,0,non_speaking,right_cheek,persistence,0.0067062382427953,,MOCK_S03_non_speaking_right_cheek,2.0,900.0,fbefdf81dc949c4d5bd8efb75f5a6e2a699a76c3414834547b23e270bf621e1a,displacement_mean_euclidean_error,evaluable,,120.0,0.0,0.0,True,MOCK DATA / NOT A SCIENTIFIC RESULT,displacement-report-draft-v1,
MOCK_S03,MOCK_G02,0,non_speaking,right_cheek,self,0.0081727892280477,0.0081727892280477,MOCK_S03_non_speaking_right_cheek,2.0,900.0,fbefdf81dc949c4d5bd8efb75f5a6e2a699a76c3414834547b23e270bf621e1a,displacement_mean_euclidean_error,evaluable,,120.0,0.0,0.0,True,MOCK DATA / NOT A SCIENTIFIC RESULT,displacement-report-draft-v1,
MOCK_S03,MOCK_G02,0,non_speaking,right_cheek,full,0.0075480087655119,0.0075480087655119,MOCK_S03_non_speaking_right_cheek,2.0,900.0,fbefdf81dc949c4d5bd8efb75f5a6e2a699a76c3414834547b23e270bf621e1a,displacement_mean_euclidean_error,evaluable,,120.0,105.0,810.0,True,MOCK DATA / NOT A SCIENTIFIC RESULT,displacement-report-draft-v1,
MOCK_S03,MOCK_G02,0,non_speaking,right_cheek,pcmci,0.0083636061442395,0.0083636061442395,MOCK_S03_non_speaking_right_cheek,2.0,900.0,fbefdf81dc949c4d5bd8efb75f5a6e2a699a76c3414834547b23e270bf621e1a,displacement_mean_euclidean_error,evaluable,,120.0,3.0,38.0,True,MOCK DATA / NOT A SCIENTIFIC RESULT,displacement-report-draft-v1,
MOCK_S03,MOCK_G02,0,non_speaking,mouth,persistence,0.0066888114494029,,MOCK_S03_non_speaking_mouth,8.0,900.0,fbefdf81dc949c4d5bd8efb75f5a6e2a699a76c3414834547b23e270bf621e1a,displacement_mean_euclidean_error,evaluable,,480.0,0.0,0.0,True,MOCK DATA / NOT A SCIENTIFIC RESULT,displacement-report-draft-v1,
MOCK_S03,MOCK_G02,0,non_speaking,mouth,self,0.0084727892280477,0.0084727892280477,MOCK_S03_non_speaking_mouth,8.0,900.0,fbefdf81dc949c4d5bd8efb75f5a6e2a699a76c3414834547b23e270bf621e1a,displacement_mean_euclidean_error,evaluable,,480.0,0.0,0.0,True,MOCK DATA / NOT A SCIENTIFIC RESULT,displacement-report-draft-v1,
MOCK_S03,MOCK_G02,0,non_speaking,mouth,full,0.0086370903055119,0.0086370903055119,MOCK_S03_non_speaking_mouth,8.0,900.0,fbefdf81dc949c4d5bd8efb75f5a6e2a699a76c3414834547b23e270bf621e1a,displacement_mean_euclidean_error,evaluable,,480.0,105.0,630.0,True,MOCK DATA / NOT A SCIENTIFIC RESULT,displacement-report-draft-v1,
MOCK_S03,MOCK_G02,0,non_speaking,mouth,pcmci,0.0078991141993103,0.0078991141993103,MOCK_S03_non_speaking_mouth,8.0,900.0,fbefdf81dc949c4d5bd8efb75f5a6e2a699a76c3414834547b23e270bf621e1a,displacement_mean_euclidean_error,evaluable,,480.0,3.0,18.0,True,MOCK DATA / NOT A SCIENTIFIC RESULT,displacement-report-draft-v1,
MOCK_S03,MOCK_G02,0,non_speaking,jaw,persistence,0.0067882589952982,,MOCK_S03_non_speaking_jaw,3.0,900.0,fbefdf81dc949c4d5bd8efb75f5a6e2a699a76c3414834547b23e270bf621e1a,displacement_mean_euclidean_error,evaluable,,180.0,0.0,0.0,True,MOCK DATA / NOT A SCIENTIFIC RESULT,displacement-report-draft-v1,
MOCK_S03,MOCK_G02,0,non_speaking,jaw,self,0.0087727892280477,0.0087727892280477,MOCK_S03_non_speaking_jaw,3.0,900.0,fbefdf81dc949c4d5bd8efb75f5a6e2a699a76c3414834547b23e270bf621e1a,displacement_mean_euclidean_error,evaluable,,180.0,0.0,0.0,True,MOCK DATA / NOT A SCIENTIFIC RESULT,displacement-report-draft-v1,
MOCK_S03,MOCK_G02,0,non_speaking,jaw,full,0.0090694467290594,0.0090694467290594,MOCK_S03_non_speaking_jaw,3.0,900.0,fbefdf81dc949c4d5bd8efb75f5a6e2a699a76c3414834547b23e270bf621e1a,displacement_mean_euclidean_error,evaluable,,180.0,105.0,780.0,True,MOCK DATA / NOT A SCIENTIFIC RESULT,displacement-report-draft-v1,
MOCK_S03,MOCK_G02,0,non_speaking,jaw,pcmci,0.0075483285054457,0.0075483285054457,MOCK_S03_non_speaking_jaw,3.0,900.0,fbefdf81dc949c4d5bd8efb75f5a6e2a699a76c3414834547b23e270bf621e1a,displacement_mean_euclidean_error,evaluable,,180.0,3.0,20.0,True,MOCK DATA / NOT A SCIENTIFIC RESULT,displacement-report-draft-v1,
MOCK_S04,MOCK_G02,0,speaking,left_brow,persistence,0.0063434731780455,,MOCK_S04_speaking_left_brow,3.0,900.0,23d74b700c8f702f8ca873513c591264229fe585cac59e4fdea79a519c900fa6,displacement_mean_euclidean_error,evaluable,,180.0,0.0,0.0,True,MOCK DATA / NOT A SCIENTIFIC RESULT,displacement-report-draft-v1,
MOCK_S04,MOCK_G02,0,speaking,left_brow,self,0.0060423360024179,0.0060423360024179,MOCK_S04_speaking_left_brow,3.0,900.0,23d74b700c8f702f8ca873513c591264229fe585cac59e4fdea79a519c900fa6,displacement_mean_euclidean_error,evaluable,,180.0,0.0,0.0,True,MOCK DATA / NOT A SCIENTIFIC RESULT,displacement-report-draft-v1,
MOCK_S04,MOCK_G02,0,speaking,left_brow,full,0.0063687988702083,0.0063687988702083,MOCK_S04_speaking_left_brow,3.0,900.0,23d74b700c8f702f8ca873513c591264229fe585cac59e4fdea79a519c900fa6,displacement_mean_euclidean_error,evaluable,,180.0,105.0,780.0,True,MOCK DATA / NOT A SCIENTIFIC RESULT,displacement-report-draft-v1,
MOCK_S04,MOCK_G02,0,speaking,left_brow,pcmci,0.0056524626238355,0.0056524626238355,MOCK_S04_speaking_left_brow,3.0,900.0,23d74b700c8f702f8ca873513c591264229fe585cac59e4fdea79a519c900fa6,displacement_mean_euclidean_error,evaluable,,180.0,3.0,20.0,True,MOCK DATA / NOT A SCIENTIFIC RESULT,displacement-report-draft-v1,
MOCK_S04,MOCK_G02,0,speaking,right_brow,persistence,0.0065057095493836,,MOCK_S04_speaking_right_brow,3.0,900.0,23d74b700c8f702f8ca873513c591264229fe585cac59e4fdea79a519c900fa6,displacement_mean_euclidean_error,evaluable,,180.0,0.0,0.0,True,MOCK DATA / NOT A SCIENTIFIC RESULT,displacement-report-draft-v1,
MOCK_S04,MOCK_G02,0,speaking,right_brow,self,0.0063423360024179,0.0063423360024179,MOCK_S04_speaking_right_brow,3.0,900.0,23d74b700c8f702f8ca873513c591264229fe585cac59e4fdea79a519c900fa6,displacement_mean_euclidean_error,evaluable,,180.0,0.0,0.0,True,MOCK DATA / NOT A SCIENTIFIC RESULT,displacement-report-draft-v1,
MOCK_S04,MOCK_G02,0,speaking,right_brow,full,0.0060938253375582,0.0060938253375582,MOCK_S04_speaking_right_brow,3.0,900.0,23d74b700c8f702f8ca873513c591264229fe585cac59e4fdea79a519c900fa6,displacement_mean_euclidean_error,evaluable,,180.0,105.0,780.0,True,MOCK DATA / NOT A SCIENTIFIC RESULT,displacement-report-draft-v1,
MOCK_S04,MOCK_G02,0,speaking,right_brow,pcmci,0.005211363929203,0.005211363929203,MOCK_S04_speaking_right_brow,3.0,900.0,23d74b700c8f702f8ca873513c591264229fe585cac59e4fdea79a519c900fa6,displacement_mean_euclidean_error,evaluable,,180.0,3.0,20.0,True,MOCK DATA / NOT A SCIENTIFIC RESULT,displacement-report-draft-v1,
MOCK_S04,MOCK_G02,0,speaking,left_eyelid,persistence,0.0065346573493058,,MOCK_S04_speaking_left_eyelid,4.0,900.0,23d74b700c8f702f8ca873513c591264229fe585cac59e4fdea79a519c900fa6,displacement_mean_euclidean_error,evaluable,,240.0,0.0,0.0,True,MOCK DATA / NOT A SCIENTIFIC RESULT,displacement-report-draft-v1,
MOCK_S04,MOCK_G02,0,speaking,left_eyelid,self,0.0066423360024179,0.0066423360024179,MOCK_S04_speaking_left_eyelid,4.0,900.0,23d74b700c8f702f8ca873513c591264229fe585cac59e4fdea79a519c900fa6,displacement_mean_euclidean_error,evaluable,,240.0,0.0,0.0,True,MOCK DATA / NOT A SCIENTIFIC RESULT,displacement-report-draft-v1,
MOCK_S04,MOCK_G02,0,speaking,left_eyelid,full,0.0055416639005695,0.0055416639005695,MOCK_S04_speaking_left_eyelid,4.0,900.0,23d74b700c8f702f8ca873513c591264229fe585cac59e4fdea79a519c900fa6,displacement_mean_euclidean_error,evaluable,,240.0,105.0,750.0,True,MOCK DATA / NOT A SCIENTIFIC RESULT,displacement-report-draft-v1,
MOCK_S04,MOCK_G02,0,speaking,left_eyelid,pcmci,0.0053963478182207,0.0053963478182207,MOCK_S04_speaking_left_eyelid,4.0,900.0,23d74b700c8f702f8ca873513c591264229fe585cac59e4fdea79a519c900fa6,displacement_mean_euclidean_error,evaluable,,240.0,3.0,20.0,True,MOCK DATA / NOT A SCIENTIFIC RESULT,displacement-report-draft-v1,
MOCK_S04,MOCK_G02,0,speaking,right_eyelid,persistence,0.0065435964667347,,MOCK_S04_speaking_right_eyelid,4.0,900.0,23d74b700c8f702f8ca873513c591264229fe585cac59e4fdea79a519c900fa6,displacement_mean_euclidean_error,evaluable,,240.0,0.0,0.0,True,MOCK DATA / NOT A SCIENTIFIC RESULT,displacement-report-draft-v1,
MOCK_S04,MOCK_G02,0,speaking,right_eyelid,self,0.0069423360024179,0.0069423360024179,MOCK_S04_speaking_right_eyelid,4.0,900.0,23d74b700c8f702f8ca873513c591264229fe585cac59e4fdea79a519c900fa6,displacement_mean_euclidean_error,evaluable,,240.0,0.0,0.0,True,MOCK DATA / NOT A SCIENTIFIC RESULT,displacement-report-draft-v1,
MOCK_S04,MOCK_G02,0,speaking,right_eyelid,full,0.0054957878544657,0.0054957878544657,MOCK_S04_speaking_right_eyelid,4.0,900.0,23d74b700c8f702f8ca873513c591264229fe585cac59e4fdea79a519c900fa6,displacement_mean_euclidean_error,evaluable,,240.0,105.0,750.0,True,MOCK DATA / NOT A SCIENTIFIC RESULT,displacement-report-draft-v1,
MOCK_S04,MOCK_G02,0,speaking,right_eyelid,pcmci,0.0063131595729017,0.0063131595729017,MOCK_S04_speaking_right_eyelid,4.0,900.0,23d74b700c8f702f8ca873513c591264229fe585cac59e4fdea79a519c900fa6,displacement_mean_euclidean_error,evaluable,,240.0,3.0,24.0,True,MOCK DATA / NOT A SCIENTIFIC RESULT,displacement-report-draft-v1,
MOCK_S04,MOCK_G02,0,speaking,left_cheek,persistence,0.0065036588902441,,MOCK_S04_speaking_left_cheek,2.0,900.0,23d74b700c8f702f8ca873513c591264229fe585cac59e4fdea79a519c900fa6,displacement_mean_euclidean_error,evaluable,,120.0,0.0,0.0,True,MOCK DATA / NOT A SCIENTIFIC RESULT,displacement-report-draft-v1,
MOCK_S04,MOCK_G02,0,speaking,left_cheek,self,0.0072423360024179,0.0072423360024179,MOCK_S04_speaking_left_cheek,2.0,900.0,23d74b700c8f702f8ca873513c591264229fe585cac59e4fdea79a519c900fa6,displacement_mean_euclidean_error,evaluable,,120.0,0.0,0.0,True,MOCK DATA / NOT A SCIENTIFIC RESULT,displacement-report-draft-v1,
MOCK_S04,MOCK_G02,0,speaking,left_cheek,full,0.0062741940409455,0.0062741940409455,MOCK_S04_speaking_left_cheek,2.0,900.0,23d74b700c8f702f8ca873513c591264229fe585cac59e4fdea79a519c900fa6,displacement_mean_euclidean_error,evaluable,,120.0,105.0,810.0,True,MOCK DATA / NOT A SCIENTIFIC RESULT,displacement-report-draft-v1,
MOCK_S04,MOCK_G02,0,speaking,left_cheek,pcmci,0.0073947053105655,0.0073947053105655,MOCK_S04_speaking_left_cheek,2.0,900.0,23d74b700c8f702f8ca873513c591264229fe585cac59e4fdea79a519c900fa6,displacement_mean_euclidean_error,evaluable,,120.0,3.0,14.0,True,MOCK DATA / NOT A SCIENTIFIC RESULT,displacement-report-draft-v1,
MOCK_S04,MOCK_G02,0,speaking,right_cheek,persistence,0.0066481714887533,,MOCK_S04_speaking_right_cheek,2.0,900.0,23d74b700c8f702f8ca873513c591264229fe585cac59e4fdea79a519c900fa6,displacement_mean_euclidean_error,evaluable,,120.0,0.0,0.0,True,MOCK DATA / NOT A SCIENTIFIC RESULT,displacement-report-draft-v1,
MOCK_S04,MOCK_G02,0,speaking,right_cheek,self,0.0075423360024179,0.0075423360024179,MOCK_S04_speaking_right_cheek,2.0,900.0,23d74b700c8f702f8ca873513c591264229fe585cac59e4fdea79a519c900fa6,displacement_mean_euclidean_error,evaluable,,120.0,0.0,0.0,True,MOCK DATA / NOT A SCIENTIFIC RESULT,displacement-report-draft-v1,
MOCK_S04,MOCK_G02,0,speaking,right_cheek,full,0.0074370380184427,0.0074370380184427,MOCK_S04_speaking_right_cheek,2.0,900.0,23d74b700c8f702f8ca873513c591264229fe585cac59e4fdea79a519c900fa6,displacement_mean_euclidean_error,evaluable,,120.0,105.0,810.0,True,MOCK DATA / NOT A SCIENTIFIC RESULT,displacement-report-draft-v1,
MOCK_S04,MOCK_G02,0,speaking,right_cheek,pcmci,0.0079224354842867,0.0079224354842867,MOCK_S04_speaking_right_cheek,2.0,900.0,23d74b700c8f702f8ca873513c591264229fe585cac59e4fdea79a519c900fa6,displacement_mean_euclidean_error,evaluable,,120.0,3.0,38.0,True,MOCK DATA / NOT A SCIENTIFIC RESULT,displacement-report-draft-v1,
MOCK_S04,MOCK_G02,0,speaking,mouth,persistence,0.0066568924366696,,MOCK_S04_speaking_mouth,8.0,900.0,23d74b700c8f702f8ca873513c591264229fe585cac59e4fdea79a519c900fa6,displacement_mean_euclidean_error,evaluable,,480.0,0.0,0.0,True,MOCK DATA / NOT A SCIENTIFIC RESULT,displacement-report-draft-v1,
MOCK_S04,MOCK_G02,0,speaking,mouth,self,0.0078423360024179,0.0078423360024179,MOCK_S04_speaking_mouth,8.0,900.0,23d74b700c8f702f8ca873513c591264229fe585cac59e4fdea79a519c900fa6,displacement_mean_euclidean_error,evaluable,,480.0,0.0,0.0,True,MOCK DATA / NOT A SCIENTIFIC RESULT,displacement-report-draft-v1,
MOCK_S04,MOCK_G02,0,speaking,mouth,full,0.0081910250132551,0.0081910250132551,MOCK_S04_speaking_mouth,8.0,900.0,23d74b700c8f702f8ca873513c591264229fe585cac59e4fdea79a519c900fa6,displacement_mean_euclidean_error,evaluable,,480.0,105.0,630.0,True,MOCK DATA / NOT A SCIENTIFIC RESULT,displacement-report-draft-v1,
MOCK_S04,MOCK_G02,0,speaking,mouth,pcmci,0.0076869760225777,0.0076869760225777,MOCK_S04_speaking_mouth,8.0,900.0,23d74b700c8f702f8ca873513c591264229fe585cac59e4fdea79a519c900fa6,displacement_mean_euclidean_error,evaluable,,480.0,3.0,18.0,True,MOCK DATA / NOT A SCIENTIFIC RESULT,displacement-report-draft-v1,
MOCK_S04,MOCK_G02,0,speaking,jaw,persistence,0.0067590977178728,,MOCK_S04_speaking_jaw,3.0,900.0,23d74b700c8f702f8ca873513c591264229fe585cac59e4fdea79a519c900fa6,displacement_mean_euclidean_error,evaluable,,180.0,0.0,0.0,True,MOCK DATA / NOT A SCIENTIFIC RESULT,displacement-report-draft-v1,
MOCK_S04,MOCK_G02,0,speaking,jaw,self,0.0081423360024179,0.0081423360024179,MOCK_S04_speaking_jaw,3.0,900.0,23d74b700c8f702f8ca873513c591264229fe585cac59e4fdea79a519c900fa6,displacement_mean_euclidean_error,evaluable,,180.0,0.0,0.0,True,MOCK DATA / NOT A SCIENTIFIC RESULT,displacement-report-draft-v1,
MOCK_S04,MOCK_G02,0,speaking,jaw,full,0.0081187614760205,0.0081187614760205,MOCK_S04_speaking_jaw,3.0,900.0,23d74b700c8f702f8ca873513c591264229fe585cac59e4fdea79a519c900fa6,displacement_mean_euclidean_error,evaluable,,180.0,105.0,780.0,True,MOCK DATA / NOT A SCIENTIFIC RESULT,displacement-report-draft-v1,
MOCK_S04,MOCK_G02,0,speaking,jaw,pcmci,0.0071806258851358,0.0071806258851358,MOCK_S04_speaking_jaw,3.0,900.0,23d74b700c8f702f8ca873513c591264229fe585cac59e4fdea79a519c900fa6,displacement_mean_euclidean_error,evaluable,,180.0,3.0,20.0,True,MOCK DATA / NOT A SCIENTIFIC RESULT,displacement-report-draft-v1,
MOCK_S04,MOCK_G02,0,non_speaking,left_brow,persistence,0.006376791781497,,MOCK_S04_non_speaking_left_brow,3.0,900.0,625b9a78b8694b3b32bf7582f0f39fbe44098c736c6d5e9b64873e89be21cab6,displacement_mean_euclidean_error,evaluable,,180.0,0.0,0.0,True,MOCK DATA / NOT A SCIENTIFIC RESULT,displacement-report-draft-v1,
MOCK_S04,MOCK_G02,0,non_speaking,left_brow,self,0.0064423360024179,0.0064423360024179,MOCK_S04_non_speaking_left_brow,3.0,900.0,625b9a78b8694b3b32bf7582f0f39fbe44098c736c6d5e9b64873e89be21cab6,displacement_mean_euclidean_error,evaluable,,180.0,0.0,0.0,True,MOCK DATA / NOT A SCIENTIFIC RESULT,displacement-report-draft-v1,
MOCK_S04,MOCK_G02,0,non_speaking,left_brow,full,0.0067687988702083,0.0067687988702083,MOCK_S04_non_speaking_left_brow,3.0,900.0,625b9a78b8694b3b32bf7582f0f39fbe44098c736c6d5e9b64873e89be21cab6,displacement_mean_euclidean_error,evaluable,,180.0,105.0,780.0,True,MOCK DATA / NOT A SCIENTIFIC RESULT,displacement-report-draft-v1,
MOCK_S04,MOCK_G02,0,non_speaking,left_brow,pcmci,0.005311363929203,0.005311363929203,MOCK_S04_non_speaking_left_brow,3.0,900.0,625b9a78b8694b3b32bf7582f0f39fbe44098c736c6d5e9b64873e89be21cab6,displacement_mean_euclidean_error,evaluable,,180.0,3.0,20.0,True,MOCK DATA / NOT A SCIENTIFIC RESULT,displacement-report-draft-v1,
MOCK_S04,MOCK_G02,0,non_speaking,right_brow,persistence,0.0065762851245261,,MOCK_S04_non_speaking_right_brow,3.0,900.0,625b9a78b8694b3b32bf7582f0f39fbe44098c736c6d5e9b64873e89be21cab6,displacement_mean_euclidean_error,evaluable,,180.0,0.0,0.0,True,MOCK DATA / NOT A SCIENTIFIC RESULT,displacement-report-draft-v1,
MOCK_S04,MOCK_G02,0,non_speaking,right_brow,self,0.0067423360024179,0.0067423360024179,MOCK_S04_non_speaking_right_brow,3.0,900.0,625b9a78b8694b3b32bf7582f0f39fbe44098c736c6d5e9b64873e89be21cab6,displacement_mean_euclidean_error,evaluable,,180.0,0.0,0.0,True,MOCK DATA / NOT A SCIENTIFIC RESULT,displacement-report-draft-v1,
MOCK_S04,MOCK_G02,0,non_speaking,right_brow,full,0.0064938253375582,0.0064938253375582,MOCK_S04_non_speaking_right_brow,3.0,900.0,625b9a78b8694b3b32bf7582f0f39fbe44098c736c6d5e9b64873e89be21cab6,displacement_mean_euclidean_error,evaluable,,180.0,105.0,780.0,True,MOCK DATA / NOT A SCIENTIFIC RESULT,displacement-report-draft-v1,
MOCK_S04,MOCK_G02,0,non_speaking,right_brow,pcmci,0.0054963478182207,0.0054963478182207,MOCK_S04_non_speaking_right_brow,3.0,900.0,625b9a78b8694b3b32bf7582f0f39fbe44098c736c6d5e9b64873e89be21cab6,displacement_mean_euclidean_error,evaluable,,180.0,3.0,20.0,True,MOCK DATA / NOT A SCIENTIFIC RESULT,displacement-report-draft-v1,
MOCK_S04,MOCK_G02,0,non_speaking,left_eyelid,persistence,0.0065128268271958,,MOCK_S04_non_speaking_left_eyelid,4.0,900.0,625b9a78b8694b3b32bf7582f0f39fbe44098c736c6d5e9b64873e89be21cab6,displacement_mean_euclidean_error,evaluable,,240.0,0.0,0.0,True,MOCK DATA / NOT A SCIENTIFIC RESULT,displacement-report-draft-v1,
MOCK_S04,MOCK_G02,0,non_speaking,left_eyelid,self,0.0070423360024179,0.0070423360024179,MOCK_S04_non_speaking_left_eyelid,4.0,900.0,625b9a78b8694b3b32bf7582f0f39fbe44098c736c6d5e9b64873e89be21cab6,displacement_mean_euclidean_error,evaluable,,240.0,0.0,0.0,True,MOCK DATA / NOT A SCIENTIFIC RESULT,displacement-report-draft-v1,
MOCK_S04,MOCK_G02,0,non_speaking,left_eyelid,full,0.0059416639005695,0.0059416639005695,MOCK_S04_non_speaking_left_eyelid,4.0,900.0,625b9a78b8694b3b32bf7582f0f39fbe44098c736c6d5e9b64873e89be21cab6,displacement_mean_euclidean_error,evaluable,,240.0,105.0,750.0,True,MOCK DATA / NOT A SCIENTIFIC RESULT,displacement-report-draft-v1,
MOCK_S04,MOCK_G02,0,non_speaking,left_eyelid,pcmci,0.0064131595729017,0.0064131595729017,MOCK_S04_non_speaking_left_eyelid,4.0,900.0,625b9a78b8694b3b32bf7582f0f39fbe44098c736c6d5e9b64873e89be21cab6,displacement_mean_euclidean_error,evaluable,,240.0,3.0,20.0,True,MOCK DATA / NOT A SCIENTIFIC RESULT,displacement-report-draft-v1,
MOCK_S04,MOCK_G02,0,non_speaking,right_eyelid,persistence,0.006666241069702,,MOCK_S04_non_speaking_right_eyelid,4.0,900.0,625b9a78b8694b3b32bf7582f0f39fbe44098c736c6d5e9b64873e89be21cab6,displacement_mean_euclidean_error,evaluable,,240.0,0.0,0.0,True,MOCK DATA / NOT A SCIENTIFIC RESULT,displacement-report-draft-v1,
MOCK_S04,MOCK_G02,0,non_speaking,right_eyelid,self,0.0073423360024179,0.0073423360024179,MOCK_S04_non_speaking_right_eyelid,4.0,900.0,625b9a78b8694b3b32bf7582f0f39fbe44098c736c6d5e9b64873e89be21cab6,displacement_mean_euclidean_error,evaluable,,240.0,0.0,0.0,True,MOCK DATA / NOT A SCIENTIFIC RESULT,displacement-report-draft-v1,
MOCK_S04,MOCK_G02,0,non_speaking,right_eyelid,full,0.0058957878544657,0.0058957878544657,MOCK_S04_non_speaking_right_eyelid,4.0,900.0,625b9a78b8694b3b32bf7582f0f39fbe44098c736c6d5e9b64873e89be21cab6,displacement_mean_euclidean_error,evaluable,,240.0,105.0,750.0,True,MOCK DATA / NOT A SCIENTIFIC RESULT,displacement-report-draft-v1,
MOCK_S04,MOCK_G02,0,non_speaking,right_eyelid,pcmci,0.0074947053105655,0.0074947053105655,MOCK_S04_non_speaking_right_eyelid,4.0,900.0,625b9a78b8694b3b32bf7582f0f39fbe44098c736c6d5e9b64873e89be21cab6,displacement_mean_euclidean_error,evaluable,,240.0,3.0,24.0,True,MOCK DATA / NOT A SCIENTIFIC RESULT,displacement-report-draft-v1,
MOCK_S04,MOCK_G02,0,non_speaking,left_cheek,persistence,0.0066169513647159,,MOCK_S04_non_speaking_left_cheek,2.0,900.0,625b9a78b8694b3b32bf7582f0f39fbe44098c736c6d5e9b64873e89be21cab6,displacement_mean_euclidean_error,evaluable,,120.0,0.0,0.0,True,MOCK DATA / NOT A SCIENTIFIC RESULT,displacement-report-draft-v1,
MOCK_S04,MOCK_G02,0,non_speaking,left_cheek,self,0.0076423360024179,0.0076423360024179,MOCK_S04_non_speaking_left_cheek,2.0,900.0,625b9a78b8694b3b32bf7582f0f39fbe44098c736c6d5e9b64873e89be21cab6,displacement_mean_euclidean_error,evaluable,,120.0,0.0,0.0,True,MOCK DATA / NOT A SCIENTIFIC RESULT,displacement-report-draft-v1,
MOCK_S04,MOCK_G02,0,non_speaking,left_cheek,full,0.0066741940409455,0.0066741940409455,MOCK_S04_non_speaking_left_cheek,2.0,900.0,625b9a78b8694b3b32bf7582f0f39fbe44098c736c6d5e9b64873e89be21cab6,displacement_mean_euclidean_error,evaluable,,120.0,105.0,810.0,True,MOCK DATA / NOT A SCIENTIFIC RESULT,displacement-report-draft-v1,
MOCK_S04,MOCK_G02,0,non_speaking,left_cheek,pcmci,0.0080224354842867,0.0080224354842867,MOCK_S04_non_speaking_left_cheek,2.0,900.0,625b9a78b8694b3b32bf7582f0f39fbe44098c736c6d5e9b64873e89be21cab6,displacement_mean_euclidean_error,evaluable,,120.0,3.0,14.0,True,MOCK DATA / NOT A SCIENTIFIC RESULT,displacement-report-draft-v1,
MOCK_S04,MOCK_G02,0,non_speaking,right_cheek,persistence,0.0066562672857825,,MOCK_S04_non_speaking_right_cheek,2.0,900.0,625b9a78b8694b3b32bf7582f0f39fbe44098c736c6d5e9b64873e89be21cab6,displacement_mean_euclidean_error,evaluable,,120.0,0.0,0.0,True,MOCK DATA / NOT A SCIENTIFIC RESULT,displacement-report-draft-v1,
MOCK_S04,MOCK_G02,0,non_speaking,right_cheek,self,0.0079423360024179,0.0079423360024179,MOCK_S04_non_speaking_right_cheek,2.0,900.0,625b9a78b8694b3b32bf7582f0f39fbe44098c736c6d5e9b64873e89be21cab6,displacement_mean_euclidean_error,evaluable,,120.0,0.0,0.0,True,MOCK DATA / NOT A SCIENTIFIC RESULT,displacement-report-draft-v1,
MOCK_S04,MOCK_G02,0,non_speaking,right_cheek,full,0.0078370380184427,0.0078370380184427,MOCK_S04_non_speaking_right_cheek,2.0,900.0,625b9a78b8694b3b32bf7582f0f39fbe44098c736c6d5e9b64873e89be21cab6,displacement_mean_euclidean_error,evaluable,,120.0,105.0,810.0,True,MOCK DATA / NOT A SCIENTIFIC RESULT,displacement-report-draft-v1,
MOCK_S04,MOCK_G02,0,non_speaking,right_cheek,pcmci,0.0077869760225777,0.0077869760225777,MOCK_S04_non_speaking_right_cheek,2.0,900.0,625b9a78b8694b3b32bf7582f0f39fbe44098c736c6d5e9b64873e89be21cab6,displacement_mean_euclidean_error,evaluable,,120.0,3.0,38.0,True,MOCK DATA / NOT A SCIENTIFIC RESULT,displacement-report-draft-v1,
MOCK_S04,MOCK_G02,0,non_speaking,mouth,persistence,0.0067185998927396,,MOCK_S04_non_speaking_mouth,8.0,900.0,625b9a78b8694b3b32bf7582f0f39fbe44098c736c6d5e9b64873e89be21cab6,displacement_mean_euclidean_error,evaluable,,480.0,0.0,0.0,True,MOCK DATA / NOT A SCIENTIFIC RESULT,displacement-report-draft-v1,
MOCK_S04,MOCK_G02,0,non_speaking,mouth,self,0.0082423360024179,0.0082423360024179,MOCK_S04_non_speaking_mouth,8.0,900.0,625b9a78b8694b3b32bf7582f0f39fbe44098c736c6d5e9b64873e89be21cab6,displacement_mean_euclidean_error,evaluable,,480.0,0.0,0.0,True,MOCK DATA / NOT A SCIENTIFIC RESULT,displacement-report-draft-v1,
MOCK_S04,MOCK_G02,0,non_speaking,mouth,full,0.0085910250132551,0.0085910250132551,MOCK_S04_non_speaking_mouth,8.0,900.0,625b9a78b8694b3b32bf7582f0f39fbe44098c736c6d5e9b64873e89be21cab6,displacement_mean_euclidean_error,evaluable,,480.0,105.0,630.0,True,MOCK DATA / NOT A SCIENTIFIC RESULT,displacement-report-draft-v1,
MOCK_S04,MOCK_G02,0,non_speaking,mouth,pcmci,0.0072806258851358,0.0072806258851358,MOCK_S04_non_speaking_mouth,8.0,900.0,625b9a78b8694b3b32bf7582f0f39fbe44098c736c6d5e9b64873e89be21cab6,displacement_mean_euclidean_error,evaluable,,480.0,3.0,18.0,True,MOCK DATA / NOT A SCIENTIFIC RESULT,displacement-report-draft-v1,
MOCK_S04,MOCK_G02,0,non_speaking,jaw,persistence,0.0067817849282031,,MOCK_S04_non_speaking_jaw,3.0,900.0,625b9a78b8694b3b32bf7582f0f39fbe44098c736c6d5e9b64873e89be21cab6,displacement_mean_euclidean_error,evaluable,,180.0,0.0,0.0,True,MOCK DATA / NOT A SCIENTIFIC RESULT,displacement-report-draft-v1,
MOCK_S04,MOCK_G02,0,non_speaking,jaw,self,0.0085423360024179,0.0085423360024179,MOCK_S04_non_speaking_jaw,3.0,900.0,625b9a78b8694b3b32bf7582f0f39fbe44098c736c6d5e9b64873e89be21cab6,displacement_mean_euclidean_error,evaluable,,180.0,0.0,0.0,True,MOCK DATA / NOT A SCIENTIFIC RESULT,displacement-report-draft-v1,
MOCK_S04,MOCK_G02,0,non_speaking,jaw,full,0.0085187614760205,0.0085187614760205,MOCK_S04_non_speaking_jaw,3.0,900.0,625b9a78b8694b3b32bf7582f0f39fbe44098c736c6d5e9b64873e89be21cab6,displacement_mean_euclidean_error,evaluable,,180.0,105.0,780.0,True,MOCK DATA / NOT A SCIENTIFIC RESULT,displacement-report-draft-v1,
MOCK_S04,MOCK_G02,0,non_speaking,jaw,pcmci,0.007244739669651,0.007244739669651,MOCK_S04_non_speaking_jaw,3.0,900.0,625b9a78b8694b3b32bf7582f0f39fbe44098c736c6d5e9b64873e89be21cab6,displacement_mean_euclidean_error,evaluable,,180.0,3.0,20.0,True,MOCK DATA / NOT A SCIENTIFIC RESULT,displacement-report-draft-v1,
MOCK_S05,MOCK_G03,0,speaking,left_brow,persistence,0.006298833777593,,MOCK_S05_speaking_left_brow,3.0,900.0,3685c9a3a93901d8c345296f9467a07f8e817033df86a2f121d5f3ab73f2071c,displacement_mean_euclidean_error,evaluable,,180.0,0.0,0.0,True,MOCK DATA / NOT A SCIENTIFIC RESULT,displacement-report-draft-v1,
MOCK_S05,MOCK_G03,0,speaking,left_brow,self,0.0057729592514076,0.0057729592514076,MOCK_S05_speaking_left_brow,3.0,900.0,3685c9a3a93901d8c345296f9467a07f8e817033df86a2f121d5f3ab73f2071c,displacement_mean_euclidean_error,evaluable,,180.0,0.0,0.0,True,MOCK DATA / NOT A SCIENTIFIC RESULT,displacement-report-draft-v1,
MOCK_S05,MOCK_G03,0,speaking,left_brow,full,0.0058308761139036,0.0058308761139036,MOCK_S05_speaking_left_brow,3.0,900.0,3685c9a3a93901d8c345296f9467a07f8e817033df86a2f121d5f3ab73f2071c,displacement_mean_euclidean_error,evaluable,,180.0,105.0,780.0,True,MOCK DATA / NOT A SCIENTIFIC RESULT,displacement-report-draft-v1,
MOCK_S05,MOCK_G03,0,speaking,left_brow,pcmci,0.0049692344403425,0.0049692344403425,MOCK_S05_speaking_left_brow,3.0,900.0,3685c9a3a93901d8c345296f9467a07f8e817033df86a2f121d5f3ab73f2071c,displacement_mean_euclidean_error,evaluable,,180.0,3.0,20.0,True,MOCK DATA / NOT A SCIENTIFIC RESULT,displacement-report-draft-v1,
MOCK_S05,MOCK_G03,0,speaking,right_brow,persistence,0.0064955496924001,,MOCK_S05_speaking_right_brow,3.0,900.0,3685c9a3a93901d8c345296f9467a07f8e817033df86a2f121d5f3ab73f2071c,displacement_mean_euclidean_error,evaluable,,180.0,0.0,0.0,True,MOCK DATA / NOT A SCIENTIFIC RESULT,displacement-report-draft-v1,
MOCK_S05,MOCK_G03,0,speaking,right_brow,self,0.0060729592514076,0.0060729592514076,MOCK_S05_speaking_right_brow,3.0,900.0,3685c9a3a93901d8c345296f9467a07f8e817033df86a2f121d5f3ab73f2071c,displacement_mean_euclidean_error,evaluable,,180.0,0.0,0.0,True,MOCK DATA / NOT A SCIENTIFIC RESULT,displacement-report-draft-v1,
MOCK_S05,MOCK_G03,0,speaking,right_brow,full,0.0052929722595834,0.0052929722595834,MOCK_S05_speaking_right_brow,3.0,900.0,3685c9a3a93901d8c345296f9467a07f8e817033df86a2f121d5f3ab73f2071c,displacement_mean_euclidean_error,evaluable,,180.0,105.0,780.0,True,MOCK DATA / NOT A SCIENTIFIC RESULT,displacement-report-draft-v1,
MOCK_S05,MOCK_G03,0,speaking,right_brow,pcmci,0.0047814656292972,0.0047814656292972,MOCK_S05_speaking_right_brow,3.0,900.0,3685c9a3a93901d8c345296f9467a07f8e817033df86a2f121d5f3ab73f2071c,displacement_mean_euclidean_error,evaluable,,180.0,3.0,20.0,True,MOCK DATA / NOT A SCIENTIFIC RESULT,displacement-report-draft-v1,
MOCK_S05,MOCK_G03,0,speaking,left_eyelid,persistence,0.0065063166516481,,MOCK_S05_speaking_left_eyelid,4.0,900.0,3685c9a3a93901d8c345296f9467a07f8e817033df86a2f121d5f3ab73f2071c,displacement_mean_euclidean_error,evaluable,,240.0,0.0,0.0,True,MOCK DATA / NOT A SCIENTIFIC RESULT,displacement-report-draft-v1,
MOCK_S05,MOCK_G03,0,speaking,left_eyelid,self,0.0063729592514076,0.0063729592514076,MOCK_S05_speaking_left_eyelid,4.0,900.0,3685c9a3a93901d8c345296f9467a07f8e817033df86a2f121d5f3ab73f2071c,displacement_mean_euclidean_error,evaluable,,240.0,0.0,0.0,True,MOCK DATA / NOT A SCIENTIFIC RESULT,displacement-report-draft-v1,
MOCK_S05,MOCK_G03,0,speaking,left_eyelid,full,0.004966517384907,0.004966517384907,MOCK_S05_speaking_left_eyelid,4.0,900.0,3685c9a3a93901d8c345296f9467a07f8e817033df86a2f121d5f3ab73f2071c,displacement_mean_euclidean_error,evaluable,,240.0,105.0,750.0,True,MOCK DATA / NOT A SCIENTIFIC RESULT,displacement-report-draft-v1,
MOCK_S05,MOCK_G03,0,speaking,left_eyelid,pcmci,0.0053673621736735,0.0053673621736735,MOCK_S05_speaking_left_eyelid,4.0,900.0,3685c9a3a93901d8c345296f9467a07f8e817033df86a2f121d5f3ab73f2071c,displacement_mean_euclidean_error,evaluable,,240.0,3.0,20.0,True,MOCK DATA / NOT A SCIENTIFIC RESULT,displacement-report-draft-v1,
MOCK_S05,MOCK_G03,0,speaking,right_eyelid,persistence,0.0065342555578038,,MOCK_S05_speaking_right_eyelid,4.0,900.0,3685c9a3a93901d8c345296f9467a07f8e817033df86a2f121d5f3ab73f2071c,displacement_mean_euclidean_error,evaluable,,240.0,0.0,0.0,True,MOCK DATA / NOT A SCIENTIFIC RESULT,displacement-report-draft-v1,
MOCK_S05,MOCK_G03,0,speaking,right_eyelid,self,0.0066729592514076,0.0066729592514076,MOCK_S05_speaking_right_eyelid,4.0,900.0,3685c9a3a93901d8c345296f9467a07f8e817033df86a2f121d5f3ab73f2071c,displacement_mean_euclidean_error,evaluable,,240.0,0.0,0.0,True,MOCK DATA / NOT A SCIENTIFIC RESULT,displacement-report-draft-v1,
MOCK_S05,MOCK_G03,0,speaking,right_eyelid,full,0.0054274712126072,0.0054274712126072,MOCK_S05_speaking_right_eyelid,4.0,900.0,3685c9a3a93901d8c345296f9467a07f8e817033df86a2f121d5f3ab73f2071c,displacement_mean_euclidean_error,evaluable,,240.0,105.0,750.0,True,MOCK DATA / NOT A SCIENTIFIC RESULT,displacement-report-draft-v1,
MOCK_S05,MOCK_G03,0,speaking,right_eyelid,pcmci,0.0064640721090513,0.0064640721090513,MOCK_S05_speaking_right_eyelid,4.0,900.0,3685c9a3a93901d8c345296f9467a07f8e817033df86a2f121d5f3ab73f2071c,displacement_mean_euclidean_error,evaluable,,240.0,3.0,24.0,True,MOCK DATA / NOT A SCIENTIFIC RESULT,displacement-report-draft-v1,
MOCK_S05,MOCK_G03,0,speaking,left_cheek,persistence,0.0064918841618988,,MOCK_S05_speaking_left_cheek,2.0,900.0,3685c9a3a93901d8c345296f9467a07f8e817033df86a2f121d5f3ab73f2071c,displacement_mean_euclidean_error,evaluable,,120.0,0.0,0.0,True,MOCK DATA / NOT A SCIENTIFIC RESULT,displacement-report-draft-v1,
MOCK_S05,MOCK_G03,0,speaking,left_cheek,self,0.0069729592514076,0.0069729592514076,MOCK_S05_speaking_left_cheek,2.0,900.0,3685c9a3a93901d8c345296f9467a07f8e817033df86a2f121d5f3ab73f2071c,displacement_mean_euclidean_error,evaluable,,120.0,0.0,0.0,True,MOCK DATA / NOT A SCIENTIFIC RESULT,displacement-report-draft-v1,
MOCK_S05,MOCK_G03,0,speaking,left_cheek,full,0.006527853535773,0.006527853535773,MOCK_S05_speaking_left_cheek,2.0,900.0,3685c9a3a93901d8c345296f9467a07f8e817033df86a2f121d5f3ab73f2071c,displacement_mean_euclidean_error,evaluable,,120.0,105.0,810.0,True,MOCK DATA / NOT A SCIENTIFIC RESULT,displacement-report-draft-v1,
MOCK_S05,MOCK_G03,0,speaking,left_cheek,pcmci,0.0073391039950604,0.0073391039950604,MOCK_S05_speaking_left_cheek,2.0,900.0,3685c9a3a93901d8c345296f9467a07f8e817033df86a2f121d5f3ab73f2071c,displacement_mean_euclidean_error,evaluable,,120.0,3.0,14.0,True,MOCK DATA / NOT A SCIENTIFIC RESULT,displacement-report-draft-v1,
MOCK_S05,MOCK_G03,0,speaking,right_cheek,persistence,0.0066182278294483,,MOCK_S05_speaking_right_cheek,2.0,900.0,3685c9a3a93901d8c345296f9467a07f8e817033df86a2f121d5f3ab73f2071c,displacement_mean_euclidean_error,evaluable,,120.0,0.0,0.0,True,MOCK DATA / NOT A SCIENTIFIC RESULT,displacement-report-draft-v1,
MOCK_S05,MOCK_G03,0,speaking,right_cheek,self,0.0072729592514076,0.0072729592514076,MOCK_S05_speaking_right_cheek,2.0,900.0,3685c9a3a93901d8c345296f9467a07f8e817033df86a2f121d5f3ab73f2071c,displacement_mean_euclidean_error,evaluable,,120.0,0.0,0.0,True,MOCK DATA / NOT A SCIENTIFIC RESULT,displacement-report-draft-v1,
MOCK_S05,MOCK_G03,0,speaking,right_cheek,full,0.007531796537638,0.007531796537638,MOCK_S05_speaking_right_cheek,2.0,900.0,3685c9a3a93901d8c345296f9467a07f8e817033df86a2f121d5f3ab73f2071c,displacement_mean_euclidean_error,evaluable,,120.0,105.0,810.0,True,MOCK DATA / NOT A SCIENTIFIC RESULT,displacement-report-draft-v1,
MOCK_S05,MOCK_G03,0,speaking,right_cheek,pcmci,0.0074637761675994,0.0074637761675994,MOCK_S05_speaking_right_cheek,2.0,900.0,3685c9a3a93901d8c345296f9467a07f8e817033df86a2f121d5f3ab73f2071c,displacement_mean_euclidean_error,evaluable,,120.0,3.0,38.0,True,MOCK DATA / NOT A SCIENTIFIC RESULT,displacement-report-draft-v1,
MOCK_S05,MOCK_G03,0,speaking,mouth,persistence,0.0066810412227477,,MOCK_S05_speaking_mouth,8.0,900.0,3685c9a3a93901d8c345296f9467a07f8e817033df86a2f121d5f3ab73f2071c,displacement_mean_euclidean_error,evaluable,,480.0,0.0,0.0,True,MOCK DATA / NOT A SCIENTIFIC RESULT,displacement-report-draft-v1,
MOCK_S05,MOCK_G03,0,speaking,mouth,self,0.0075729592514076,0.0075729592514076,MOCK_S05_speaking_mouth,8.0,900.0,3685c9a3a93901d8c345296f9467a07f8e817033df86a2f121d5f3ab73f2071c,displacement_mean_euclidean_error,evaluable,,480.0,0.0,0.0,True,MOCK DATA / NOT A SCIENTIFIC RESULT,displacement-report-draft-v1,
MOCK_S05,MOCK_G03,0,speaking,mouth,full,0.007792098268687,0.007792098268687,MOCK_S05_speaking_mouth,8.0,900.0,3685c9a3a93901d8c345296f9467a07f8e817033df86a2f121d5f3ab73f2071c,displacement_mean_euclidean_error,evaluable,,480.0,105.0,630.0,True,MOCK DATA / NOT A SCIENTIFIC RESULT,displacement-report-draft-v1,
MOCK_S05,MOCK_G03,0,speaking,mouth,pcmci,0.0069992842226702,0.0069992842226702,MOCK_S05_speaking_mouth,8.0,900.0,3685c9a3a93901d8c345296f9467a07f8e817033df86a2f121d5f3ab73f2071c,displacement_mean_euclidean_error,evaluable,,480.0,3.0,18.0,True,MOCK DATA / NOT A SCIENTIFIC RESULT,displacement-report-draft-v1,
MOCK_S05,MOCK_G03,0,speaking,jaw,persistence,0.0067187531208551,,MOCK_S05_speaking_jaw,3.0,900.0,3685c9a3a93901d8c345296f9467a07f8e817033df86a2f121d5f3ab73f2071c,displacement_mean_euclidean_error,evaluable,,180.0,0.0,0.0,True,MOCK DATA / NOT A SCIENTIFIC RESULT,displacement-report-draft-v1,
MOCK_S05,MOCK_G03,0,speaking,jaw,self,0.0078729592514076,0.0078729592514076,MOCK_S05_speaking_jaw,3.0,900.0,3685c9a3a93901d8c345296f9467a07f8e817033df86a2f121d5f3ab73f2071c,displacement_mean_euclidean_error,evaluable,,180.0,0.0,0.0,True,MOCK DATA / NOT A SCIENTIFIC RESULT,displacement-report-draft-v1,
MOCK_S05,MOCK_G03,0,speaking,jaw,full,0.0073452571343156,0.0073452571343156,MOCK_S05_speaking_jaw,3.0,900.0,3685c9a3a93901d8c345296f9467a07f8e817033df86a2f121d5f3ab73f2071c,displacement_mean_euclidean_error,evaluable,,180.0,105.0,780.0,True,MOCK DATA / NOT A SCIENTIFIC RESULT,displacement-report-draft-v1,
MOCK_S05,MOCK_G03,0,speaking,jaw,pcmci,0.0066484985288056,0.0066484985288056,MOCK_S05_speaking_jaw,3.0,900.0,3685c9a3a93901d8c345296f9467a07f8e817033df86a2f121d5f3ab73f2071c,displacement_mean_euclidean_error,evaluable,,180.0,3.0,20.0,True,MOCK DATA / NOT A SCIENTIFIC RESULT,displacement-report-draft-v1,
MOCK_S05,MOCK_G03,0,non_speaking,left_brow,persistence,0.0064864410746519,,MOCK_S05_non_speaking_left_brow,3.0,900.0,39cab7433b5e0e20975951853e71fe90409028348b932114795ec16482344cb7,displacement_mean_euclidean_error,evaluable,,180.0,0.0,0.0,True,MOCK DATA / NOT A SCIENTIFIC RESULT,displacement-report-draft-v1,
MOCK_S05,MOCK_G03,0,non_speaking,left_brow,self,0.0061729592514076,0.0061729592514076,MOCK_S05_non_speaking_left_brow,3.0,900.0,39cab7433b5e0e20975951853e71fe90409028348b932114795ec16482344cb7,displacement_mean_euclidean_error,evaluable,,180.0,0.0,0.0,True,MOCK DATA / NOT A SCIENTIFIC RESULT,displacement-report-draft-v1,
MOCK_S05,MOCK_G03,0,non_speaking,left_brow,full,0.0062308761139036,0.0062308761139036,MOCK_S05_non_speaking_left_brow,3.0,900.0,39cab7433b5e0e20975951853e71fe90409028348b932114795ec16482344cb7,displacement_mean_euclidean_error,evaluable,,180.0,105.0,780.0,True,MOCK DATA / NOT A SCIENTIFIC RESULT,displacement-report-draft-v1,
MOCK_S05,MOCK_G03,0,non_speaking,left_brow,pcmci,0.0048814656292972,0.0048814656292972,MOCK_S05_non_speaking_left_brow,3.0,900.0,39cab7433b5e0e20975951853e71fe90409028348b932114795ec16482344cb7,displacement_mean_euclidean_error,evaluable,,180.0,3.0,20.0,True,MOCK DATA / NOT A SCIENTIFIC RESULT,displacement-report-draft-v1,
MOCK_S05,MOCK_G03,0,non_speaking,right_brow,persistence,0.006571755809541,,MOCK_S05_non_speaking_right_brow,3.0,900.0,39cab7433b5e0e20975951853e71fe90409028348b932114795ec16482344cb7,displacement_mean_euclidean_error,evaluable,,180.0,0.0,0.0,True,MOCK DATA / NOT A SCIENTIFIC RESULT,displacement-report-draft-v1,
MOCK_S05,MOCK_G03,0,non_speaking,right_brow,self,0.0064729592514076,0.0064729592514076,MOCK_S05_non_speaking_right_brow,3.0,900.0,39cab7433b5e0e20975951853e71fe90409028348b932114795ec16482344cb7,displacement_mean_euclidean_error,evaluable,,180.0,0.0,0.0,True,MOCK DATA / NOT A SCIENTIFIC RESULT,displacement-report-draft-v1,
MOCK_S05,MOCK_G03,0,non_speaking,right_brow,full,0.0056929722595834,0.0056929722595834,MOCK_S05_non_speaking_right_brow,3.0,900.0,39cab7433b5e0e20975951853e71fe90409028348b932114795ec16482344cb7,displacement_mean_euclidean_error,evaluable,,180.0,105.0,780.0,True,MOCK DATA / NOT A SCIENTIFIC RESULT,displacement-report-draft-v1,
MOCK_S05,MOCK_G03,0,non_speaking,right_brow,pcmci,0.0054673621736735,0.0054673621736735,MOCK_S05_non_speaking_right_brow,3.0,900.0,39cab7433b5e0e20975951853e71fe90409028348b932114795ec16482344cb7,displacement_mean_euclidean_error,evaluable,,180.0,3.0,20.0,True,MOCK DATA / NOT A SCIENTIFIC RESULT,displacement-report-draft-v1,
MOCK_S05,MOCK_G03,0,non_speaking,left_eyelid,persistence,0.0064934597755892,,MOCK_S05_non_speaking_left_eyelid,4.0,900.0,39cab7433b5e0e20975951853e71fe90409028348b932114795ec16482344cb7,displacement_mean_euclidean_error,evaluable,,240.0,0.0,0.0,True,MOCK DATA / NOT A SCIENTIFIC RESULT,displacement-report-draft-v1,
MOCK_S05,MOCK_G03,0,non_speaking,left_eyelid,self,0.0067729592514076,0.0067729592514076,MOCK_S05_non_speaking_left_eyelid,4.0,900.0,39cab7433b5e0e20975951853e71fe90409028348b932114795ec16482344cb7,displacement_mean_euclidean_error,evaluable,,240.0,0.0,0.0,True,MOCK DATA / NOT A SCIENTIFIC RESULT,displacement-report-draft-v1,
MOCK_S05,MOCK_G03,0,non_speaking,left_eyelid,full,0.005366517384907,0.005366517384907,MOCK_S05_non_speaking_left_eyelid,4.0,900.0,39cab7433b5e0e20975951853e71fe90409028348b932114795ec16482344cb7,displacement_mean_euclidean_error,evaluable,,240.0,105.0,750.0,True,MOCK DATA / NOT A SCIENTIFIC RESULT,displacement-report-draft-v1,
MOCK_S05,MOCK_G03,0,non_speaking,left_eyelid,pcmci,0.0065640721090513,0.0065640721090513,MOCK_S05_non_speaking_left_eyelid,4.0,900.0,39cab7433b5e0e20975951853e71fe90409028348b932114795ec16482344cb7,displacement_mean_euclidean_error,evaluable,,240.0,3.0,20.0,True,MOCK DATA / NOT A SCIENTIFIC RESULT,displacement-report-draft-v1,
MOCK_S05,MOCK_G03,0,non_speaking,right_eyelid,persistence,0.006545468005908,,MOCK_S05_non_speaking_right_eyelid,4.0,900.0,39cab7433b5e0e20975951853e71fe90409028348b932114795ec16482344cb7,displacement_mean_euclidean_error,evaluable,,240.0,0.0,0.0,True,MOCK DATA / NOT A SCIENTIFIC RESULT,displacement-report-draft-v1,
MOCK_S05,MOCK_G03,0,non_speaking,right_eyelid,self,0.0070729592514076,0.0070729592514076,MOCK_S05_non_speaking_right_eyelid,4.0,900.0,39cab7433b5e0e20975951853e71fe90409028348b932114795ec16482344cb7,displacement_mean_euclidean_error,evaluable,,240.0,0.0,0.0,True,MOCK DATA / NOT A SCIENTIFIC RESULT,displacement-report-draft-v1,
MOCK_S05,MOCK_G03,0,non_speaking,right_eyelid,full,0.0058274712126072,0.0058274712126072,MOCK_S05_non_speaking_right_eyelid,4.0,900.0,39cab7433b5e0e20975951853e71fe90409028348b932114795ec16482344cb7,displacement_mean_euclidean_error,evaluable,,240.0,105.0,750.0,True,MOCK DATA / NOT A SCIENTIFIC RESULT,displacement-report-draft-v1,
MOCK_S05,MOCK_G03,0,non_speaking,right_eyelid,pcmci,0.0074391039950604,0.0074391039950604,MOCK_S05_non_speaking_right_eyelid,4.0,900.0,39cab7433b5e0e20975951853e71fe90409028348b932114795ec16482344cb7,displacement_mean_euclidean_error,evaluable,,240.0,3.0,24.0,True,MOCK DATA / NOT A SCIENTIFIC RESULT,displacement-report-draft-v1,
MOCK_S05,MOCK_G03,0,non_speaking,left_cheek,persistence,0.0064187238059251,,MOCK_S05_non_speaking_left_cheek,2.0,900.0,39cab7433b5e0e20975951853e71fe90409028348b932114795ec16482344cb7,displacement_mean_euclidean_error,evaluable,,120.0,0.0,0.0,True,MOCK DATA / NOT A SCIENTIFIC RESULT,displacement-report-draft-v1,
MOCK_S05,MOCK_G03,0,non_speaking,left_cheek,self,0.0073729592514076,0.0073729592514076,MOCK_S05_non_speaking_left_cheek,2.0,900.0,39cab7433b5e0e20975951853e71fe90409028348b932114795ec16482344cb7,displacement_mean_euclidean_error,evaluable,,120.0,0.0,0.0,True,MOCK DATA / NOT A SCIENTIFIC RESULT,displacement-report-draft-v1,
MOCK_S05,MOCK_G03,0,non_speaking,left_cheek,full,0.006927853535773,0.006927853535773,MOCK_S05_non_speaking_left_cheek,2.0,900.0,39cab7433b5e0e20975951853e71fe90409028348b932114795ec16482344cb7,displacement_mean_euclidean_error,evaluable,,120.0,105.0,810.0,True,MOCK DATA / NOT A SCIENTIFIC RESULT,displacement-report-draft-v1,
MOCK_S05,MOCK_G03,0,non_speaking,left_cheek,pcmci,0.0075637761675994,0.0075637761675994,MOCK_S05_non_speaking_left_cheek,2.0,900.0,39cab7433b5e0e20975951853e71fe90409028348b932114795ec16482344cb7,displacement_mean_euclidean_error,evaluable,,120.0,3.0,14.0,True,MOCK DATA / NOT A SCIENTIFIC RESULT,displacement-report-draft-v1,
MOCK_S05,MOCK_G03,0,non_speaking,right_cheek,persistence,0.0067496421793,,MOCK_S05_non_speaking_right_cheek,2.0,900.0,39cab7433b5e0e20975951853e71fe90409028348b932114795ec16482344cb7,displacement_mean_euclidean_error,evaluable,,120.0,0.0,0.0,True,MOCK DATA / NOT A SCIENTIFIC RESULT,displacement-report-draft-v1,
MOCK_S05,MOCK_G03,0,non_speaking,right_cheek,self,0.0076729592514076,0.0076729592514076,MOCK_S05_non_speaking_right_cheek,2.0,900.0,39cab7433b5e0e20975951853e71fe90409028348b932114795ec16482344cb7,displacement_mean_euclidean_error,evaluable,,120.0,0.0,0.0,True,MOCK DATA / NOT A SCIENTIFIC RESULT,displacement-report-draft-v1,
MOCK_S05,MOCK_G03,0,non_speaking,right_cheek,full,0.007931796537638,0.007931796537638,MOCK_S05_non_speaking_right_cheek,2.0,900.0,39cab7433b5e0e20975951853e71fe90409028348b932114795ec16482344cb7,displacement_mean_euclidean_error,evaluable,,120.0,105.0,810.0,True,MOCK DATA / NOT A SCIENTIFIC RESULT,displacement-report-draft-v1,
MOCK_S05,MOCK_G03,0,non_speaking,right_cheek,pcmci,0.0070992842226703,0.0070992842226702,MOCK_S05_non_speaking_right_cheek,2.0,900.0,39cab7433b5e0e20975951853e71fe90409028348b932114795ec16482344cb7,displacement_mean_euclidean_error,evaluable,,120.0,3.0,38.0,True,MOCK DATA / NOT A SCIENTIFIC RESULT,displacement-report-draft-v1,
MOCK_S05,MOCK_G03,0,non_speaking,mouth,persistence,0.0067127288659757,,MOCK_S05_non_speaking_mouth,8.0,900.0,39cab7433b5e0e20975951853e71fe90409028348b932114795ec16482344cb7,displacement_mean_euclidean_error,evaluable,,480.0,0.0,0.0,True,MOCK DATA / NOT A SCIENTIFIC RESULT,displacement-report-draft-v1,
MOCK_S05,MOCK_G03,0,non_speaking,mouth,self,0.0079729592514076,0.0079729592514076,MOCK_S05_non_speaking_mouth,8.0,900.0,39cab7433b5e0e20975951853e71fe90409028348b932114795ec16482344cb7,displacement_mean_euclidean_error,evaluable,,480.0,0.0,0.0,True,MOCK DATA / NOT A SCIENTIFIC RESULT,displacement-report-draft-v1,
MOCK_S05,MOCK_G03,0,non_speaking,mouth,full,0.008192098268687,0.008192098268687,MOCK_S05_non_speaking_mouth,8.0,900.0,39cab7433b5e0e20975951853e71fe90409028348b932114795ec16482344cb7,displacement_mean_euclidean_error,evaluable,,480.0,105.0,630.0,True,MOCK DATA / NOT A SCIENTIFIC RESULT,displacement-report-draft-v1,
MOCK_S05,MOCK_G03,0,non_speaking,mouth,pcmci,0.0067484985288056,0.0067484985288056,MOCK_S05_non_speaking_mouth,8.0,900.0,39cab7433b5e0e20975951853e71fe90409028348b932114795ec16482344cb7,displacement_mean_euclidean_error,evaluable,,480.0,3.0,18.0,True,MOCK DATA / NOT A SCIENTIFIC RESULT,displacement-report-draft-v1,
MOCK_S05,MOCK_G03,0,non_speaking,jaw,persistence,0.006727953345064,,MOCK_S05_non_speaking_jaw,3.0,900.0,39cab7433b5e0e20975951853e71fe90409028348b932114795ec16482344cb7,displacement_mean_euclidean_error,evaluable,,180.0,0.0,0.0,True,MOCK DATA / NOT A SCIENTIFIC RESULT,displacement-report-draft-v1,
MOCK_S05,MOCK_G03,0,non_speaking,jaw,self,0.0082729592514076,0.0082729592514076,MOCK_S05_non_speaking_jaw,3.0,900.0,39cab7433b5e0e20975951853e71fe90409028348b932114795ec16482344cb7,displacement_mean_euclidean_error,evaluable,,180.0,0.0,0.0,True,MOCK DATA / NOT A SCIENTIFIC RESULT,displacement-report-draft-v1,
MOCK_S05,MOCK_G03,0,non_speaking,jaw,full,0.0077452571343156,0.0077452571343156,MOCK_S05_non_speaking_jaw,3.0,900.0,39cab7433b5e0e20975951853e71fe90409028348b932114795ec16482344cb7,displacement_mean_euclidean_error,evaluable,,180.0,105.0,780.0,True,MOCK DATA / NOT A SCIENTIFIC RESULT,displacement-report-draft-v1,
MOCK_S05,MOCK_G03,0,non_speaking,jaw,pcmci,0.0071097484516926,0.0071097484516926,MOCK_S05_non_speaking_jaw,3.0,900.0,39cab7433b5e0e20975951853e71fe90409028348b932114795ec16482344cb7,displacement_mean_euclidean_error,evaluable,,180.0,3.0,20.0,True,MOCK DATA / NOT A SCIENTIFIC RESULT,displacement-report-draft-v1,
MOCK_S06,MOCK_G03,0,speaking,left_brow,persistence,0.0065116176531694,,MOCK_S06_speaking_left_brow,3.0,900.0,63fc5646e832f1d5f1883878083a7451cbc704f18f295c1c6cbed23c6d5e7688,displacement_mean_euclidean_error,evaluable,,180.0,0.0,0.0,True,MOCK DATA / NOT A SCIENTIFIC RESULT,displacement-report-draft-v1,
MOCK_S06,MOCK_G03,0,speaking,left_brow,self,0.005712322717601,0.005712322717601,MOCK_S06_speaking_left_brow,3.0,900.0,63fc5646e832f1d5f1883878083a7451cbc704f18f295c1c6cbed23c6d5e7688,displacement_mean_euclidean_error,evaluable,,180.0,0.0,0.0,True,MOCK DATA / NOT A SCIENTIFIC RESULT,displacement-report-draft-v1,
MOCK_S06,MOCK_G03,0,speaking,left_brow,full,0.0052893307248549,0.0052893307248549,MOCK_S06_speaking_left_brow,3.0,900.0,63fc5646e832f1d5f1883878083a7451cbc704f18f295c1c6cbed23c6d5e7688,displacement_mean_euclidean_error,evaluable,,180.0,105.0,780.0,True,MOCK DATA / NOT A SCIENTIFIC RESULT,displacement-report-draft-v1,
MOCK_S06,MOCK_G03,0,speaking,left_brow,pcmci,0.0045813506443861,0.0045813506443861,MOCK_S06_speaking_left_brow,3.0,900.0,63fc5646e832f1d5f1883878083a7451cbc704f18f295c1c6cbed23c6d5e7688,displacement_mean_euclidean_error,evaluable,,180.0,3.0,20.0,True,MOCK DATA / NOT A SCIENTIFIC RESULT,displacement-report-draft-v1,
MOCK_S06,MOCK_G03,0,speaking,right_brow,persistence,0.0062850250006342,,MOCK_S06_speaking_right_brow,3.0,900.0,63fc5646e832f1d5f1883878083a7451cbc704f18f295c1c6cbed23c6d5e7688,displacement_mean_euclidean_error,evaluable,,180.0,0.0,0.0,True,MOCK DATA / NOT A SCIENTIFIC RESULT,displacement-report-draft-v1,
MOCK_S06,MOCK_G03,0,speaking,right_brow,self,0.006012322717601,0.006012322717601,MOCK_S06_speaking_right_brow,3.0,900.0,63fc5646e832f1d5f1883878083a7451cbc704f18f295c1c6cbed23c6d5e7688,displacement_mean_euclidean_error,evaluable,,180.0,0.0,0.0,True,MOCK DATA / NOT A SCIENTIFIC RESULT,displacement-report-draft-v1,
MOCK_S06,MOCK_G03,0,speaking,right_brow,full,0.0047812004718239,0.0047812004718239,MOCK_S06_speaking_right_brow,3.0,900.0,63fc5646e832f1d5f1883878083a7451cbc704f18f295c1c6cbed23c6d5e7688,displacement_mean_euclidean_error,evaluable,,180.0,105.0,780.0,True,MOCK DATA / NOT A SCIENTIFIC RESULT,displacement-report-draft-v1,
MOCK_S06,MOCK_G03,0,speaking,right_brow,pcmci,0.0047663345334038,0.0047663345334038,MOCK_S06_speaking_right_brow,3.0,900.0,63fc5646e832f1d5f1883878083a7451cbc704f18f295c1c6cbed23c6d5e7688,displacement_mean_euclidean_error,evaluable,,180.0,3.0,20.0,True,MOCK DATA / NOT A SCIENTIFIC RESULT,displacement-report-draft-v1,
MOCK_S06,MOCK_G03,0,speaking,left_eyelid,persistence,0.0066074222692827,,MOCK_S06_speaking_left_eyelid,4.0,900.0,63fc5646e832f1d5f1883878083a7451cbc704f18f295c1c6cbed23c6d5e7688,displacement_mean_euclidean_error,evaluable,,240.0,0.0,0.0,True,MOCK DATA / NOT A SCIENTIFIC RESULT,displacement-report-draft-v1,
MOCK_S06,MOCK_G03,0,speaking,left_eyelid,self,0.006312322717601,0.006312322717601,MOCK_S06_speaking_left_eyelid,4.0,900.0,63fc5646e832f1d5f1883878083a7451cbc704f18f295c1c6cbed23c6d5e7688,displacement_mean_euclidean_error,evaluable,,240.0,0.0,0.0,True,MOCK DATA / NOT A SCIENTIFIC RESULT,displacement-report-draft-v1,
MOCK_S06,MOCK_G03,0,speaking,left_eyelid,full,0.0048992908704042,0.0048992908704042,MOCK_S06_speaking_left_eyelid,4.0,900.0,63fc5646e832f1d5f1883878083a7451cbc704f18f295c1c6cbed23c6d5e7688,displacement_mean_euclidean_error,evaluable,,240.0,105.0,750.0,True,MOCK DATA / NOT A SCIENTIFIC RESULT,displacement-report-draft-v1,
MOCK_S06,MOCK_G03,0,speaking,left_eyelid,pcmci,0.0056831462880848,0.0056831462880848,MOCK_S06_speaking_left_eyelid,4.0,900.0,63fc5646e832f1d5f1883878083a7451cbc704f18f295c1c6cbed23c6d5e7688,displacement_mean_euclidean_error,evaluable,,240.0,3.0,20.0,True,MOCK DATA / NOT A SCIENTIFIC RESULT,displacement-report-draft-v1,
MOCK_S06,MOCK_G03,0,speaking,right_eyelid,persistence,0.0065465258424666,,MOCK_S06_speaking_right_eyelid,4.0,900.0,63fc5646e832f1d5f1883878083a7451cbc704f18f295c1c6cbed23c6d5e7688,displacement_mean_euclidean_error,evaluable,,240.0,0.0,0.0,True,MOCK DATA / NOT A SCIENTIFIC RESULT,displacement-report-draft-v1,
MOCK_S06,MOCK_G03,0,speaking,right_eyelid,self,0.006612322717601,0.006612322717601,MOCK_S06_speaking_right_eyelid,4.0,900.0,63fc5646e832f1d5f1883878083a7451cbc704f18f295c1c6cbed23c6d5e7688,displacement_mean_euclidean_error,evaluable,,240.0,0.0,0.0,True,MOCK DATA / NOT A SCIENTIFIC RESULT,displacement-report-draft-v1,
MOCK_S06,MOCK_G03,0,speaking,right_eyelid,full,0.005810848769222,0.005810848769222,MOCK_S06_speaking_right_eyelid,4.0,900.0,63fc5646e832f1d5f1883878083a7451cbc704f18f295c1c6cbed23c6d5e7688,displacement_mean_euclidean_error,evaluable,,240.0,105.0,750.0,True,MOCK DATA / NOT A SCIENTIFIC RESULT,displacement-report-draft-v1,
MOCK_S06,MOCK_G03,0,speaking,right_eyelid,pcmci,0.0067646920257486,0.0067646920257486,MOCK_S06_speaking_right_eyelid,4.0,900.0,63fc5646e832f1d5f1883878083a7451cbc704f18f295c1c6cbed23c6d5e7688,displacement_mean_euclidean_error,evaluable,,240.0,3.0,24.0,True,MOCK DATA / NOT A SCIENTIFIC RESULT,displacement-report-draft-v1,
MOCK_S06,MOCK_G03,0,speaking,left_cheek,persistence,0.0067007167012975,,MOCK_S06_speaking_left_cheek,2.0,900.0,63fc5646e832f1d5f1883878083a7451cbc704f18f295c1c6cbed23c6d5e7688,displacement_mean_euclidean_error,evaluable,,120.0,0.0,0.0,True,MOCK DATA / NOT A SCIENTIFIC RESULT,displacement-report-draft-v1,
MOCK_S06,MOCK_G03,0,speaking,left_cheek,self,0.006912322717601,0.006912322717601,MOCK_S06_speaking_left_cheek,2.0,900.0,63fc5646e832f1d5f1883878083a7451cbc704f18f295c1c6cbed23c6d5e7688,displacement_mean_euclidean_error,evaluable,,120.0,0.0,0.0,True,MOCK DATA / NOT A SCIENTIFIC RESULT,displacement-report-draft-v1,
MOCK_S06,MOCK_G03,0,speaking,left_cheek,full,0.0069536106564479,0.0069536106564479,MOCK_S06_speaking_left_cheek,2.0,900.0,63fc5646e832f1d5f1883878083a7451cbc704f18f295c1c6cbed23c6d5e7688,displacement_mean_euclidean_error,evaluable,,120.0,105.0,810.0,True,MOCK DATA / NOT A SCIENTIFIC RESULT,displacement-report-draft-v1,
MOCK_S06,MOCK_G03,0,speaking,left_cheek,pcmci,0.0072924221994698,0.0072924221994698,MOCK_S06_speaking_left_cheek,2.0,900.0,63fc5646e832f1d5f1883878083a7451cbc704f18f295c1c6cbed23c6d5e7688,displacement_mean_euclidean_error,evaluable,,120.0,3.0,14.0,True,MOCK DATA / NOT A SCIENTIFIC RESULT,displacement-report-draft-v1,
MOCK_S06,MOCK_G03,0,speaking,right_cheek,persistence,0.0067092463255986,,MOCK_S06_speaking_right_cheek,2.0,900.0,63fc5646e832f1d5f1883878083a7451cbc704f18f295c1c6cbed23c6d5e7688,displacement_mean_euclidean_error,evaluable,,120.0,0.0,0.0,True,MOCK DATA / NOT A SCIENTIFIC RESULT,displacement-report-draft-v1,
MOCK_S06,MOCK_G03,0,speaking,right_cheek,self,0.007212322717601,0.007212322717601,MOCK_S06_speaking_right_cheek,2.0,900.0,63fc5646e832f1d5f1883878083a7451cbc704f18f295c1c6cbed23c6d5e7688,displacement_mean_euclidean_error,evaluable,,120.0,0.0,0.0,True,MOCK DATA / NOT A SCIENTIFIC RESULT,displacement-report-draft-v1,
MOCK_S06,MOCK_G03,0,speaking,right_cheek,full,0.0075527451395621,0.0075527451395621,MOCK_S06_speaking_right_cheek,2.0,900.0,63fc5646e832f1d5f1883878083a7451cbc704f18f295c1c6cbed23c6d5e7688,displacement_mean_euclidean_error,evaluable,,120.0,105.0,810.0,True,MOCK DATA / NOT A SCIENTIFIC RESULT,displacement-report-draft-v1,
MOCK_S06,MOCK_G03,0,speaking,right_cheek,pcmci,0.0070569627377608,0.0070569627377608,MOCK_S06_speaking_right_cheek,2.0,900.0,63fc5646e832f1d5f1883878083a7451cbc704f18f295c1c6cbed23c6d5e7688,displacement_mean_euclidean_error,evaluable,,120.0,3.0,38.0,True,MOCK DATA / NOT A SCIENTIFIC RESULT,displacement-report-draft-v1,
MOCK_S06,MOCK_G03,0,speaking,mouth,persistence,0.0066826016425197,,MOCK_S06_speaking_mouth,8.0,900.0,63fc5646e832f1d5f1883878083a7451cbc704f18f295c1c6cbed23c6d5e7688,displacement_mean_euclidean_error,evaluable,,480.0,0.0,0.0,True,MOCK DATA / NOT A SCIENTIFIC RESULT,displacement-report-draft-v1,
MOCK_S06,MOCK_G03,0,speaking,mouth,self,0.007512322717601,0.007512322717601,MOCK_S06_speaking_mouth,8.0,900.0,63fc5646e832f1d5f1883878083a7451cbc704f18f295c1c6cbed23c6d5e7688,displacement_mean_euclidean_error,evaluable,,480.0,0.0,0.0,True,MOCK DATA / NOT A SCIENTIFIC RESULT,displacement-report-draft-v1,
MOCK_S06,MOCK_G03,0,speaking,mouth,full,0.0073332293543186,0.0073332293543186,MOCK_S06_speaking_mouth,8.0,900.0,63fc5646e832f1d5f1883878083a7451cbc704f18f295c1c6cbed23c6d5e7688,displacement_mean_euclidean_error,evaluable,,480.0,105.0,630.0,True,MOCK DATA / NOT A SCIENTIFIC RESULT,displacement-report-draft-v1,
MOCK_S06,MOCK_G03,0,speaking,mouth,pcmci,0.0065506126003189,0.0065506126003189,MOCK_S06_speaking_mouth,8.0,900.0,63fc5646e832f1d5f1883878083a7451cbc704f18f295c1c6cbed23c6d5e7688,displacement_mean_euclidean_error,evaluable,,480.0,3.0,18.0,True,MOCK DATA / NOT A SCIENTIFIC RESULT,displacement-report-draft-v1,
MOCK_S06,MOCK_G03,0,speaking,jaw,persistence,0.0067299815485421,,MOCK_S06_speaking_jaw,3.0,900.0,63fc5646e832f1d5f1883878083a7451cbc704f18f295c1c6cbed23c6d5e7688,displacement_mean_euclidean_error,evaluable,,180.0,0.0,0.0,True,MOCK DATA / NOT A SCIENTIFIC RESULT,displacement-report-draft-v1,
MOCK_S06,MOCK_G03,0,speaking,jaw,self,0.007812322717601,0.007812322717601,MOCK_S06_speaking_jaw,3.0,900.0,63fc5646e832f1d5f1883878083a7451cbc704f18f295c1c6cbed23c6d5e7688,displacement_mean_euclidean_error,evaluable,,180.0,0.0,0.0,True,MOCK DATA / NOT A SCIENTIFIC RESULT,displacement-report-draft-v1,
MOCK_S06,MOCK_G03,0,speaking,jaw,full,0.0067727037178006,0.0067727037178006,MOCK_S06_speaking_jaw,3.0,900.0,63fc5646e832f1d5f1883878083a7451cbc704f18f295c1c6cbed23c6d5e7688,displacement_mean_euclidean_error,evaluable,,180.0,105.0,780.0,True,MOCK DATA / NOT A SCIENTIFIC RESULT,displacement-report-draft-v1,
MOCK_S06,MOCK_G03,0,speaking,jaw,pcmci,0.0065147263848341,0.0065147263848341,MOCK_S06_speaking_jaw,3.0,900.0,63fc5646e832f1d5f1883878083a7451cbc704f18f295c1c6cbed23c6d5e7688,displacement_mean_euclidean_error,evaluable,,180.0,3.0,20.0,True,MOCK DATA / NOT A SCIENTIFIC RESULT,displacement-report-draft-v1,
MOCK_S06,MOCK_G03,0,non_speaking,left_brow,persistence,0.0063302030754057,,MOCK_S06_non_speaking_left_brow,3.0,900.0,26511b32225d784b47c8ae6573d5554006264b85095ecdddf1cbc2aea552e3cd,displacement_mean_euclidean_error,evaluable,,180.0,0.0,0.0,True,MOCK DATA / NOT A SCIENTIFIC RESULT,displacement-report-draft-v1,
MOCK_S06,MOCK_G03,0,non_speaking,left_brow,self,0.006112322717601,0.006112322717601,MOCK_S06_non_speaking_left_brow,3.0,900.0,26511b32225d784b47c8ae6573d5554006264b85095ecdddf1cbc2aea552e3cd,displacement_mean_euclidean_error,evaluable,,180.0,0.0,0.0,True,MOCK DATA / NOT A SCIENTIFIC RESULT,displacement-report-draft-v1,
MOCK_S06,MOCK_G03,0,non_speaking,left_brow,full,0.0056893307248549,0.0056893307248549,MOCK_S06_non_speaking_left_brow,3.0,900.0,26511b32225d784b47c8ae6573d5554006264b85095ecdddf1cbc2aea552e3cd,displacement_mean_euclidean_error,evaluable,,180.0,105.0,780.0,True,MOCK DATA / NOT A SCIENTIFIC RESULT,displacement-report-draft-v1,
MOCK_S06,MOCK_G03,0,non_speaking,left_brow,pcmci,0.0048663345334038,0.0048663345334038,MOCK_S06_non_speaking_left_brow,3.0,900.0,26511b32225d784b47c8ae6573d5554006264b85095ecdddf1cbc2aea552e3cd,displacement_mean_euclidean_error,evaluable,,180.0,3.0,20.0,True,MOCK DATA / NOT A SCIENTIFIC RESULT,displacement-report-draft-v1,
MOCK_S06,MOCK_G03,0,non_speaking,right_brow,persistence,0.0064999478811046,,MOCK_S06_non_speaking_right_brow,3.0,900.0,26511b32225d784b47c8ae6573d5554006264b85095ecdddf1cbc2aea552e3cd,displacement_mean_euclidean_error,evaluable,,180.0,0.0,0.0,True,MOCK DATA / NOT A SCIENTIFIC RESULT,displacement-report-draft-v1,
MOCK_S06,MOCK_G03,0,non_speaking,right_brow,self,0.006412322717601,0.006412322717601,MOCK_S06_non_speaking_right_brow,3.0,900.0,26511b32225d784b47c8ae6573d5554006264b85095ecdddf1cbc2aea552e3cd,displacement_mean_euclidean_error,evaluable,,180.0,0.0,0.0,True,MOCK DATA / NOT A SCIENTIFIC RESULT,displacement-report-draft-v1,
MOCK_S06,MOCK_G03,0,non_speaking,right_brow,full,0.0051812004718239,0.0051812004718239,MOCK_S06_non_speaking_right_brow,3.0,900.0,26511b32225d784b47c8ae6573d5554006264b85095ecdddf1cbc2aea552e3cd,displacement_mean_euclidean_error,evaluable,,180.0,105.0,780.0,True,MOCK DATA / NOT A SCIENTIFIC RESULT,displacement-report-draft-v1,
MOCK_S06,MOCK_G03,0,non_speaking,right_brow,pcmci,0.0057831462880848,0.0057831462880848,MOCK_S06_non_speaking_right_brow,3.0,900.0,26511b32225d784b47c8ae6573d5554006264b85095ecdddf1cbc2aea552e3cd,displacement_mean_euclidean_error,evaluable,,180.0,3.0,20.0,True,MOCK DATA / NOT A SCIENTIFIC RESULT,displacement-report-draft-v1,
MOCK_S06,MOCK_G03,0,non_speaking,left_eyelid,persistence,0.0065816286937156,,MOCK_S06_non_speaking_left_eyelid,4.0,900.0,26511b32225d784b47c8ae6573d5554006264b85095ecdddf1cbc2aea552e3cd,displacement_mean_euclidean_error,evaluable,,240.0,0.0,0.0,True,MOCK DATA / NOT A SCIENTIFIC RESULT,displacement-report-draft-v1,
MOCK_S06,MOCK_G03,0,non_speaking,left_eyelid,self,0.006712322717601,0.006712322717601,MOCK_S06_non_speaking_left_eyelid,4.0,900.0,26511b32225d784b47c8ae6573d5554006264b85095ecdddf1cbc2aea552e3cd,displacement_mean_euclidean_error,evaluable,,240.0,0.0,0.0,True,MOCK DATA / NOT A SCIENTIFIC RESULT,displacement-report-draft-v1,
MOCK_S06,MOCK_G03,0,non_speaking,left_eyelid,full,0.0052992908704042,0.0052992908704042,MOCK_S06_non_speaking_left_eyelid,4.0,900.0,26511b32225d784b47c8ae6573d5554006264b85095ecdddf1cbc2aea552e3cd,displacement_mean_euclidean_error,evaluable,,240.0,105.0,750.0,True,MOCK DATA / NOT A SCIENTIFIC RESULT,displacement-report-draft-v1,
MOCK_S06,MOCK_G03,0,non_speaking,left_eyelid,pcmci,0.0068646920257486,0.0068646920257486,MOCK_S06_non_speaking_left_eyelid,4.0,900.0,26511b32225d784b47c8ae6573d5554006264b85095ecdddf1cbc2aea552e3cd,displacement_mean_euclidean_error,evaluable,,240.0,3.0,20.0,True,MOCK DATA / NOT A SCIENTIFIC RESULT,displacement-report-draft-v1,
MOCK_S06,MOCK_G03,0,non_speaking,right_eyelid,persistence,0.0064685495188819,,MOCK_S06_non_speaking_right_eyelid,4.0,900.0,26511b32225d784b47c8ae6573d5554006264b85095ecdddf1cbc2aea552e3cd,displacement_mean_euclidean_error,evaluable,,240.0,0.0,0.0,True,MOCK DATA / NOT A SCIENTIFIC RESULT,displacement-report-draft-v1,
MOCK_S06,MOCK_G03,0,non_speaking,right_eyelid,self,0.007012322717601,0.007012322717601,MOCK_S06_non_speaking_right_eyelid,4.0,900.0,26511b32225d784b47c8ae6573d5554006264b85095ecdddf1cbc2aea552e3cd,displacement_mean_euclidean_error,evaluable,,240.0,0.0,0.0,True,MOCK DATA / NOT A SCIENTIFIC RESULT,displacement-report-draft-v1,
MOCK_S06,MOCK_G03,0,non_speaking,right_eyelid,full,0.006210848769222,0.006210848769222,MOCK_S06_non_speaking_right_eyelid,4.0,900.0,26511b32225d784b47c8ae6573d5554006264b85095ecdddf1cbc2aea552e3cd,displacement_mean_euclidean_error,evaluable,,240.0,105.0,750.0,True,MOCK DATA / NOT A SCIENTIFIC RESULT,displacement-report-draft-v1,
MOCK_S06,MOCK_G03,0,non_speaking,right_eyelid,pcmci,0.0073924221994698,0.0073924221994698,MOCK_S06_non_speaking_right_eyelid,4.0,900.0,26511b32225d784b47c8ae6573d5554006264b85095ecdddf1cbc2aea552e3cd,displacement_mean_euclidean_error,evaluable,,240.0,3.0,24.0,True,MOCK DATA / NOT A SCIENTIFIC RESULT,displacement-report-draft-v1,
MOCK_S06,MOCK_G03,0,non_speaking,left_cheek,persistence,0.0065659100765456,,MOCK_S06_non_speaking_left_cheek,2.0,900.0,26511b32225d784b47c8ae6573d5554006264b85095ecdddf1cbc2aea552e3cd,displacement_mean_euclidean_error,evaluable,,120.0,0.0,0.0,True,MOCK DATA / NOT A SCIENTIFIC RESULT,displacement-report-draft-v1,
MOCK_S06,MOCK_G03,0,non_speaking,left_cheek,self,0.007312322717601,0.007312322717601,MOCK_S06_non_speaking_left_cheek,2.0,900.0,26511b32225d784b47c8ae6573d5554006264b85095ecdddf1cbc2aea552e3cd,displacement_mean_euclidean_error,evaluable,,120.0,0.0,0.0,True,MOCK DATA / NOT A SCIENTIFIC RESULT,displacement-report-draft-v1,
MOCK_S06,MOCK_G03,0,non_speaking,left_cheek,full,0.0073536106564479,0.0073536106564479,MOCK_S06_non_speaking_left_cheek,2.0,900.0,26511b32225d784b47c8ae6573d5554006264b85095ecdddf1cbc2aea552e3cd,displacement_mean_euclidean_error,evaluable,,120.0,105.0,810.0,True,MOCK DATA / NOT A SCIENTIFIC RESULT,displacement-report-draft-v1,
MOCK_S06,MOCK_G03,0,non_speaking,left_cheek,pcmci,0.0071569627377608,0.0071569627377608,MOCK_S06_non_speaking_left_cheek,2.0,900.0,26511b32225d784b47c8ae6573d5554006264b85095ecdddf1cbc2aea552e3cd,displacement_mean_euclidean_error,evaluable,,120.0,3.0,14.0,True,MOCK DATA / NOT A SCIENTIFIC RESULT,displacement-report-draft-v1,
MOCK_S06,MOCK_G03,0,non_speaking,right_cheek,persistence,0.0065110807762915,,MOCK_S06_non_speaking_right_cheek,2.0,900.0,26511b32225d784b47c8ae6573d5554006264b85095ecdddf1cbc2aea552e3cd,displacement_mean_euclidean_error,evaluable,,120.0,0.0,0.0,True,MOCK DATA / NOT A SCIENTIFIC RESULT,displacement-report-draft-v1,
MOCK_S06,MOCK_G03,0,non_speaking,right_cheek,self,0.007612322717601,0.007612322717601,MOCK_S06_non_speaking_right_cheek,2.0,900.0,26511b32225d784b47c8ae6573d5554006264b85095ecdddf1cbc2aea552e3cd,displacement_mean_euclidean_error,evaluable,,120.0,0.0,0.0,True,MOCK DATA / NOT A SCIENTIFIC RESULT,displacement-report-draft-v1,
MOCK_S06,MOCK_G03,0,non_speaking,right_cheek,full,0.0079527451395621,0.0079527451395621,MOCK_S06_non_speaking_right_cheek,2.0,900.0,26511b32225d784b47c8ae6573d5554006264b85095ecdddf1cbc2aea552e3cd,displacement_mean_euclidean_error,evaluable,,120.0,105.0,810.0,True,MOCK DATA / NOT A SCIENTIFIC RESULT,displacement-report-draft-v1,
MOCK_S06,MOCK_G03,0,non_speaking,right_cheek,pcmci,0.0066506126003189,0.0066506126003189,MOCK_S06_non_speaking_right_cheek,2.0,900.0,26511b32225d784b47c8ae6573d5554006264b85095ecdddf1cbc2aea552e3cd,displacement_mean_euclidean_error,evaluable,,120.0,3.0,38.0,True,MOCK DATA / NOT A SCIENTIFIC RESULT,displacement-report-draft-v1,
MOCK_S06,MOCK_G03,0,non_speaking,mouth,persistence,0.0067068787521531,,MOCK_S06_non_speaking_mouth,8.0,900.0,26511b32225d784b47c8ae6573d5554006264b85095ecdddf1cbc2aea552e3cd,displacement_mean_euclidean_error,evaluable,,480.0,0.0,0.0,True,MOCK DATA / NOT A SCIENTIFIC RESULT,displacement-report-draft-v1,
MOCK_S06,MOCK_G03,0,non_speaking,mouth,self,0.007912322717601,0.007912322717601,MOCK_S06_non_speaking_mouth,8.0,900.0,26511b32225d784b47c8ae6573d5554006264b85095ecdddf1cbc2aea552e3cd,displacement_mean_euclidean_error,evaluable,,480.0,0.0,0.0,True,MOCK DATA / NOT A SCIENTIFIC RESULT,displacement-report-draft-v1,
MOCK_S06,MOCK_G03,0,non_speaking,mouth,full,0.0077332293543186,0.0077332293543186,MOCK_S06_non_speaking_mouth,8.0,900.0,26511b32225d784b47c8ae6573d5554006264b85095ecdddf1cbc2aea552e3cd,displacement_mean_euclidean_error,evaluable,,480.0,105.0,630.0,True,MOCK DATA / NOT A SCIENTIFIC RESULT,displacement-report-draft-v1,
MOCK_S06,MOCK_G03,0,non_speaking,mouth,pcmci,0.0066147263848341,0.0066147263848341,MOCK_S06_non_speaking_mouth,8.0,900.0,26511b32225d784b47c8ae6573d5554006264b85095ecdddf1cbc2aea552e3cd,displacement_mean_euclidean_error,evaluable,,480.0,3.0,18.0,True,MOCK DATA / NOT A SCIENTIFIC RESULT,displacement-report-draft-v1,
MOCK_S06,MOCK_G03,0,non_speaking,jaw,persistence,0.0067883252309856,,MOCK_S06_non_speaking_jaw,3.0,900.0,26511b32225d784b47c8ae6573d5554006264b85095ecdddf1cbc2aea552e3cd,displacement_mean_euclidean_error,evaluable,,180.0,0.0,0.0,True,MOCK DATA / NOT A SCIENTIFIC RESULT,displacement-report-draft-v1,
MOCK_S06,MOCK_G03,0,non_speaking,jaw,self,0.008212322717601,0.008212322717601,MOCK_S06_non_speaking_jaw,3.0,900.0,26511b32225d784b47c8ae6573d5554006264b85095ecdddf1cbc2aea552e3cd,displacement_mean_euclidean_error,evaluable,,180.0,0.0,0.0,True,MOCK DATA / NOT A SCIENTIFIC RESULT,displacement-report-draft-v1,
MOCK_S06,MOCK_G03,0,non_speaking,jaw,full,0.0071727037178006,0.0071727037178006,MOCK_S06_non_speaking_jaw,3.0,900.0,26511b32225d784b47c8ae6573d5554006264b85095ecdddf1cbc2aea552e3cd,displacement_mean_euclidean_error,evaluable,,180.0,105.0,780.0,True,MOCK DATA / NOT A SCIENTIFIC RESULT,displacement-report-draft-v1,
MOCK_S06,MOCK_G03,0,non_speaking,jaw,pcmci,0.0073581163288044,0.0073581163288044,MOCK_S06_non_speaking_jaw,3.0,900.0,26511b32225d784b47c8ae6573d5554006264b85095ecdddf1cbc2aea552e3cd,displacement_mean_euclidean_error,evaluable,,180.0,3.0,20.0,True,MOCK DATA / NOT A SCIENTIFIC RESULT,displacement-report-draft-v1,
MOCK_S07,MOCK_G04,1,speaking,left_brow,persistence,0.0063800511882635,,MOCK_S07_speaking_left_brow,3.0,900.0,92269ddcd8c3718dd9a1c1dcad9678bcd2a8844331314fd152c296837562f2db,displacement_mean_euclidean_error,evaluable,,180.0,0.0,0.0,True,MOCK DATA / NOT A SCIENTIFIC RESULT,displacement-report-draft-v1,
MOCK_S07,MOCK_G04,1,speaking,left_brow,self,0.0059161753505403,0.0059161753505403,MOCK_S07_speaking_left_brow,3.0,900.0,92269ddcd8c3718dd9a1c1dcad9678bcd2a8844331314fd152c296837562f2db,displacement_mean_euclidean_error,evaluable,,180.0,0.0,0.0,True,MOCK DATA / NOT A SCIENTIFIC RESULT,displacement-report-draft-v1,
MOCK_S07,MOCK_G04,1,speaking,left_brow,full,0.0049679069515749,0.0049679069515749,MOCK_S07_speaking_left_brow,3.0,900.0,92269ddcd8c3718dd9a1c1dcad9678bcd2a8844331314fd152c296837562f2db,displacement_mean_euclidean_error,evaluable,,180.0,105.0,780.0,True,MOCK DATA / NOT A SCIENTIFIC RESULT,displacement-report-draft-v1,
MOCK_S07,MOCK_G04,1,speaking,left_brow,pcmci,0.0046246817284299,0.0046246817284299,MOCK_S07_speaking_left_brow,3.0,900.0,92269ddcd8c3718dd9a1c1dcad9678bcd2a8844331314fd152c296837562f2db,displacement_mean_euclidean_error,evaluable,,180.0,3.0,20.0,True,MOCK DATA / NOT A SCIENTIFIC RESULT,displacement-report-draft-v1,
MOCK_S07,MOCK_G04,1,speaking,right_brow,persistence,0.0065625768928657,,MOCK_S07_speaking_right_brow,3.0,900.0,92269ddcd8c3718dd9a1c1dcad9678bcd2a8844331314fd152c296837562f2db,displacement_mean_euclidean_error,evaluable,,180.0,0.0,0.0,True,MOCK DATA / NOT A SCIENTIFIC RESULT,displacement-report-draft-v1,
MOCK_S07,MOCK_G04,1,speaking,right_brow,self,0.0062161753505403,0.0062161753505403,MOCK_S07_speaking_right_brow,3.0,900.0,92269ddcd8c3718dd9a1c1dcad9678bcd2a8844331314fd152c296837562f2db,displacement_mean_euclidean_error,evaluable,,180.0,0.0,0.0,True,MOCK DATA / NOT A SCIENTIFIC RESULT,displacement-report-draft-v1,
MOCK_S07,MOCK_G04,1,speaking,right_brow,full,0.0047718534472702,0.0047718534472702,MOCK_S07_speaking_right_brow,3.0,900.0,92269ddcd8c3718dd9a1c1dcad9678bcd2a8844331314fd152c296837562f2db,displacement_mean_euclidean_error,evaluable,,180.0,105.0,780.0,True,MOCK DATA / NOT A SCIENTIFIC RESULT,displacement-report-draft-v1,
MOCK_S07,MOCK_G04,1,speaking,right_brow,pcmci,0.0052105782728062,0.0052105782728062,MOCK_S07_speaking_right_brow,3.0,900.0,92269ddcd8c3718dd9a1c1dcad9678bcd2a8844331314fd152c296837562f2db,displacement_mean_euclidean_error,evaluable,,180.0,3.0,20.0,True,MOCK DATA / NOT A SCIENTIFIC RESULT,displacement-report-draft-v1,
MOCK_S07,MOCK_G04,1,speaking,left_eyelid,persistence,0.0065150721215219,,MOCK_S07_speaking_left_eyelid,4.0,900.0,92269ddcd8c3718dd9a1c1dcad9678bcd2a8844331314fd152c296837562f2db,displacement_mean_euclidean_error,evaluable,,240.0,0.0,0.0,True,MOCK DATA / NOT A SCIENTIFIC RESULT,displacement-report-draft-v1,
MOCK_S07,MOCK_G04,1,speaking,left_eyelid,self,0.0065161753505403,0.0065161753505403,MOCK_S07_speaking_left_eyelid,4.0,900.0,92269ddcd8c3718dd9a1c1dcad9678bcd2a8844331314fd152c296837562f2db,displacement_mean_euclidean_error,evaluable,,240.0,0.0,0.0,True,MOCK DATA / NOT A SCIENTIFIC RESULT,displacement-report-draft-v1,
MOCK_S07,MOCK_G04,1,speaking,left_eyelid,full,0.0053980353764552,0.0053980353764552,MOCK_S07_speaking_left_eyelid,4.0,900.0,92269ddcd8c3718dd9a1c1dcad9678bcd2a8844331314fd152c296837562f2db,displacement_mean_euclidean_error,evaluable,,240.0,105.0,750.0,True,MOCK DATA / NOT A SCIENTIFIC RESULT,displacement-report-draft-v1,
MOCK_S07,MOCK_G04,1,speaking,left_eyelid,pcmci,0.006307288208184,0.006307288208184,MOCK_S07_speaking_left_eyelid,4.0,900.0,92269ddcd8c3718dd9a1c1dcad9678bcd2a8844331314fd152c296837562f2db,displacement_mean_euclidean_error,evaluable,,240.0,3.0,20.0,True,MOCK DATA / NOT A SCIENTIFIC RESULT,displacement-report-draft-v1,
MOCK_S07,MOCK_G04,1,speaking,right_eyelid,persistence,0.0065609592517973,,MOCK_S07_speaking_right_eyelid,4.0,900.0,92269ddcd8c3718dd9a1c1dcad9678bcd2a8844331314fd152c296837562f2db,displacement_mean_euclidean_error,evaluable,,240.0,0.0,0.0,True,MOCK DATA / NOT A SCIENTIFIC RESULT,displacement-report-draft-v1,
MOCK_S07,MOCK_G04,1,speaking,right_eyelid,self,0.0068161753505403,0.0068161753505403,MOCK_S07_speaking_right_eyelid,4.0,900.0,92269ddcd8c3718dd9a1c1dcad9678bcd2a8844331314fd152c296837562f2db,displacement_mean_euclidean_error,evaluable,,240.0,0.0,0.0,True,MOCK DATA / NOT A SCIENTIFIC RESULT,displacement-report-draft-v1,
MOCK_S07,MOCK_G04,1,speaking,right_eyelid,full,0.0065465625777023,0.0065465625777023,MOCK_S07_speaking_right_eyelid,4.0,900.0,92269ddcd8c3718dd9a1c1dcad9678bcd2a8844331314fd152c296837562f2db,displacement_mean_euclidean_error,evaluable,,240.0,105.0,750.0,True,MOCK DATA / NOT A SCIENTIFIC RESULT,displacement-report-draft-v1,
MOCK_S07,MOCK_G04,1,speaking,right_eyelid,pcmci,0.0071823200941931,0.0071823200941931,MOCK_S07_speaking_right_eyelid,4.0,900.0,92269ddcd8c3718dd9a1c1dcad9678bcd2a8844331314fd152c296837562f2db,displacement_mean_euclidean_error,evaluable,,240.0,3.0,24.0,True,MOCK DATA / NOT A SCIENTIFIC RESULT,displacement-report-draft-v1,
MOCK_S07,MOCK_G04,1,speaking,left_cheek,persistence,0.0065397804812183,,MOCK_S07_speaking_left_cheek,2.0,900.0,92269ddcd8c3718dd9a1c1dcad9678bcd2a8844331314fd152c296837562f2db,displacement_mean_euclidean_error,evaluable,,120.0,0.0,0.0,True,MOCK DATA / NOT A SCIENTIFIC RESULT,displacement-report-draft-v1,
MOCK_S07,MOCK_G04,1,speaking,left_cheek,self,0.0071161753505403,0.0071161753505403,MOCK_S07_speaking_left_cheek,2.0,900.0,92269ddcd8c3718dd9a1c1dcad9678bcd2a8844331314fd152c296837562f2db,displacement_mean_euclidean_error,evaluable,,120.0,0.0,0.0,True,MOCK DATA / NOT A SCIENTIFIC RESULT,displacement-report-draft-v1,
MOCK_S07,MOCK_G04,1,speaking,left_cheek,full,0.0074373030553686,0.0074373030553686,MOCK_S07_speaking_left_cheek,2.0,900.0,92269ddcd8c3718dd9a1c1dcad9678bcd2a8844331314fd152c296837562f2db,displacement_mean_euclidean_error,evaluable,,120.0,105.0,810.0,True,MOCK DATA / NOT A SCIENTIFIC RESULT,displacement-report-draft-v1,
MOCK_S07,MOCK_G04,1,speaking,left_cheek,pcmci,0.0073069922667321,0.0073069922667321,MOCK_S07_speaking_left_cheek,2.0,900.0,92269ddcd8c3718dd9a1c1dcad9678bcd2a8844331314fd152c296837562f2db,displacement_mean_euclidean_error,evaluable,,120.0,3.0,14.0,True,MOCK DATA / NOT A SCIENTIFIC RESULT,displacement-report-draft-v1,
MOCK_S07,MOCK_G04,1,speaking,right_cheek,persistence,0.0065097433339727,,MOCK_S07_speaking_right_cheek,2.0,900.0,92269ddcd8c3718dd9a1c1dcad9678bcd2a8844331314fd152c296837562f2db,displacement_mean_euclidean_error,evaluable,,120.0,0.0,0.0,True,MOCK DATA / NOT A SCIENTIFIC RESULT,displacement-report-draft-v1,
MOCK_S07,MOCK_G04,1,speaking,right_cheek,self,0.0074161753505403,0.0074161753505403,MOCK_S07_speaking_right_cheek,2.0,900.0,92269ddcd8c3718dd9a1c1dcad9678bcd2a8844331314fd152c296837562f2db,displacement_mean_euclidean_error,evaluable,,120.0,0.0,0.0,True,MOCK DATA / NOT A SCIENTIFIC RESULT,displacement-report-draft-v1,
MOCK_S07,MOCK_G04,1,speaking,right_cheek,full,0.007527132738627,0.007527132738627,MOCK_S07_speaking_right_cheek,2.0,900.0,92269ddcd8c3718dd9a1c1dcad9678bcd2a8844331314fd152c296837562f2db,displacement_mean_euclidean_error,evaluable,,120.0,105.0,810.0,True,MOCK DATA / NOT A SCIENTIFIC RESULT,displacement-report-draft-v1,
MOCK_S07,MOCK_G04,1,speaking,right_cheek,pcmci,0.006842500321803,0.006842500321803,MOCK_S07_speaking_right_cheek,2.0,900.0,92269ddcd8c3718dd9a1c1dcad9678bcd2a8844331314fd152c296837562f2db,displacement_mean_euclidean_error,evaluable,,120.0,3.0,38.0,True,MOCK DATA / NOT A SCIENTIFIC RESULT,displacement-report-draft-v1,
MOCK_S07,MOCK_G04,1,speaking,mouth,persistence,0.0066648443035476,,MOCK_S07_speaking_mouth,8.0,900.0,92269ddcd8c3718dd9a1c1dcad9678bcd2a8844331314fd152c296837562f2db,displacement_mean_euclidean_error,evaluable,,480.0,0.0,0.0,True,MOCK DATA / NOT A SCIENTIFIC RESULT,displacement-report-draft-v1,
MOCK_S07,MOCK_G04,1,speaking,mouth,self,0.0077161753505403,0.0077161753505403,MOCK_S07_speaking_mouth,8.0,900.0,92269ddcd8c3718dd9a1c1dcad9678bcd2a8844331314fd152c296837562f2db,displacement_mean_euclidean_error,evaluable,,480.0,0.0,0.0,True,MOCK DATA / NOT A SCIENTIFIC RESULT,displacement-report-draft-v1,
MOCK_S07,MOCK_G04,1,speaking,mouth,full,0.0070092812474396,0.0070092812474396,MOCK_S07_speaking_mouth,8.0,900.0,92269ddcd8c3718dd9a1c1dcad9678bcd2a8844331314fd152c296837562f2db,displacement_mean_euclidean_error,evaluable,,480.0,105.0,630.0,True,MOCK DATA / NOT A SCIENTIFIC RESULT,displacement-report-draft-v1,
MOCK_S07,MOCK_G04,1,speaking,mouth,pcmci,0.0064917146279383,0.0064917146279383,MOCK_S07_speaking_mouth,8.0,900.0,92269ddcd8c3718dd9a1c1dcad9678bcd2a8844331314fd152c296837562f2db,displacement_mean_euclidean_error,evaluable,,480.0,3.0,18.0,True,MOCK DATA / NOT A SCIENTIFIC RESULT,displacement-report-draft-v1,
MOCK_S07,MOCK_G04,1,speaking,jaw,persistence,0.0067688518891445,,MOCK_S07_speaking_jaw,3.0,900.0,92269ddcd8c3718dd9a1c1dcad9678bcd2a8844331314fd152c296837562f2db,displacement_mean_euclidean_error,evaluable,,180.0,0.0,0.0,True,MOCK DATA / NOT A SCIENTIFIC RESULT,displacement-report-draft-v1,
MOCK_S07,MOCK_G04,1,speaking,jaw,self,0.0080161753505403,0.0080161753505403,MOCK_S07_speaking_jaw,3.0,900.0,92269ddcd8c3718dd9a1c1dcad9678bcd2a8844331314fd152c296837562f2db,displacement_mean_euclidean_error,evaluable,,180.0,0.0,0.0,True,MOCK DATA / NOT A SCIENTIFIC RESULT,displacement-report-draft-v1,
MOCK_S07,MOCK_G04,1,speaking,jaw,full,0.0066356774710887,0.0066356774710887,MOCK_S07_speaking_jaw,3.0,900.0,92269ddcd8c3718dd9a1c1dcad9678bcd2a8844331314fd152c296837562f2db,displacement_mean_euclidean_error,evaluable,,180.0,105.0,780.0,True,MOCK DATA / NOT A SCIENTIFIC RESULT,displacement-report-draft-v1,
MOCK_S07,MOCK_G04,1,speaking,jaw,pcmci,0.0068529645508253,0.0068529645508253,MOCK_S07_speaking_jaw,3.0,900.0,92269ddcd8c3718dd9a1c1dcad9678bcd2a8844331314fd152c296837562f2db,displacement_mean_euclidean_error,evaluable,,180.0,3.0,20.0,True,MOCK DATA / NOT A SCIENTIFIC RESULT,displacement-report-draft-v1,
MOCK_S07,MOCK_G04,1,non_speaking,left_brow,persistence,0.0064229225483996,,MOCK_S07_non_speaking_left_brow,3.0,900.0,0596154b7781205cdd064ad50d8cfb890f8f00362fb8e28f706b9c4c2e1b49ab,displacement_mean_euclidean_error,evaluable,,180.0,0.0,0.0,True,MOCK DATA / NOT A SCIENTIFIC RESULT,displacement-report-draft-v1,
MOCK_S07,MOCK_G04,1,non_speaking,left_brow,self,0.0063161753505403,0.0063161753505403,MOCK_S07_non_speaking_left_brow,3.0,900.0,0596154b7781205cdd064ad50d8cfb890f8f00362fb8e28f706b9c4c2e1b49ab,displacement_mean_euclidean_error,evaluable,,180.0,0.0,0.0,True,MOCK DATA / NOT A SCIENTIFIC RESULT,displacement-report-draft-v1,
MOCK_S07,MOCK_G04,1,non_speaking,left_brow,full,0.0053679069515749,0.0053679069515749,MOCK_S07_non_speaking_left_brow,3.0,900.0,0596154b7781205cdd064ad50d8cfb890f8f00362fb8e28f706b9c4c2e1b49ab,displacement_mean_euclidean_error,evaluable,,180.0,105.0,780.0,True,MOCK DATA / NOT A SCIENTIFIC RESULT,displacement-report-draft-v1,
MOCK_S07,MOCK_G04,1,non_speaking,left_brow,pcmci,0.0063161753505403,0.0063161753505403,MOCK_S07_non_speaking_left_brow,3.0,900.0,0596154b7781205cdd064ad50d8cfb890f8f00362fb8e28f706b9c4c2e1b49ab,displacement_mean_euclidean_error,evaluable,,180.0,0.0,0.0,True,MOCK DATA / NOT A SCIENTIFIC RESULT,displacement-report-draft-v1,
MOCK_S07,MOCK_G04,1,non_speaking,right_brow,persistence,0.0064986957819184,,MOCK_S07_non_speaking_right_brow,3.0,900.0,0596154b7781205cdd064ad50d8cfb890f8f00362fb8e28f706b9c4c2e1b49ab,displacement_mean_euclidean_error,evaluable,,180.0,0.0,0.0,True,MOCK DATA / NOT A SCIENTIFIC RESULT,displacement-report-draft-v1,
MOCK_S07,MOCK_G04,1,non_speaking,right_brow,self,0.0066161753505403,0.0066161753505403,MOCK_S07_non_speaking_right_brow,3.0,900.0,0596154b7781205cdd064ad50d8cfb890f8f00362fb8e28f706b9c4c2e1b49ab,displacement_mean_euclidean_error,evaluable,,180.0,0.0,0.0,True,MOCK DATA / NOT A SCIENTIFIC RESULT,displacement-report-draft-v1,
MOCK_S07,MOCK_G04,1,non_speaking,right_brow,full,0.0051718534472702,0.0051718534472702,MOCK_S07_non_speaking_right_brow,3.0,900.0,0596154b7781205cdd064ad50d8cfb890f8f00362fb8e28f706b9c4c2e1b49ab,displacement_mean_euclidean_error,evaluable,,180.0,105.0,780.0,True,MOCK DATA / NOT A SCIENTIFIC RESULT,displacement-report-draft-v1,
MOCK_S07,MOCK_G04,1,non_speaking,right_brow,pcmci,0.006407288208184,0.006407288208184,MOCK_S07_non_speaking_right_brow,3.0,900.0,0596154b7781205cdd064ad50d8cfb890f8f00362fb8e28f706b9c4c2e1b49ab,displacement_mean_euclidean_error,evaluable,,180.0,3.0,20.0,True,MOCK DATA / NOT A SCIENTIFIC RESULT,displacement-report-draft-v1,
MOCK_S07,MOCK_G04,1,non_speaking,left_eyelid,persistence,0.0064418547783799,,MOCK_S07_non_speaking_left_eyelid,4.0,900.0,0596154b7781205cdd064ad50d8cfb890f8f00362fb8e28f706b9c4c2e1b49ab,displacement_mean_euclidean_error,evaluable,,240.0,0.0,0.0,True,MOCK DATA / NOT A SCIENTIFIC RESULT,displacement-report-draft-v1,
MOCK_S07,MOCK_G04,1,non_speaking,left_eyelid,self,0.0069161753505403,0.0069161753505403,MOCK_S07_non_speaking_left_eyelid,4.0,900.0,0596154b7781205cdd064ad50d8cfb890f8f00362fb8e28f706b9c4c2e1b49ab,displacement_mean_euclidean_error,evaluable,,240.0,0.0,0.0,True,MOCK DATA / NOT A SCIENTIFIC RESULT,displacement-report-draft-v1,
MOCK_S07,MOCK_G04,1,non_speaking,left_eyelid,full,0.0057980353764552,0.0057980353764552,MOCK_S07_non_speaking_left_eyelid,4.0,900.0,0596154b7781205cdd064ad50d8cfb890f8f00362fb8e28f706b9c4c2e1b49ab,displacement_mean_euclidean_error,evaluable,,240.0,105.0,750.0,True,MOCK DATA / NOT A SCIENTIFIC RESULT,displacement-report-draft-v1,
MOCK_S07,MOCK_G04,1,non_speaking,left_eyelid,pcmci,0.0072823200941931,0.0072823200941931,MOCK_S07_non_speaking_left_eyelid,4.0,900.0,0596154b7781205cdd064ad50d8cfb890f8f00362fb8e28f706b9c4c2e1b49ab,displacement_mean_euclidean_error,evaluable,,240.0,3.0,20.0,True,MOCK DATA / NOT A SCIENTIFIC RESULT,displacement-report-draft-v1,
MOCK_S07,MOCK_G04,1,non_speaking,right_eyelid,persistence,0.0065896522009554,,MOCK_S07_non_speaking_right_eyelid,4.0,900.0,0596154b7781205cdd064ad50d8cfb890f8f00362fb8e28f706b9c4c2e1b49ab,displacement_mean_euclidean_error,evaluable,,240.0,0.0,0.0,True,MOCK DATA / NOT A SCIENTIFIC RESULT,displacement-report-draft-v1,
MOCK_S07,MOCK_G04,1,non_speaking,right_eyelid,self,0.0072161753505403,0.0072161753505403,MOCK_S07_non_speaking_right_eyelid,4.0,900.0,0596154b7781205cdd064ad50d8cfb890f8f00362fb8e28f706b9c4c2e1b49ab,displacement_mean_euclidean_error,evaluable,,240.0,0.0,0.0,True,MOCK DATA / NOT A SCIENTIFIC RESULT,displacement-report-draft-v1,
MOCK_S07,MOCK_G04,1,non_speaking,right_eyelid,full,0.0069465625777023,0.0069465625777023,MOCK_S07_non_speaking_right_eyelid,4.0,900.0,0596154b7781205cdd064ad50d8cfb890f8f00362fb8e28f706b9c4c2e1b49ab,displacement_mean_euclidean_error,evaluable,,240.0,105.0,750.0,True,MOCK DATA / NOT A SCIENTIFIC RESULT,displacement-report-draft-v1,
MOCK_S07,MOCK_G04,1,non_speaking,right_eyelid,pcmci,0.0074069922667321,0.0074069922667321,MOCK_S07_non_speaking_right_eyelid,4.0,900.0,0596154b7781205cdd064ad50d8cfb890f8f00362fb8e28f706b9c4c2e1b49ab,displacement_mean_euclidean_error,evaluable,,240.0,3.0,24.0,True,MOCK DATA / NOT A SCIENTIFIC RESULT,displacement-report-draft-v1,
MOCK_S07,MOCK_G04,1,non_speaking,left_cheek,persistence,0.006673131584109,,MOCK_S07_non_speaking_left_cheek,2.0,900.0,0596154b7781205cdd064ad50d8cfb890f8f00362fb8e28f706b9c4c2e1b49ab,displacement_mean_euclidean_error,evaluable,,120.0,0.0,0.0,True,MOCK DATA / NOT A SCIENTIFIC RESULT,displacement-report-draft-v1,
MOCK_S07,MOCK_G04,1,non_speaking,left_cheek,self,0.0075161753505403,0.0075161753505403,MOCK_S07_non_speaking_left_cheek,2.0,900.0,0596154b7781205cdd064ad50d8cfb890f8f00362fb8e28f706b9c4c2e1b49ab,displacement_mean_euclidean_error,evaluable,,120.0,0.0,0.0,True,MOCK DATA / NOT A SCIENTIFIC RESULT,displacement-report-draft-v1,
MOCK_S07,MOCK_G04,1,non_speaking,left_cheek,full,0.0078373030553686,0.0078373030553686,MOCK_S07_non_speaking_left_cheek,2.0,900.0,0596154b7781205cdd064ad50d8cfb890f8f00362fb8e28f706b9c4c2e1b49ab,displacement_mean_euclidean_error,evaluable,,120.0,105.0,810.0,True,MOCK DATA / NOT A SCIENTIFIC RESULT,displacement-report-draft-v1,
MOCK_S07,MOCK_G04,1,non_speaking,left_cheek,pcmci,0.006942500321803,0.006942500321803,MOCK_S07_non_speaking_left_cheek,2.0,900.0,0596154b7781205cdd064ad50d8cfb890f8f00362fb8e28f706b9c4c2e1b49ab,displacement_mean_euclidean_error,evaluable,,120.0,3.0,14.0,True,MOCK DATA / NOT A SCIENTIFIC RESULT,displacement-report-draft-v1,
MOCK_S07,MOCK_G04,1,non_speaking,right_cheek,persistence,0.0065706149602767,,MOCK_S07_non_speaking_right_cheek,2.0,900.0,0596154b7781205cdd064ad50d8cfb890f8f00362fb8e28f706b9c4c2e1b49ab,displacement_mean_euclidean_error,evaluable,,120.0,0.0,0.0,True,MOCK DATA / NOT A SCIENTIFIC RESULT,displacement-report-draft-v1,
MOCK_S07,MOCK_G04,1,non_speaking,right_cheek,self,0.0078161753505403,0.0078161753505403,MOCK_S07_non_speaking_right_cheek,2.0,900.0,0596154b7781205cdd064ad50d8cfb890f8f00362fb8e28f706b9c4c2e1b49ab,displacement_mean_euclidean_error,evaluable,,120.0,0.0,0.0,True,MOCK DATA / NOT A SCIENTIFIC RESULT,displacement-report-draft-v1,
MOCK_S07,MOCK_G04,1,non_speaking,right_cheek,full,0.007927132738627,0.007927132738627,MOCK_S07_non_speaking_right_cheek,2.0,900.0,0596154b7781205cdd064ad50d8cfb890f8f00362fb8e28f706b9c4c2e1b49ab,displacement_mean_euclidean_error,evaluable,,120.0,105.0,810.0,True,MOCK DATA / NOT A SCIENTIFIC RESULT,displacement-report-draft-v1,
MOCK_S07,MOCK_G04,1,non_speaking,right_cheek,pcmci,0.0065917146279383,0.0065917146279383,MOCK_S07_non_speaking_right_cheek,2.0,900.0,0596154b7781205cdd064ad50d8cfb890f8f00362fb8e28f706b9c4c2e1b49ab,displacement_mean_euclidean_error,evaluable,,120.0,3.0,38.0,True,MOCK DATA / NOT A SCIENTIFIC RESULT,displacement-report-draft-v1,
MOCK_S07,MOCK_G04,1,non_speaking,mouth,persistence,0.0066864555568164,,MOCK_S07_non_speaking_mouth,8.0,900.0,0596154b7781205cdd064ad50d8cfb890f8f00362fb8e28f706b9c4c2e1b49ab,displacement_mean_euclidean_error,evaluable,,480.0,0.0,0.0,True,MOCK DATA / NOT A SCIENTIFIC RESULT,displacement-report-draft-v1,
MOCK_S07,MOCK_G04,1,non_speaking,mouth,self,0.0081161753505403,0.0081161753505403,MOCK_S07_non_speaking_mouth,8.0,900.0,0596154b7781205cdd064ad50d8cfb890f8f00362fb8e28f706b9c4c2e1b49ab,displacement_mean_euclidean_error,evaluable,,480.0,0.0,0.0,True,MOCK DATA / NOT A SCIENTIFIC RESULT,displacement-report-draft-v1,
MOCK_S07,MOCK_G04,1,non_speaking,mouth,full,0.0074092812474396,0.0074092812474396,MOCK_S07_non_speaking_mouth,8.0,900.0,0596154b7781205cdd064ad50d8cfb890f8f00362fb8e28f706b9c4c2e1b49ab,displacement_mean_euclidean_error,evaluable,,480.0,105.0,630.0,True,MOCK DATA / NOT A SCIENTIFIC RESULT,displacement-report-draft-v1,
MOCK_S07,MOCK_G04,1,non_speaking,mouth,pcmci,0.0069529645508253,0.0069529645508253,MOCK_S07_non_speaking_mouth,8.0,900.0,0596154b7781205cdd064ad50d8cfb890f8f00362fb8e28f706b9c4c2e1b49ab,displacement_mean_euclidean_error,evaluable,,480.0,3.0,18.0,True,MOCK DATA / NOT A SCIENTIFIC RESULT,displacement-report-draft-v1,
MOCK_S07,MOCK_G04,1,non_speaking,jaw,persistence,0.0067515592180364,,MOCK_S07_non_speaking_jaw,3.0,900.0,0596154b7781205cdd064ad50d8cfb890f8f00362fb8e28f706b9c4c2e1b49ab,displacement_mean_euclidean_error,evaluable,,180.0,0.0,0.0,True,MOCK DATA / NOT A SCIENTIFIC RESULT,displacement-report-draft-v1,
MOCK_S07,MOCK_G04,1,non_speaking,jaw,self,0.0084161753505403,0.0084161753505403,MOCK_S07_non_speaking_jaw,3.0,900.0,0596154b7781205cdd064ad50d8cfb890f8f00362fb8e28f706b9c4c2e1b49ab,displacement_mean_euclidean_error,evaluable,,180.0,0.0,0.0,True,MOCK DATA / NOT A SCIENTIFIC RESULT,displacement-report-draft-v1,
MOCK_S07,MOCK_G04,1,non_speaking,jaw,full,0.0070356774710887,0.0070356774710887,MOCK_S07_non_speaking_jaw,3.0,900.0,0596154b7781205cdd064ad50d8cfb890f8f00362fb8e28f706b9c4c2e1b49ab,displacement_mean_euclidean_error,evaluable,,180.0,105.0,780.0,True,MOCK DATA / NOT A SCIENTIFIC RESULT,displacement-report-draft-v1,
MOCK_S07,MOCK_G04,1,non_speaking,jaw,pcmci,0.0079699371938301,0.0079699371938301,MOCK_S07_non_speaking_jaw,3.0,900.0,0596154b7781205cdd064ad50d8cfb890f8f00362fb8e28f706b9c4c2e1b49ab,displacement_mean_euclidean_error,evaluable,,180.0,3.0,20.0,True,MOCK DATA / NOT A SCIENTIFIC RESULT,displacement-report-draft-v1,
MOCK_S08,MOCK_G04,1,speaking,left_brow,persistence,0.0063856534648315,,MOCK_S08_speaking_left_brow,3.0,900.0,0ec3f2aa82a7846fd50b3bac73e34998036903ddff647a58115df55cd8be10de,displacement_mean_euclidean_error,evaluable,,180.0,0.0,0.0,True,MOCK DATA / NOT A SCIENTIFIC RESULT,displacement-report-draft-v1,
MOCK_S08,MOCK_G04,1,speaking,left_brow,self,0.0061970959796156,0.0061970959796156,MOCK_S08_speaking_left_brow,3.0,900.0,0ec3f2aa82a7846fd50b3bac73e34998036903ddff647a58115df55cd8be10de,displacement_mean_euclidean_error,evaluable,,180.0,0.0,0.0,True,MOCK DATA / NOT A SCIENTIFIC RESULT,displacement-report-draft-v1,
MOCK_S08,MOCK_G04,1,speaking,left_brow,full,0.0048626777844434,0.0048626777844434,MOCK_S08_speaking_left_brow,3.0,900.0,0ec3f2aa82a7846fd50b3bac73e34998036903ddff647a58115df55cd8be10de,displacement_mean_euclidean_error,evaluable,,180.0,105.0,780.0,True,MOCK DATA / NOT A SCIENTIFIC RESULT,displacement-report-draft-v1,
MOCK_S08,MOCK_G04,1,speaking,left_brow,pcmci,0.0049511077954184,0.0049511077954184,MOCK_S08_speaking_left_brow,3.0,900.0,0ec3f2aa82a7846fd50b3bac73e34998036903ddff647a58115df55cd8be10de,displacement_mean_euclidean_error,evaluable,,180.0,3.0,20.0,True,MOCK DATA / NOT A SCIENTIFIC RESULT,displacement-report-draft-v1,
MOCK_S08,MOCK_G04,1,speaking,right_brow,persistence,0.0063406679002417,,MOCK_S08_speaking_right_brow,3.0,900.0,0ec3f2aa82a7846fd50b3bac73e34998036903ddff647a58115df55cd8be10de,displacement_mean_euclidean_error,evaluable,,180.0,0.0,0.0,True,MOCK DATA / NOT A SCIENTIFIC RESULT,displacement-report-draft-v1,
MOCK_S08,MOCK_G04,1,speaking,right_brow,self,0.0064970959796156,0.0064970959796156,MOCK_S08_speaking_right_brow,3.0,900.0,0ec3f2aa82a7846fd50b3bac73e34998036903ddff647a58115df55cd8be10de,displacement_mean_euclidean_error,evaluable,,180.0,0.0,0.0,True,MOCK DATA / NOT A SCIENTIFIC RESULT,displacement-report-draft-v1,
MOCK_S08,MOCK_G04,1,speaking,right_brow,full,0.0051519867894674,0.0051519867894674,MOCK_S08_speaking_right_brow,3.0,900.0,0ec3f2aa82a7846fd50b3bac73e34998036903ddff647a58115df55cd8be10de,displacement_mean_euclidean_error,evaluable,,180.0,105.0,780.0,True,MOCK DATA / NOT A SCIENTIFIC RESULT,displacement-report-draft-v1,
MOCK_S08,MOCK_G04,1,speaking,right_brow,pcmci,0.0058679195500994,0.0058679195500994,MOCK_S08_speaking_right_brow,3.0,900.0,0ec3f2aa82a7846fd50b3bac73e34998036903ddff647a58115df55cd8be10de,displacement_mean_euclidean_error,evaluable,,180.0,3.0,20.0,True,MOCK DATA / NOT A SCIENTIFIC RESULT,displacement-report-draft-v1,
MOCK_S08,MOCK_G04,1,speaking,left_eyelid,persistence,0.0065249393950861,,MOCK_S08_speaking_left_eyelid,4.0,900.0,0ec3f2aa82a7846fd50b3bac73e34998036903ddff647a58115df55cd8be10de,displacement_mean_euclidean_error,evaluable,,240.0,0.0,0.0,True,MOCK DATA / NOT A SCIENTIFIC RESULT,displacement-report-draft-v1,
MOCK_S08,MOCK_G04,1,speaking,left_eyelid,self,0.0067970959796156,0.0067970959796156,MOCK_S08_speaking_left_eyelid,4.0,900.0,0ec3f2aa82a7846fd50b3bac73e34998036903ddff647a58115df55cd8be10de,displacement_mean_euclidean_error,evaluable,,240.0,0.0,0.0,True,MOCK DATA / NOT A SCIENTIFIC RESULT,displacement-report-draft-v1,
MOCK_S08,MOCK_G04,1,speaking,left_eyelid,full,0.0061723155170798,0.0061723155170798,MOCK_S08_speaking_left_eyelid,4.0,900.0,0ec3f2aa82a7846fd50b3bac73e34998036903ddff647a58115df55cd8be10de,displacement_mean_euclidean_error,evaluable,,240.0,105.0,750.0,True,MOCK DATA / NOT A SCIENTIFIC RESULT,displacement-report-draft-v1,
MOCK_S08,MOCK_G04,1,speaking,left_eyelid,pcmci,0.0069494652877632,0.0069494652877632,MOCK_S08_speaking_left_eyelid,4.0,900.0,0ec3f2aa82a7846fd50b3bac73e34998036903ddff647a58115df55cd8be10de,displacement_mean_euclidean_error,evaluable,,240.0,3.0,20.0,True,MOCK DATA / NOT A SCIENTIFIC RESULT,displacement-report-draft-v1,
MOCK_S08,MOCK_G04,1,speaking,right_eyelid,persistence,0.006404004411921,,MOCK_S08_speaking_right_eyelid,4.0,900.0,0ec3f2aa82a7846fd50b3bac73e34998036903ddff647a58115df55cd8be10de,displacement_mean_euclidean_error,evaluable,,240.0,0.0,0.0,True,MOCK DATA / NOT A SCIENTIFIC RESULT,displacement-report-draft-v1,
MOCK_S08,MOCK_G04,1,speaking,right_eyelid,self,0.0070970959796156,0.0070970959796156,MOCK_S08_speaking_right_eyelid,4.0,900.0,0ec3f2aa82a7846fd50b3bac73e34998036903ddff647a58115df55cd8be10de,displacement_mean_euclidean_error,evaluable,,240.0,0.0,0.0,True,MOCK DATA / NOT A SCIENTIFIC RESULT,displacement-report-draft-v1,
MOCK_S08,MOCK_G04,1,speaking,right_eyelid,full,0.0072613970570798,0.0072613970570798,MOCK_S08_speaking_right_eyelid,4.0,900.0,0ec3f2aa82a7846fd50b3bac73e34998036903ddff647a58115df55cd8be10de,displacement_mean_euclidean_error,evaluable,,240.0,105.0,750.0,True,MOCK DATA / NOT A SCIENTIFIC RESULT,displacement-report-draft-v1,
MOCK_S08,MOCK_G04,1,speaking,right_eyelid,pcmci,0.0074771954614844,0.0074771954614844,MOCK_S08_speaking_right_eyelid,4.0,900.0,0ec3f2aa82a7846fd50b3bac73e34998036903ddff647a58115df55cd8be10de,displacement_mean_euclidean_error,evaluable,,240.0,3.0,24.0,True,MOCK DATA / NOT A SCIENTIFIC RESULT,displacement-report-draft-v1,
MOCK_S08,MOCK_G04,1,speaking,left_cheek,persistence,0.0066001708352949,,MOCK_S08_speaking_left_cheek,2.0,900.0,0ec3f2aa82a7846fd50b3bac73e34998036903ddff647a58115df55cd8be10de,displacement_mean_euclidean_error,evaluable,,120.0,0.0,0.0,True,MOCK DATA / NOT A SCIENTIFIC RESULT,displacement-report-draft-v1,
MOCK_S08,MOCK_G04,1,speaking,left_cheek,self,0.0073970959796156,0.0073970959796156,MOCK_S08_speaking_left_cheek,2.0,900.0,0ec3f2aa82a7846fd50b3bac73e34998036903ddff647a58115df55cd8be10de,displacement_mean_euclidean_error,evaluable,,120.0,0.0,0.0,True,MOCK DATA / NOT A SCIENTIFIC RESULT,displacement-report-draft-v1,
MOCK_S08,MOCK_G04,1,speaking,left_cheek,full,0.0076937534806274,0.0076937534806274,MOCK_S08_speaking_left_cheek,2.0,900.0,0ec3f2aa82a7846fd50b3bac73e34998036903ddff647a58115df55cd8be10de,displacement_mean_euclidean_error,evaluable,,120.0,105.0,810.0,True,MOCK DATA / NOT A SCIENTIFIC RESULT,displacement-report-draft-v1,
MOCK_S08,MOCK_G04,1,speaking,left_cheek,pcmci,0.0072417359997754,0.0072417359997754,MOCK_S08_speaking_left_cheek,2.0,900.0,0ec3f2aa82a7846fd50b3bac73e34998036903ddff647a58115df55cd8be10de,displacement_mean_euclidean_error,evaluable,,120.0,3.0,14.0,True,MOCK DATA / NOT A SCIENTIFIC RESULT,displacement-report-draft-v1,
MOCK_S08,MOCK_G04,1,speaking,right_cheek,persistence,0.0066427284463541,,MOCK_S08_speaking_right_cheek,2.0,900.0,0ec3f2aa82a7846fd50b3bac73e34998036903ddff647a58115df55cd8be10de,displacement_mean_euclidean_error,evaluable,,120.0,0.0,0.0,True,MOCK DATA / NOT A SCIENTIFIC RESULT,displacement-report-draft-v1,
MOCK_S08,MOCK_G04,1,speaking,right_cheek,self,0.0076970959796156,0.0076970959796156,MOCK_S08_speaking_right_cheek,2.0,900.0,0ec3f2aa82a7846fd50b3bac73e34998036903ddff647a58115df55cd8be10de,displacement_mean_euclidean_error,evaluable,,120.0,0.0,0.0,True,MOCK DATA / NOT A SCIENTIFIC RESULT,displacement-report-draft-v1,
MOCK_S08,MOCK_G04,1,speaking,right_cheek,full,0.0073476969023058,0.0073476969023058,MOCK_S08_speaking_right_cheek,2.0,900.0,0ec3f2aa82a7846fd50b3bac73e34998036903ddff647a58115df55cd8be10de,displacement_mean_euclidean_error,evaluable,,120.0,105.0,810.0,True,MOCK DATA / NOT A SCIENTIFIC RESULT,displacement-report-draft-v1,
MOCK_S08,MOCK_G04,1,speaking,right_cheek,pcmci,0.0067353858623335,0.0067353858623335,MOCK_S08_speaking_right_cheek,2.0,900.0,0ec3f2aa82a7846fd50b3bac73e34998036903ddff647a58115df55cd8be10de,displacement_mean_euclidean_error,evaluable,,120.0,3.0,38.0,True,MOCK DATA / NOT A SCIENTIFIC RESULT,displacement-report-draft-v1,
MOCK_S08,MOCK_G04,1,speaking,mouth,persistence,0.0067467752411256,,MOCK_S08_speaking_mouth,8.0,900.0,0ec3f2aa82a7846fd50b3bac73e34998036903ddff647a58115df55cd8be10de,displacement_mean_euclidean_error,evaluable,,480.0,0.0,0.0,True,MOCK DATA / NOT A SCIENTIFIC RESULT,displacement-report-draft-v1,
MOCK_S08,MOCK_G04,1,speaking,mouth,self,0.0079970959796156,0.0079970959796156,MOCK_S08_speaking_mouth,8.0,900.0,0ec3f2aa82a7846fd50b3bac73e34998036903ddff647a58115df55cd8be10de,displacement_mean_euclidean_error,evaluable,,480.0,0.0,0.0,True,MOCK DATA / NOT A SCIENTIFIC RESULT,displacement-report-draft-v1,
MOCK_S08,MOCK_G04,1,speaking,mouth,full,0.0068172087607814,0.0068172087607814,MOCK_S08_speaking_mouth,8.0,900.0,0ec3f2aa82a7846fd50b3bac73e34998036903ddff647a58115df55cd8be10de,displacement_mean_euclidean_error,evaluable,,480.0,105.0,630.0,True,MOCK DATA / NOT A SCIENTIFIC RESULT,displacement-report-draft-v1,
MOCK_S08,MOCK_G04,1,speaking,mouth,pcmci,0.0066994996468487,0.0066994996468487,MOCK_S08_speaking_mouth,8.0,900.0,0ec3f2aa82a7846fd50b3bac73e34998036903ddff647a58115df55cd8be10de,displacement_mean_euclidean_error,evaluable,,480.0,3.0,18.0,True,MOCK DATA / NOT A SCIENTIFIC RESULT,displacement-report-draft-v1,
MOCK_S08,MOCK_G04,1,speaking,jaw,persistence,0.0067546373122983,,MOCK_S08_speaking_jaw,3.0,900.0,0ec3f2aa82a7846fd50b3bac73e34998036903ddff647a58115df55cd8be10de,displacement_mean_euclidean_error,evaluable,,180.0,0.0,0.0,True,MOCK DATA / NOT A SCIENTIFIC RESULT,displacement-report-draft-v1,
MOCK_S08,MOCK_G04,1,speaking,jaw,self,0.0082970959796156,0.0082970959796156,MOCK_S08_speaking_jaw,3.0,900.0,0ec3f2aa82a7846fd50b3bac73e34998036903ddff647a58115df55cd8be10de,displacement_mean_euclidean_error,evaluable,,180.0,0.0,0.0,True,MOCK DATA / NOT A SCIENTIFIC RESULT,displacement-report-draft-v1,
MOCK_S08,MOCK_G04,1,speaking,jaw,full,0.0068658360233794,0.0068658360233794,MOCK_S08_speaking_jaw,3.0,900.0,0ec3f2aa82a7846fd50b3bac73e34998036903ddff647a58115df55cd8be10de,displacement_mean_euclidean_error,evaluable,,180.0,105.0,780.0,True,MOCK DATA / NOT A SCIENTIFIC RESULT,displacement-report-draft-v1,
MOCK_S08,MOCK_G04,1,speaking,jaw,pcmci,0.007442889590819,0.007442889590819,MOCK_S08_speaking_jaw,3.0,900.0,0ec3f2aa82a7846fd50b3bac73e34998036903ddff647a58115df55cd8be10de,displacement_mean_euclidean_error,evaluable,,180.0,3.0,20.0,True,MOCK DATA / NOT A SCIENTIFIC RESULT,displacement-report-draft-v1,
MOCK_S08,MOCK_G04,1,non_speaking,left_brow,persistence,0.0064422106598584,,MOCK_S08_non_speaking_left_brow,3.0,900.0,f6df0b1e57d3442e565022d6c2e65fde08056010a328c533252c24f44be7e3b3,displacement_mean_euclidean_error,evaluable,,180.0,0.0,0.0,True,MOCK DATA / NOT A SCIENTIFIC RESULT,displacement-report-draft-v1,
MOCK_S08,MOCK_G04,1,non_speaking,left_brow,self,0.0065970959796156,0.0065970959796156,MOCK_S08_non_speaking_left_brow,3.0,900.0,f6df0b1e57d3442e565022d6c2e65fde08056010a328c533252c24f44be7e3b3,displacement_mean_euclidean_error,evaluable,,180.0,0.0,0.0,True,MOCK DATA / NOT A SCIENTIFIC RESULT,displacement-report-draft-v1,
MOCK_S08,MOCK_G04,1,non_speaking,left_brow,full,0.0052626777844434,0.0052626777844434,MOCK_S08_non_speaking_left_brow,3.0,900.0,f6df0b1e57d3442e565022d6c2e65fde08056010a328c533252c24f44be7e3b3,displacement_mean_euclidean_error,evaluable,,180.0,105.0,780.0,True,MOCK DATA / NOT A SCIENTIFIC RESULT,displacement-report-draft-v1,
MOCK_S08,MOCK_G04,1,non_speaking,left_brow,pcmci,0.0065970959796156,0.0065970959796156,MOCK_S08_non_speaking_left_brow,3.0,900.0,f6df0b1e57d3442e565022d6c2e65fde08056010a328c533252c24f44be7e3b3,displacement_mean_euclidean_error,evaluable,,180.0,0.0,0.0,True,MOCK DATA / NOT A SCIENTIFIC RESULT,displacement-report-draft-v1,
MOCK_S08,MOCK_G04,1,non_speaking,right_brow,persistence,0.0064303956257378,,MOCK_S08_non_speaking_right_brow,3.0,900.0,f6df0b1e57d3442e565022d6c2e65fde08056010a328c533252c24f44be7e3b3,displacement_mean_euclidean_error,evaluable,,180.0,0.0,0.0,True,MOCK DATA / NOT A SCIENTIFIC RESULT,displacement-report-draft-v1,
MOCK_S08,MOCK_G04,1,non_speaking,right_brow,self,0.0068970959796156,0.0068970959796156,MOCK_S08_non_speaking_right_brow,3.0,900.0,f6df0b1e57d3442e565022d6c2e65fde08056010a328c533252c24f44be7e3b3,displacement_mean_euclidean_error,evaluable,,180.0,0.0,0.0,True,MOCK DATA / NOT A SCIENTIFIC RESULT,displacement-report-draft-v1,
MOCK_S08,MOCK_G04,1,non_speaking,right_brow,full,0.0055519867894674,0.0055519867894674,MOCK_S08_non_speaking_right_brow,3.0,900.0,f6df0b1e57d3442e565022d6c2e65fde08056010a328c533252c24f44be7e3b3,displacement_mean_euclidean_error,evaluable,,180.0,105.0,780.0,True,MOCK DATA / NOT A SCIENTIFIC RESULT,displacement-report-draft-v1,
MOCK_S08,MOCK_G04,1,non_speaking,right_brow,pcmci,0.0070494652877632,0.0070494652877632,MOCK_S08_non_speaking_right_brow,3.0,900.0,f6df0b1e57d3442e565022d6c2e65fde08056010a328c533252c24f44be7e3b3,displacement_mean_euclidean_error,evaluable,,180.0,3.0,20.0,True,MOCK DATA / NOT A SCIENTIFIC RESULT,displacement-report-draft-v1,
MOCK_S08,MOCK_G04,1,non_speaking,left_eyelid,persistence,0.0063906327589102,,MOCK_S08_non_speaking_left_eyelid,4.0,900.0,f6df0b1e57d3442e565022d6c2e65fde08056010a328c533252c24f44be7e3b3,displacement_mean_euclidean_error,evaluable,,240.0,0.0,0.0,True,MOCK DATA / NOT A SCIENTIFIC RESULT,displacement-report-draft-v1,
MOCK_S08,MOCK_G04,1,non_speaking,left_eyelid,self,0.0071970959796156,0.0071970959796156,MOCK_S08_non_speaking_left_eyelid,4.0,900.0,f6df0b1e57d3442e565022d6c2e65fde08056010a328c533252c24f44be7e3b3,displacement_mean_euclidean_error,evaluable,,240.0,0.0,0.0,True,MOCK DATA / NOT A SCIENTIFIC RESULT,displacement-report-draft-v1,
MOCK_S08,MOCK_G04,1,non_speaking,left_eyelid,full,0.0065723155170798,0.0065723155170798,MOCK_S08_non_speaking_left_eyelid,4.0,900.0,f6df0b1e57d3442e565022d6c2e65fde08056010a328c533252c24f44be7e3b3,displacement_mean_euclidean_error,evaluable,,240.0,105.0,750.0,True,MOCK DATA / NOT A SCIENTIFIC RESULT,displacement-report-draft-v1,
MOCK_S08,MOCK_G04,1,non_speaking,left_eyelid,pcmci,0.0075771954614844,0.0075771954614844,MOCK_S08_non_speaking_left_eyelid,4.0,900.0,f6df0b1e57d3442e565022d6c2e65fde08056010a328c533252c24f44be7e3b3,displacement_mean_euclidean_error,evaluable,,240.0,3.0,20.0,True,MOCK DATA / NOT A SCIENTIFIC RESULT,displacement-report-draft-v1,
MOCK_S08,MOCK_G04,1,non_speaking,right_eyelid,persistence,0.0065473825468399,,MOCK_S08_non_speaking_right_eyelid,4.0,900.0,f6df0b1e57d3442e565022d6c2e65fde08056010a328c533252c24f44be7e3b3,displacement_mean_euclidean_error,evaluable,,240.0,0.0,0.0,True,MOCK DATA / NOT A SCIENTIFIC RESULT,displacement-report-draft-v1,
MOCK_S08,MOCK_G04,1,non_speaking,right_eyelid,self,0.0074970959796156,0.0074970959796156,MOCK_S08_non_speaking_right_eyelid,4.0,900.0,f6df0b1e57d3442e565022d6c2e65fde08056010a328c533252c24f44be7e3b3,displacement_mean_euclidean_error,evaluable,,240.0,0.0,0.0,True,MOCK DATA / NOT A SCIENTIFIC RESULT,displacement-report-draft-v1,
MOCK_S08,MOCK_G04,1,non_speaking,right_eyelid,full,0.0076613970570798,0.0076613970570798,MOCK_S08_non_speaking_right_eyelid,4.0,900.0,f6df0b1e57d3442e565022d6c2e65fde08056010a328c533252c24f44be7e3b3,displacement_mean_euclidean_error,evaluable,,240.0,105.0,750.0,True,MOCK DATA / NOT A SCIENTIFIC RESULT,displacement-report-draft-v1,
MOCK_S08,MOCK_G04,1,non_speaking,right_eyelid,pcmci,0.0073417359997754,0.0073417359997754,MOCK_S08_non_speaking_right_eyelid,4.0,900.0,f6df0b1e57d3442e565022d6c2e65fde08056010a328c533252c24f44be7e3b3,displacement_mean_euclidean_error,evaluable,,240.0,3.0,24.0,True,MOCK DATA / NOT A SCIENTIFIC RESULT,displacement-report-draft-v1,
MOCK_S08,MOCK_G04,1,non_speaking,left_cheek,persistence,0.0065965282477133,,MOCK_S08_non_speaking_left_cheek,2.0,900.0,f6df0b1e57d3442e565022d6c2e65fde08056010a328c533252c24f44be7e3b3,displacement_mean_euclidean_error,evaluable,,120.0,0.0,0.0,True,MOCK DATA / NOT A SCIENTIFIC RESULT,displacement-report-draft-v1,
MOCK_S08,MOCK_G04,1,non_speaking,left_cheek,self,0.0077970959796156,0.0077970959796156,MOCK_S08_non_speaking_left_cheek,2.0,900.0,f6df0b1e57d3442e565022d6c2e65fde08056010a328c533252c24f44be7e3b3,displacement_mean_euclidean_error,evaluable,,120.0,0.0,0.0,True,MOCK DATA / NOT A SCIENTIFIC RESULT,displacement-report-draft-v1,
MOCK_S08,MOCK_G04,1,non_speaking,left_cheek,full,0.0080937534806274,0.0080937534806274,MOCK_S08_non_speaking_left_cheek,2.0,900.0,f6df0b1e57d3442e565022d6c2e65fde08056010a328c533252c24f44be7e3b3,displacement_mean_euclidean_error,evaluable,,120.0,105.0,810.0,True,MOCK DATA / NOT A SCIENTIFIC RESULT,displacement-report-draft-v1,
MOCK_S08,MOCK_G04,1,non_speaking,left_cheek,pcmci,0.0068353858623335,0.0068353858623335,MOCK_S08_non_speaking_left_cheek,2.0,900.0,f6df0b1e57d3442e565022d6c2e65fde08056010a328c533252c24f44be7e3b3,displacement_mean_euclidean_error,evaluable,,120.0,3.0,14.0,True,MOCK DATA / NOT A SCIENTIFIC RESULT,displacement-report-draft-v1,
MOCK_S08,MOCK_G04,1,non_speaking,right_cheek,persistence,0.0064776358116201,,MOCK_S08_non_speaking_right_cheek,2.0,900.0,f6df0b1e57d3442e565022d6c2e65fde08056010a328c533252c24f44be7e3b3,displacement_mean_euclidean_error,evaluable,,120.0,0.0,0.0,True,MOCK DATA / NOT A SCIENTIFIC RESULT,displacement-report-draft-v1,
MOCK_S08,MOCK_G04,1,non_speaking,right_cheek,self,0.0080970959796156,0.0080970959796156,MOCK_S08_non_speaking_right_cheek,2.0,900.0,f6df0b1e57d3442e565022d6c2e65fde08056010a328c533252c24f44be7e3b3,displacement_mean_euclidean_error,evaluable,,120.0,0.0,0.0,True,MOCK DATA / NOT A SCIENTIFIC RESULT,displacement-report-draft-v1,
MOCK_S08,MOCK_G04,1,non_speaking,right_cheek,full,0.0077476969023058,0.0077476969023058,MOCK_S08_non_speaking_right_cheek,2.0,900.0,f6df0b1e57d3442e565022d6c2e65fde08056010a328c533252c24f44be7e3b3,displacement_mean_euclidean_error,evaluable,,120.0,105.0,810.0,True,MOCK DATA / NOT A SCIENTIFIC RESULT,displacement-report-draft-v1,
MOCK_S08,MOCK_G04,1,non_speaking,right_cheek,pcmci,0.0067994996468487,0.0067994996468487,MOCK_S08_non_speaking_right_cheek,2.0,900.0,f6df0b1e57d3442e565022d6c2e65fde08056010a328c533252c24f44be7e3b3,displacement_mean_euclidean_error,evaluable,,120.0,3.0,38.0,True,MOCK DATA / NOT A SCIENTIFIC RESULT,displacement-report-draft-v1,
MOCK_S08,MOCK_G04,1,non_speaking,mouth,persistence,0.0068104166899835,,MOCK_S08_non_speaking_mouth,8.0,900.0,f6df0b1e57d3442e565022d6c2e65fde08056010a328c533252c24f44be7e3b3,displacement_mean_euclidean_error,evaluable,,480.0,0.0,0.0,True,MOCK DATA / NOT A SCIENTIFIC RESULT,displacement-report-draft-v1,
MOCK_S08,MOCK_G04,1,non_speaking,mouth,self,0.0083970959796156,0.0083970959796156,MOCK_S08_non_speaking_mouth,8.0,900.0,f6df0b1e57d3442e565022d6c2e65fde08056010a328c533252c24f44be7e3b3,displacement_mean_euclidean_error,evaluable,,480.0,0.0,0.0,True,MOCK DATA / NOT A SCIENTIFIC RESULT,displacement-report-draft-v1,
MOCK_S08,MOCK_G04,1,non_speaking,mouth,full,0.0072172087607814,0.0072172087607814,MOCK_S08_non_speaking_mouth,8.0,900.0,f6df0b1e57d3442e565022d6c2e65fde08056010a328c533252c24f44be7e3b3,displacement_mean_euclidean_error,evaluable,,480.0,105.0,630.0,True,MOCK DATA / NOT A SCIENTIFIC RESULT,displacement-report-draft-v1,
MOCK_S08,MOCK_G04,1,non_speaking,mouth,pcmci,0.007542889590819,0.007542889590819,MOCK_S08_non_speaking_mouth,8.0,900.0,f6df0b1e57d3442e565022d6c2e65fde08056010a328c533252c24f44be7e3b3,displacement_mean_euclidean_error,evaluable,,480.0,3.0,18.0,True,MOCK DATA / NOT A SCIENTIFIC RESULT,displacement-report-draft-v1,
MOCK_S08,MOCK_G04,1,non_speaking,jaw,persistence,0.0066981310671318,,MOCK_S08_non_speaking_jaw,3.0,900.0,f6df0b1e57d3442e565022d6c2e65fde08056010a328c533252c24f44be7e3b3,displacement_mean_euclidean_error,evaluable,,180.0,0.0,0.0,True,MOCK DATA / NOT A SCIENTIFIC RESULT,displacement-report-draft-v1,
MOCK_S08,MOCK_G04,1,non_speaking,jaw,self,0.0086970959796156,0.0086970959796156,MOCK_S08_non_speaking_jaw,3.0,900.0,f6df0b1e57d3442e565022d6c2e65fde08056010a328c533252c24f44be7e3b3,displacement_mean_euclidean_error,evaluable,,180.0,0.0,0.0,True,MOCK DATA / NOT A SCIENTIFIC RESULT,displacement-report-draft-v1,
MOCK_S08,MOCK_G04,1,non_speaking,jaw,full,0.0072658360233794,0.0072658360233794,MOCK_S08_non_speaking_jaw,3.0,900.0,f6df0b1e57d3442e565022d6c2e65fde08056010a328c533252c24f44be7e3b3,displacement_mean_euclidean_error,evaluable,,180.0,105.0,780.0,True,MOCK DATA / NOT A SCIENTIFIC RESULT,displacement-report-draft-v1,
MOCK_S08,MOCK_G04,1,non_speaking,jaw,pcmci,0.0086579050245556,0.0086579050245556,MOCK_S08_non_speaking_jaw,3.0,900.0,f6df0b1e57d3442e565022d6c2e65fde08056010a328c533252c24f44be7e3b3,displacement_mean_euclidean_error,evaluable,,180.0,3.0,20.0,True,MOCK DATA / NOT A SCIENTIFIC RESULT,displacement-report-draft-v1,
MOCK_S09,MOCK_G05,1,speaking,left_brow,persistence,0.0065031331553485,,MOCK_S09_speaking_left_brow,3.0,900.0,2c6eae23a6b41b4c7232e74751e07c7c391c1b798576a7bd89495d40248ea8f6,displacement_mean_euclidean_error,evaluable,,180.0,0.0,0.0,True,MOCK DATA / NOT A SCIENTIFIC RESULT,displacement-report-draft-v1,
MOCK_S09,MOCK_G05,1,speaking,left_brow,self,0.006296807473987,0.006296807473987,MOCK_S09_speaking_left_brow,3.0,900.0,2c6eae23a6b41b4c7232e74751e07c7c391c1b798576a7bd89495d40248ea8f6,displacement_mean_euclidean_error,evaluable,,180.0,0.0,0.0,True,MOCK DATA / NOT A SCIENTIFIC RESULT,displacement-report-draft-v1,
MOCK_S09,MOCK_G05,1,speaking,left_brow,full,0.0048502593260347,0.0048502593260347,MOCK_S09_speaking_left_brow,3.0,900.0,2c6eae23a6b41b4c7232e74751e07c7c391c1b798576a7bd89495d40248ea8f6,displacement_mean_euclidean_error,evaluable,,180.0,105.0,780.0,True,MOCK DATA / NOT A SCIENTIFIC RESULT,displacement-report-draft-v1,
MOCK_S09,MOCK_G05,1,speaking,left_brow,pcmci,0.0052912103962529,0.0052912103962529,MOCK_S09_speaking_left_brow,3.0,900.0,2c6eae23a6b41b4c7232e74751e07c7c391c1b798576a7bd89495d40248ea8f6,displacement_mean_euclidean_error,evaluable,,180.0,3.0,20.0,True,MOCK DATA / NOT A SCIENTIFIC RESULT,displacement-report-draft-v1,
MOCK_S09,MOCK_G05,1,speaking,right_brow,persistence,0.0065840850225209,,MOCK_S09_speaking_right_brow,3.0,900.0,2c6eae23a6b41b4c7232e74751e07c7c391c1b798576a7bd89495d40248ea8f6,displacement_mean_euclidean_error,evaluable,,180.0,0.0,0.0,True,MOCK DATA / NOT A SCIENTIFIC RESULT,displacement-report-draft-v1,
MOCK_S09,MOCK_G05,1,speaking,right_brow,self,0.006596807473987,0.006596807473987,MOCK_S09_speaking_right_brow,3.0,900.0,2c6eae23a6b41b4c7232e74751e07c7c391c1b798576a7bd89495d40248ea8f6,displacement_mean_euclidean_error,evaluable,,180.0,0.0,0.0,True,MOCK DATA / NOT A SCIENTIFIC RESULT,displacement-report-draft-v1,
MOCK_S09,MOCK_G05,1,speaking,right_brow,full,0.0056286655125146,0.0056286655125146,MOCK_S09_speaking_right_brow,3.0,900.0,2c6eae23a6b41b4c7232e74751e07c7c391c1b798576a7bd89495d40248ea8f6,displacement_mean_euclidean_error,evaluable,,180.0,105.0,780.0,True,MOCK DATA / NOT A SCIENTIFIC RESULT,displacement-report-draft-v1,
MOCK_S09,MOCK_G05,1,speaking,right_brow,pcmci,0.0063879203316307,0.0063879203316307,MOCK_S09_speaking_right_brow,3.0,900.0,2c6eae23a6b41b4c7232e74751e07c7c391c1b798576a7bd89495d40248ea8f6,displacement_mean_euclidean_error,evaluable,,180.0,3.0,20.0,True,MOCK DATA / NOT A SCIENTIFIC RESULT,displacement-report-draft-v1,
MOCK_S09,MOCK_G05,1,speaking,left_eyelid,persistence,0.0065843450775144,,MOCK_S09_speaking_left_eyelid,4.0,900.0,2c6eae23a6b41b4c7232e74751e07c7c391c1b798576a7bd89495d40248ea8f6,displacement_mean_euclidean_error,evaluable,,240.0,0.0,0.0,True,MOCK DATA / NOT A SCIENTIFIC RESULT,displacement-report-draft-v1,
MOCK_S09,MOCK_G05,1,speaking,left_eyelid,self,0.006896807473987,0.006896807473987,MOCK_S09_speaking_left_eyelid,4.0,900.0,2c6eae23a6b41b4c7232e74751e07c7c391c1b798576a7bd89495d40248ea8f6,displacement_mean_euclidean_error,evaluable,,240.0,0.0,0.0,True,MOCK DATA / NOT A SCIENTIFIC RESULT,displacement-report-draft-v1,
MOCK_S09,MOCK_G05,1,speaking,left_eyelid,full,0.0067915094900117,0.0067915094900117,MOCK_S09_speaking_left_eyelid,4.0,900.0,2c6eae23a6b41b4c7232e74751e07c7c391c1b798576a7bd89495d40248ea8f6,displacement_mean_euclidean_error,evaluable,,240.0,105.0,750.0,True,MOCK DATA / NOT A SCIENTIFIC RESULT,displacement-report-draft-v1,
MOCK_S09,MOCK_G05,1,speaking,left_eyelid,pcmci,0.0072629522176398,0.0072629522176398,MOCK_S09_speaking_left_eyelid,4.0,900.0,2c6eae23a6b41b4c7232e74751e07c7c391c1b798576a7bd89495d40248ea8f6,displacement_mean_euclidean_error,evaluable,,240.0,3.0,20.0,True,MOCK DATA / NOT A SCIENTIFIC RESULT,displacement-report-draft-v1,
MOCK_S09,MOCK_G05,1,speaking,right_eyelid,persistence,0.0066904981579835,,MOCK_S09_speaking_right_eyelid,4.0,900.0,2c6eae23a6b41b4c7232e74751e07c7c391c1b798576a7bd89495d40248ea8f6,displacement_mean_euclidean_error,evaluable,,240.0,0.0,0.0,True,MOCK DATA / NOT A SCIENTIFIC RESULT,displacement-report-draft-v1,
MOCK_S09,MOCK_G05,1,speaking,right_eyelid,self,0.007196807473987,0.007196807473987,MOCK_S09_speaking_right_eyelid,4.0,900.0,2c6eae23a6b41b4c7232e74751e07c7c391c1b798576a7bd89495d40248ea8f6,displacement_mean_euclidean_error,evaluable,,240.0,0.0,0.0,True,MOCK DATA / NOT A SCIENTIFIC RESULT,displacement-report-draft-v1,
MOCK_S09,MOCK_G05,1,speaking,right_eyelid,full,0.0075454964848241,0.0075454964848241,MOCK_S09_speaking_right_eyelid,4.0,900.0,2c6eae23a6b41b4c7232e74751e07c7c391c1b798576a7bd89495d40248ea8f6,displacement_mean_euclidean_error,evaluable,,240.0,105.0,750.0,True,MOCK DATA / NOT A SCIENTIFIC RESULT,displacement-report-draft-v1,
MOCK_S09,MOCK_G05,1,speaking,right_eyelid,pcmci,0.0073876243901788,0.0073876243901788,MOCK_S09_speaking_right_eyelid,4.0,900.0,2c6eae23a6b41b4c7232e74751e07c7c391c1b798576a7bd89495d40248ea8f6,displacement_mean_euclidean_error,evaluable,,240.0,3.0,24.0,True,MOCK DATA / NOT A SCIENTIFIC RESULT,displacement-report-draft-v1,
MOCK_S09,MOCK_G05,1,speaking,left_cheek,persistence,0.0067554766850838,,MOCK_S09_speaking_left_cheek,2.0,900.0,2c6eae23a6b41b4c7232e74751e07c7c391c1b798576a7bd89495d40248ea8f6,displacement_mean_euclidean_error,evaluable,,120.0,0.0,0.0,True,MOCK DATA / NOT A SCIENTIFIC RESULT,displacement-report-draft-v1,
MOCK_S09,MOCK_G05,1,speaking,left_cheek,self,0.007496807473987,0.007496807473987,MOCK_S09_speaking_left_cheek,2.0,900.0,2c6eae23a6b41b4c7232e74751e07c7c391c1b798576a7bd89495d40248ea8f6,displacement_mean_euclidean_error,evaluable,,120.0,0.0,0.0,True,MOCK DATA / NOT A SCIENTIFIC RESULT,displacement-report-draft-v1,
MOCK_S09,MOCK_G05,1,speaking,left_cheek,full,0.0074732329475896,0.0074732329475895,MOCK_S09_speaking_left_cheek,2.0,900.0,2c6eae23a6b41b4c7232e74751e07c7c391c1b798576a7bd89495d40248ea8f6,displacement_mean_euclidean_error,evaluable,,120.0,105.0,810.0,True,MOCK DATA / NOT A SCIENTIFIC RESULT,displacement-report-draft-v1,
MOCK_S09,MOCK_G05,1,speaking,left_cheek,pcmci,0.0069231324452496,0.0069231324452496,MOCK_S09_speaking_left_cheek,2.0,900.0,2c6eae23a6b41b4c7232e74751e07c7c391c1b798576a7bd89495d40248ea8f6,displacement_mean_euclidean_error,evaluable,,120.0,3.0,14.0,True,MOCK DATA / NOT A SCIENTIFIC RESULT,displacement-report-draft-v1,
MOCK_S09,MOCK_G05,1,speaking,right_cheek,persistence,0.0067047760855166,,MOCK_S09_speaking_right_cheek,2.0,900.0,2c6eae23a6b41b4c7232e74751e07c7c391c1b798576a7bd89495d40248ea8f6,displacement_mean_euclidean_error,evaluable,,120.0,0.0,0.0,True,MOCK DATA / NOT A SCIENTIFIC RESULT,displacement-report-draft-v1,
MOCK_S09,MOCK_G05,1,speaking,right_cheek,self,0.007796807473987,0.007796807473987,MOCK_S09_speaking_right_cheek,2.0,900.0,2c6eae23a6b41b4c7232e74751e07c7c391c1b798576a7bd89495d40248ea8f6,displacement_mean_euclidean_error,evaluable,,120.0,0.0,0.0,True,MOCK DATA / NOT A SCIENTIFIC RESULT,displacement-report-draft-v1,
MOCK_S09,MOCK_G05,1,speaking,right_cheek,full,0.0069169762576602,0.0069169762576602,MOCK_S09_speaking_right_cheek,2.0,900.0,2c6eae23a6b41b4c7232e74751e07c7c391c1b798576a7bd89495d40248ea8f6,displacement_mean_euclidean_error,evaluable,,120.0,105.0,810.0,True,MOCK DATA / NOT A SCIENTIFIC RESULT,displacement-report-draft-v1,
MOCK_S09,MOCK_G05,1,speaking,right_cheek,pcmci,0.006572346751385,0.006572346751385,MOCK_S09_speaking_right_cheek,2.0,900.0,2c6eae23a6b41b4c7232e74751e07c7c391c1b798576a7bd89495d40248ea8f6,displacement_mean_euclidean_error,evaluable,,120.0,3.0,38.0,True,MOCK DATA / NOT A SCIENTIFIC RESULT,displacement-report-draft-v1,
MOCK_S09,MOCK_G05,1,speaking,mouth,persistence,0.0067536880831363,,MOCK_S09_speaking_mouth,8.0,900.0,2c6eae23a6b41b4c7232e74751e07c7c391c1b798576a7bd89495d40248ea8f6,displacement_mean_euclidean_error,evaluable,,480.0,0.0,0.0,True,MOCK DATA / NOT A SCIENTIFIC RESULT,displacement-report-draft-v1,
MOCK_S09,MOCK_G05,1,speaking,mouth,self,0.008096807473987,0.008096807473987,MOCK_S09_speaking_mouth,8.0,900.0,2c6eae23a6b41b4c7232e74751e07c7c391c1b798576a7bd89495d40248ea8f6,displacement_mean_euclidean_error,evaluable,,480.0,0.0,0.0,True,MOCK DATA / NOT A SCIENTIFIC RESULT,displacement-report-draft-v1,
MOCK_S09,MOCK_G05,1,speaking,mouth,full,0.0066639648669271,0.0066639648669271,MOCK_S09_speaking_mouth,8.0,900.0,2c6eae23a6b41b4c7232e74751e07c7c391c1b798576a7bd89495d40248ea8f6,displacement_mean_euclidean_error,evaluable,,480.0,105.0,630.0,True,MOCK DATA / NOT A SCIENTIFIC RESULT,displacement-report-draft-v1,
MOCK_S09,MOCK_G05,1,speaking,mouth,pcmci,0.006933596674272,0.006933596674272,MOCK_S09_speaking_mouth,8.0,900.0,2c6eae23a6b41b4c7232e74751e07c7c391c1b798576a7bd89495d40248ea8f6,displacement_mean_euclidean_error,evaluable,,480.0,3.0,18.0,True,MOCK DATA / NOT A SCIENTIFIC RESULT,displacement-report-draft-v1,
MOCK_S09,MOCK_G05,1,speaking,jaw,persistence,0.0067746188019054,,MOCK_S09_speaking_jaw,3.0,900.0,2c6eae23a6b41b4c7232e74751e07c7c391c1b798576a7bd89495d40248ea8f6,displacement_mean_euclidean_error,evaluable,,180.0,0.0,0.0,True,MOCK DATA / NOT A SCIENTIFIC RESULT,displacement-report-draft-v1,
MOCK_S09,MOCK_G05,1,speaking,jaw,self,0.008396807473987,0.008396807473987,MOCK_S09_speaking_jaw,3.0,900.0,2c6eae23a6b41b4c7232e74751e07c7c391c1b798576a7bd89495d40248ea8f6,displacement_mean_euclidean_error,evaluable,,180.0,0.0,0.0,True,MOCK DATA / NOT A SCIENTIFIC RESULT,displacement-report-draft-v1,
MOCK_S09,MOCK_G05,1,speaking,jaw,full,0.0072226348976876,0.0072226348976876,MOCK_S09_speaking_jaw,3.0,900.0,2c6eae23a6b41b4c7232e74751e07c7c391c1b798576a7bd89495d40248ea8f6,displacement_mean_euclidean_error,evaluable,,180.0,105.0,780.0,True,MOCK DATA / NOT A SCIENTIFIC RESULT,displacement-report-draft-v1,
MOCK_S09,MOCK_G05,1,speaking,jaw,pcmci,0.0079505693172768,0.0079505693172768,MOCK_S09_speaking_jaw,3.0,900.0,2c6eae23a6b41b4c7232e74751e07c7c391c1b798576a7bd89495d40248ea8f6,displacement_mean_euclidean_error,evaluable,,180.0,3.0,20.0,True,MOCK DATA / NOT A SCIENTIFIC RESULT,displacement-report-draft-v1,
MOCK_S09,MOCK_G05,1,non_speaking,left_brow,persistence,0.0064840961612415,,MOCK_S09_non_speaking_left_brow,3.0,900.0,4c5bf21e1b48a35baf04fa5dba0189f737aac9ac903dddf08f05c59acddda871,displacement_mean_euclidean_error,evaluable,,180.0,0.0,0.0,True,MOCK DATA / NOT A SCIENTIFIC RESULT,displacement-report-draft-v1,
MOCK_S09,MOCK_G05,1,non_speaking,left_brow,self,0.006696807473987,0.006696807473987,MOCK_S09_non_speaking_left_brow,3.0,900.0,4c5bf21e1b48a35baf04fa5dba0189f737aac9ac903dddf08f05c59acddda871,displacement_mean_euclidean_error,evaluable,,180.0,0.0,0.0,True,MOCK DATA / NOT A SCIENTIFIC RESULT,displacement-report-draft-v1,
MOCK_S09,MOCK_G05,1,non_speaking,left_brow,full,0.0052502593260347,0.0052502593260347,MOCK_S09_non_speaking_left_brow,3.0,900.0,4c5bf21e1b48a35baf04fa5dba0189f737aac9ac903dddf08f05c59acddda871,displacement_mean_euclidean_error,evaluable,,180.0,105.0,780.0,True,MOCK DATA / NOT A SCIENTIFIC RESULT,displacement-report-draft-v1,
MOCK_S09,MOCK_G05,1,non_speaking,left_brow,pcmci,0.006696807473987,0.006696807473987,MOCK_S09_non_speaking_left_brow,3.0,900.0,4c5bf21e1b48a35baf04fa5dba0189f737aac9ac903dddf08f05c59acddda871,displacement_mean_euclidean_error,evaluable,,180.0,0.0,0.0,True,MOCK DATA / NOT A SCIENTIFIC RESULT,displacement-report-draft-v1,
MOCK_S09,MOCK_G05,1,non_speaking,right_brow,persistence,0.0065088983173126,,MOCK_S09_non_speaking_right_brow,3.0,900.0,4c5bf21e1b48a35baf04fa5dba0189f737aac9ac903dddf08f05c59acddda871,displacement_mean_euclidean_error,evaluable,,180.0,0.0,0.0,True,MOCK DATA / NOT A SCIENTIFIC RESULT,displacement-report-draft-v1,
MOCK_S09,MOCK_G05,1,non_speaking,right_brow,self,0.006996807473987,0.006996807473987,MOCK_S09_non_speaking_right_brow,3.0,900.0,4c5bf21e1b48a35baf04fa5dba0189f737aac9ac903dddf08f05c59acddda871,displacement_mean_euclidean_error,evaluable,,180.0,0.0,0.0,True,MOCK DATA / NOT A SCIENTIFIC RESULT,displacement-report-draft-v1,
MOCK_S09,MOCK_G05,1,non_speaking,right_brow,full,0.0060286655125146,0.0060286655125146,MOCK_S09_non_speaking_right_brow,3.0,900.0,4c5bf21e1b48a35baf04fa5dba0189f737aac9ac903dddf08f05c59acddda871,displacement_mean_euclidean_error,evaluable,,180.0,105.0,780.0,True,MOCK DATA / NOT A SCIENTIFIC RESULT,displacement-report-draft-v1,
MOCK_S09,MOCK_G05,1,non_speaking,right_brow,pcmci,0.0073629522176398,0.0073629522176398,MOCK_S09_non_speaking_right_brow,3.0,900.0,4c5bf21e1b48a35baf04fa5dba0189f737aac9ac903dddf08f05c59acddda871,displacement_mean_euclidean_error,evaluable,,180.0,3.0,20.0,True,MOCK DATA / NOT A SCIENTIFIC RESULT,displacement-report-draft-v1,
MOCK_S09,MOCK_G05,1,non_speaking,left_eyelid,persistence,0.006592190745851,,MOCK_S09_non_speaking_left_eyelid,4.0,900.0,4c5bf21e1b48a35baf04fa5dba0189f737aac9ac903dddf08f05c59acddda871,displacement_mean_euclidean_error,evaluable,,240.0,0.0,0.0,True,MOCK DATA / NOT A SCIENTIFIC RESULT,displacement-report-draft-v1,
MOCK_S09,MOCK_G05,1,non_speaking,left_eyelid,self,0.007296807473987,0.007296807473987,MOCK_S09_non_speaking_left_eyelid,4.0,900.0,4c5bf21e1b48a35baf04fa5dba0189f737aac9ac903dddf08f05c59acddda871,displacement_mean_euclidean_error,evaluable,,240.0,0.0,0.0,True,MOCK DATA / NOT A SCIENTIFIC RESULT,displacement-report-draft-v1,
MOCK_S09,MOCK_G05,1,non_speaking,left_eyelid,full,0.0071915094900117,0.0071915094900117,MOCK_S09_non_speaking_left_eyelid,4.0,900.0,4c5bf21e1b48a35baf04fa5dba0189f737aac9ac903dddf08f05c59acddda871,displacement_mean_euclidean_error,evaluable,,240.0,105.0,750.0,True,MOCK DATA / NOT A SCIENTIFIC RESULT,displacement-report-draft-v1,
MOCK_S09,MOCK_G05,1,non_speaking,left_eyelid,pcmci,0.0074876243901788,0.0074876243901788,MOCK_S09_non_speaking_left_eyelid,4.0,900.0,4c5bf21e1b48a35baf04fa5dba0189f737aac9ac903dddf08f05c59acddda871,displacement_mean_euclidean_error,evaluable,,240.0,3.0,20.0,True,MOCK DATA / NOT A SCIENTIFIC RESULT,displacement-report-draft-v1,
MOCK_S09,MOCK_G05,1,non_speaking,right_eyelid,persistence,0.006626528186059,,MOCK_S09_non_speaking_right_eyelid,4.0,900.0,4c5bf21e1b48a35baf04fa5dba0189f737aac9ac903dddf08f05c59acddda871,displacement_mean_euclidean_error,evaluable,,240.0,0.0,0.0,True,MOCK DATA / NOT A SCIENTIFIC RESULT,displacement-report-draft-v1,
MOCK_S09,MOCK_G05,1,non_speaking,right_eyelid,self,0.007596807473987,0.007596807473987,MOCK_S09_non_speaking_right_eyelid,4.0,900.0,4c5bf21e1b48a35baf04fa5dba0189f737aac9ac903dddf08f05c59acddda871,displacement_mean_euclidean_error,evaluable,,240.0,0.0,0.0,True,MOCK DATA / NOT A SCIENTIFIC RESULT,displacement-report-draft-v1,
MOCK_S09,MOCK_G05,1,non_speaking,right_eyelid,full,0.0079454964848241,0.0079454964848241,MOCK_S09_non_speaking_right_eyelid,4.0,900.0,4c5bf21e1b48a35baf04fa5dba0189f737aac9ac903dddf08f05c59acddda871,displacement_mean_euclidean_error,evaluable,,240.0,105.0,750.0,True,MOCK DATA / NOT A SCIENTIFIC RESULT,displacement-report-draft-v1,
MOCK_S09,MOCK_G05,1,non_speaking,right_eyelid,pcmci,0.0070231324452496,0.0070231324452496,MOCK_S09_non_speaking_right_eyelid,4.0,900.0,4c5bf21e1b48a35baf04fa5dba0189f737aac9ac903dddf08f05c59acddda871,displacement_mean_euclidean_error,evaluable,,240.0,3.0,24.0,True,MOCK DATA / NOT A SCIENTIFIC RESULT,displacement-report-draft-v1,
MOCK_S09,MOCK_G05,1,non_speaking,left_cheek,persistence,0.0065476027856158,,MOCK_S09_non_speaking_left_cheek,2.0,900.0,4c5bf21e1b48a35baf04fa5dba0189f737aac9ac903dddf08f05c59acddda871,displacement_mean_euclidean_error,evaluable,,120.0,0.0,0.0,True,MOCK DATA / NOT A SCIENTIFIC RESULT,displacement-report-draft-v1,
MOCK_S09,MOCK_G05,1,non_speaking,left_cheek,self,0.007896807473987,0.007896807473987,MOCK_S09_non_speaking_left_cheek,2.0,900.0,4c5bf21e1b48a35baf04fa5dba0189f737aac9ac903dddf08f05c59acddda871,displacement_mean_euclidean_error,evaluable,,120.0,0.0,0.0,True,MOCK DATA / NOT A SCIENTIFIC RESULT,displacement-report-draft-v1,
MOCK_S09,MOCK_G05,1,non_speaking,left_cheek,full,0.0078732329475895,0.0078732329475896,MOCK_S09_non_speaking_left_cheek,2.0,900.0,4c5bf21e1b48a35baf04fa5dba0189f737aac9ac903dddf08f05c59acddda871,displacement_mean_euclidean_error,evaluable,,120.0,105.0,810.0,True,MOCK DATA / NOT A SCIENTIFIC RESULT,displacement-report-draft-v1,
MOCK_S09,MOCK_G05,1,non_speaking,left_cheek,pcmci,0.006672346751385,0.006672346751385,MOCK_S09_non_speaking_left_cheek,2.0,900.0,4c5bf21e1b48a35baf04fa5dba0189f737aac9ac903dddf08f05c59acddda871,displacement_mean_euclidean_error,evaluable,,120.0,3.0,14.0,True,MOCK DATA / NOT A SCIENTIFIC RESULT,displacement-report-draft-v1,
MOCK_S09,MOCK_G05,1,non_speaking,right_cheek,persistence,0.0066922771209029,,MOCK_S09_non_speaking_right_cheek,2.0,900.0,4c5bf21e1b48a35baf04fa5dba0189f737aac9ac903dddf08f05c59acddda871,displacement_mean_euclidean_error,evaluable,,120.0,0.0,0.0,True,MOCK DATA / NOT A SCIENTIFIC RESULT,displacement-report-draft-v1,
MOCK_S09,MOCK_G05,1,non_speaking,right_cheek,self,0.008196807473987,0.008196807473987,MOCK_S09_non_speaking_right_cheek,2.0,900.0,4c5bf21e1b48a35baf04fa5dba0189f737aac9ac903dddf08f05c59acddda871,displacement_mean_euclidean_error,evaluable,,120.0,0.0,0.0,True,MOCK DATA / NOT A SCIENTIFIC RESULT,displacement-report-draft-v1,
MOCK_S09,MOCK_G05,1,non_speaking,right_cheek,full,0.0073169762576602,0.0073169762576602,MOCK_S09_non_speaking_right_cheek,2.0,900.0,4c5bf21e1b48a35baf04fa5dba0189f737aac9ac903dddf08f05c59acddda871,displacement_mean_euclidean_error,evaluable,,120.0,105.0,810.0,True,MOCK DATA / NOT A SCIENTIFIC RESULT,displacement-report-draft-v1,
MOCK_S09,MOCK_G05,1,non_speaking,right_cheek,pcmci,0.007033596674272,0.007033596674272,MOCK_S09_non_speaking_right_cheek,2.0,900.0,4c5bf21e1b48a35baf04fa5dba0189f737aac9ac903dddf08f05c59acddda871,displacement_mean_euclidean_error,evaluable,,120.0,3.0,38.0,True,MOCK DATA / NOT A SCIENTIFIC RESULT,displacement-report-draft-v1,
MOCK_S09,MOCK_G05,1,non_speaking,mouth,persistence,0.0066454771008154,,MOCK_S09_non_speaking_mouth,8.0,900.0,4c5bf21e1b48a35baf04fa5dba0189f737aac9ac903dddf08f05c59acddda871,displacement_mean_euclidean_error,evaluable,,480.0,0.0,0.0,True,MOCK DATA / NOT A SCIENTIFIC RESULT,displacement-report-draft-v1,
MOCK_S09,MOCK_G05,1,non_speaking,mouth,self,0.008496807473987,0.008496807473987,MOCK_S09_non_speaking_mouth,8.0,900.0,4c5bf21e1b48a35baf04fa5dba0189f737aac9ac903dddf08f05c59acddda871,displacement_mean_euclidean_error,evaluable,,480.0,0.0,0.0,True,MOCK DATA / NOT A SCIENTIFIC RESULT,displacement-report-draft-v1,
MOCK_S09,MOCK_G05,1,non_speaking,mouth,full,0.0070639648669271,0.0070639648669271,MOCK_S09_non_speaking_mouth,8.0,900.0,4c5bf21e1b48a35baf04fa5dba0189f737aac9ac903dddf08f05c59acddda871,displacement_mean_euclidean_error,evaluable,,480.0,105.0,630.0,True,MOCK DATA / NOT A SCIENTIFIC RESULT,displacement-report-draft-v1,
MOCK_S09,MOCK_G05,1,non_speaking,mouth,pcmci,0.0080505693172768,0.0080505693172768,MOCK_S09_non_speaking_mouth,8.0,900.0,4c5bf21e1b48a35baf04fa5dba0189f737aac9ac903dddf08f05c59acddda871,displacement_mean_euclidean_error,evaluable,,480.0,3.0,18.0,True,MOCK DATA / NOT A SCIENTIFIC RESULT,displacement-report-draft-v1,
MOCK_S09,MOCK_G05,1,non_speaking,jaw,persistence,0.0068785355656845,,MOCK_S09_non_speaking_jaw,3.0,900.0,4c5bf21e1b48a35baf04fa5dba0189f737aac9ac903dddf08f05c59acddda871,displacement_mean_euclidean_error,evaluable,,180.0,0.0,0.0,True,MOCK DATA / NOT A SCIENTIFIC RESULT,displacement-report-draft-v1,
MOCK_S09,MOCK_G05,1,non_speaking,jaw,self,0.008796807473987,0.008796807473987,MOCK_S09_non_speaking_jaw,3.0,900.0,4c5bf21e1b48a35baf04fa5dba0189f737aac9ac903dddf08f05c59acddda871,displacement_mean_euclidean_error,evaluable,,180.0,0.0,0.0,True,MOCK DATA / NOT A SCIENTIFIC RESULT,displacement-report-draft-v1,
MOCK_S09,MOCK_G05,1,non_speaking,jaw,full,0.0076226348976876,0.0076226348976876,MOCK_S09_non_speaking_jaw,3.0,900.0,4c5bf21e1b48a35baf04fa5dba0189f737aac9ac903dddf08f05c59acddda871,displacement_mean_euclidean_error,evaluable,,180.0,105.0,780.0,True,MOCK DATA / NOT A SCIENTIFIC RESULT,displacement-report-draft-v1,
MOCK_S09,MOCK_G05,1,non_speaking,jaw,pcmci,0.0090640833389096,0.0090640833389096,MOCK_S09_non_speaking_jaw,3.0,900.0,4c5bf21e1b48a35baf04fa5dba0189f737aac9ac903dddf08f05c59acddda871,displacement_mean_euclidean_error,evaluable,,180.0,3.0,20.0,True,MOCK DATA / NOT A SCIENTIFIC RESULT,displacement-report-draft-v1,
MOCK_S10,MOCK_G05,1,speaking,left_brow,persistence,0.0064984940116615,,MOCK_S10_speaking_left_brow,3.0,900.0,a3db3e9b1f4ffa50d122e9882ade5d8f496c48f431091b159483980de7b83a78,displacement_mean_euclidean_error,evaluable,,180.0,0.0,0.0,True,MOCK DATA / NOT A SCIENTIFIC RESULT,displacement-report-draft-v1,
MOCK_S10,MOCK_G05,1,speaking,left_brow,self,0.0061236355455725,0.0061236355455725,MOCK_S10_speaking_left_brow,3.0,900.0,a3db3e9b1f4ffa50d122e9882ade5d8f496c48f431091b159483980de7b83a78,displacement_mean_euclidean_error,evaluable,,180.0,0.0,0.0,True,MOCK DATA / NOT A SCIENTIFIC RESULT,displacement-report-draft-v1,
MOCK_S10,MOCK_G05,1,speaking,left_brow,full,0.0048781475067721,0.0048781475067721,MOCK_S10_speaking_left_brow,3.0,900.0,a3db3e9b1f4ffa50d122e9882ade5d8f496c48f431091b159483980de7b83a78,displacement_mean_euclidean_error,evaluable,,180.0,105.0,780.0,True,MOCK DATA / NOT A SCIENTIFIC RESULT,displacement-report-draft-v1,
MOCK_S10,MOCK_G05,1,speaking,left_brow,pcmci,0.0054944591160563,0.0054944591160563,MOCK_S10_speaking_left_brow,3.0,900.0,a3db3e9b1f4ffa50d122e9882ade5d8f496c48f431091b159483980de7b83a78,displacement_mean_euclidean_error,evaluable,,180.0,3.0,20.0,True,MOCK DATA / NOT A SCIENTIFIC RESULT,displacement-report-draft-v1,
MOCK_S10,MOCK_G05,1,speaking,right_brow,persistence,0.0064583084645348,,MOCK_S10_speaking_right_brow,3.0,900.0,a3db3e9b1f4ffa50d122e9882ade5d8f496c48f431091b159483980de7b83a78,displacement_mean_euclidean_error,evaluable,,180.0,0.0,0.0,True,MOCK DATA / NOT A SCIENTIFIC RESULT,displacement-report-draft-v1,
MOCK_S10,MOCK_G05,1,speaking,right_brow,self,0.0064236355455725,0.0064236355455725,MOCK_S10_speaking_right_brow,3.0,900.0,a3db3e9b1f4ffa50d122e9882ade5d8f496c48f431091b159483980de7b83a78,displacement_mean_euclidean_error,evaluable,,180.0,0.0,0.0,True,MOCK DATA / NOT A SCIENTIFIC RESULT,displacement-report-draft-v1,
MOCK_S10,MOCK_G05,1,speaking,right_brow,full,0.0059785298299379,0.0059785298299379,MOCK_S10_speaking_right_brow,3.0,900.0,a3db3e9b1f4ffa50d122e9882ade5d8f496c48f431091b159483980de7b83a78,displacement_mean_euclidean_error,evaluable,,180.0,105.0,780.0,True,MOCK DATA / NOT A SCIENTIFIC RESULT,displacement-report-draft-v1,
MOCK_S10,MOCK_G05,1,speaking,right_brow,pcmci,0.00657600485372,0.00657600485372,MOCK_S10_speaking_right_brow,3.0,900.0,a3db3e9b1f4ffa50d122e9882ade5d8f496c48f431091b159483980de7b83a78,displacement_mean_euclidean_error,evaluable,,180.0,3.0,20.0,True,MOCK DATA / NOT A SCIENTIFIC RESULT,displacement-report-draft-v1,
MOCK_S10,MOCK_G05,1,speaking,left_eyelid,persistence,0.0064691974453212,,MOCK_S10_speaking_left_eyelid,4.0,900.0,a3db3e9b1f4ffa50d122e9882ade5d8f496c48f431091b159483980de7b83a78,displacement_mean_euclidean_error,evaluable,,240.0,0.0,0.0,True,MOCK DATA / NOT A SCIENTIFIC RESULT,displacement-report-draft-v1,
MOCK_S10,MOCK_G05,1,speaking,left_eyelid,self,0.0067236355455725,0.0067236355455725,MOCK_S10_speaking_left_eyelid,4.0,900.0,a3db3e9b1f4ffa50d122e9882ade5d8f496c48f431091b159483980de7b83a78,displacement_mean_euclidean_error,evaluable,,240.0,0.0,0.0,True,MOCK DATA / NOT A SCIENTIFIC RESULT,displacement-report-draft-v1,
MOCK_S10,MOCK_G05,1,speaking,left_eyelid,full,0.0069824728318029,0.0069824728318029,MOCK_S10_speaking_left_eyelid,4.0,900.0,a3db3e9b1f4ffa50d122e9882ade5d8f496c48f431091b159483980de7b83a78,displacement_mean_euclidean_error,evaluable,,240.0,105.0,750.0,True,MOCK DATA / NOT A SCIENTIFIC RESULT,displacement-report-draft-v1,
MOCK_S10,MOCK_G05,1,speaking,left_eyelid,pcmci,0.0071037350274413,0.0071037350274413,MOCK_S10_speaking_left_eyelid,4.0,900.0,a3db3e9b1f4ffa50d122e9882ade5d8f496c48f431091b159483980de7b83a78,displacement_mean_euclidean_error,evaluable,,240.0,3.0,20.0,True,MOCK DATA / NOT A SCIENTIFIC RESULT,displacement-report-draft-v1,
MOCK_S10,MOCK_G05,1,speaking,right_eyelid,persistence,0.0064954992120288,,MOCK_S10_speaking_right_eyelid,4.0,900.0,a3db3e9b1f4ffa50d122e9882ade5d8f496c48f431091b159483980de7b83a78,displacement_mean_euclidean_error,evaluable,,240.0,0.0,0.0,True,MOCK DATA / NOT A SCIENTIFIC RESULT,displacement-report-draft-v1,
MOCK_S10,MOCK_G05,1,speaking,right_eyelid,self,0.0070236355455725,0.0070236355455725,MOCK_S10_speaking_right_eyelid,4.0,900.0,a3db3e9b1f4ffa50d122e9882ade5d8f496c48f431091b159483980de7b83a78,displacement_mean_euclidean_error,evaluable,,240.0,0.0,0.0,True,MOCK DATA / NOT A SCIENTIFIC RESULT,displacement-report-draft-v1,
MOCK_S10,MOCK_G05,1,speaking,right_eyelid,full,0.0072427745628519,0.0072427745628519,MOCK_S10_speaking_right_eyelid,4.0,900.0,a3db3e9b1f4ffa50d122e9882ade5d8f496c48f431091b159483980de7b83a78,displacement_mean_euclidean_error,evaluable,,240.0,105.0,750.0,True,MOCK DATA / NOT A SCIENTIFIC RESULT,displacement-report-draft-v1,
MOCK_S10,MOCK_G05,1,speaking,right_eyelid,pcmci,0.0068682755657322,0.0068682755657322,MOCK_S10_speaking_right_eyelid,4.0,900.0,a3db3e9b1f4ffa50d122e9882ade5d8f496c48f431091b159483980de7b83a78,displacement_mean_euclidean_error,evaluable,,240.0,3.0,24.0,True,MOCK DATA / NOT A SCIENTIFIC RESULT,displacement-report-draft-v1,
MOCK_S10,MOCK_G05,1,speaking,left_cheek,persistence,0.0065202065665387,,MOCK_S10_speaking_left_cheek,2.0,900.0,a3db3e9b1f4ffa50d122e9882ade5d8f496c48f431091b159483980de7b83a78,displacement_mean_euclidean_error,evaluable,,120.0,0.0,0.0,True,MOCK DATA / NOT A SCIENTIFIC RESULT,displacement-report-draft-v1,
MOCK_S10,MOCK_G05,1,speaking,left_cheek,self,0.0073236355455725,0.0073236355455725,MOCK_S10_speaking_left_cheek,2.0,900.0,a3db3e9b1f4ffa50d122e9882ade5d8f496c48f431091b159483980de7b83a78,displacement_mean_euclidean_error,evaluable,,120.0,0.0,0.0,True,MOCK DATA / NOT A SCIENTIFIC RESULT,displacement-report-draft-v1,
MOCK_S10,MOCK_G05,1,speaking,left_cheek,full,0.0067959334284805,0.0067959334284805,MOCK_S10_speaking_left_cheek,2.0,900.0,a3db3e9b1f4ffa50d122e9882ade5d8f496c48f431091b159483980de7b83a78,displacement_mean_euclidean_error,evaluable,,120.0,105.0,810.0,True,MOCK DATA / NOT A SCIENTIFIC RESULT,displacement-report-draft-v1,
MOCK_S10,MOCK_G05,1,speaking,left_cheek,pcmci,0.0063619254282904,0.0063619254282904,MOCK_S10_speaking_left_cheek,2.0,900.0,a3db3e9b1f4ffa50d122e9882ade5d8f496c48f431091b159483980de7b83a78,displacement_mean_euclidean_error,evaluable,,120.0,3.0,14.0,True,MOCK DATA / NOT A SCIENTIFIC RESULT,displacement-report-draft-v1,
MOCK_S10,MOCK_G05,1,speaking,right_cheek,persistence,0.0066098889924268,,MOCK_S10_speaking_right_cheek,2.0,900.0,a3db3e9b1f4ffa50d122e9882ade5d8f496c48f431091b159483980de7b83a78,displacement_mean_euclidean_error,evaluable,,120.0,0.0,0.0,True,MOCK DATA / NOT A SCIENTIFIC RESULT,displacement-report-draft-v1,
MOCK_S10,MOCK_G05,1,speaking,right_cheek,self,0.0076236355455725,0.0076236355455725,MOCK_S10_speaking_right_cheek,2.0,900.0,a3db3e9b1f4ffa50d122e9882ade5d8f496c48f431091b159483980de7b83a78,displacement_mean_euclidean_error,evaluable,,120.0,0.0,0.0,True,MOCK DATA / NOT A SCIENTIFIC RESULT,displacement-report-draft-v1,
MOCK_S10,MOCK_G05,1,speaking,right_cheek,full,0.0063285917233954,0.0063285917233954,MOCK_S10_speaking_right_cheek,2.0,900.0,a3db3e9b1f4ffa50d122e9882ade5d8f496c48f431091b159483980de7b83a78,displacement_mean_euclidean_error,evaluable,,120.0,105.0,810.0,True,MOCK DATA / NOT A SCIENTIFIC RESULT,displacement-report-draft-v1,
MOCK_S10,MOCK_G05,1,speaking,right_cheek,pcmci,0.0063260392128056,0.0063260392128056,MOCK_S10_speaking_right_cheek,2.0,900.0,a3db3e9b1f4ffa50d122e9882ade5d8f496c48f431091b159483980de7b83a78,displacement_mean_euclidean_error,evaluable,,120.0,3.0,38.0,True,MOCK DATA / NOT A SCIENTIFIC RESULT,displacement-report-draft-v1,
MOCK_S10,MOCK_G05,1,speaking,mouth,persistence,0.0067539518388836,,MOCK_S10_speaking_mouth,8.0,900.0,a3db3e9b1f4ffa50d122e9882ade5d8f496c48f431091b159483980de7b83a78,displacement_mean_euclidean_error,evaluable,,480.0,0.0,0.0,True,MOCK DATA / NOT A SCIENTIFIC RESULT,displacement-report-draft-v1,
MOCK_S10,MOCK_G05,1,speaking,mouth,self,0.0079236355455725,0.0079236355455725,MOCK_S10_speaking_mouth,8.0,900.0,a3db3e9b1f4ffa50d122e9882ade5d8f496c48f431091b159483980de7b83a78,displacement_mean_euclidean_error,evaluable,,480.0,0.0,0.0,True,MOCK DATA / NOT A SCIENTIFIC RESULT,displacement-report-draft-v1,
MOCK_S10,MOCK_G05,1,speaking,mouth,full,0.0065462398724743,0.0065462398724743,MOCK_S10_speaking_mouth,8.0,900.0,a3db3e9b1f4ffa50d122e9882ade5d8f496c48f431091b159483980de7b83a78,displacement_mean_euclidean_error,evaluable,,480.0,105.0,630.0,True,MOCK DATA / NOT A SCIENTIFIC RESULT,displacement-report-draft-v1,
MOCK_S10,MOCK_G05,1,speaking,mouth,pcmci,0.0070694291567759,0.0070694291567759,MOCK_S10_speaking_mouth,8.0,900.0,a3db3e9b1f4ffa50d122e9882ade5d8f496c48f431091b159483980de7b83a78,displacement_mean_euclidean_error,evaluable,,480.0,3.0,18.0,True,MOCK DATA / NOT A SCIENTIFIC RESULT,displacement-report-draft-v1,
MOCK_S10,MOCK_G05,1,speaking,jaw,persistence,0.0068094842068122,,MOCK_S10_speaking_jaw,3.0,900.0,a3db3e9b1f4ffa50d122e9882ade5d8f496c48f431091b159483980de7b83a78,displacement_mean_euclidean_error,evaluable,,180.0,0.0,0.0,True,MOCK DATA / NOT A SCIENTIFIC RESULT,displacement-report-draft-v1,
MOCK_S10,MOCK_G05,1,speaking,jaw,self,0.0082236355455725,0.0082236355455725,MOCK_S10_speaking_jaw,3.0,900.0,a3db3e9b1f4ffa50d122e9882ade5d8f496c48f431091b159483980de7b83a78,displacement_mean_euclidean_error,evaluable,,180.0,0.0,0.0,True,MOCK DATA / NOT A SCIENTIFIC RESULT,displacement-report-draft-v1,
MOCK_S10,MOCK_G05,1,speaking,jaw,full,0.007524591787669,0.007524591787669,MOCK_S10_speaking_jaw,3.0,900.0,a3db3e9b1f4ffa50d122e9882ade5d8f496c48f431091b159483980de7b83a78,displacement_mean_euclidean_error,evaluable,,180.0,105.0,780.0,True,MOCK DATA / NOT A SCIENTIFIC RESULT,displacement-report-draft-v1,
MOCK_S10,MOCK_G05,1,speaking,jaw,pcmci,0.0081844445905125,0.0081844445905125,MOCK_S10_speaking_jaw,3.0,900.0,a3db3e9b1f4ffa50d122e9882ade5d8f496c48f431091b159483980de7b83a78,displacement_mean_euclidean_error,evaluable,,180.0,3.0,20.0,True,MOCK DATA / NOT A SCIENTIFIC RESULT,displacement-report-draft-v1,
MOCK_S10,MOCK_G05,1,non_speaking,left_brow,persistence,0.0064870065588757,,MOCK_S10_non_speaking_left_brow,3.0,900.0,51857c792eae2fdf6f2b8e5a65017bdcf988af0febad84bbddaa0af4be2e1142,displacement_mean_euclidean_error,evaluable,,180.0,0.0,0.0,True,MOCK DATA / NOT A SCIENTIFIC RESULT,displacement-report-draft-v1,
MOCK_S10,MOCK_G05,1,non_speaking,left_brow,self,0.0065236355455725,0.0065236355455725,MOCK_S10_non_speaking_left_brow,3.0,900.0,51857c792eae2fdf6f2b8e5a65017bdcf988af0febad84bbddaa0af4be2e1142,displacement_mean_euclidean_error,evaluable,,180.0,0.0,0.0,True,MOCK DATA / NOT A SCIENTIFIC RESULT,displacement-report-draft-v1,
MOCK_S10,MOCK_G05,1,non_speaking,left_brow,full,0.0052781475067721,0.0052781475067721,MOCK_S10_non_speaking_left_brow,3.0,900.0,51857c792eae2fdf6f2b8e5a65017bdcf988af0febad84bbddaa0af4be2e1142,displacement_mean_euclidean_error,evaluable,,180.0,105.0,780.0,True,MOCK DATA / NOT A SCIENTIFIC RESULT,displacement-report-draft-v1,
MOCK_S10,MOCK_G05,1,non_speaking,left_brow,pcmci,0.0065236355455725,0.0065236355455725,MOCK_S10_non_speaking_left_brow,3.0,900.0,51857c792eae2fdf6f2b8e5a65017bdcf988af0febad84bbddaa0af4be2e1142,displacement_mean_euclidean_error,evaluable,,180.0,0.0,0.0,True,MOCK DATA / NOT A SCIENTIFIC RESULT,displacement-report-draft-v1,
MOCK_S10,MOCK_G05,1,non_speaking,right_brow,persistence,0.0066082227264843,,MOCK_S10_non_speaking_right_brow,3.0,900.0,51857c792eae2fdf6f2b8e5a65017bdcf988af0febad84bbddaa0af4be2e1142,displacement_mean_euclidean_error,evaluable,,180.0,0.0,0.0,True,MOCK DATA / NOT A SCIENTIFIC RESULT,displacement-report-draft-v1,
MOCK_S10,MOCK_G05,1,non_speaking,right_brow,self,0.0068236355455725,0.0068236355455725,MOCK_S10_non_speaking_right_brow,3.0,900.0,51857c792eae2fdf6f2b8e5a65017bdcf988af0febad84bbddaa0af4be2e1142,displacement_mean_euclidean_error,evaluable,,180.0,0.0,0.0,True,MOCK DATA / NOT A SCIENTIFIC RESULT,displacement-report-draft-v1,
MOCK_S10,MOCK_G05,1,non_speaking,right_brow,full,0.0063785298299379,0.0063785298299379,MOCK_S10_non_speaking_right_brow,3.0,900.0,51857c792eae2fdf6f2b8e5a65017bdcf988af0febad84bbddaa0af4be2e1142,displacement_mean_euclidean_error,evaluable,,180.0,105.0,780.0,True,MOCK DATA / NOT A SCIENTIFIC RESULT,displacement-report-draft-v1,
MOCK_S10,MOCK_G05,1,non_speaking,right_brow,pcmci,0.0072037350274413,0.0072037350274413,MOCK_S10_non_speaking_right_brow,3.0,900.0,51857c792eae2fdf6f2b8e5a65017bdcf988af0febad84bbddaa0af4be2e1142,displacement_mean_euclidean_error,evaluable,,180.0,3.0,20.0,True,MOCK DATA / NOT A SCIENTIFIC RESULT,displacement-report-draft-v1,
MOCK_S10,MOCK_G05,1,non_speaking,left_eyelid,persistence,0.0066124910654739,,MOCK_S10_non_speaking_left_eyelid,4.0,900.0,51857c792eae2fdf6f2b8e5a65017bdcf988af0febad84bbddaa0af4be2e1142,displacement_mean_euclidean_error,evaluable,,240.0,0.0,0.0,True,MOCK DATA / NOT A SCIENTIFIC RESULT,displacement-report-draft-v1,
MOCK_S10,MOCK_G05,1,non_speaking,left_eyelid,self,0.0071236355455725,0.0071236355455725,MOCK_S10_non_speaking_left_eyelid,4.0,900.0,51857c792eae2fdf6f2b8e5a65017bdcf988af0febad84bbddaa0af4be2e1142,displacement_mean_euclidean_error,evaluable,,240.0,0.0,0.0,True,MOCK DATA / NOT A SCIENTIFIC RESULT,displacement-report-draft-v1,
MOCK_S10,MOCK_G05,1,non_speaking,left_eyelid,full,0.0073824728318029,0.0073824728318029,MOCK_S10_non_speaking_left_eyelid,4.0,900.0,51857c792eae2fdf6f2b8e5a65017bdcf988af0febad84bbddaa0af4be2e1142,displacement_mean_euclidean_error,evaluable,,240.0,105.0,750.0,True,MOCK DATA / NOT A SCIENTIFIC RESULT,displacement-report-draft-v1,
MOCK_S10,MOCK_G05,1,non_speaking,left_eyelid,pcmci,0.0069682755657322,0.0069682755657322,MOCK_S10_non_speaking_left_eyelid,4.0,900.0,51857c792eae2fdf6f2b8e5a65017bdcf988af0febad84bbddaa0af4be2e1142,displacement_mean_euclidean_error,evaluable,,240.0,3.0,20.0,True,MOCK DATA / NOT A SCIENTIFIC RESULT,displacement-report-draft-v1,
MOCK_S10,MOCK_G05,1,non_speaking,right_eyelid,persistence,0.0065395149296872,,MOCK_S10_non_speaking_right_eyelid,4.0,900.0,51857c792eae2fdf6f2b8e5a65017bdcf988af0febad84bbddaa0af4be2e1142,displacement_mean_euclidean_error,evaluable,,240.0,0.0,0.0,True,MOCK DATA / NOT A SCIENTIFIC RESULT,displacement-report-draft-v1,
MOCK_S10,MOCK_G05,1,non_speaking,right_eyelid,self,0.0074236355455725,0.0074236355455725,MOCK_S10_non_speaking_right_eyelid,4.0,900.0,51857c792eae2fdf6f2b8e5a65017bdcf988af0febad84bbddaa0af4be2e1142,displacement_mean_euclidean_error,evaluable,,240.0,0.0,0.0,True,MOCK DATA / NOT A SCIENTIFIC RESULT,displacement-report-draft-v1,
MOCK_S10,MOCK_G05,1,non_speaking,right_eyelid,full,0.0076427745628519,0.0076427745628519,MOCK_S10_non_speaking_right_eyelid,4.0,900.0,51857c792eae2fdf6f2b8e5a65017bdcf988af0febad84bbddaa0af4be2e1142,displacement_mean_euclidean_error,evaluable,,240.0,105.0,750.0,True,MOCK DATA / NOT A SCIENTIFIC RESULT,displacement-report-draft-v1,
MOCK_S10,MOCK_G05,1,non_speaking,right_eyelid,pcmci,0.0064619254282904,0.0064619254282904,MOCK_S10_non_speaking_right_eyelid,4.0,900.0,51857c792eae2fdf6f2b8e5a65017bdcf988af0febad84bbddaa0af4be2e1142,displacement_mean_euclidean_error,evaluable,,240.0,3.0,24.0,True,MOCK DATA / NOT A SCIENTIFIC RESULT,displacement-report-draft-v1,
MOCK_S10,MOCK_G05,1,non_speaking,left_cheek,persistence,0.006690985922523,,MOCK_S10_non_speaking_left_cheek,2.0,900.0,51857c792eae2fdf6f2b8e5a65017bdcf988af0febad84bbddaa0af4be2e1142,displacement_mean_euclidean_error,evaluable,,120.0,0.0,0.0,True,MOCK DATA / NOT A SCIENTIFIC RESULT,displacement-report-draft-v1,
MOCK_S10,MOCK_G05,1,non_speaking,left_cheek,self,0.0077236355455725,0.0077236355455725,MOCK_S10_non_speaking_left_cheek,2.0,900.0,51857c792eae2fdf6f2b8e5a65017bdcf988af0febad84bbddaa0af4be2e1142,displacement_mean_euclidean_error,evaluable,,120.0,0.0,0.0,True,MOCK DATA / NOT A SCIENTIFIC RESULT,displacement-report-draft-v1,
MOCK_S10,MOCK_G05,1,non_speaking,left_cheek,full,0.0071959334284805,0.0071959334284805,MOCK_S10_non_speaking_left_cheek,2.0,900.0,51857c792eae2fdf6f2b8e5a65017bdcf988af0febad84bbddaa0af4be2e1142,displacement_mean_euclidean_error,evaluable,,120.0,105.0,810.0,True,MOCK DATA / NOT A SCIENTIFIC RESULT,displacement-report-draft-v1,
MOCK_S10,MOCK_G05,1,non_speaking,left_cheek,pcmci,0.0064260392128056,0.0064260392128056,MOCK_S10_non_speaking_left_cheek,2.0,900.0,51857c792eae2fdf6f2b8e5a65017bdcf988af0febad84bbddaa0af4be2e1142,displacement_mean_euclidean_error,evaluable,,120.0,3.0,14.0,True,MOCK DATA / NOT A SCIENTIFIC RESULT,displacement-report-draft-v1,
MOCK_S10,MOCK_G05,1,non_speaking,right_cheek,persistence,0.006669259718185,,MOCK_S10_non_speaking_right_cheek,2.0,900.0,51857c792eae2fdf6f2b8e5a65017bdcf988af0febad84bbddaa0af4be2e1142,displacement_mean_euclidean_error,evaluable,,120.0,0.0,0.0,True,MOCK DATA / NOT A SCIENTIFIC RESULT,displacement-report-draft-v1,
MOCK_S10,MOCK_G05,1,non_speaking,right_cheek,self,0.0080236355455725,0.0080236355455725,MOCK_S10_non_speaking_right_cheek,2.0,900.0,51857c792eae2fdf6f2b8e5a65017bdcf988af0febad84bbddaa0af4be2e1142,displacement_mean_euclidean_error,evaluable,,120.0,0.0,0.0,True,MOCK DATA / NOT A SCIENTIFIC RESULT,displacement-report-draft-v1,
MOCK_S10,MOCK_G05,1,non_speaking,right_cheek,full,0.0067285917233954,0.0067285917233954,MOCK_S10_non_speaking_right_cheek,2.0,900.0,51857c792eae2fdf6f2b8e5a65017bdcf988af0febad84bbddaa0af4be2e1142,displacement_mean_euclidean_error,evaluable,,120.0,105.0,810.0,True,MOCK DATA / NOT A SCIENTIFIC RESULT,displacement-report-draft-v1,
MOCK_S10,MOCK_G05,1,non_speaking,right_cheek,pcmci,0.0071694291567759,0.0071694291567759,MOCK_S10_non_speaking_right_cheek,2.0,900.0,51857c792eae2fdf6f2b8e5a65017bdcf988af0febad84bbddaa0af4be2e1142,displacement_mean_euclidean_error,evaluable,,120.0,3.0,38.0,True,MOCK DATA / NOT A SCIENTIFIC RESULT,displacement-report-draft-v1,
MOCK_S10,MOCK_G05,1,non_speaking,mouth,persistence,0.0067092641661359,,MOCK_S10_non_speaking_mouth,8.0,900.0,51857c792eae2fdf6f2b8e5a65017bdcf988af0febad84bbddaa0af4be2e1142,displacement_mean_euclidean_error,evaluable,,480.0,0.0,0.0,True,MOCK DATA / NOT A SCIENTIFIC RESULT,displacement-report-draft-v1,
MOCK_S10,MOCK_G05,1,non_speaking,mouth,self,0.0083236355455725,0.0083236355455725,MOCK_S10_non_speaking_mouth,8.0,900.0,51857c792eae2fdf6f2b8e5a65017bdcf988af0febad84bbddaa0af4be2e1142,displacement_mean_euclidean_error,evaluable,,480.0,0.0,0.0,True,MOCK DATA / NOT A SCIENTIFIC RESULT,displacement-report-draft-v1,
MOCK_S10,MOCK_G05,1,non_speaking,mouth,full,0.0069462398724743,0.0069462398724743,MOCK_S10_non_speaking_mouth,8.0,900.0,51857c792eae2fdf6f2b8e5a65017bdcf988af0febad84bbddaa0af4be2e1142,displacement_mean_euclidean_error,evaluable,,480.0,105.0,630.0,True,MOCK DATA / NOT A SCIENTIFIC RESULT,displacement-report-draft-v1,
MOCK_S10,MOCK_G05,1,non_speaking,mouth,pcmci,0.0082844445905125,0.0082844445905125,MOCK_S10_non_speaking_mouth,8.0,900.0,51857c792eae2fdf6f2b8e5a65017bdcf988af0febad84bbddaa0af4be2e1142,displacement_mean_euclidean_error,evaluable,,480.0,3.0,18.0,True,MOCK DATA / NOT A SCIENTIFIC RESULT,displacement-report-draft-v1,
MOCK_S10,MOCK_G05,1,non_speaking,jaw,persistence,0.0068284940579684,,MOCK_S10_non_speaking_jaw,3.0,900.0,51857c792eae2fdf6f2b8e5a65017bdcf988af0febad84bbddaa0af4be2e1142,displacement_mean_euclidean_error,evaluable,,180.0,0.0,0.0,True,MOCK DATA / NOT A SCIENTIFIC RESULT,displacement-report-draft-v1,
MOCK_S10,MOCK_G05,1,non_speaking,jaw,self,0.0086236355455725,0.0086236355455725,MOCK_S10_non_speaking_jaw,3.0,900.0,51857c792eae2fdf6f2b8e5a65017bdcf988af0febad84bbddaa0af4be2e1142,displacement_mean_euclidean_error,evaluable,,180.0,0.0,0.0,True,MOCK DATA / NOT A SCIENTIFIC RESULT,displacement-report-draft-v1,
MOCK_S10,MOCK_G05,1,non_speaking,jaw,full,0.007924591787669,0.007924591787669,MOCK_S10_non_speaking_jaw,3.0,900.0,51857c792eae2fdf6f2b8e5a65017bdcf988af0febad84bbddaa0af4be2e1142,displacement_mean_euclidean_error,evaluable,,180.0,105.0,780.0,True,MOCK DATA / NOT A SCIENTIFIC RESULT,displacement-report-draft-v1,
MOCK_S10,MOCK_G05,1,non_speaking,jaw,pcmci,0.0090217640828743,0.0090217640828743,MOCK_S10_non_speaking_jaw,3.0,900.0,51857c792eae2fdf6f2b8e5a65017bdcf988af0febad84bbddaa0af4be2e1142,displacement_mean_euclidean_error,evaluable,,180.0,3.0,20.0,True,MOCK DATA / NOT A SCIENTIFIC RESULT,displacement-report-draft-v1,
MOCK_S11,MOCK_G06,1,speaking,left_brow,persistence,0.0064685038733037,,MOCK_S11_speaking_left_brow,3.0,900.0,b92c35d87cd4b2fff8c2eff303d9d20112cdbaa9f8a07514c7cc22e2af575bda,displacement_mean_euclidean_error,evaluable,,180.0,0.0,0.0,True,MOCK DATA / NOT A SCIENTIFIC RESULT,displacement-report-draft-v1,
MOCK_S11,MOCK_G06,1,speaking,left_brow,self,0.0058367936667331,0.0058367936667331,MOCK_S11_speaking_left_brow,3.0,900.0,b92c35d87cd4b2fff8c2eff303d9d20112cdbaa9f8a07514c7cc22e2af575bda,displacement_mean_euclidean_error,evaluable,,180.0,0.0,0.0,True,MOCK DATA / NOT A SCIENTIFIC RESULT,displacement-report-draft-v1,
MOCK_S11,MOCK_G06,1,speaking,left_brow,full,0.0050353197183541,0.0050353197183541,MOCK_S11_speaking_left_brow,3.0,900.0,b92c35d87cd4b2fff8c2eff303d9d20112cdbaa9f8a07514c7cc22e2af575bda,displacement_mean_euclidean_error,evaluable,,180.0,105.0,780.0,True,MOCK DATA / NOT A SCIENTIFIC RESULT,displacement-report-draft-v1,
MOCK_S11,MOCK_G06,1,speaking,left_brow,pcmci,0.0056279065243769,0.0056279065243769,MOCK_S11_speaking_left_brow,3.0,900.0,b92c35d87cd4b2fff8c2eff303d9d20112cdbaa9f8a07514c7cc22e2af575bda,displacement_mean_euclidean_error,evaluable,,180.0,3.0,20.0,True,MOCK DATA / NOT A SCIENTIFIC RESULT,displacement-report-draft-v1,
MOCK_S11,MOCK_G06,1,speaking,right_brow,persistence,0.0065020603488568,,MOCK_S11_speaking_right_brow,3.0,900.0,b92c35d87cd4b2fff8c2eff303d9d20112cdbaa9f8a07514c7cc22e2af575bda,displacement_mean_euclidean_error,evaluable,,180.0,0.0,0.0,True,MOCK DATA / NOT A SCIENTIFIC RESULT,displacement-report-draft-v1,
MOCK_S11,MOCK_G06,1,speaking,right_brow,self,0.0061367936667331,0.0061367936667331,MOCK_S11_speaking_right_brow,3.0,900.0,b92c35d87cd4b2fff8c2eff303d9d20112cdbaa9f8a07514c7cc22e2af575bda,displacement_mean_euclidean_error,evaluable,,180.0,0.0,0.0,True,MOCK DATA / NOT A SCIENTIFIC RESULT,displacement-report-draft-v1,
MOCK_S11,MOCK_G06,1,speaking,right_brow,full,0.00617808160558,0.00617808160558,MOCK_S11_speaking_right_brow,3.0,900.0,b92c35d87cd4b2fff8c2eff303d9d20112cdbaa9f8a07514c7cc22e2af575bda,displacement_mean_euclidean_error,evaluable,,180.0,105.0,780.0,True,MOCK DATA / NOT A SCIENTIFIC RESULT,displacement-report-draft-v1,
MOCK_S11,MOCK_G06,1,speaking,right_brow,pcmci,0.006502938410386,0.006502938410386,MOCK_S11_speaking_right_brow,3.0,900.0,b92c35d87cd4b2fff8c2eff303d9d20112cdbaa9f8a07514c7cc22e2af575bda,displacement_mean_euclidean_error,evaluable,,180.0,3.0,20.0,True,MOCK DATA / NOT A SCIENTIFIC RESULT,displacement-report-draft-v1,
MOCK_S11,MOCK_G06,1,speaking,left_eyelid,persistence,0.0065328680304249,,MOCK_S11_speaking_left_eyelid,4.0,900.0,b92c35d87cd4b2fff8c2eff303d9d20112cdbaa9f8a07514c7cc22e2af575bda,displacement_mean_euclidean_error,evaluable,,240.0,0.0,0.0,True,MOCK DATA / NOT A SCIENTIFIC RESULT,displacement-report-draft-v1,
MOCK_S11,MOCK_G06,1,speaking,left_eyelid,self,0.0064367936667331,0.0064367936667331,MOCK_S11_speaking_left_eyelid,4.0,900.0,b92c35d87cd4b2fff8c2eff303d9d20112cdbaa9f8a07514c7cc22e2af575bda,displacement_mean_euclidean_error,evaluable,,240.0,0.0,0.0,True,MOCK DATA / NOT A SCIENTIFIC RESULT,displacement-report-draft-v1,
MOCK_S11,MOCK_G06,1,speaking,left_eyelid,full,0.0067772160886942,0.0067772160886942,MOCK_S11_speaking_left_eyelid,4.0,900.0,b92c35d87cd4b2fff8c2eff303d9d20112cdbaa9f8a07514c7cc22e2af575bda,displacement_mean_euclidean_error,evaluable,,240.0,105.0,750.0,True,MOCK DATA / NOT A SCIENTIFIC RESULT,displacement-report-draft-v1,
MOCK_S11,MOCK_G06,1,speaking,left_eyelid,pcmci,0.0066276105829249,0.0066276105829249,MOCK_S11_speaking_left_eyelid,4.0,900.0,b92c35d87cd4b2fff8c2eff303d9d20112cdbaa9f8a07514c7cc22e2af575bda,displacement_mean_euclidean_error,evaluable,,240.0,3.0,20.0,True,MOCK DATA / NOT A SCIENTIFIC RESULT,displacement-report-draft-v1,
MOCK_S11,MOCK_G06,1,speaking,right_eyelid,persistence,0.0065962893244634,,MOCK_S11_speaking_right_eyelid,4.0,900.0,b92c35d87cd4b2fff8c2eff303d9d20112cdbaa9f8a07514c7cc22e2af575bda,displacement_mean_euclidean_error,evaluable,,240.0,0.0,0.0,True,MOCK DATA / NOT A SCIENTIFIC RESULT,displacement-report-draft-v1,
MOCK_S11,MOCK_G06,1,speaking,right_eyelid,self,0.0067367936667331,0.0067367936667331,MOCK_S11_speaking_right_eyelid,4.0,900.0,b92c35d87cd4b2fff8c2eff303d9d20112cdbaa9f8a07514c7cc22e2af575bda,displacement_mean_euclidean_error,evaluable,,240.0,0.0,0.0,True,MOCK DATA / NOT A SCIENTIFIC RESULT,displacement-report-draft-v1,
MOCK_S11,MOCK_G06,1,speaking,right_eyelid,full,0.0065577003034507,0.0065577003034507,MOCK_S11_speaking_right_eyelid,4.0,900.0,b92c35d87cd4b2fff8c2eff303d9d20112cdbaa9f8a07514c7cc22e2af575bda,displacement_mean_euclidean_error,evaluable,,240.0,105.0,750.0,True,MOCK DATA / NOT A SCIENTIFIC RESULT,displacement-report-draft-v1,
MOCK_S11,MOCK_G06,1,speaking,right_eyelid,pcmci,0.0061631186379958,0.0061631186379958,MOCK_S11_speaking_right_eyelid,4.0,900.0,b92c35d87cd4b2fff8c2eff303d9d20112cdbaa9f8a07514c7cc22e2af575bda,displacement_mean_euclidean_error,evaluable,,240.0,3.0,24.0,True,MOCK DATA / NOT A SCIENTIFIC RESULT,displacement-report-draft-v1,
MOCK_S11,MOCK_G06,1,speaking,left_cheek,persistence,0.0066632104526037,,MOCK_S11_speaking_left_cheek,2.0,900.0,b92c35d87cd4b2fff8c2eff303d9d20112cdbaa9f8a07514c7cc22e2af575bda,displacement_mean_euclidean_error,evaluable,,120.0,0.0,0.0,True,MOCK DATA / NOT A SCIENTIFIC RESULT,displacement-report-draft-v1,
MOCK_S11,MOCK_G06,1,speaking,left_cheek,self,0.0070367936667331,0.0070367936667331,MOCK_S11_speaking_left_cheek,2.0,900.0,b92c35d87cd4b2fff8c2eff303d9d20112cdbaa9f8a07514c7cc22e2af575bda,displacement_mean_euclidean_error,evaluable,,120.0,0.0,0.0,True,MOCK DATA / NOT A SCIENTIFIC RESULT,displacement-report-draft-v1,
MOCK_S11,MOCK_G06,1,speaking,left_cheek,full,0.0059971746669327,0.0059971746669327,MOCK_S11_speaking_left_cheek,2.0,900.0,b92c35d87cd4b2fff8c2eff303d9d20112cdbaa9f8a07514c7cc22e2af575bda,displacement_mean_euclidean_error,evaluable,,120.0,105.0,810.0,True,MOCK DATA / NOT A SCIENTIFIC RESULT,displacement-report-draft-v1,
MOCK_S11,MOCK_G06,1,speaking,left_cheek,pcmci,0.0058123329441312,0.0058123329441312,MOCK_S11_speaking_left_cheek,2.0,900.0,b92c35d87cd4b2fff8c2eff303d9d20112cdbaa9f8a07514c7cc22e2af575bda,displacement_mean_euclidean_error,evaluable,,120.0,3.0,14.0,True,MOCK DATA / NOT A SCIENTIFIC RESULT,displacement-report-draft-v1,
MOCK_S11,MOCK_G06,1,speaking,right_cheek,persistence,0.0066448490186741,,MOCK_S11_speaking_right_cheek,2.0,900.0,b92c35d87cd4b2fff8c2eff303d9d20112cdbaa9f8a07514c7cc22e2af575bda,displacement_mean_euclidean_error,evaluable,,120.0,0.0,0.0,True,MOCK DATA / NOT A SCIENTIFIC RESULT,displacement-report-draft-v1,
MOCK_S11,MOCK_G06,1,speaking,right_cheek,self,0.0073367936667331,0.0073367936667331,MOCK_S11_speaking_right_cheek,2.0,900.0,b92c35d87cd4b2fff8c2eff303d9d20112cdbaa9f8a07514c7cc22e2af575bda,displacement_mean_euclidean_error,evaluable,,120.0,0.0,0.0,True,MOCK DATA / NOT A SCIENTIFIC RESULT,displacement-report-draft-v1,
MOCK_S11,MOCK_G06,1,speaking,right_cheek,full,0.0058868024808375,0.0058868024808375,MOCK_S11_speaking_right_cheek,2.0,900.0,b92c35d87cd4b2fff8c2eff303d9d20112cdbaa9f8a07514c7cc22e2af575bda,displacement_mean_euclidean_error,evaluable,,120.0,105.0,810.0,True,MOCK DATA / NOT A SCIENTIFIC RESULT,displacement-report-draft-v1,
MOCK_S11,MOCK_G06,1,speaking,right_cheek,pcmci,0.0061735828670182,0.0061735828670182,MOCK_S11_speaking_right_cheek,2.0,900.0,b92c35d87cd4b2fff8c2eff303d9d20112cdbaa9f8a07514c7cc22e2af575bda,displacement_mean_euclidean_error,evaluable,,120.0,3.0,38.0,True,MOCK DATA / NOT A SCIENTIFIC RESULT,displacement-report-draft-v1,
MOCK_S11,MOCK_G06,1,speaking,mouth,persistence,0.006687978384305,,MOCK_S11_speaking_mouth,8.0,900.0,b92c35d87cd4b2fff8c2eff303d9d20112cdbaa9f8a07514c7cc22e2af575bda,displacement_mean_euclidean_error,evaluable,,480.0,0.0,0.0,True,MOCK DATA / NOT A SCIENTIFIC RESULT,displacement-report-draft-v1,
MOCK_S11,MOCK_G06,1,speaking,mouth,self,0.0076367936667331,0.0076367936667331,MOCK_S11_speaking_mouth,8.0,900.0,b92c35d87cd4b2fff8c2eff303d9d20112cdbaa9f8a07514c7cc22e2af575bda,displacement_mean_euclidean_error,evaluable,,480.0,0.0,0.0,True,MOCK DATA / NOT A SCIENTIFIC RESULT,displacement-report-draft-v1,
MOCK_S11,MOCK_G06,1,speaking,mouth,full,0.0066038780405327,0.0066038780405327,MOCK_S11_speaking_mouth,8.0,900.0,b92c35d87cd4b2fff8c2eff303d9d20112cdbaa9f8a07514c7cc22e2af575bda,displacement_mean_euclidean_error,evaluable,,480.0,105.0,630.0,True,MOCK DATA / NOT A SCIENTIFIC RESULT,displacement-report-draft-v1,
MOCK_S11,MOCK_G06,1,speaking,mouth,pcmci,0.007190555510023,0.007190555510023,MOCK_S11_speaking_mouth,8.0,900.0,b92c35d87cd4b2fff8c2eff303d9d20112cdbaa9f8a07514c7cc22e2af575bda,displacement_mean_euclidean_error,evaluable,,480.0,3.0,18.0,True,MOCK DATA / NOT A SCIENTIFIC RESULT,displacement-report-draft-v1,
MOCK_S11,MOCK_G06,1,speaking,jaw,persistence,0.0068005904478613,,MOCK_S11_speaking_jaw,3.0,900.0,b92c35d87cd4b2fff8c2eff303d9d20112cdbaa9f8a07514c7cc22e2af575bda,displacement_mean_euclidean_error,evaluable,,180.0,0.0,0.0,True,MOCK DATA / NOT A SCIENTIFIC RESULT,displacement-report-draft-v1,
MOCK_S11,MOCK_G06,1,speaking,jaw,self,0.0079367936667331,0.0079367936667331,MOCK_S11_speaking_jaw,3.0,900.0,b92c35d87cd4b2fff8c2eff303d9d20112cdbaa9f8a07514c7cc22e2af575bda,displacement_mean_euclidean_error,evaluable,,180.0,0.0,0.0,True,MOCK DATA / NOT A SCIENTIFIC RESULT,displacement-report-draft-v1,
MOCK_S11,MOCK_G06,1,speaking,jaw,full,0.0077649439998771,0.0077649439998771,MOCK_S11_speaking_jaw,3.0,900.0,b92c35d87cd4b2fff8c2eff303d9d20112cdbaa9f8a07514c7cc22e2af575bda,displacement_mean_euclidean_error,evaluable,,180.0,105.0,780.0,True,MOCK DATA / NOT A SCIENTIFIC RESULT,displacement-report-draft-v1,
MOCK_S11,MOCK_G06,1,speaking,jaw,pcmci,0.0082040695316558,0.0082040695316558,MOCK_S11_speaking_jaw,3.0,900.0,b92c35d87cd4b2fff8c2eff303d9d20112cdbaa9f8a07514c7cc22e2af575bda,displacement_mean_euclidean_error,evaluable,,180.0,3.0,20.0,True,MOCK DATA / NOT A SCIENTIFIC RESULT,displacement-report-draft-v1,
MOCK_S11,MOCK_G06,1,non_speaking,left_brow,persistence,0.0064807405830766,,MOCK_S11_non_speaking_left_brow,3.0,900.0,3601fee77cb3f97034deffe56372711623e419702e2a32bd006d15d86af2745c,displacement_mean_euclidean_error,evaluable,,180.0,0.0,0.0,True,MOCK DATA / NOT A SCIENTIFIC RESULT,displacement-report-draft-v1,
MOCK_S11,MOCK_G06,1,non_speaking,left_brow,self,0.0062367936667331,0.0062367936667331,MOCK_S11_non_speaking_left_brow,3.0,900.0,3601fee77cb3f97034deffe56372711623e419702e2a32bd006d15d86af2745c,displacement_mean_euclidean_error,evaluable,,180.0,0.0,0.0,True,MOCK DATA / NOT A SCIENTIFIC RESULT,displacement-report-draft-v1,
MOCK_S11,MOCK_G06,1,non_speaking,left_brow,full,0.0054353197183541,0.0054353197183541,MOCK_S11_non_speaking_left_brow,3.0,900.0,3601fee77cb3f97034deffe56372711623e419702e2a32bd006d15d86af2745c,displacement_mean_euclidean_error,evaluable,,180.0,105.0,780.0,True,MOCK DATA / NOT A SCIENTIFIC RESULT,displacement-report-draft-v1,
MOCK_S11,MOCK_G06,1,non_speaking,left_brow,pcmci,0.0062367936667331,0.0062367936667331,MOCK_S11_non_speaking_left_brow,3.0,900.0,3601fee77cb3f97034deffe56372711623e419702e2a32bd006d15d86af2745c,displacement_mean_euclidean_error,evaluable,,180.0,0.0,0.0,True,MOCK DATA / NOT A SCIENTIFIC RESULT,displacement-report-draft-v1,
MOCK_S11,MOCK_G06,1,non_speaking,right_brow,persistence,0.0064044344164762,,MOCK_S11_non_speaking_right_brow,3.0,900.0,3601fee77cb3f97034deffe56372711623e419702e2a32bd006d15d86af2745c,displacement_mean_euclidean_error,evaluable,,180.0,0.0,0.0,True,MOCK DATA / NOT A SCIENTIFIC RESULT,displacement-report-draft-v1,
MOCK_S11,MOCK_G06,1,non_speaking,right_brow,self,0.0065367936667331,0.0065367936667331,MOCK_S11_non_speaking_right_brow,3.0,900.0,3601fee77cb3f97034deffe56372711623e419702e2a32bd006d15d86af2745c,displacement_mean_euclidean_error,evaluable,,180.0,0.0,0.0,True,MOCK DATA / NOT A SCIENTIFIC RESULT,displacement-report-draft-v1,
MOCK_S11,MOCK_G06,1,non_speaking,right_brow,full,0.00657808160558,0.00657808160558,MOCK_S11_non_speaking_right_brow,3.0,900.0,3601fee77cb3f97034deffe56372711623e419702e2a32bd006d15d86af2745c,displacement_mean_euclidean_error,evaluable,,180.0,105.0,780.0,True,MOCK DATA / NOT A SCIENTIFIC RESULT,displacement-report-draft-v1,
MOCK_S11,MOCK_G06,1,non_speaking,right_brow,pcmci,0.0067276105829249,0.0067276105829249,MOCK_S11_non_speaking_right_brow,3.0,900.0,3601fee77cb3f97034deffe56372711623e419702e2a32bd006d15d86af2745c,displacement_mean_euclidean_error,evaluable,,180.0,3.0,20.0,True,MOCK DATA / NOT A SCIENTIFIC RESULT,displacement-report-draft-v1,
MOCK_S11,MOCK_G06,1,non_speaking,left_eyelid,persistence,0.0064322867872744,,MOCK_S11_non_speaking_left_eyelid,4.0,900.0,3601fee77cb3f97034deffe56372711623e419702e2a32bd006d15d86af2745c,displacement_mean_euclidean_error,evaluable,,240.0,0.0,0.0,True,MOCK DATA / NOT A SCIENTIFIC RESULT,displacement-report-draft-v1,
MOCK_S11,MOCK_G06,1,non_speaking,left_eyelid,self,0.0068367936667331,0.0068367936667331,MOCK_S11_non_speaking_left_eyelid,4.0,900.0,3601fee77cb3f97034deffe56372711623e419702e2a32bd006d15d86af2745c,displacement_mean_euclidean_error,evaluable,,240.0,0.0,0.0,True,MOCK DATA / NOT A SCIENTIFIC RESULT,displacement-report-draft-v1,
MOCK_S11,MOCK_G06,1,non_speaking,left_eyelid,full,0.0071772160886942,0.0071772160886942,MOCK_S11_non_speaking_left_eyelid,4.0,900.0,3601fee77cb3f97034deffe56372711623e419702e2a32bd006d15d86af2745c,displacement_mean_euclidean_error,evaluable,,240.0,105.0,750.0,True,MOCK DATA / NOT A SCIENTIFIC RESULT,displacement-report-draft-v1,
MOCK_S11,MOCK_G06,1,non_speaking,left_eyelid,pcmci,0.0062631186379958,0.0062631186379958,MOCK_S11_non_speaking_left_eyelid,4.0,900.0,3601fee77cb3f97034deffe56372711623e419702e2a32bd006d15d86af2745c,displacement_mean_euclidean_error,evaluable,,240.0,3.0,20.0,True,MOCK DATA / NOT A SCIENTIFIC RESULT,displacement-report-draft-v1,
MOCK_S11,MOCK_G06,1,non_speaking,right_eyelid,persistence,0.0065695671364408,,MOCK_S11_non_speaking_right_eyelid,4.0,900.0,3601fee77cb3f97034deffe56372711623e419702e2a32bd006d15d86af2745c,displacement_mean_euclidean_error,evaluable,,240.0,0.0,0.0,True,MOCK DATA / NOT A SCIENTIFIC RESULT,displacement-report-draft-v1,
MOCK_S11,MOCK_G06,1,non_speaking,right_eyelid,self,0.0071367936667331,0.0071367936667331,MOCK_S11_non_speaking_right_eyelid,4.0,900.0,3601fee77cb3f97034deffe56372711623e419702e2a32bd006d15d86af2745c,displacement_mean_euclidean_error,evaluable,,240.0,0.0,0.0,True,MOCK DATA / NOT A SCIENTIFIC RESULT,displacement-report-draft-v1,
MOCK_S11,MOCK_G06,1,non_speaking,right_eyelid,full,0.0069577003034507,0.0069577003034507,MOCK_S11_non_speaking_right_eyelid,4.0,900.0,3601fee77cb3f97034deffe56372711623e419702e2a32bd006d15d86af2745c,displacement_mean_euclidean_error,evaluable,,240.0,105.0,750.0,True,MOCK DATA / NOT A SCIENTIFIC RESULT,displacement-report-draft-v1,
MOCK_S11,MOCK_G06,1,non_speaking,right_eyelid,pcmci,0.0059123329441312,0.0059123329441312,MOCK_S11_non_speaking_right_eyelid,4.0,900.0,3601fee77cb3f97034deffe56372711623e419702e2a32bd006d15d86af2745c,displacement_mean_euclidean_error,evaluable,,240.0,3.0,24.0,True,MOCK DATA / NOT A SCIENTIFIC RESULT,displacement-report-draft-v1,
MOCK_S11,MOCK_G06,1,non_speaking,left_cheek,persistence,0.0067578197211837,,MOCK_S11_non_speaking_left_cheek,2.0,900.0,3601fee77cb3f97034deffe56372711623e419702e2a32bd006d15d86af2745c,displacement_mean_euclidean_error,evaluable,,120.0,0.0,0.0,True,MOCK DATA / NOT A SCIENTIFIC RESULT,displacement-report-draft-v1,
MOCK_S11,MOCK_G06,1,non_speaking,left_cheek,self,0.0074367936667331,0.0074367936667331,MOCK_S11_non_speaking_left_cheek,2.0,900.0,3601fee77cb3f97034deffe56372711623e419702e2a32bd006d15d86af2745c,displacement_mean_euclidean_error,evaluable,,120.0,0.0,0.0,True,MOCK DATA / NOT A SCIENTIFIC RESULT,displacement-report-draft-v1,
MOCK_S11,MOCK_G06,1,non_speaking,left_cheek,full,0.0063971746669327,0.0063971746669327,MOCK_S11_non_speaking_left_cheek,2.0,900.0,3601fee77cb3f97034deffe56372711623e419702e2a32bd006d15d86af2745c,displacement_mean_euclidean_error,evaluable,,120.0,105.0,810.0,True,MOCK DATA / NOT A SCIENTIFIC RESULT,displacement-report-draft-v1,
MOCK_S11,MOCK_G06,1,non_speaking,left_cheek,pcmci,0.0062735828670182,0.0062735828670182,MOCK_S11_non_speaking_left_cheek,2.0,900.0,3601fee77cb3f97034deffe56372711623e419702e2a32bd006d15d86af2745c,displacement_mean_euclidean_error,evaluable,,120.0,3.0,14.0,True,MOCK DATA / NOT A SCIENTIFIC RESULT,displacement-report-draft-v1,
MOCK_S11,MOCK_G06,1,non_speaking,right_cheek,persistence,0.0065873605446632,,MOCK_S11_non_speaking_right_cheek,2.0,900.0,3601fee77cb3f97034deffe56372711623e419702e2a32bd006d15d86af2745c,displacement_mean_euclidean_error,evaluable,,120.0,0.0,0.0,True,MOCK DATA / NOT A SCIENTIFIC RESULT,displacement-report-draft-v1,
MOCK_S11,MOCK_G06,1,non_speaking,right_cheek,self,0.0077367936667331,0.0077367936667331,MOCK_S11_non_speaking_right_cheek,2.0,900.0,3601fee77cb3f97034deffe56372711623e419702e2a32bd006d15d86af2745c,displacement_mean_euclidean_error,evaluable,,120.0,0.0,0.0,True,MOCK DATA / NOT A SCIENTIFIC RESULT,displacement-report-draft-v1,
MOCK_S11,MOCK_G06,1,non_speaking,right_cheek,full,0.0062868024808375,0.0062868024808375,MOCK_S11_non_speaking_right_cheek,2.0,900.0,3601fee77cb3f97034deffe56372711623e419702e2a32bd006d15d86af2745c,displacement_mean_euclidean_error,evaluable,,120.0,105.0,810.0,True,MOCK DATA / NOT A SCIENTIFIC RESULT,displacement-report-draft-v1,
MOCK_S11,MOCK_G06,1,non_speaking,right_cheek,pcmci,0.007290555510023,0.007290555510023,MOCK_S11_non_speaking_right_cheek,2.0,900.0,3601fee77cb3f97034deffe56372711623e419702e2a32bd006d15d86af2745c,displacement_mean_euclidean_error,evaluable,,120.0,3.0,38.0,True,MOCK DATA / NOT A SCIENTIFIC RESULT,displacement-report-draft-v1,
MOCK_S11,MOCK_G06,1,non_speaking,mouth,persistence,0.0067209693508798,,MOCK_S11_non_speaking_mouth,8.0,900.0,3601fee77cb3f97034deffe56372711623e419702e2a32bd006d15d86af2745c,displacement_mean_euclidean_error,evaluable,,480.0,0.0,0.0,True,MOCK DATA / NOT A SCIENTIFIC RESULT,displacement-report-draft-v1,
MOCK_S11,MOCK_G06,1,non_speaking,mouth,self,0.0080367936667331,0.0080367936667331,MOCK_S11_non_speaking_mouth,8.0,900.0,3601fee77cb3f97034deffe56372711623e419702e2a32bd006d15d86af2745c,displacement_mean_euclidean_error,evaluable,,480.0,0.0,0.0,True,MOCK DATA / NOT A SCIENTIFIC RESULT,displacement-report-draft-v1,
MOCK_S11,MOCK_G06,1,non_speaking,mouth,full,0.0070038780405327,0.0070038780405327,MOCK_S11_non_speaking_mouth,8.0,900.0,3601fee77cb3f97034deffe56372711623e419702e2a32bd006d15d86af2745c,displacement_mean_euclidean_error,evaluable,,480.0,105.0,630.0,True,MOCK DATA / NOT A SCIENTIFIC RESULT,displacement-report-draft-v1,
MOCK_S11,MOCK_G06,1,non_speaking,mouth,pcmci,0.0083040695316558,0.0083040695316558,MOCK_S11_non_speaking_mouth,8.0,900.0,3601fee77cb3f97034deffe56372711623e419702e2a32bd006d15d86af2745c,displacement_mean_euclidean_error,evaluable,,480.0,3.0,18.0,True,MOCK DATA / NOT A SCIENTIFIC RESULT,displacement-report-draft-v1,
MOCK_S11,MOCK_G06,1,non_speaking,jaw,persistence,0.0067840129253193,,MOCK_S11_non_speaking_jaw,3.0,900.0,3601fee77cb3f97034deffe56372711623e419702e2a32bd006d15d86af2745c,displacement_mean_euclidean_error,evaluable,,180.0,0.0,0.0,True,MOCK DATA / NOT A SCIENTIFIC RESULT,displacement-report-draft-v1,
MOCK_S11,MOCK_G06,1,non_speaking,jaw,self,0.0083367936667331,0.0083367936667331,MOCK_S11_non_speaking_jaw,3.0,900.0,3601fee77cb3f97034deffe56372711623e419702e2a32bd006d15d86af2745c,displacement_mean_euclidean_error,evaluable,,180.0,0.0,0.0,True,MOCK DATA / NOT A SCIENTIFIC RESULT,displacement-report-draft-v1,
MOCK_S11,MOCK_G06,1,non_speaking,jaw,full,0.0081649439998771,0.0081649439998771,MOCK_S11_non_speaking_jaw,3.0,900.0,3601fee77cb3f97034deffe56372711623e419702e2a32bd006d15d86af2745c,displacement_mean_euclidean_error,evaluable,,180.0,105.0,780.0,True,MOCK DATA / NOT A SCIENTIFIC RESULT,displacement-report-draft-v1,
MOCK_S11,MOCK_G06,1,non_speaking,jaw,pcmci,0.0086581234309658,0.0086581234309658,MOCK_S11_non_speaking_jaw,3.0,900.0,3601fee77cb3f97034deffe56372711623e419702e2a32bd006d15d86af2745c,displacement_mean_euclidean_error,evaluable,,180.0,3.0,20.0,True,MOCK DATA / NOT A SCIENTIFIC RESULT,displacement-report-draft-v1,
MOCK_S12,MOCK_G06,1,speaking,left_brow,persistence,0.0063565104653601,,MOCK_S12_speaking_left_brow,3.0,900.0,65b26f198db019d4157cce99a0ff40e7b2021c615e2788b2a00b6afa9ca08269,displacement_mean_euclidean_error,evaluable,,180.0,0.0,0.0,True,MOCK DATA / NOT A SCIENTIFIC RESULT,displacement-report-draft-v1,
MOCK_S12,MOCK_G06,1,speaking,left_brow,self,0.0057000029380347,0.0057000029380347,MOCK_S12_speaking_left_brow,3.0,900.0,65b26f198db019d4157cce99a0ff40e7b2021c615e2788b2a00b6afa9ca08269,displacement_mean_euclidean_error,evaluable,,180.0,0.0,0.0,True,MOCK DATA / NOT A SCIENTIFIC RESULT,displacement-report-draft-v1,
MOCK_S12,MOCK_G06,1,speaking,left_brow,full,0.0054303901651968,0.0054303901651968,MOCK_S12_speaking_left_brow,3.0,900.0,65b26f198db019d4157cce99a0ff40e7b2021c615e2788b2a00b6afa9ca08269,displacement_mean_euclidean_error,evaluable,,180.0,105.0,780.0,True,MOCK DATA / NOT A SCIENTIFIC RESULT,displacement-report-draft-v1,
MOCK_S12,MOCK_G06,1,speaking,left_brow,pcmci,0.0058523722461823,0.0058523722461823,MOCK_S12_speaking_left_brow,3.0,900.0,65b26f198db019d4157cce99a0ff40e7b2021c615e2788b2a00b6afa9ca08269,displacement_mean_euclidean_error,evaluable,,180.0,3.0,20.0,True,MOCK DATA / NOT A SCIENTIFIC RESULT,displacement-report-draft-v1,
MOCK_S12,MOCK_G06,1,speaking,right_brow,persistence,0.0063859127584397,,MOCK_S12_speaking_right_brow,3.0,900.0,65b26f198db019d4157cce99a0ff40e7b2021c615e2788b2a00b6afa9ca08269,displacement_mean_euclidean_error,evaluable,,180.0,0.0,0.0,True,MOCK DATA / NOT A SCIENTIFIC RESULT,displacement-report-draft-v1,
MOCK_S12,MOCK_G06,1,speaking,right_brow,self,0.0060000029380347,0.0060000029380347,MOCK_S12_speaking_right_brow,3.0,900.0,65b26f198db019d4157cce99a0ff40e7b2021c615e2788b2a00b6afa9ca08269,displacement_mean_euclidean_error,evaluable,,180.0,0.0,0.0,True,MOCK DATA / NOT A SCIENTIFIC RESULT,displacement-report-draft-v1,
MOCK_S12,MOCK_G06,1,speaking,right_brow,full,0.0063211306428631,0.0063211306428631,MOCK_S12_speaking_right_brow,3.0,900.0,65b26f198db019d4157cce99a0ff40e7b2021c615e2788b2a00b6afa9ca08269,displacement_mean_euclidean_error,evaluable,,180.0,105.0,780.0,True,MOCK DATA / NOT A SCIENTIFIC RESULT,displacement-report-draft-v1,
MOCK_S12,MOCK_G06,1,speaking,right_brow,pcmci,0.0063801024199036,0.0063801024199036,MOCK_S12_speaking_right_brow,3.0,900.0,65b26f198db019d4157cce99a0ff40e7b2021c615e2788b2a00b6afa9ca08269,displacement_mean_euclidean_error,evaluable,,180.0,3.0,20.0,True,MOCK DATA / NOT A SCIENTIFIC RESULT,displacement-report-draft-v1,
MOCK_S12,MOCK_G06,1,speaking,left_eyelid,persistence,0.0065708292527279,,MOCK_S12_speaking_left_eyelid,4.0,900.0,65b26f198db019d4157cce99a0ff40e7b2021c615e2788b2a00b6afa9ca08269,displacement_mean_euclidean_error,evaluable,,240.0,0.0,0.0,True,MOCK DATA / NOT A SCIENTIFIC RESULT,displacement-report-draft-v1,
MOCK_S12,MOCK_G06,1,speaking,left_eyelid,self,0.0063000029380347,0.0063000029380347,MOCK_S12_speaking_left_eyelid,4.0,900.0,65b26f198db019d4157cce99a0ff40e7b2021c615e2788b2a00b6afa9ca08269,displacement_mean_euclidean_error,evaluable,,240.0,0.0,0.0,True,MOCK DATA / NOT A SCIENTIFIC RESULT,displacement-report-draft-v1,
MOCK_S12,MOCK_G06,1,speaking,left_eyelid,full,0.0064109603261214,0.0064109603261214,MOCK_S12_speaking_left_eyelid,4.0,900.0,65b26f198db019d4157cce99a0ff40e7b2021c615e2788b2a00b6afa9ca08269,displacement_mean_euclidean_error,evaluable,,240.0,105.0,750.0,True,MOCK DATA / NOT A SCIENTIFIC RESULT,displacement-report-draft-v1,
MOCK_S12,MOCK_G06,1,speaking,left_eyelid,pcmci,0.0061446429581945,0.0061446429581945,MOCK_S12_speaking_left_eyelid,4.0,900.0,65b26f198db019d4157cce99a0ff40e7b2021c615e2788b2a00b6afa9ca08269,displacement_mean_euclidean_error,evaluable,,240.0,3.0,20.0,True,MOCK DATA / NOT A SCIENTIFIC RESULT,displacement-report-draft-v1,
MOCK_S12,MOCK_G06,1,speaking,right_eyelid,persistence,0.0065451622521317,,MOCK_S12_speaking_right_eyelid,4.0,900.0,65b26f198db019d4157cce99a0ff40e7b2021c615e2788b2a00b6afa9ca08269,displacement_mean_euclidean_error,evaluable,,240.0,0.0,0.0,True,MOCK DATA / NOT A SCIENTIFIC RESULT,displacement-report-draft-v1,
MOCK_S12,MOCK_G06,1,speaking,right_eyelid,self,0.0066000029380347,0.0066000029380347,MOCK_S12_speaking_right_eyelid,4.0,900.0,65b26f198db019d4157cce99a0ff40e7b2021c615e2788b2a00b6afa9ca08269,displacement_mean_euclidean_error,evaluable,,240.0,0.0,0.0,True,MOCK DATA / NOT A SCIENTIFIC RESULT,displacement-report-draft-v1,
MOCK_S12,MOCK_G06,1,speaking,right_eyelid,full,0.0058931088349341,0.0058931088349341,MOCK_S12_speaking_right_eyelid,4.0,900.0,65b26f198db019d4157cce99a0ff40e7b2021c615e2788b2a00b6afa9ca08269,displacement_mean_euclidean_error,evaluable,,240.0,105.0,750.0,True,MOCK DATA / NOT A SCIENTIFIC RESULT,displacement-report-draft-v1,
MOCK_S12,MOCK_G06,1,speaking,right_eyelid,pcmci,0.0056382928207526,0.0056382928207526,MOCK_S12_speaking_right_eyelid,4.0,900.0,65b26f198db019d4157cce99a0ff40e7b2021c615e2788b2a00b6afa9ca08269,displacement_mean_euclidean_error,evaluable,,240.0,3.0,24.0,True,MOCK DATA / NOT A SCIENTIFIC RESULT,displacement-report-draft-v1,
MOCK_S12,MOCK_G06,1,speaking,left_cheek,persistence,0.0065372279640241,,MOCK_S12_speaking_left_cheek,2.0,900.0,65b26f198db019d4157cce99a0ff40e7b2021c615e2788b2a00b6afa9ca08269,displacement_mean_euclidean_error,evaluable,,120.0,0.0,0.0,True,MOCK DATA / NOT A SCIENTIFIC RESULT,displacement-report-draft-v1,
MOCK_S12,MOCK_G06,1,speaking,left_cheek,self,0.0069000029380347,0.0069000029380347,MOCK_S12_speaking_left_cheek,2.0,900.0,65b26f198db019d4157cce99a0ff40e7b2021c615e2788b2a00b6afa9ca08269,displacement_mean_euclidean_error,evaluable,,120.0,0.0,0.0,True,MOCK DATA / NOT A SCIENTIFIC RESULT,displacement-report-draft-v1,
MOCK_S12,MOCK_G06,1,speaking,left_cheek,full,0.0055195050585832,0.0055195050585832,MOCK_S12_speaking_left_cheek,2.0,900.0,65b26f198db019d4157cce99a0ff40e7b2021c615e2788b2a00b6afa9ca08269,displacement_mean_euclidean_error,evaluable,,120.0,105.0,810.0,True,MOCK DATA / NOT A SCIENTIFIC RESULT,displacement-report-draft-v1,
MOCK_S12,MOCK_G06,1,speaking,left_cheek,pcmci,0.0056024066052678,0.0056024066052678,MOCK_S12_speaking_left_cheek,2.0,900.0,65b26f198db019d4157cce99a0ff40e7b2021c615e2788b2a00b6afa9ca08269,displacement_mean_euclidean_error,evaluable,,120.0,3.0,14.0,True,MOCK DATA / NOT A SCIENTIFIC RESULT,displacement-report-draft-v1,
MOCK_S12,MOCK_G06,1,speaking,right_cheek,persistence,0.006556352294278,,MOCK_S12_speaking_right_cheek,2.0,900.0,65b26f198db019d4157cce99a0ff40e7b2021c615e2788b2a00b6afa9ca08269,displacement_mean_euclidean_error,evaluable,,120.0,0.0,0.0,True,MOCK DATA / NOT A SCIENTIFIC RESULT,displacement-report-draft-v1,
MOCK_S12,MOCK_G06,1,speaking,right_cheek,self,0.0072000029380347,0.0072000029380347,MOCK_S12_speaking_right_cheek,2.0,900.0,65b26f198db019d4157cce99a0ff40e7b2021c615e2788b2a00b6afa9ca08269,displacement_mean_euclidean_error,evaluable,,120.0,0.0,0.0,True,MOCK DATA / NOT A SCIENTIFIC RESULT,displacement-report-draft-v1,
MOCK_S12,MOCK_G06,1,speaking,right_cheek,full,0.0059094572025629,0.0059094572025629,MOCK_S12_speaking_right_cheek,2.0,900.0,65b26f198db019d4157cce99a0ff40e7b2021c615e2788b2a00b6afa9ca08269,displacement_mean_euclidean_error,evaluable,,120.0,105.0,810.0,True,MOCK DATA / NOT A SCIENTIFIC RESULT,displacement-report-draft-v1,
MOCK_S12,MOCK_G06,1,speaking,right_cheek,pcmci,0.0063457965492381,0.0063457965492381,MOCK_S12_speaking_right_cheek,2.0,900.0,65b26f198db019d4157cce99a0ff40e7b2021c615e2788b2a00b6afa9ca08269,displacement_mean_euclidean_error,evaluable,,120.0,3.0,38.0,True,MOCK DATA / NOT A SCIENTIFIC RESULT,displacement-report-draft-v1,
MOCK_S12,MOCK_G06,1,speaking,mouth,persistence,0.0067173142530461,,MOCK_S12_speaking_mouth,8.0,900.0,65b26f198db019d4157cce99a0ff40e7b2021c615e2788b2a00b6afa9ca08269,displacement_mean_euclidean_error,evaluable,,480.0,0.0,0.0,True,MOCK DATA / NOT A SCIENTIFIC RESULT,displacement-report-draft-v1,
MOCK_S12,MOCK_G06,1,speaking,mouth,self,0.0075000029380347,0.0075000029380347,MOCK_S12_speaking_mouth,8.0,900.0,65b26f198db019d4157cce99a0ff40e7b2021c615e2788b2a00b6afa9ca08269,displacement_mean_euclidean_error,evaluable,,480.0,0.0,0.0,True,MOCK DATA / NOT A SCIENTIFIC RESULT,displacement-report-draft-v1,
MOCK_S12,MOCK_G06,1,speaking,mouth,full,0.0069802636805338,0.0069802636805338,MOCK_S12_speaking_mouth,8.0,900.0,65b26f198db019d4157cce99a0ff40e7b2021c615e2788b2a00b6afa9ca08269,displacement_mean_euclidean_error,evaluable,,480.0,105.0,630.0,True,MOCK DATA / NOT A SCIENTIFIC RESULT,displacement-report-draft-v1,
MOCK_S12,MOCK_G06,1,speaking,mouth,pcmci,0.0074608119829748,0.0074608119829748,MOCK_S12_speaking_mouth,8.0,900.0,65b26f198db019d4157cce99a0ff40e7b2021c615e2788b2a00b6afa9ca08269,displacement_mean_euclidean_error,evaluable,,480.0,3.0,18.0,True,MOCK DATA / NOT A SCIENTIFIC RESULT,displacement-report-draft-v1,
MOCK_S12,MOCK_G06,1,speaking,jaw,persistence,0.0066999017518643,,MOCK_S12_speaking_jaw,3.0,900.0,65b26f198db019d4157cce99a0ff40e7b2021c615e2788b2a00b6afa9ca08269,displacement_mean_euclidean_error,evaluable,,180.0,0.0,0.0,True,MOCK DATA / NOT A SCIENTIFIC RESULT,displacement-report-draft-v1,
MOCK_S12,MOCK_G06,1,speaking,jaw,self,0.0078000029380347,0.0078000029380347,MOCK_S12_speaking_jaw,3.0,900.0,65b26f198db019d4157cce99a0ff40e7b2021c615e2788b2a00b6afa9ca08269,displacement_mean_euclidean_error,evaluable,,180.0,0.0,0.0,True,MOCK DATA / NOT A SCIENTIFIC RESULT,displacement-report-draft-v1,
MOCK_S12,MOCK_G06,1,speaking,jaw,full,0.0080232485714056,0.0080232485714056,MOCK_S12_speaking_jaw,3.0,900.0,65b26f198db019d4157cce99a0ff40e7b2021c615e2788b2a00b6afa9ca08269,displacement_mean_euclidean_error,evaluable,,180.0,105.0,780.0,True,MOCK DATA / NOT A SCIENTIFIC RESULT,displacement-report-draft-v1,
MOCK_S12,MOCK_G06,1,speaking,jaw,pcmci,0.0081981314753365,0.0081981314753365,MOCK_S12_speaking_jaw,3.0,900.0,65b26f198db019d4157cce99a0ff40e7b2021c615e2788b2a00b6afa9ca08269,displacement_mean_euclidean_error,evaluable,,180.0,3.0,20.0,True,MOCK DATA / NOT A SCIENTIFIC RESULT,displacement-report-draft-v1,
MOCK_S12,MOCK_G06,1,non_speaking,left_brow,persistence,0.0063446963168655,,MOCK_S12_non_speaking_left_brow,3.0,900.0,0822ce3c29d43fddcd889ac23d203002e3798a7b85051d3d56e7a12df58dcf2b,displacement_mean_euclidean_error,evaluable,,180.0,0.0,0.0,True,MOCK DATA / NOT A SCIENTIFIC RESULT,displacement-report-draft-v1,
MOCK_S12,MOCK_G06,1,non_speaking,left_brow,self,0.0061000029380347,0.0061000029380347,MOCK_S12_non_speaking_left_brow,3.0,900.0,0822ce3c29d43fddcd889ac23d203002e3798a7b85051d3d56e7a12df58dcf2b,displacement_mean_euclidean_error,evaluable,,180.0,0.0,0.0,True,MOCK DATA / NOT A SCIENTIFIC RESULT,displacement-report-draft-v1,
MOCK_S12,MOCK_G06,1,non_speaking,left_brow,full,0.0058303901651968,0.0058303901651968,MOCK_S12_non_speaking_left_brow,3.0,900.0,0822ce3c29d43fddcd889ac23d203002e3798a7b85051d3d56e7a12df58dcf2b,displacement_mean_euclidean_error,evaluable,,180.0,105.0,780.0,True,MOCK DATA / NOT A SCIENTIFIC RESULT,displacement-report-draft-v1,
MOCK_S12,MOCK_G06,1,non_speaking,left_brow,pcmci,0.0061000029380347,0.0061000029380347,MOCK_S12_non_speaking_left_brow,3.0,900.0,0822ce3c29d43fddcd889ac23d203002e3798a7b85051d3d56e7a12df58dcf2b,displacement_mean_euclidean_error,evaluable,,180.0,0.0,0.0,True,MOCK DATA / NOT A SCIENTIFIC RESULT,displacement-report-draft-v1,
MOCK_S12,MOCK_G06,1,non_speaking,right_brow,persistence,0.0065448845647988,,MOCK_S12_non_speaking_right_brow,3.0,900.0,0822ce3c29d43fddcd889ac23d203002e3798a7b85051d3d56e7a12df58dcf2b,displacement_mean_euclidean_error,evaluable,,180.0,0.0,0.0,True,MOCK DATA / NOT A SCIENTIFIC RESULT,displacement-report-draft-v1,
MOCK_S12,MOCK_G06,1,non_speaking,right_brow,self,0.0064000029380347,0.0064000029380347,MOCK_S12_non_speaking_right_brow,3.0,900.0,0822ce3c29d43fddcd889ac23d203002e3798a7b85051d3d56e7a12df58dcf2b,displacement_mean_euclidean_error,evaluable,,180.0,0.0,0.0,True,MOCK DATA / NOT A SCIENTIFIC RESULT,displacement-report-draft-v1,
MOCK_S12,MOCK_G06,1,non_speaking,right_brow,full,0.0067211306428631,0.0067211306428631,MOCK_S12_non_speaking_right_brow,3.0,900.0,0822ce3c29d43fddcd889ac23d203002e3798a7b85051d3d56e7a12df58dcf2b,displacement_mean_euclidean_error,evaluable,,180.0,105.0,780.0,True,MOCK DATA / NOT A SCIENTIFIC RESULT,displacement-report-draft-v1,
MOCK_S12,MOCK_G06,1,non_speaking,right_brow,pcmci,0.0062446429581945,0.0062446429581945,MOCK_S12_non_speaking_right_brow,3.0,900.0,0822ce3c29d43fddcd889ac23d203002e3798a7b85051d3d56e7a12df58dcf2b,displacement_mean_euclidean_error,evaluable,,180.0,3.0,20.0,True,MOCK DATA / NOT A SCIENTIFIC RESULT,displacement-report-draft-v1,
MOCK_S12,MOCK_G06,1,non_speaking,left_eyelid,persistence,0.0066541412078936,,MOCK_S12_non_speaking_left_eyelid,4.0,900.0,0822ce3c29d43fddcd889ac23d203002e3798a7b85051d3d56e7a12df58dcf2b,displacement_mean_euclidean_error,evaluable,,240.0,0.0,0.0,True,MOCK DATA / NOT A SCIENTIFIC RESULT,displacement-report-draft-v1,
MOCK_S12,MOCK_G06,1,non_speaking,left_eyelid,self,0.0067000029380347,0.0067000029380347,MOCK_S12_non_speaking_left_eyelid,4.0,900.0,0822ce3c29d43fddcd889ac23d203002e3798a7b85051d3d56e7a12df58dcf2b,displacement_mean_euclidean_error,evaluable,,240.0,0.0,0.0,True,MOCK DATA / NOT A SCIENTIFIC RESULT,displacement-report-draft-v1,
MOCK_S12,MOCK_G06,1,non_speaking,left_eyelid,full,0.0068109603261214,0.0068109603261214,MOCK_S12_non_speaking_left_eyelid,4.0,900.0,0822ce3c29d43fddcd889ac23d203002e3798a7b85051d3d56e7a12df58dcf2b,displacement_mean_euclidean_error,evaluable,,240.0,105.0,750.0,True,MOCK DATA / NOT A SCIENTIFIC RESULT,displacement-report-draft-v1,
MOCK_S12,MOCK_G06,1,non_speaking,left_eyelid,pcmci,0.0057382928207526,0.0057382928207526,MOCK_S12_non_speaking_left_eyelid,4.0,900.0,0822ce3c29d43fddcd889ac23d203002e3798a7b85051d3d56e7a12df58dcf2b,displacement_mean_euclidean_error,evaluable,,240.0,3.0,20.0,True,MOCK DATA / NOT A SCIENTIFIC RESULT,displacement-report-draft-v1,
MOCK_S12,MOCK_G06,1,non_speaking,right_eyelid,persistence,0.0064572672066186,,MOCK_S12_non_speaking_right_eyelid,4.0,900.0,0822ce3c29d43fddcd889ac23d203002e3798a7b85051d3d56e7a12df58dcf2b,displacement_mean_euclidean_error,evaluable,,240.0,0.0,0.0,True,MOCK DATA / NOT A SCIENTIFIC RESULT,displacement-report-draft-v1,
MOCK_S12,MOCK_G06,1,non_speaking,right_eyelid,self,0.0070000029380347,0.0070000029380347,MOCK_S12_non_speaking_right_eyelid,4.0,900.0,0822ce3c29d43fddcd889ac23d203002e3798a7b85051d3d56e7a12df58dcf2b,displacement_mean_euclidean_error,evaluable,,240.0,0.0,0.0,True,MOCK DATA / NOT A SCIENTIFIC RESULT,displacement-report-draft-v1,
MOCK_S12,MOCK_G06,1,non_speaking,right_eyelid,full,0.0062931088349341,0.0062931088349341,MOCK_S12_non_speaking_right_eyelid,4.0,900.0,0822ce3c29d43fddcd889ac23d203002e3798a7b85051d3d56e7a12df58dcf2b,displacement_mean_euclidean_error,evaluable,,240.0,105.0,750.0,True,MOCK DATA / NOT A SCIENTIFIC RESULT,displacement-report-draft-v1,
MOCK_S12,MOCK_G06,1,non_speaking,right_eyelid,pcmci,0.0057024066052678,0.0057024066052678,MOCK_S12_non_speaking_right_eyelid,4.0,900.0,0822ce3c29d43fddcd889ac23d203002e3798a7b85051d3d56e7a12df58dcf2b,displacement_mean_euclidean_error,evaluable,,240.0,3.0,24.0,True,MOCK DATA / NOT A SCIENTIFIC RESULT,displacement-report-draft-v1,
MOCK_S12,MOCK_G06,1,non_speaking,left_cheek,persistence,0.0064800122451046,,MOCK_S12_non_speaking_left_cheek,2.0,900.0,0822ce3c29d43fddcd889ac23d203002e3798a7b85051d3d56e7a12df58dcf2b,displacement_mean_euclidean_error,evaluable,,120.0,0.0,0.0,True,MOCK DATA / NOT A SCIENTIFIC RESULT,displacement-report-draft-v1,
MOCK_S12,MOCK_G06,1,non_speaking,left_cheek,self,0.0073000029380347,0.0073000029380347,MOCK_S12_non_speaking_left_cheek,2.0,900.0,0822ce3c29d43fddcd889ac23d203002e3798a7b85051d3d56e7a12df58dcf2b,displacement_mean_euclidean_error,evaluable,,120.0,0.0,0.0,True,MOCK DATA / NOT A SCIENTIFIC RESULT,displacement-report-draft-v1,
MOCK_S12,MOCK_G06,1,non_speaking,left_cheek,full,0.0059195050585832,0.0059195050585832,MOCK_S12_non_speaking_left_cheek,2.0,900.0,0822ce3c29d43fddcd889ac23d203002e3798a7b85051d3d56e7a12df58dcf2b,displacement_mean_euclidean_error,evaluable,,120.0,105.0,810.0,True,MOCK DATA / NOT A SCIENTIFIC RESULT,displacement-report-draft-v1,
MOCK_S12,MOCK_G06,1,non_speaking,left_cheek,pcmci,0.0064457965492381,0.0064457965492381,MOCK_S12_non_speaking_left_cheek,2.0,900.0,0822ce3c29d43fddcd889ac23d203002e3798a7b85051d3d56e7a12df58dcf2b,displacement_mean_euclidean_error,evaluable,,120.0,3.0,14.0,True,MOCK DATA / NOT A SCIENTIFIC RESULT,displacement-report-draft-v1,
MOCK_S12,MOCK_G06,1,non_speaking,right_cheek,persistence,0.0067036650921635,,MOCK_S12_non_speaking_right_cheek,2.0,900.0,0822ce3c29d43fddcd889ac23d203002e3798a7b85051d3d56e7a12df58dcf2b,displacement_mean_euclidean_error,evaluable,,120.0,0.0,0.0,True,MOCK DATA / NOT A SCIENTIFIC RESULT,displacement-report-draft-v1,
MOCK_S12,MOCK_G06,1,non_speaking,right_cheek,self,0.0076000029380347,0.0076000029380347,MOCK_S12_non_speaking_right_cheek,2.0,900.0,0822ce3c29d43fddcd889ac23d203002e3798a7b85051d3d56e7a12df58dcf2b,displacement_mean_euclidean_error,evaluable,,120.0,0.0,0.0,True,MOCK DATA / NOT A SCIENTIFIC RESULT,displacement-report-draft-v1,
MOCK_S12,MOCK_G06,1,non_speaking,right_cheek,full,0.0063094572025629,0.0063094572025629,MOCK_S12_non_speaking_right_cheek,2.0,900.0,0822ce3c29d43fddcd889ac23d203002e3798a7b85051d3d56e7a12df58dcf2b,displacement_mean_euclidean_error,evaluable,,120.0,105.0,810.0,True,MOCK DATA / NOT A SCIENTIFIC RESULT,displacement-report-draft-v1,
MOCK_S12,MOCK_G06,1,non_speaking,right_cheek,pcmci,0.0075608119829748,0.0075608119829748,MOCK_S12_non_speaking_right_cheek,2.0,900.0,0822ce3c29d43fddcd889ac23d203002e3798a7b85051d3d56e7a12df58dcf2b,displacement_mean_euclidean_error,evaluable,,120.0,3.0,38.0,True,MOCK DATA / NOT A SCIENTIFIC RESULT,displacement-report-draft-v1,
MOCK_S12,MOCK_G06,1,non_speaking,mouth,persistence,0.0067243577420227,,MOCK_S12_non_speaking_mouth,8.0,900.0,0822ce3c29d43fddcd889ac23d203002e3798a7b85051d3d56e7a12df58dcf2b,displacement_mean_euclidean_error,evaluable,,480.0,0.0,0.0,True,MOCK DATA / NOT A SCIENTIFIC RESULT,displacement-report-draft-v1,
MOCK_S12,MOCK_G06,1,non_speaking,mouth,self,0.0079000029380347,0.0079000029380347,MOCK_S12_non_speaking_mouth,8.0,900.0,0822ce3c29d43fddcd889ac23d203002e3798a7b85051d3d56e7a12df58dcf2b,displacement_mean_euclidean_error,evaluable,,480.0,0.0,0.0,True,MOCK DATA / NOT A SCIENTIFIC RESULT,displacement-report-draft-v1,
MOCK_S12,MOCK_G06,1,non_speaking,mouth,full,0.0073802636805338,0.0073802636805338,MOCK_S12_non_speaking_mouth,8.0,900.0,0822ce3c29d43fddcd889ac23d203002e3798a7b85051d3d56e7a12df58dcf2b,displacement_mean_euclidean_error,evaluable,,480.0,105.0,630.0,True,MOCK DATA / NOT A SCIENTIFIC RESULT,displacement-report-draft-v1,
MOCK_S12,MOCK_G06,1,non_speaking,mouth,pcmci,0.0082981314753365,0.0082981314753365,MOCK_S12_non_speaking_mouth,8.0,900.0,0822ce3c29d43fddcd889ac23d203002e3798a7b85051d3d56e7a12df58dcf2b,displacement_mean_euclidean_error,evaluable,,480.0,3.0,18.0,True,MOCK DATA / NOT A SCIENTIFIC RESULT,displacement-report-draft-v1,
MOCK_S12,MOCK_G06,1,non_speaking,jaw,persistence,0.0067631049771238,,MOCK_S12_non_speaking_jaw,3.0,900.0,0822ce3c29d43fddcd889ac23d203002e3798a7b85051d3d56e7a12df58dcf2b,displacement_mean_euclidean_error,evaluable,,180.0,0.0,0.0,True,MOCK DATA / NOT A SCIENTIFIC RESULT,displacement-report-draft-v1,
MOCK_S12,MOCK_G06,1,non_speaking,jaw,self,0.0082000029380347,0.0082000029380347,MOCK_S12_non_speaking_jaw,3.0,900.0,0822ce3c29d43fddcd889ac23d203002e3798a7b85051d3d56e7a12df58dcf2b,displacement_mean_euclidean_error,evaluable,,180.0,0.0,0.0,True,MOCK DATA / NOT A SCIENTIFIC RESULT,displacement-report-draft-v1,
MOCK_S12,MOCK_G06,1,non_speaking,jaw,full,0.0084232485714056,0.0084232485714056,MOCK_S12_non_speaking_jaw,3.0,900.0,0822ce3c29d43fddcd889ac23d203002e3798a7b85051d3d56e7a12df58dcf2b,displacement_mean_euclidean_error,evaluable,,180.0,105.0,780.0,True,MOCK DATA / NOT A SCIENTIFIC RESULT,displacement-report-draft-v1,
MOCK_S12,MOCK_G06,1,non_speaking,jaw,pcmci,0.0082556855018481,0.0082556855018481,MOCK_S12_non_speaking_jaw,3.0,900.0,0822ce3c29d43fddcd889ac23d203002e3798a7b85051d3d56e7a12df58dcf2b,displacement_mean_euclidean_error,evaluable,,180.0,3.0,20.0,True,MOCK DATA / NOT A SCIENTIFIC RESULT,displacement-report-draft-v1,
MOCK_S13,MOCK_G07,2,speaking,left_brow,persistence,0.0065277054065405,,MOCK_S13_speaking_left_brow,3.0,900.0,9d7b78c97586da2d770e1d7f135992dc6ef9dad98bebc1a63b630ea8466495c1,displacement_mean_euclidean_error,evaluable,,180.0,0.0,0.0,True,MOCK DATA / NOT A SCIENTIFIC RESULT,displacement-report-draft-v1,
MOCK_S13,MOCK_G07,2,speaking,left_brow,self,0.0058390281245998,0.0058390281245998,MOCK_S13_speaking_left_brow,3.0,900.0,9d7b78c97586da2d770e1d7f135992dc6ef9dad98bebc1a63b630ea8466495c1,displacement_mean_euclidean_error,evaluable,,180.0,0.0,0.0,True,MOCK DATA / NOT A SCIENTIFIC RESULT,displacement-report-draft-v1,
MOCK_S13,MOCK_G07,2,speaking,left_brow,full,0.0060033292020641,0.0060033292020641,MOCK_S13_speaking_left_brow,3.0,900.0,9d7b78c97586da2d770e1d7f135992dc6ef9dad98bebc1a63b630ea8466495c1,displacement_mean_euclidean_error,evaluable,,180.0,105.0,780.0,True,MOCK DATA / NOT A SCIENTIFIC RESULT,displacement-report-draft-v1,
MOCK_S13,MOCK_G07,2,speaking,left_brow,pcmci,0.0062051728682526,0.0062051728682526,MOCK_S13_speaking_left_brow,3.0,900.0,9d7b78c97586da2d770e1d7f135992dc6ef9dad98bebc1a63b630ea8466495c1,displacement_mean_euclidean_error,evaluable,,180.0,3.0,20.0,True,MOCK DATA / NOT A SCIENTIFIC RESULT,displacement-report-draft-v1,
MOCK_S13,MOCK_G07,2,speaking,right_brow,persistence,0.0064981522222145,,MOCK_S13_speaking_right_brow,3.0,900.0,9d7b78c97586da2d770e1d7f135992dc6ef9dad98bebc1a63b630ea8466495c1,displacement_mean_euclidean_error,evaluable,,180.0,0.0,0.0,True,MOCK DATA / NOT A SCIENTIFIC RESULT,displacement-report-draft-v1,
MOCK_S13,MOCK_G07,2,speaking,right_brow,self,0.0061390281245998,0.0061390281245998,MOCK_S13_speaking_right_brow,3.0,900.0,9d7b78c97586da2d770e1d7f135992dc6ef9dad98bebc1a63b630ea8466495c1,displacement_mean_euclidean_error,evaluable,,180.0,0.0,0.0,True,MOCK DATA / NOT A SCIENTIFIC RESULT,displacement-report-draft-v1,
MOCK_S13,MOCK_G07,2,speaking,right_brow,full,0.0064356856256116,0.0064356856256116,MOCK_S13_speaking_right_brow,3.0,900.0,9d7b78c97586da2d770e1d7f135992dc6ef9dad98bebc1a63b630ea8466495c1,displacement_mean_euclidean_error,evaluable,,180.0,105.0,780.0,True,MOCK DATA / NOT A SCIENTIFIC RESULT,displacement-report-draft-v1,
MOCK_S13,MOCK_G07,2,speaking,right_brow,pcmci,0.0063298450407916,0.0063298450407916,MOCK_S13_speaking_right_brow,3.0,900.0,9d7b78c97586da2d770e1d7f135992dc6ef9dad98bebc1a63b630ea8466495c1,displacement_mean_euclidean_error,evaluable,,180.0,3.0,20.0,True,MOCK DATA / NOT A SCIENTIFIC RESULT,displacement-report-draft-v1,
MOCK_S13,MOCK_G07,2,speaking,left_eyelid,persistence,0.0065193162931205,,MOCK_S13_speaking_left_eyelid,4.0,900.0,9d7b78c97586da2d770e1d7f135992dc6ef9dad98bebc1a63b630ea8466495c1,displacement_mean_euclidean_error,evaluable,,240.0,0.0,0.0,True,MOCK DATA / NOT A SCIENTIFIC RESULT,displacement-report-draft-v1,
MOCK_S13,MOCK_G07,2,speaking,left_eyelid,self,0.0064390281245998,0.0064390281245998,MOCK_S13_speaking_left_eyelid,4.0,900.0,9d7b78c97586da2d770e1d7f135992dc6ef9dad98bebc1a63b630ea8466495c1,displacement_mean_euclidean_error,evaluable,,240.0,0.0,0.0,True,MOCK DATA / NOT A SCIENTIFIC RESULT,displacement-report-draft-v1,
MOCK_S13,MOCK_G07,2,speaking,left_eyelid,full,0.00608962904729,0.00608962904729,MOCK_S13_speaking_left_eyelid,4.0,900.0,9d7b78c97586da2d770e1d7f135992dc6ef9dad98bebc1a63b630ea8466495c1,displacement_mean_euclidean_error,evaluable,,240.0,105.0,750.0,True,MOCK DATA / NOT A SCIENTIFIC RESULT,displacement-report-draft-v1,
MOCK_S13,MOCK_G07,2,speaking,left_eyelid,pcmci,0.0058653530958625,0.0058653530958625,MOCK_S13_speaking_left_eyelid,4.0,900.0,9d7b78c97586da2d770e1d7f135992dc6ef9dad98bebc1a63b630ea8466495c1,displacement_mean_euclidean_error,evaluable,,240.0,3.0,20.0,True,MOCK DATA / NOT A SCIENTIFIC RESULT,displacement-report-draft-v1,
MOCK_S13,MOCK_G07,2,speaking,right_eyelid,persistence,0.0065372511968745,,MOCK_S13_speaking_right_eyelid,4.0,900.0,9d7b78c97586da2d770e1d7f135992dc6ef9dad98bebc1a63b630ea8466495c1,displacement_mean_euclidean_error,evaluable,,240.0,0.0,0.0,True,MOCK DATA / NOT A SCIENTIFIC RESULT,displacement-report-draft-v1,
MOCK_S13,MOCK_G07,2,speaking,right_eyelid,self,0.0067390281245998,0.0067390281245998,MOCK_S13_speaking_right_eyelid,4.0,900.0,9d7b78c97586da2d770e1d7f135992dc6ef9dad98bebc1a63b630ea8466495c1,displacement_mean_euclidean_error,evaluable,,240.0,0.0,0.0,True,MOCK DATA / NOT A SCIENTIFIC RESULT,displacement-report-draft-v1,
MOCK_S13,MOCK_G07,2,speaking,right_eyelid,full,0.0055591409057656,0.0055591409057656,MOCK_S13_speaking_right_eyelid,4.0,900.0,9d7b78c97586da2d770e1d7f135992dc6ef9dad98bebc1a63b630ea8466495c1,displacement_mean_euclidean_error,evaluable,,240.0,105.0,750.0,True,MOCK DATA / NOT A SCIENTIFIC RESULT,displacement-report-draft-v1,
MOCK_S13,MOCK_G07,2,speaking,right_eyelid,pcmci,0.0055145674019978,0.0055145674019978,MOCK_S13_speaking_right_eyelid,4.0,900.0,9d7b78c97586da2d770e1d7f135992dc6ef9dad98bebc1a63b630ea8466495c1,displacement_mean_euclidean_error,evaluable,,240.0,3.0,24.0,True,MOCK DATA / NOT A SCIENTIFIC RESULT,displacement-report-draft-v1,
MOCK_S13,MOCK_G07,2,speaking,left_cheek,persistence,0.0065804101594542,,MOCK_S13_speaking_left_cheek,2.0,900.0,9d7b78c97586da2d770e1d7f135992dc6ef9dad98bebc1a63b630ea8466495c1,displacement_mean_euclidean_error,evaluable,,120.0,0.0,0.0,True,MOCK DATA / NOT A SCIENTIFIC RESULT,displacement-report-draft-v1,
MOCK_S13,MOCK_G07,2,speaking,left_cheek,self,0.0070390281245998,0.0070390281245998,MOCK_S13_speaking_left_cheek,2.0,900.0,9d7b78c97586da2d770e1d7f135992dc6ef9dad98bebc1a63b630ea8466495c1,displacement_mean_euclidean_error,evaluable,,120.0,0.0,0.0,True,MOCK DATA / NOT A SCIENTIFIC RESULT,displacement-report-draft-v1,
MOCK_S13,MOCK_G07,2,speaking,left_cheek,full,0.0056077681683636,0.0056077681683636,MOCK_S13_speaking_left_cheek,2.0,900.0,9d7b78c97586da2d770e1d7f135992dc6ef9dad98bebc1a63b630ea8466495c1,displacement_mean_euclidean_error,evaluable,,120.0,105.0,810.0,True,MOCK DATA / NOT A SCIENTIFIC RESULT,displacement-report-draft-v1,
MOCK_S13,MOCK_G07,2,speaking,left_cheek,pcmci,0.0058758173248848,0.0058758173248848,MOCK_S13_speaking_left_cheek,2.0,900.0,9d7b78c97586da2d770e1d7f135992dc6ef9dad98bebc1a63b630ea8466495c1,displacement_mean_euclidean_error,evaluable,,120.0,3.0,14.0,True,MOCK DATA / NOT A SCIENTIFIC RESULT,displacement-report-draft-v1,
MOCK_S13,MOCK_G07,2,speaking,right_cheek,persistence,0.0066546723083043,,MOCK_S13_speaking_right_cheek,2.0,900.0,9d7b78c97586da2d770e1d7f135992dc6ef9dad98bebc1a63b630ea8466495c1,displacement_mean_euclidean_error,evaluable,,120.0,0.0,0.0,True,MOCK DATA / NOT A SCIENTIFIC RESULT,displacement-report-draft-v1,
MOCK_S13,MOCK_G07,2,speaking,right_cheek,self,0.0073390281245998,0.0073390281245998,MOCK_S13_speaking_right_cheek,2.0,900.0,9d7b78c97586da2d770e1d7f135992dc6ef9dad98bebc1a63b630ea8466495c1,displacement_mean_euclidean_error,evaluable,,120.0,0.0,0.0,True,MOCK DATA / NOT A SCIENTIFIC RESULT,displacement-report-draft-v1,
MOCK_S13,MOCK_G07,2,speaking,right_cheek,full,0.0064666217705867,0.0064666217705867,MOCK_S13_speaking_right_cheek,2.0,900.0,9d7b78c97586da2d770e1d7f135992dc6ef9dad98bebc1a63b630ea8466495c1,displacement_mean_euclidean_error,evaluable,,120.0,105.0,810.0,True,MOCK DATA / NOT A SCIENTIFIC RESULT,displacement-report-draft-v1,
MOCK_S13,MOCK_G07,2,speaking,right_cheek,pcmci,0.0068927899678897,0.0068927899678897,MOCK_S13_speaking_right_cheek,2.0,900.0,9d7b78c97586da2d770e1d7f135992dc6ef9dad98bebc1a63b630ea8466495c1,displacement_mean_euclidean_error,evaluable,,120.0,3.0,38.0,True,MOCK DATA / NOT A SCIENTIFIC RESULT,displacement-report-draft-v1,
MOCK_S13,MOCK_G07,2,speaking,mouth,persistence,0.0067522356359452,,MOCK_S13_speaking_mouth,8.0,900.0,9d7b78c97586da2d770e1d7f135992dc6ef9dad98bebc1a63b630ea8466495c1,displacement_mean_euclidean_error,evaluable,,480.0,0.0,0.0,True,MOCK DATA / NOT A SCIENTIFIC RESULT,displacement-report-draft-v1,
MOCK_S13,MOCK_G07,2,speaking,mouth,self,0.0076390281245998,0.0076390281245998,MOCK_S13_speaking_mouth,8.0,900.0,9d7b78c97586da2d770e1d7f135992dc6ef9dad98bebc1a63b630ea8466495c1,displacement_mean_euclidean_error,evaluable,,480.0,0.0,0.0,True,MOCK DATA / NOT A SCIENTIFIC RESULT,displacement-report-draft-v1,
MOCK_S13,MOCK_G07,2,speaking,mouth,full,0.0076218942878363,0.0076218942878363,MOCK_S13_speaking_mouth,8.0,900.0,9d7b78c97586da2d770e1d7f135992dc6ef9dad98bebc1a63b630ea8466495c1,displacement_mean_euclidean_error,evaluable,,480.0,105.0,630.0,True,MOCK DATA / NOT A SCIENTIFIC RESULT,displacement-report-draft-v1,
MOCK_S13,MOCK_G07,2,speaking,mouth,pcmci,0.0079063039895224,0.0079063039895224,MOCK_S13_speaking_mouth,8.0,900.0,9d7b78c97586da2d770e1d7f135992dc6ef9dad98bebc1a63b630ea8466495c1,displacement_mean_euclidean_error,evaluable,,480.0,3.0,18.0,True,MOCK DATA / NOT A SCIENTIFIC RESULT,displacement-report-draft-v1,
MOCK_S13,MOCK_G07,2,speaking,jaw,persistence,0.0066708357580853,,MOCK_S13_speaking_jaw,3.0,900.0,9d7b78c97586da2d770e1d7f135992dc6ef9dad98bebc1a63b630ea8466495c1,displacement_mean_euclidean_error,evaluable,,180.0,0.0,0.0,True,MOCK DATA / NOT A SCIENTIFIC RESULT,displacement-report-draft-v1,
MOCK_S13,MOCK_G07,2,speaking,jaw,self,0.0079390281245998,0.0079390281245998,MOCK_S13_speaking_jaw,3.0,900.0,9d7b78c97586da2d770e1d7f135992dc6ef9dad98bebc1a63b630ea8466495c1,displacement_mean_euclidean_error,evaluable,,180.0,0.0,0.0,True,MOCK DATA / NOT A SCIENTIFIC RESULT,displacement-report-draft-v1,
MOCK_S13,MOCK_G07,2,speaking,jaw,full,0.0082872521120445,0.0082872521120445,MOCK_S13_speaking_jaw,3.0,900.0,9d7b78c97586da2d770e1d7f135992dc6ef9dad98bebc1a63b630ea8466495c1,displacement_mean_euclidean_error,evaluable,,180.0,105.0,780.0,True,MOCK DATA / NOT A SCIENTIFIC RESULT,displacement-report-draft-v1,
MOCK_S13,MOCK_G07,2,speaking,jaw,pcmci,0.0082603578888325,0.0082603578888325,MOCK_S13_speaking_jaw,3.0,900.0,9d7b78c97586da2d770e1d7f135992dc6ef9dad98bebc1a63b630ea8466495c1,displacement_mean_euclidean_error,evaluable,,180.0,3.0,20.0,True,MOCK DATA / NOT A SCIENTIFIC RESULT,displacement-report-draft-v1,
MOCK_S13,MOCK_G07,2,non_speaking,left_brow,persistence,0.0064211155589071,,MOCK_S13_non_speaking_left_brow,3.0,900.0,1e9af3ce53521562ce1a5f17daf0ad5d1201ce61de087dbcb5092cb318804f8c,displacement_mean_euclidean_error,evaluable,,180.0,0.0,0.0,True,MOCK DATA / NOT A SCIENTIFIC RESULT,displacement-report-draft-v1,
MOCK_S13,MOCK_G07,2,non_speaking,left_brow,self,0.0062390281245998,0.0062390281245998,MOCK_S13_non_speaking_left_brow,3.0,900.0,1e9af3ce53521562ce1a5f17daf0ad5d1201ce61de087dbcb5092cb318804f8c,displacement_mean_euclidean_error,evaluable,,180.0,0.0,0.0,True,MOCK DATA / NOT A SCIENTIFIC RESULT,displacement-report-draft-v1,
MOCK_S13,MOCK_G07,2,non_speaking,left_brow,full,0.0064033292020641,0.0064033292020641,MOCK_S13_non_speaking_left_brow,3.0,900.0,1e9af3ce53521562ce1a5f17daf0ad5d1201ce61de087dbcb5092cb318804f8c,displacement_mean_euclidean_error,evaluable,,180.0,105.0,780.0,True,MOCK DATA / NOT A SCIENTIFIC RESULT,displacement-report-draft-v1,
MOCK_S13,MOCK_G07,2,non_speaking,left_brow,pcmci,0.0064298450407916,0.0064298450407916,MOCK_S13_non_speaking_left_brow,3.0,900.0,1e9af3ce53521562ce1a5f17daf0ad5d1201ce61de087dbcb5092cb318804f8c,displacement_mean_euclidean_error,evaluable,,180.0,3.0,20.0,True,MOCK DATA / NOT A SCIENTIFIC RESULT,displacement-report-draft-v1,
MOCK_S13,MOCK_G07,2,non_speaking,right_brow,persistence,0.0064360925505216,,MOCK_S13_non_speaking_right_brow,3.0,900.0,1e9af3ce53521562ce1a5f17daf0ad5d1201ce61de087dbcb5092cb318804f8c,displacement_mean_euclidean_error,evaluable,,180.0,0.0,0.0,True,MOCK DATA / NOT A SCIENTIFIC RESULT,displacement-report-draft-v1,
MOCK_S13,MOCK_G07,2,non_speaking,right_brow,self,0.0065390281245998,0.0065390281245998,MOCK_S13_non_speaking_right_brow,3.0,900.0,1e9af3ce53521562ce1a5f17daf0ad5d1201ce61de087dbcb5092cb318804f8c,displacement_mean_euclidean_error,evaluable,,180.0,0.0,0.0,True,MOCK DATA / NOT A SCIENTIFIC RESULT,displacement-report-draft-v1,
MOCK_S13,MOCK_G07,2,non_speaking,right_brow,full,0.0068356856256116,0.0068356856256116,MOCK_S13_non_speaking_right_brow,3.0,900.0,1e9af3ce53521562ce1a5f17daf0ad5d1201ce61de087dbcb5092cb318804f8c,displacement_mean_euclidean_error,evaluable,,180.0,105.0,780.0,True,MOCK DATA / NOT A SCIENTIFIC RESULT,displacement-report-draft-v1,
MOCK_S13,MOCK_G07,2,non_speaking,right_brow,pcmci,0.0059653530958625,0.0059653530958625,MOCK_S13_non_speaking_right_brow,3.0,900.0,1e9af3ce53521562ce1a5f17daf0ad5d1201ce61de087dbcb5092cb318804f8c,displacement_mean_euclidean_error,evaluable,,180.0,3.0,20.0,True,MOCK DATA / NOT A SCIENTIFIC RESULT,displacement-report-draft-v1,
MOCK_S13,MOCK_G07,2,non_speaking,left_eyelid,persistence,0.0064509731491962,,MOCK_S13_non_speaking_left_eyelid,4.0,900.0,1e9af3ce53521562ce1a5f17daf0ad5d1201ce61de087dbcb5092cb318804f8c,displacement_mean_euclidean_error,evaluable,,240.0,0.0,0.0,True,MOCK DATA / NOT A SCIENTIFIC RESULT,displacement-report-draft-v1,
MOCK_S13,MOCK_G07,2,non_speaking,left_eyelid,self,0.0068390281245998,0.0068390281245998,MOCK_S13_non_speaking_left_eyelid,4.0,900.0,1e9af3ce53521562ce1a5f17daf0ad5d1201ce61de087dbcb5092cb318804f8c,displacement_mean_euclidean_error,evaluable,,240.0,0.0,0.0,True,MOCK DATA / NOT A SCIENTIFIC RESULT,displacement-report-draft-v1,
MOCK_S13,MOCK_G07,2,non_speaking,left_eyelid,full,0.00648962904729,0.00648962904729,MOCK_S13_non_speaking_left_eyelid,4.0,900.0,1e9af3ce53521562ce1a5f17daf0ad5d1201ce61de087dbcb5092cb318804f8c,displacement_mean_euclidean_error,evaluable,,240.0,105.0,750.0,True,MOCK DATA / NOT A SCIENTIFIC RESULT,displacement-report-draft-v1,
MOCK_S13,MOCK_G07,2,non_speaking,left_eyelid,pcmci,0.0056145674019978,0.0056145674019978,MOCK_S13_non_speaking_left_eyelid,4.0,900.0,1e9af3ce53521562ce1a5f17daf0ad5d1201ce61de087dbcb5092cb318804f8c,displacement_mean_euclidean_error,evaluable,,240.0,3.0,20.0,True,MOCK DATA / NOT A SCIENTIFIC RESULT,displacement-report-draft-v1,
MOCK_S13,MOCK_G07,2,non_speaking,right_eyelid,persistence,0.0064851639292968,,MOCK_S13_non_speaking_right_eyelid,4.0,900.0,1e9af3ce53521562ce1a5f17daf0ad5d1201ce61de087dbcb5092cb318804f8c,displacement_mean_euclidean_error,evaluable,,240.0,0.0,0.0,True,MOCK DATA / NOT A SCIENTIFIC RESULT,displacement-report-draft-v1,
MOCK_S13,MOCK_G07,2,non_speaking,right_eyelid,self,0.0071390281245998,0.0071390281245998,MOCK_S13_non_speaking_right_eyelid,4.0,900.0,1e9af3ce53521562ce1a5f17daf0ad5d1201ce61de087dbcb5092cb318804f8c,displacement_mean_euclidean_error,evaluable,,240.0,0.0,0.0,True,MOCK DATA / NOT A SCIENTIFIC RESULT,displacement-report-draft-v1,
MOCK_S13,MOCK_G07,2,non_speaking,right_eyelid,full,0.0059591409057656,0.0059591409057656,MOCK_S13_non_speaking_right_eyelid,4.0,900.0,1e9af3ce53521562ce1a5f17daf0ad5d1201ce61de087dbcb5092cb318804f8c,displacement_mean_euclidean_error,evaluable,,240.0,105.0,750.0,True,MOCK DATA / NOT A SCIENTIFIC RESULT,displacement-report-draft-v1,
MOCK_S13,MOCK_G07,2,non_speaking,right_eyelid,pcmci,0.0059758173248848,0.0059758173248848,MOCK_S13_non_speaking_right_eyelid,4.0,900.0,1e9af3ce53521562ce1a5f17daf0ad5d1201ce61de087dbcb5092cb318804f8c,displacement_mean_euclidean_error,evaluable,,240.0,3.0,24.0,True,MOCK DATA / NOT A SCIENTIFIC RESULT,displacement-report-draft-v1,
MOCK_S13,MOCK_G07,2,non_speaking,left_cheek,persistence,0.0066455123934544,,MOCK_S13_non_speaking_left_cheek,2.0,900.0,1e9af3ce53521562ce1a5f17daf0ad5d1201ce61de087dbcb5092cb318804f8c,displacement_mean_euclidean_error,evaluable,,120.0,0.0,0.0,True,MOCK DATA / NOT A SCIENTIFIC RESULT,displacement-report-draft-v1,
MOCK_S13,MOCK_G07,2,non_speaking,left_cheek,self,0.0074390281245998,0.0074390281245998,MOCK_S13_non_speaking_left_cheek,2.0,900.0,1e9af3ce53521562ce1a5f17daf0ad5d1201ce61de087dbcb5092cb318804f8c,displacement_mean_euclidean_error,evaluable,,120.0,0.0,0.0,True,MOCK DATA / NOT A SCIENTIFIC RESULT,displacement-report-draft-v1,
MOCK_S13,MOCK_G07,2,non_speaking,left_cheek,full,0.0060077681683636,0.0060077681683636,MOCK_S13_non_speaking_left_cheek,2.0,900.0,1e9af3ce53521562ce1a5f17daf0ad5d1201ce61de087dbcb5092cb318804f8c,displacement_mean_euclidean_error,evaluable,,120.0,105.0,810.0,True,MOCK DATA / NOT A SCIENTIFIC RESULT,displacement-report-draft-v1,
MOCK_S13,MOCK_G07,2,non_speaking,left_cheek,pcmci,0.0069927899678897,0.0069927899678897,MOCK_S13_non_speaking_left_cheek,2.0,900.0,1e9af3ce53521562ce1a5f17daf0ad5d1201ce61de087dbcb5092cb318804f8c,displacement_mean_euclidean_error,evaluable,,120.0,3.0,14.0,True,MOCK DATA / NOT A SCIENTIFIC RESULT,displacement-report-draft-v1,
MOCK_S13,MOCK_G07,2,non_speaking,right_cheek,persistence,0.0066100451001798,,MOCK_S13_non_speaking_right_cheek,2.0,900.0,1e9af3ce53521562ce1a5f17daf0ad5d1201ce61de087dbcb5092cb318804f8c,displacement_mean_euclidean_error,evaluable,,120.0,0.0,0.0,True,MOCK DATA / NOT A SCIENTIFIC RESULT,displacement-report-draft-v1,
MOCK_S13,MOCK_G07,2,non_speaking,right_cheek,self,0.0077390281245998,0.0077390281245998,MOCK_S13_non_speaking_right_cheek,2.0,900.0,1e9af3ce53521562ce1a5f17daf0ad5d1201ce61de087dbcb5092cb318804f8c,displacement_mean_euclidean_error,evaluable,,120.0,0.0,0.0,True,MOCK DATA / NOT A SCIENTIFIC RESULT,displacement-report-draft-v1,
MOCK_S13,MOCK_G07,2,non_speaking,right_cheek,full,0.0068666217705867,0.0068666217705867,MOCK_S13_non_speaking_right_cheek,2.0,900.0,1e9af3ce53521562ce1a5f17daf0ad5d1201ce61de087dbcb5092cb318804f8c,displacement_mean_euclidean_error,evaluable,,120.0,105.0,810.0,True,MOCK DATA / NOT A SCIENTIFIC RESULT,displacement-report-draft-v1,
MOCK_S13,MOCK_G07,2,non_speaking,right_cheek,pcmci,0.0080063039895224,0.0080063039895224,MOCK_S13_non_speaking_right_cheek,2.0,900.0,1e9af3ce53521562ce1a5f17daf0ad5d1201ce61de087dbcb5092cb318804f8c,displacement_mean_euclidean_error,evaluable,,120.0,3.0,38.0,True,MOCK DATA / NOT A SCIENTIFIC RESULT,displacement-report-draft-v1,
MOCK_S13,MOCK_G07,2,non_speaking,mouth,persistence,0.0067778657648824,,MOCK_S13_non_speaking_mouth,8.0,900.0,1e9af3ce53521562ce1a5f17daf0ad5d1201ce61de087dbcb5092cb318804f8c,displacement_mean_euclidean_error,evaluable,,480.0,0.0,0.0,True,MOCK DATA / NOT A SCIENTIFIC RESULT,displacement-report-draft-v1,
MOCK_S13,MOCK_G07,2,non_speaking,mouth,self,0.0080390281245998,0.0080390281245998,MOCK_S13_non_speaking_mouth,8.0,900.0,1e9af3ce53521562ce1a5f17daf0ad5d1201ce61de087dbcb5092cb318804f8c,displacement_mean_euclidean_error,evaluable,,480.0,0.0,0.0,True,MOCK DATA / NOT A SCIENTIFIC RESULT,displacement-report-draft-v1,
MOCK_S13,MOCK_G07,2,non_speaking,mouth,full,0.0080218942878363,0.0080218942878363,MOCK_S13_non_speaking_mouth,8.0,900.0,1e9af3ce53521562ce1a5f17daf0ad5d1201ce61de087dbcb5092cb318804f8c,displacement_mean_euclidean_error,evaluable,,480.0,105.0,630.0,True,MOCK DATA / NOT A SCIENTIFIC RESULT,displacement-report-draft-v1,
MOCK_S13,MOCK_G07,2,non_speaking,mouth,pcmci,0.0083603578888325,0.0083603578888325,MOCK_S13_non_speaking_mouth,8.0,900.0,1e9af3ce53521562ce1a5f17daf0ad5d1201ce61de087dbcb5092cb318804f8c,displacement_mean_euclidean_error,evaluable,,480.0,3.0,18.0,True,MOCK DATA / NOT A SCIENTIFIC RESULT,displacement-report-draft-v1,
MOCK_S13,MOCK_G07,2,non_speaking,jaw,persistence,0.006746063533471,,MOCK_S13_non_speaking_jaw,3.0,900.0,1e9af3ce53521562ce1a5f17daf0ad5d1201ce61de087dbcb5092cb318804f8c,displacement_mean_euclidean_error,evaluable,,180.0,0.0,0.0,True,MOCK DATA / NOT A SCIENTIFIC RESULT,displacement-report-draft-v1,
MOCK_S13,MOCK_G07,2,non_speaking,jaw,self,0.0083390281245998,0.0083390281245998,MOCK_S13_non_speaking_jaw,3.0,900.0,1e9af3ce53521562ce1a5f17daf0ad5d1201ce61de087dbcb5092cb318804f8c,displacement_mean_euclidean_error,evaluable,,180.0,0.0,0.0,True,MOCK DATA / NOT A SCIENTIFIC RESULT,displacement-report-draft-v1,
MOCK_S13,MOCK_G07,2,non_speaking,jaw,full,0.0086872521120445,0.0086872521120445,MOCK_S13_non_speaking_jaw,3.0,900.0,1e9af3ce53521562ce1a5f17daf0ad5d1201ce61de087dbcb5092cb318804f8c,displacement_mean_euclidean_error,evaluable,,180.0,105.0,780.0,True,MOCK DATA / NOT A SCIENTIFIC RESULT,displacement-report-draft-v1,
MOCK_S13,MOCK_G07,2,non_speaking,jaw,pcmci,0.0080052547600765,0.0080052547600765,MOCK_S13_non_speaking_jaw,3.0,900.0,1e9af3ce53521562ce1a5f17daf0ad5d1201ce61de087dbcb5092cb318804f8c,displacement_mean_euclidean_error,evaluable,,180.0,3.0,20.0,True,MOCK DATA / NOT A SCIENTIFIC RESULT,displacement-report-draft-v1,
MOCK_S14,MOCK_G07,2,speaking,left_brow,persistence,0.0065004856566772,,MOCK_S14_speaking_left_brow,3.0,900.0,b4782c6f3f8165fc417d33509c6e9e1998d0c6a4910b60dfeb52d0a85d032d52,displacement_mean_euclidean_error,evaluable,,180.0,0.0,0.0,True,MOCK DATA / NOT A SCIENTIFIC RESULT,displacement-report-draft-v1,
MOCK_S14,MOCK_G07,2,speaking,left_brow,self,0.0061260501110479,0.0061260501110479,MOCK_S14_speaking_left_brow,3.0,900.0,b4782c6f3f8165fc417d33509c6e9e1998d0c6a4910b60dfeb52d0a85d032d52,displacement_mean_euclidean_error,evaluable,,180.0,0.0,0.0,True,MOCK DATA / NOT A SCIENTIFIC RESULT,displacement-report-draft-v1,
MOCK_S14,MOCK_G07,2,speaking,left_brow,full,0.0064747391218851,0.0064747391218851,MOCK_S14_speaking_left_brow,3.0,900.0,b4782c6f3f8165fc417d33509c6e9e1998d0c6a4910b60dfeb52d0a85d032d52,displacement_mean_euclidean_error,evaluable,,180.0,105.0,780.0,True,MOCK DATA / NOT A SCIENTIFIC RESULT,displacement-report-draft-v1,
MOCK_S14,MOCK_G07,2,speaking,left_brow,pcmci,0.0065061495929168,0.0065061495929168,MOCK_S14_speaking_left_brow,3.0,900.0,b4782c6f3f8165fc417d33509c6e9e1998d0c6a4910b60dfeb52d0a85d032d52,displacement_mean_euclidean_error,evaluable,,180.0,3.0,20.0,True,MOCK DATA / NOT A SCIENTIFIC RESULT,displacement-report-draft-v1,
MOCK_S14,MOCK_G07,2,speaking,right_brow,persistence,0.0063930758251463,,MOCK_S14_speaking_right_brow,3.0,900.0,b4782c6f3f8165fc417d33509c6e9e1998d0c6a4910b60dfeb52d0a85d032d52,displacement_mean_euclidean_error,evaluable,,180.0,0.0,0.0,True,MOCK DATA / NOT A SCIENTIFIC RESULT,displacement-report-draft-v1,
MOCK_S14,MOCK_G07,2,speaking,right_brow,self,0.0064260501110479,0.0064260501110479,MOCK_S14_speaking_right_brow,3.0,900.0,b4782c6f3f8165fc417d33509c6e9e1998d0c6a4910b60dfeb52d0a85d032d52,displacement_mean_euclidean_error,evaluable,,180.0,0.0,0.0,True,MOCK DATA / NOT A SCIENTIFIC RESULT,displacement-report-draft-v1,
MOCK_S14,MOCK_G07,2,speaking,right_brow,full,0.0064024755846505,0.0064024755846505,MOCK_S14_speaking_right_brow,3.0,900.0,b4782c6f3f8165fc417d33509c6e9e1998d0c6a4910b60dfeb52d0a85d032d52,displacement_mean_euclidean_error,evaluable,,180.0,105.0,780.0,True,MOCK DATA / NOT A SCIENTIFIC RESULT,displacement-report-draft-v1,
MOCK_S14,MOCK_G07,2,speaking,right_brow,pcmci,0.0062706901312077,0.0062706901312077,MOCK_S14_speaking_right_brow,3.0,900.0,b4782c6f3f8165fc417d33509c6e9e1998d0c6a4910b60dfeb52d0a85d032d52,displacement_mean_euclidean_error,evaluable,,180.0,3.0,20.0,True,MOCK DATA / NOT A SCIENTIFIC RESULT,displacement-report-draft-v1,
MOCK_S14,MOCK_G07,2,speaking,left_eyelid,persistence,0.0064924144146075,,MOCK_S14_speaking_left_eyelid,4.0,900.0,b4782c6f3f8165fc417d33509c6e9e1998d0c6a4910b60dfeb52d0a85d032d52,displacement_mean_euclidean_error,evaluable,,240.0,0.0,0.0,True,MOCK DATA / NOT A SCIENTIFIC RESULT,displacement-report-draft-v1,
MOCK_S14,MOCK_G07,2,speaking,left_eyelid,self,0.0067260501110479,0.0067260501110479,MOCK_S14_speaking_left_eyelid,4.0,900.0,b4782c6f3f8165fc417d33509c6e9e1998d0c6a4910b60dfeb52d0a85d032d52,displacement_mean_euclidean_error,evaluable,,240.0,0.0,0.0,True,MOCK DATA / NOT A SCIENTIFIC RESULT,displacement-report-draft-v1,
MOCK_S14,MOCK_G07,2,speaking,left_eyelid,full,0.0058462188947212,0.0058462188947212,MOCK_S14_speaking_left_eyelid,4.0,900.0,b4782c6f3f8165fc417d33509c6e9e1998d0c6a4910b60dfeb52d0a85d032d52,displacement_mean_euclidean_error,evaluable,,240.0,105.0,750.0,True,MOCK DATA / NOT A SCIENTIFIC RESULT,displacement-report-draft-v1,
MOCK_S14,MOCK_G07,2,speaking,left_eyelid,pcmci,0.0057643399937658,0.0057643399937658,MOCK_S14_speaking_left_eyelid,4.0,900.0,b4782c6f3f8165fc417d33509c6e9e1998d0c6a4910b60dfeb52d0a85d032d52,displacement_mean_euclidean_error,evaluable,,240.0,3.0,20.0,True,MOCK DATA / NOT A SCIENTIFIC RESULT,displacement-report-draft-v1,
MOCK_S14,MOCK_G07,2,speaking,right_eyelid,persistence,0.0066303633910185,,MOCK_S14_speaking_right_eyelid,4.0,900.0,b4782c6f3f8165fc417d33509c6e9e1998d0c6a4910b60dfeb52d0a85d032d52,displacement_mean_euclidean_error,evaluable,,240.0,0.0,0.0,True,MOCK DATA / NOT A SCIENTIFIC RESULT,displacement-report-draft-v1,
MOCK_S14,MOCK_G07,2,speaking,right_eyelid,self,0.0070260501110479,0.0070260501110479,MOCK_S14_speaking_right_eyelid,4.0,900.0,b4782c6f3f8165fc417d33509c6e9e1998d0c6a4910b60dfeb52d0a85d032d52,displacement_mean_euclidean_error,evaluable,,240.0,0.0,0.0,True,MOCK DATA / NOT A SCIENTIFIC RESULT,displacement-report-draft-v1,
MOCK_S14,MOCK_G07,2,speaking,right_eyelid,full,0.0055932075039881,0.0055932075039881,MOCK_S14_speaking_right_eyelid,4.0,900.0,b4782c6f3f8165fc417d33509c6e9e1998d0c6a4910b60dfeb52d0a85d032d52,displacement_mean_euclidean_error,evaluable,,240.0,105.0,750.0,True,MOCK DATA / NOT A SCIENTIFIC RESULT,displacement-report-draft-v1,
MOCK_S14,MOCK_G07,2,speaking,right_eyelid,pcmci,0.005728453778281,0.005728453778281,MOCK_S14_speaking_right_eyelid,4.0,900.0,b4782c6f3f8165fc417d33509c6e9e1998d0c6a4910b60dfeb52d0a85d032d52,displacement_mean_euclidean_error,evaluable,,240.0,3.0,24.0,True,MOCK DATA / NOT A SCIENTIFIC RESULT,displacement-report-draft-v1,
MOCK_S14,MOCK_G07,2,speaking,left_cheek,persistence,0.0067302964316941,,MOCK_S14_speaking_left_cheek,2.0,900.0,b4782c6f3f8165fc417d33509c6e9e1998d0c6a4910b60dfeb52d0a85d032d52,displacement_mean_euclidean_error,evaluable,,120.0,0.0,0.0,True,MOCK DATA / NOT A SCIENTIFIC RESULT,displacement-report-draft-v1,
MOCK_S14,MOCK_G07,2,speaking,left_cheek,self,0.0073260501110479,0.0073260501110479,MOCK_S14_speaking_left_cheek,2.0,900.0,b4782c6f3f8165fc417d33509c6e9e1998d0c6a4910b60dfeb52d0a85d032d52,displacement_mean_euclidean_error,evaluable,,120.0,0.0,0.0,True,MOCK DATA / NOT A SCIENTIFIC RESULT,displacement-report-draft-v1,
MOCK_S14,MOCK_G07,2,speaking,left_cheek,full,0.0061518775347485,0.0061518775347485,MOCK_S14_speaking_left_cheek,2.0,900.0,b4782c6f3f8165fc417d33509c6e9e1998d0c6a4910b60dfeb52d0a85d032d52,displacement_mean_euclidean_error,evaluable,,120.0,105.0,810.0,True,MOCK DATA / NOT A SCIENTIFIC RESULT,displacement-report-draft-v1,
MOCK_S14,MOCK_G07,2,speaking,left_cheek,pcmci,0.0064718437222513,0.0064718437222513,MOCK_S14_speaking_left_cheek,2.0,900.0,b4782c6f3f8165fc417d33509c6e9e1998d0c6a4910b60dfeb52d0a85d032d52,displacement_mean_euclidean_error,evaluable,,120.0,3.0,14.0,True,MOCK DATA / NOT A SCIENTIFIC RESULT,displacement-report-draft-v1,
MOCK_S14,MOCK_G07,2,speaking,right_cheek,persistence,0.0066499399744016,,MOCK_S14_speaking_right_cheek,2.0,900.0,b4782c6f3f8165fc417d33509c6e9e1998d0c6a4910b60dfeb52d0a85d032d52,displacement_mean_euclidean_error,evaluable,,120.0,0.0,0.0,True,MOCK DATA / NOT A SCIENTIFIC RESULT,displacement-report-draft-v1,
MOCK_S14,MOCK_G07,2,speaking,right_cheek,self,0.0076260501110479,0.0076260501110479,MOCK_S14_speaking_right_cheek,2.0,900.0,b4782c6f3f8165fc417d33509c6e9e1998d0c6a4910b60dfeb52d0a85d032d52,displacement_mean_euclidean_error,evaluable,,120.0,0.0,0.0,True,MOCK DATA / NOT A SCIENTIFIC RESULT,displacement-report-draft-v1,
MOCK_S14,MOCK_G07,2,speaking,right_cheek,full,0.0072844089536393,0.0072844089536393,MOCK_S14_speaking_right_cheek,2.0,900.0,b4782c6f3f8165fc417d33509c6e9e1998d0c6a4910b60dfeb52d0a85d032d52,displacement_mean_euclidean_error,evaluable,,120.0,105.0,810.0,True,MOCK DATA / NOT A SCIENTIFIC RESULT,displacement-report-draft-v1,
MOCK_S14,MOCK_G07,2,speaking,right_cheek,pcmci,0.007586859155988,0.007586859155988,MOCK_S14_speaking_right_cheek,2.0,900.0,b4782c6f3f8165fc417d33509c6e9e1998d0c6a4910b60dfeb52d0a85d032d52,displacement_mean_euclidean_error,evaluable,,120.0,3.0,38.0,True,MOCK DATA / NOT A SCIENTIFIC RESULT,displacement-report-draft-v1,
MOCK_S14,MOCK_G07,2,speaking,mouth,persistence,0.0067089627219786,,MOCK_S14_speaking_mouth,8.0,900.0,b4782c6f3f8165fc417d33509c6e9e1998d0c6a4910b60dfeb52d0a85d032d52,displacement_mean_euclidean_error,evaluable,,480.0,0.0,0.0,True,MOCK DATA / NOT A SCIENTIFIC RESULT,displacement-report-draft-v1,
MOCK_S14,MOCK_G07,2,speaking,mouth,self,0.0079260501110479,0.0079260501110479,MOCK_S14_speaking_mouth,8.0,900.0,b4782c6f3f8165fc417d33509c6e9e1998d0c6a4910b60dfeb52d0a85d032d52,displacement_mean_euclidean_error,evaluable,,480.0,0.0,0.0,True,MOCK DATA / NOT A SCIENTIFIC RESULT,displacement-report-draft-v1,
MOCK_S14,MOCK_G07,2,speaking,mouth,full,0.0082253762135476,0.0082253762135476,MOCK_S14_speaking_mouth,8.0,900.0,b4782c6f3f8165fc417d33509c6e9e1998d0c6a4910b60dfeb52d0a85d032d52,displacement_mean_euclidean_error,evaluable,,480.0,105.0,630.0,True,MOCK DATA / NOT A SCIENTIFIC RESULT,displacement-report-draft-v1,
MOCK_S14,MOCK_G07,2,speaking,mouth,pcmci,0.0083241786483497,0.0083241786483497,MOCK_S14_speaking_mouth,8.0,900.0,b4782c6f3f8165fc417d33509c6e9e1998d0c6a4910b60dfeb52d0a85d032d52,displacement_mean_euclidean_error,evaluable,,480.0,3.0,18.0,True,MOCK DATA / NOT A SCIENTIFIC RESULT,displacement-report-draft-v1,
MOCK_S14,MOCK_G07,2,speaking,jaw,persistence,0.0066516906604255,,MOCK_S14_speaking_jaw,3.0,900.0,b4782c6f3f8165fc417d33509c6e9e1998d0c6a4910b60dfeb52d0a85d032d52,displacement_mean_euclidean_error,evaluable,,180.0,0.0,0.0,True,MOCK DATA / NOT A SCIENTIFIC RESULT,displacement-report-draft-v1,
MOCK_S14,MOCK_G07,2,speaking,jaw,self,0.0082260501110479,0.0082260501110479,MOCK_S14_speaking_jaw,3.0,900.0,b4782c6f3f8165fc417d33509c6e9e1998d0c6a4910b60dfeb52d0a85d032d52,displacement_mean_euclidean_error,evaluable,,180.0,0.0,0.0,True,MOCK DATA / NOT A SCIENTIFIC RESULT,displacement-report-draft-v1,
MOCK_S14,MOCK_G07,2,speaking,jaw,full,0.0083854769716857,0.0083854769716857,MOCK_S14_speaking_jaw,3.0,900.0,b4782c6f3f8165fc417d33509c6e9e1998d0c6a4910b60dfeb52d0a85d032d52,displacement_mean_euclidean_error,evaluable,,180.0,105.0,780.0,True,MOCK DATA / NOT A SCIENTIFIC RESULT,displacement-report-draft-v1,
MOCK_S14,MOCK_G07,2,speaking,jaw,pcmci,0.0082817326748614,0.0082817326748614,MOCK_S14_speaking_jaw,3.0,900.0,b4782c6f3f8165fc417d33509c6e9e1998d0c6a4910b60dfeb52d0a85d032d52,displacement_mean_euclidean_error,evaluable,,180.0,3.0,20.0,True,MOCK DATA / NOT A SCIENTIFIC RESULT,displacement-report-draft-v1,
MOCK_S14,MOCK_G07,2,non_speaking,left_brow,persistence,0.0064224204729136,,MOCK_S14_non_speaking_left_brow,3.0,900.0,3a34613062bbe4a2fc72aef0a6f292789a50fc8b5be64ad875096feee3eb42f4,displacement_mean_euclidean_error,evaluable,,180.0,0.0,0.0,True,MOCK DATA / NOT A SCIENTIFIC RESULT,displacement-report-draft-v1,
MOCK_S14,MOCK_G07,2,non_speaking,left_brow,self,0.0065260501110479,0.0065260501110479,MOCK_S14_non_speaking_left_brow,3.0,900.0,3a34613062bbe4a2fc72aef0a6f292789a50fc8b5be64ad875096feee3eb42f4,displacement_mean_euclidean_error,evaluable,,180.0,0.0,0.0,True,MOCK DATA / NOT A SCIENTIFIC RESULT,displacement-report-draft-v1,
MOCK_S14,MOCK_G07,2,non_speaking,left_brow,full,0.0068747391218851,0.0068747391218851,MOCK_S14_non_speaking_left_brow,3.0,900.0,3a34613062bbe4a2fc72aef0a6f292789a50fc8b5be64ad875096feee3eb42f4,displacement_mean_euclidean_error,evaluable,,180.0,105.0,780.0,True,MOCK DATA / NOT A SCIENTIFIC RESULT,displacement-report-draft-v1,
MOCK_S14,MOCK_G07,2,non_speaking,left_brow,pcmci,0.0063706901312077,0.0063706901312077,MOCK_S14_non_speaking_left_brow,3.0,900.0,3a34613062bbe4a2fc72aef0a6f292789a50fc8b5be64ad875096feee3eb42f4,displacement_mean_euclidean_error,evaluable,,180.0,3.0,20.0,True,MOCK DATA / NOT A SCIENTIFIC RESULT,displacement-report-draft-v1,
MOCK_S14,MOCK_G07,2,non_speaking,right_brow,persistence,0.0063893822503786,,MOCK_S14_non_speaking_right_brow,3.0,900.0,3a34613062bbe4a2fc72aef0a6f292789a50fc8b5be64ad875096feee3eb42f4,displacement_mean_euclidean_error,evaluable,,180.0,0.0,0.0,True,MOCK DATA / NOT A SCIENTIFIC RESULT,displacement-report-draft-v1,
MOCK_S14,MOCK_G07,2,non_speaking,right_brow,self,0.0068260501110479,0.0068260501110479,MOCK_S14_non_speaking_right_brow,3.0,900.0,3a34613062bbe4a2fc72aef0a6f292789a50fc8b5be64ad875096feee3eb42f4,displacement_mean_euclidean_error,evaluable,,180.0,0.0,0.0,True,MOCK DATA / NOT A SCIENTIFIC RESULT,displacement-report-draft-v1,
MOCK_S14,MOCK_G07,2,non_speaking,right_brow,full,0.0068024755846505,0.0068024755846505,MOCK_S14_non_speaking_right_brow,3.0,900.0,3a34613062bbe4a2fc72aef0a6f292789a50fc8b5be64ad875096feee3eb42f4,displacement_mean_euclidean_error,evaluable,,180.0,105.0,780.0,True,MOCK DATA / NOT A SCIENTIFIC RESULT,displacement-report-draft-v1,
MOCK_S14,MOCK_G07,2,non_speaking,right_brow,pcmci,0.0058643399937658,0.0058643399937658,MOCK_S14_non_speaking_right_brow,3.0,900.0,3a34613062bbe4a2fc72aef0a6f292789a50fc8b5be64ad875096feee3eb42f4,displacement_mean_euclidean_error,evaluable,,180.0,3.0,20.0,True,MOCK DATA / NOT A SCIENTIFIC RESULT,displacement-report-draft-v1,
MOCK_S14,MOCK_G07,2,non_speaking,left_eyelid,persistence,0.0064388977766883,,MOCK_S14_non_speaking_left_eyelid,4.0,900.0,3a34613062bbe4a2fc72aef0a6f292789a50fc8b5be64ad875096feee3eb42f4,displacement_mean_euclidean_error,evaluable,,240.0,0.0,0.0,True,MOCK DATA / NOT A SCIENTIFIC RESULT,displacement-report-draft-v1,
MOCK_S14,MOCK_G07,2,non_speaking,left_eyelid,self,0.0071260501110479,0.0071260501110479,MOCK_S14_non_speaking_left_eyelid,4.0,900.0,3a34613062bbe4a2fc72aef0a6f292789a50fc8b5be64ad875096feee3eb42f4,displacement_mean_euclidean_error,evaluable,,240.0,0.0,0.0,True,MOCK DATA / NOT A SCIENTIFIC RESULT,displacement-report-draft-v1,
MOCK_S14,MOCK_G07,2,non_speaking,left_eyelid,full,0.0062462188947212,0.0062462188947212,MOCK_S14_non_speaking_left_eyelid,4.0,900.0,3a34613062bbe4a2fc72aef0a6f292789a50fc8b5be64ad875096feee3eb42f4,displacement_mean_euclidean_error,evaluable,,240.0,105.0,750.0,True,MOCK DATA / NOT A SCIENTIFIC RESULT,displacement-report-draft-v1,
MOCK_S14,MOCK_G07,2,non_speaking,left_eyelid,pcmci,0.005828453778281,0.005828453778281,MOCK_S14_non_speaking_left_eyelid,4.0,900.0,3a34613062bbe4a2fc72aef0a6f292789a50fc8b5be64ad875096feee3eb42f4,displacement_mean_euclidean_error,evaluable,,240.0,3.0,20.0,True,MOCK DATA / NOT A SCIENTIFIC RESULT,displacement-report-draft-v1,
MOCK_S14,MOCK_G07,2,non_speaking,right_eyelid,persistence,0.0066772701040979,,MOCK_S14_non_speaking_right_eyelid,4.0,900.0,3a34613062bbe4a2fc72aef0a6f292789a50fc8b5be64ad875096feee3eb42f4,displacement_mean_euclidean_error,evaluable,,240.0,0.0,0.0,True,MOCK DATA / NOT A SCIENTIFIC RESULT,displacement-report-draft-v1,
MOCK_S14,MOCK_G07,2,non_speaking,right_eyelid,self,0.0074260501110479,0.0074260501110479,MOCK_S14_non_speaking_right_eyelid,4.0,900.0,3a34613062bbe4a2fc72aef0a6f292789a50fc8b5be64ad875096feee3eb42f4,displacement_mean_euclidean_error,evaluable,,240.0,0.0,0.0,True,MOCK DATA / NOT A SCIENTIFIC RESULT,displacement-report-draft-v1,
MOCK_S14,MOCK_G07,2,non_speaking,right_eyelid,full,0.0059932075039881,0.0059932075039881,MOCK_S14_non_speaking_right_eyelid,4.0,900.0,3a34613062bbe4a2fc72aef0a6f292789a50fc8b5be64ad875096feee3eb42f4,displacement_mean_euclidean_error,evaluable,,240.0,105.0,750.0,True,MOCK DATA / NOT A SCIENTIFIC RESULT,displacement-report-draft-v1,
MOCK_S14,MOCK_G07,2,non_speaking,right_eyelid,pcmci,0.0065718437222513,0.0065718437222513,MOCK_S14_non_speaking_right_eyelid,4.0,900.0,3a34613062bbe4a2fc72aef0a6f292789a50fc8b5be64ad875096feee3eb42f4,displacement_mean_euclidean_error,evaluable,,240.0,3.0,24.0,True,MOCK DATA / NOT A SCIENTIFIC RESULT,displacement-report-draft-v1,
MOCK_S14,MOCK_G07,2,non_speaking,left_cheek,persistence,0.0064450822845393,,MOCK_S14_non_speaking_left_cheek,2.0,900.0,3a34613062bbe4a2fc72aef0a6f292789a50fc8b5be64ad875096feee3eb42f4,displacement_mean_euclidean_error,evaluable,,120.0,0.0,0.0,True,MOCK DATA / NOT A SCIENTIFIC RESULT,displacement-report-draft-v1,
MOCK_S14,MOCK_G07,2,non_speaking,left_cheek,self,0.0077260501110479,0.0077260501110479,MOCK_S14_non_speaking_left_cheek,2.0,900.0,3a34613062bbe4a2fc72aef0a6f292789a50fc8b5be64ad875096feee3eb42f4,displacement_mean_euclidean_error,evaluable,,120.0,0.0,0.0,True,MOCK DATA / NOT A SCIENTIFIC RESULT,displacement-report-draft-v1,
MOCK_S14,MOCK_G07,2,non_speaking,left_cheek,full,0.0065518775347485,0.0065518775347485,MOCK_S14_non_speaking_left_cheek,2.0,900.0,3a34613062bbe4a2fc72aef0a6f292789a50fc8b5be64ad875096feee3eb42f4,displacement_mean_euclidean_error,evaluable,,120.0,105.0,810.0,True,MOCK DATA / NOT A SCIENTIFIC RESULT,displacement-report-draft-v1,
MOCK_S14,MOCK_G07,2,non_speaking,left_cheek,pcmci,0.007686859155988,0.007686859155988,MOCK_S14_non_speaking_left_cheek,2.0,900.0,3a34613062bbe4a2fc72aef0a6f292789a50fc8b5be64ad875096feee3eb42f4,displacement_mean_euclidean_error,evaluable,,120.0,3.0,14.0,True,MOCK DATA / NOT A SCIENTIFIC RESULT,displacement-report-draft-v1,
MOCK_S14,MOCK_G07,2,non_speaking,right_cheek,persistence,0.0066565699923508,,MOCK_S14_non_speaking_right_cheek,2.0,900.0,3a34613062bbe4a2fc72aef0a6f292789a50fc8b5be64ad875096feee3eb42f4,displacement_mean_euclidean_error,evaluable,,120.0,0.0,0.0,True,MOCK DATA / NOT A SCIENTIFIC RESULT,displacement-report-draft-v1,
MOCK_S14,MOCK_G07,2,non_speaking,right_cheek,self,0.0080260501110479,0.0080260501110479,MOCK_S14_non_speaking_right_cheek,2.0,900.0,3a34613062bbe4a2fc72aef0a6f292789a50fc8b5be64ad875096feee3eb42f4,displacement_mean_euclidean_error,evaluable,,120.0,0.0,0.0,True,MOCK DATA / NOT A SCIENTIFIC RESULT,displacement-report-draft-v1,
MOCK_S14,MOCK_G07,2,non_speaking,right_cheek,full,0.0076844089536393,0.0076844089536393,MOCK_S14_non_speaking_right_cheek,2.0,900.0,3a34613062bbe4a2fc72aef0a6f292789a50fc8b5be64ad875096feee3eb42f4,displacement_mean_euclidean_error,evaluable,,120.0,105.0,810.0,True,MOCK DATA / NOT A SCIENTIFIC RESULT,displacement-report-draft-v1,
MOCK_S14,MOCK_G07,2,non_speaking,right_cheek,pcmci,0.0084241786483497,0.0084241786483497,MOCK_S14_non_speaking_right_cheek,2.0,900.0,3a34613062bbe4a2fc72aef0a6f292789a50fc8b5be64ad875096feee3eb42f4,displacement_mean_euclidean_error,evaluable,,120.0,3.0,38.0,True,MOCK DATA / NOT A SCIENTIFIC RESULT,displacement-report-draft-v1,
MOCK_S14,MOCK_G07,2,non_speaking,mouth,persistence,0.0067008502112214,,MOCK_S14_non_speaking_mouth,8.0,900.0,3a34613062bbe4a2fc72aef0a6f292789a50fc8b5be64ad875096feee3eb42f4,displacement_mean_euclidean_error,evaluable,,480.0,0.0,0.0,True,MOCK DATA / NOT A SCIENTIFIC RESULT,displacement-report-draft-v1,
MOCK_S14,MOCK_G07,2,non_speaking,mouth,self,0.0083260501110479,0.0083260501110479,MOCK_S14_non_speaking_mouth,8.0,900.0,3a34613062bbe4a2fc72aef0a6f292789a50fc8b5be64ad875096feee3eb42f4,displacement_mean_euclidean_error,evaluable,,480.0,0.0,0.0,True,MOCK DATA / NOT A SCIENTIFIC RESULT,displacement-report-draft-v1,
MOCK_S14,MOCK_G07,2,non_speaking,mouth,full,0.0086253762135476,0.0086253762135476,MOCK_S14_non_speaking_mouth,8.0,900.0,3a34613062bbe4a2fc72aef0a6f292789a50fc8b5be64ad875096feee3eb42f4,displacement_mean_euclidean_error,evaluable,,480.0,105.0,630.0,True,MOCK DATA / NOT A SCIENTIFIC RESULT,displacement-report-draft-v1,
MOCK_S14,MOCK_G07,2,non_speaking,mouth,pcmci,0.0083817326748613,0.0083817326748613,MOCK_S14_non_speaking_mouth,8.0,900.0,3a34613062bbe4a2fc72aef0a6f292789a50fc8b5be64ad875096feee3eb42f4,displacement_mean_euclidean_error,evaluable,,480.0,3.0,18.0,True,MOCK DATA / NOT A SCIENTIFIC RESULT,displacement-report-draft-v1,
MOCK_S14,MOCK_G07,2,non_speaking,jaw,persistence,0.0067863948097013,,MOCK_S14_non_speaking_jaw,3.0,900.0,3a34613062bbe4a2fc72aef0a6f292789a50fc8b5be64ad875096feee3eb42f4,displacement_mean_euclidean_error,evaluable,,180.0,0.0,0.0,True,MOCK DATA / NOT A SCIENTIFIC RESULT,displacement-report-draft-v1,
MOCK_S14,MOCK_G07,2,non_speaking,jaw,self,0.0086260501110479,0.0086260501110479,MOCK_S14_non_speaking_jaw,3.0,900.0,3a34613062bbe4a2fc72aef0a6f292789a50fc8b5be64ad875096feee3eb42f4,displacement_mean_euclidean_error,evaluable,,180.0,0.0,0.0,True,MOCK DATA / NOT A SCIENTIFIC RESULT,displacement-report-draft-v1,
MOCK_S14,MOCK_G07,2,non_speaking,jaw,full,0.0087854769716857,0.0087854769716857,MOCK_S14_non_speaking_jaw,3.0,900.0,3a34613062bbe4a2fc72aef0a6f292789a50fc8b5be64ad875096feee3eb42f4,displacement_mean_euclidean_error,evaluable,,180.0,105.0,780.0,True,MOCK DATA / NOT A SCIENTIFIC RESULT,displacement-report-draft-v1,
MOCK_S14,MOCK_G07,2,non_speaking,jaw,pcmci,0.0078743644842775,0.0078743644842775,MOCK_S14_non_speaking_jaw,3.0,900.0,3a34613062bbe4a2fc72aef0a6f292789a50fc8b5be64ad875096feee3eb42f4,displacement_mean_euclidean_error,evaluable,,180.0,3.0,20.0,True,MOCK DATA / NOT A SCIENTIFIC RESULT,displacement-report-draft-v1,
MOCK_S15,MOCK_G08,2,speaking,left_brow,persistence,0.0063717725591794,,MOCK_S15_speaking_left_brow,3.0,900.0,76039cd3ebb208afd7a57b5d02b80e17fdfd950364226b428b0b2f8c783e4a4f,displacement_mean_euclidean_error,evaluable,,180.0,0.0,0.0,True,MOCK DATA / NOT A SCIENTIFIC RESULT,displacement-report-draft-v1,
MOCK_S15,MOCK_G08,2,speaking,left_brow,self,0.0062971822067084,0.0062971822067084,MOCK_S15_speaking_left_brow,3.0,900.0,76039cd3ebb208afd7a57b5d02b80e17fdfd950364226b428b0b2f8c783e4a4f,displacement_mean_euclidean_error,evaluable,,180.0,0.0,0.0,True,MOCK DATA / NOT A SCIENTIFIC RESULT,displacement-report-draft-v1,
MOCK_S15,MOCK_G08,2,speaking,left_brow,full,0.0065163212239879,0.0065163212239879,MOCK_S15_speaking_left_brow,3.0,900.0,76039cd3ebb208afd7a57b5d02b80e17fdfd950364226b428b0b2f8c783e4a4f,displacement_mean_euclidean_error,evaluable,,180.0,105.0,780.0,True,MOCK DATA / NOT A SCIENTIFIC RESULT,displacement-report-draft-v1,
MOCK_S15,MOCK_G08,2,speaking,left_brow,pcmci,0.0064879991229002,0.0064879991229002,MOCK_S15_speaking_left_brow,3.0,900.0,76039cd3ebb208afd7a57b5d02b80e17fdfd950364226b428b0b2f8c783e4a4f,displacement_mean_euclidean_error,evaluable,,180.0,3.0,20.0,True,MOCK DATA / NOT A SCIENTIFIC RESULT,displacement-report-draft-v1,
MOCK_S15,MOCK_G08,2,speaking,right_brow,persistence,0.0064379904290419,,MOCK_S15_speaking_right_brow,3.0,900.0,76039cd3ebb208afd7a57b5d02b80e17fdfd950364226b428b0b2f8c783e4a4f,displacement_mean_euclidean_error,evaluable,,180.0,0.0,0.0,True,MOCK DATA / NOT A SCIENTIFIC RESULT,displacement-report-draft-v1,
MOCK_S15,MOCK_G08,2,speaking,right_brow,self,0.0065971822067084,0.0065971822067084,MOCK_S15_speaking_right_brow,3.0,900.0,76039cd3ebb208afd7a57b5d02b80e17fdfd950364226b428b0b2f8c783e4a4f,displacement_mean_euclidean_error,evaluable,,180.0,0.0,0.0,True,MOCK DATA / NOT A SCIENTIFIC RESULT,displacement-report-draft-v1,
MOCK_S15,MOCK_G08,2,speaking,right_brow,full,0.0060694800896164,0.0060694800896164,MOCK_S15_speaking_right_brow,3.0,900.0,76039cd3ebb208afd7a57b5d02b80e17fdfd950364226b428b0b2f8c783e4a4f,displacement_mean_euclidean_error,evaluable,,180.0,105.0,780.0,True,MOCK DATA / NOT A SCIENTIFIC RESULT,displacement-report-draft-v1,
MOCK_S15,MOCK_G08,2,speaking,right_brow,pcmci,0.0060235071779711,0.0060235071779711,MOCK_S15_speaking_right_brow,3.0,900.0,76039cd3ebb208afd7a57b5d02b80e17fdfd950364226b428b0b2f8c783e4a4f,displacement_mean_euclidean_error,evaluable,,180.0,3.0,20.0,True,MOCK DATA / NOT A SCIENTIFIC RESULT,displacement-report-draft-v1,
MOCK_S15,MOCK_G08,2,speaking,left_eyelid,persistence,0.0065070250490469,,MOCK_S15_speaking_left_eyelid,4.0,900.0,76039cd3ebb208afd7a57b5d02b80e17fdfd950364226b428b0b2f8c783e4a4f,displacement_mean_euclidean_error,evaluable,,240.0,0.0,0.0,True,MOCK DATA / NOT A SCIENTIFIC RESULT,displacement-report-draft-v1,
MOCK_S15,MOCK_G08,2,speaking,left_eyelid,self,0.0068971822067084,0.0068971822067084,MOCK_S15_speaking_left_eyelid,4.0,900.0,76039cd3ebb208afd7a57b5d02b80e17fdfd950364226b428b0b2f8c783e4a4f,displacement_mean_euclidean_error,evaluable,,240.0,0.0,0.0,True,MOCK DATA / NOT A SCIENTIFIC RESULT,displacement-report-draft-v1,
MOCK_S15,MOCK_G08,2,speaking,left_eyelid,full,0.0056021383845313,0.0056021383845313,MOCK_S15_speaking_left_eyelid,4.0,900.0,76039cd3ebb208afd7a57b5d02b80e17fdfd950364226b428b0b2f8c783e4a4f,displacement_mean_euclidean_error,evaluable,,240.0,105.0,750.0,True,MOCK DATA / NOT A SCIENTIFIC RESULT,displacement-report-draft-v1,
MOCK_S15,MOCK_G08,2,speaking,left_eyelid,pcmci,0.0056727214841064,0.0056727214841064,MOCK_S15_speaking_left_eyelid,4.0,900.0,76039cd3ebb208afd7a57b5d02b80e17fdfd950364226b428b0b2f8c783e4a4f,displacement_mean_euclidean_error,evaluable,,240.0,3.0,20.0,True,MOCK DATA / NOT A SCIENTIFIC RESULT,displacement-report-draft-v1,
MOCK_S15,MOCK_G08,2,speaking,right_eyelid,persistence,0.0066602451404576,,MOCK_S15_speaking_right_eyelid,4.0,900.0,76039cd3ebb208afd7a57b5d02b80e17fdfd950364226b428b0b2f8c783e4a4f,displacement_mean_euclidean_error,evaluable,,240.0,0.0,0.0,True,MOCK DATA / NOT A SCIENTIFIC RESULT,displacement-report-draft-v1,
MOCK_S15,MOCK_G08,2,speaking,right_eyelid,self,0.0071971822067084,0.0071971822067084,MOCK_S15_speaking_right_eyelid,4.0,900.0,76039cd3ebb208afd7a57b5d02b80e17fdfd950364226b428b0b2f8c783e4a4f,displacement_mean_euclidean_error,evaluable,,240.0,0.0,0.0,True,MOCK DATA / NOT A SCIENTIFIC RESULT,displacement-report-draft-v1,
MOCK_S15,MOCK_G08,2,speaking,right_eyelid,full,0.0058197865336102,0.0058197865336102,MOCK_S15_speaking_right_eyelid,4.0,900.0,76039cd3ebb208afd7a57b5d02b80e17fdfd950364226b428b0b2f8c783e4a4f,displacement_mean_euclidean_error,evaluable,,240.0,105.0,750.0,True,MOCK DATA / NOT A SCIENTIFIC RESULT,displacement-report-draft-v1,
MOCK_S15,MOCK_G08,2,speaking,right_eyelid,pcmci,0.0060339714069934,0.0060339714069934,MOCK_S15_speaking_right_eyelid,4.0,900.0,76039cd3ebb208afd7a57b5d02b80e17fdfd950364226b428b0b2f8c783e4a4f,displacement_mean_euclidean_error,evaluable,,240.0,3.0,24.0,True,MOCK DATA / NOT A SCIENTIFIC RESULT,displacement-report-draft-v1,
MOCK_S15,MOCK_G08,2,speaking,left_cheek,persistence,0.0066422100690049,,MOCK_S15_speaking_left_cheek,2.0,900.0,76039cd3ebb208afd7a57b5d02b80e17fdfd950364226b428b0b2f8c783e4a4f,displacement_mean_euclidean_error,evaluable,,120.0,0.0,0.0,True,MOCK DATA / NOT A SCIENTIFIC RESULT,displacement-report-draft-v1,
MOCK_S15,MOCK_G08,2,speaking,left_cheek,self,0.0074971822067084,0.0074971822067084,MOCK_S15_speaking_left_cheek,2.0,900.0,76039cd3ebb208afd7a57b5d02b80e17fdfd950364226b428b0b2f8c783e4a4f,displacement_mean_euclidean_error,evaluable,,120.0,0.0,0.0,True,MOCK DATA / NOT A SCIENTIFIC RESULT,displacement-report-draft-v1,
MOCK_S15,MOCK_G08,2,speaking,left_cheek,full,0.0067981384488049,0.0067981384488049,MOCK_S15_speaking_left_cheek,2.0,900.0,76039cd3ebb208afd7a57b5d02b80e17fdfd950364226b428b0b2f8c783e4a4f,displacement_mean_euclidean_error,evaluable,,120.0,105.0,810.0,True,MOCK DATA / NOT A SCIENTIFIC RESULT,displacement-report-draft-v1,
MOCK_S15,MOCK_G08,2,speaking,left_cheek,pcmci,0.0070509440499983,0.0070509440499983,MOCK_S15_speaking_left_cheek,2.0,900.0,76039cd3ebb208afd7a57b5d02b80e17fdfd950364226b428b0b2f8c783e4a4f,displacement_mean_euclidean_error,evaluable,,120.0,3.0,14.0,True,MOCK DATA / NOT A SCIENTIFIC RESULT,displacement-report-draft-v1,
MOCK_S15,MOCK_G08,2,speaking,right_cheek,persistence,0.0065635020606123,,MOCK_S15_speaking_right_cheek,2.0,900.0,76039cd3ebb208afd7a57b5d02b80e17fdfd950364226b428b0b2f8c783e4a4f,displacement_mean_euclidean_error,evaluable,,120.0,0.0,0.0,True,MOCK DATA / NOT A SCIENTIFIC RESULT,displacement-report-draft-v1,
MOCK_S15,MOCK_G08,2,speaking,right_cheek,self,0.0077971822067084,0.0077971822067084,MOCK_S15_speaking_right_cheek,2.0,900.0,76039cd3ebb208afd7a57b5d02b80e17fdfd950364226b428b0b2f8c783e4a4f,displacement_mean_euclidean_error,evaluable,,120.0,0.0,0.0,True,MOCK DATA / NOT A SCIENTIFIC RESULT,displacement-report-draft-v1,
MOCK_S15,MOCK_G08,2,speaking,right_cheek,full,0.0079135205076656,0.0079135205076656,MOCK_S15_speaking_right_cheek,2.0,900.0,76039cd3ebb208afd7a57b5d02b80e17fdfd950364226b428b0b2f8c783e4a4f,displacement_mean_euclidean_error,evaluable,,120.0,105.0,810.0,True,MOCK DATA / NOT A SCIENTIFIC RESULT,displacement-report-draft-v1,
MOCK_S15,MOCK_G08,2,speaking,right_cheek,pcmci,0.008064458071631,0.008064458071631,MOCK_S15_speaking_right_cheek,2.0,900.0,76039cd3ebb208afd7a57b5d02b80e17fdfd950364226b428b0b2f8c783e4a4f,displacement_mean_euclidean_error,evaluable,,120.0,3.0,38.0,True,MOCK DATA / NOT A SCIENTIFIC RESULT,displacement-report-draft-v1,
MOCK_S15,MOCK_G08,2,speaking,mouth,persistence,0.00674599871012,,MOCK_S15_speaking_mouth,8.0,900.0,76039cd3ebb208afd7a57b5d02b80e17fdfd950364226b428b0b2f8c783e4a4f,displacement_mean_euclidean_error,evaluable,,480.0,0.0,0.0,True,MOCK DATA / NOT A SCIENTIFIC RESULT,displacement-report-draft-v1,
MOCK_S15,MOCK_G08,2,speaking,mouth,self,0.0080971822067084,0.0080971822067084,MOCK_S15_speaking_mouth,8.0,900.0,76039cd3ebb208afd7a57b5d02b80e17fdfd950364226b428b0b2f8c783e4a4f,displacement_mean_euclidean_error,evaluable,,480.0,0.0,0.0,True,MOCK DATA / NOT A SCIENTIFIC RESULT,displacement-report-draft-v1,
MOCK_S15,MOCK_G08,2,speaking,mouth,full,0.0084162742056028,0.0084162742056028,MOCK_S15_speaking_mouth,8.0,900.0,76039cd3ebb208afd7a57b5d02b80e17fdfd950364226b428b0b2f8c783e4a4f,displacement_mean_euclidean_error,evaluable,,480.0,105.0,630.0,True,MOCK DATA / NOT A SCIENTIFIC RESULT,displacement-report-draft-v1,
MOCK_S15,MOCK_G08,2,speaking,mouth,pcmci,0.0084185119709411,0.0084185119709411,MOCK_S15_speaking_mouth,8.0,900.0,76039cd3ebb208afd7a57b5d02b80e17fdfd950364226b428b0b2f8c783e4a4f,displacement_mean_euclidean_error,evaluable,,480.0,3.0,18.0,True,MOCK DATA / NOT A SCIENTIFIC RESULT,displacement-report-draft-v1,
MOCK_S15,MOCK_G08,2,speaking,jaw,persistence,0.006808343921206,,MOCK_S15_speaking_jaw,3.0,900.0,76039cd3ebb208afd7a57b5d02b80e17fdfd950364226b428b0b2f8c783e4a4f,displacement_mean_euclidean_error,evaluable,,180.0,0.0,0.0,True,MOCK DATA / NOT A SCIENTIFIC RESULT,displacement-report-draft-v1,
MOCK_S15,MOCK_G08,2,speaking,jaw,self,0.0083971822067084,0.0083971822067084,MOCK_S15_speaking_jaw,3.0,900.0,76039cd3ebb208afd7a57b5d02b80e17fdfd950364226b428b0b2f8c783e4a4f,displacement_mean_euclidean_error,evaluable,,180.0,0.0,0.0,True,MOCK DATA / NOT A SCIENTIFIC RESULT,displacement-report-draft-v1,
MOCK_S15,MOCK_G08,2,speaking,jaw,full,0.0081199887277795,0.0081199887277795,MOCK_S15_speaking_jaw,3.0,900.0,76039cd3ebb208afd7a57b5d02b80e17fdfd950364226b428b0b2f8c783e4a4f,displacement_mean_euclidean_error,evaluable,,180.0,105.0,780.0,True,MOCK DATA / NOT A SCIENTIFIC RESULT,displacement-report-draft-v1,
MOCK_S15,MOCK_G08,2,speaking,jaw,pcmci,0.0080634088421851,0.0080634088421851,MOCK_S15_speaking_jaw,3.0,900.0,76039cd3ebb208afd7a57b5d02b80e17fdfd950364226b428b0b2f8c783e4a4f,displacement_mean_euclidean_error,evaluable,,180.0,3.0,20.0,True,MOCK DATA / NOT A SCIENTIFIC RESULT,displacement-report-draft-v1,
MOCK_S15,MOCK_G08,2,non_speaking,left_brow,persistence,0.0063546628732198,,MOCK_S15_non_speaking_left_brow,3.0,900.0,9f1278002fe93e664c390cfb2f454c1a5e2217bf230128e8b55bed244e5340dc,displacement_mean_euclidean_error,evaluable,,180.0,0.0,0.0,True,MOCK DATA / NOT A SCIENTIFIC RESULT,displacement-report-draft-v1,
MOCK_S15,MOCK_G08,2,non_speaking,left_brow,self,0.0066971822067084,0.0066971822067084,MOCK_S15_non_speaking_left_brow,3.0,900.0,9f1278002fe93e664c390cfb2f454c1a5e2217bf230128e8b55bed244e5340dc,displacement_mean_euclidean_error,evaluable,,180.0,0.0,0.0,True,MOCK DATA / NOT A SCIENTIFIC RESULT,displacement-report-draft-v1,
MOCK_S15,MOCK_G08,2,non_speaking,left_brow,full,0.0069163212239879,0.0069163212239879,MOCK_S15_non_speaking_left_brow,3.0,900.0,9f1278002fe93e664c390cfb2f454c1a5e2217bf230128e8b55bed244e5340dc,displacement_mean_euclidean_error,evaluable,,180.0,105.0,780.0,True,MOCK DATA / NOT A SCIENTIFIC RESULT,displacement-report-draft-v1,
MOCK_S15,MOCK_G08,2,non_speaking,left_brow,pcmci,0.0061235071779711,0.0061235071779711,MOCK_S15_non_speaking_left_brow,3.0,900.0,9f1278002fe93e664c390cfb2f454c1a5e2217bf230128e8b55bed244e5340dc,displacement_mean_euclidean_error,evaluable,,180.0,3.0,20.0,True,MOCK DATA / NOT A SCIENTIFIC RESULT,displacement-report-draft-v1,
MOCK_S15,MOCK_G08,2,non_speaking,right_brow,persistence,0.0064997768917221,,MOCK_S15_non_speaking_right_brow,3.0,900.0,9f1278002fe93e664c390cfb2f454c1a5e2217bf230128e8b55bed244e5340dc,displacement_mean_euclidean_error,evaluable,,180.0,0.0,0.0,True,MOCK DATA / NOT A SCIENTIFIC RESULT,displacement-report-draft-v1,
MOCK_S15,MOCK_G08,2,non_speaking,right_brow,self,0.0069971822067084,0.0069971822067084,MOCK_S15_non_speaking_right_brow,3.0,900.0,9f1278002fe93e664c390cfb2f454c1a5e2217bf230128e8b55bed244e5340dc,displacement_mean_euclidean_error,evaluable,,180.0,0.0,0.0,True,MOCK DATA / NOT A SCIENTIFIC RESULT,displacement-report-draft-v1,
MOCK_S15,MOCK_G08,2,non_speaking,right_brow,full,0.0064694800896164,0.0064694800896164,MOCK_S15_non_speaking_right_brow,3.0,900.0,9f1278002fe93e664c390cfb2f454c1a5e2217bf230128e8b55bed244e5340dc,displacement_mean_euclidean_error,evaluable,,180.0,105.0,780.0,True,MOCK DATA / NOT A SCIENTIFIC RESULT,displacement-report-draft-v1,
MOCK_S15,MOCK_G08,2,non_speaking,right_brow,pcmci,0.0057727214841064,0.0057727214841064,MOCK_S15_non_speaking_right_brow,3.0,900.0,9f1278002fe93e664c390cfb2f454c1a5e2217bf230128e8b55bed244e5340dc,displacement_mean_euclidean_error,evaluable,,180.0,3.0,20.0,True,MOCK DATA / NOT A SCIENTIFIC RESULT,displacement-report-draft-v1,
MOCK_S15,MOCK_G08,2,non_speaking,left_eyelid,persistence,0.0065029953341602,,MOCK_S15_non_speaking_left_eyelid,4.0,900.0,9f1278002fe93e664c390cfb2f454c1a5e2217bf230128e8b55bed244e5340dc,displacement_mean_euclidean_error,evaluable,,240.0,0.0,0.0,True,MOCK DATA / NOT A SCIENTIFIC RESULT,displacement-report-draft-v1,
MOCK_S15,MOCK_G08,2,non_speaking,left_eyelid,self,0.0072971822067084,0.0072971822067084,MOCK_S15_non_speaking_left_eyelid,4.0,900.0,9f1278002fe93e664c390cfb2f454c1a5e2217bf230128e8b55bed244e5340dc,displacement_mean_euclidean_error,evaluable,,240.0,0.0,0.0,True,MOCK DATA / NOT A SCIENTIFIC RESULT,displacement-report-draft-v1,
MOCK_S15,MOCK_G08,2,non_speaking,left_eyelid,full,0.0060021383845313,0.0060021383845313,MOCK_S15_non_speaking_left_eyelid,4.0,900.0,9f1278002fe93e664c390cfb2f454c1a5e2217bf230128e8b55bed244e5340dc,displacement_mean_euclidean_error,evaluable,,240.0,105.0,750.0,True,MOCK DATA / NOT A SCIENTIFIC RESULT,displacement-report-draft-v1,
MOCK_S15,MOCK_G08,2,non_speaking,left_eyelid,pcmci,0.0061339714069934,0.0061339714069934,MOCK_S15_non_speaking_left_eyelid,4.0,900.0,9f1278002fe93e664c390cfb2f454c1a5e2217bf230128e8b55bed244e5340dc,displacement_mean_euclidean_error,evaluable,,240.0,3.0,20.0,True,MOCK DATA / NOT A SCIENTIFIC RESULT,displacement-report-draft-v1,
MOCK_S15,MOCK_G08,2,non_speaking,right_eyelid,persistence,0.0065621762524115,,MOCK_S15_non_speaking_right_eyelid,4.0,900.0,9f1278002fe93e664c390cfb2f454c1a5e2217bf230128e8b55bed244e5340dc,displacement_mean_euclidean_error,evaluable,,240.0,0.0,0.0,True,MOCK DATA / NOT A SCIENTIFIC RESULT,displacement-report-draft-v1,
MOCK_S15,MOCK_G08,2,non_speaking,right_eyelid,self,0.0075971822067084,0.0075971822067084,MOCK_S15_non_speaking_right_eyelid,4.0,900.0,9f1278002fe93e664c390cfb2f454c1a5e2217bf230128e8b55bed244e5340dc,displacement_mean_euclidean_error,evaluable,,240.0,0.0,0.0,True,MOCK DATA / NOT A SCIENTIFIC RESULT,displacement-report-draft-v1,
MOCK_S15,MOCK_G08,2,non_speaking,right_eyelid,full,0.0062197865336102,0.0062197865336102,MOCK_S15_non_speaking_right_eyelid,4.0,900.0,9f1278002fe93e664c390cfb2f454c1a5e2217bf230128e8b55bed244e5340dc,displacement_mean_euclidean_error,evaluable,,240.0,105.0,750.0,True,MOCK DATA / NOT A SCIENTIFIC RESULT,displacement-report-draft-v1,
MOCK_S15,MOCK_G08,2,non_speaking,right_eyelid,pcmci,0.0071509440499983,0.0071509440499983,MOCK_S15_non_speaking_right_eyelid,4.0,900.0,9f1278002fe93e664c390cfb2f454c1a5e2217bf230128e8b55bed244e5340dc,displacement_mean_euclidean_error,evaluable,,240.0,3.0,24.0,True,MOCK DATA / NOT A SCIENTIFIC RESULT,displacement-report-draft-v1,
MOCK_S15,MOCK_G08,2,non_speaking,left_cheek,persistence,0.0067760656470246,,MOCK_S15_non_speaking_left_cheek,2.0,900.0,9f1278002fe93e664c390cfb2f454c1a5e2217bf230128e8b55bed244e5340dc,displacement_mean_euclidean_error,evaluable,,120.0,0.0,0.0,True,MOCK DATA / NOT A SCIENTIFIC RESULT,displacement-report-draft-v1,
MOCK_S15,MOCK_G08,2,non_speaking,left_cheek,self,0.0078971822067084,0.0078971822067084,MOCK_S15_non_speaking_left_cheek,2.0,900.0,9f1278002fe93e664c390cfb2f454c1a5e2217bf230128e8b55bed244e5340dc,displacement_mean_euclidean_error,evaluable,,120.0,0.0,0.0,True,MOCK DATA / NOT A SCIENTIFIC RESULT,displacement-report-draft-v1,
MOCK_S15,MOCK_G08,2,non_speaking,left_cheek,full,0.0071981384488049,0.0071981384488049,MOCK_S15_non_speaking_left_cheek,2.0,900.0,9f1278002fe93e664c390cfb2f454c1a5e2217bf230128e8b55bed244e5340dc,displacement_mean_euclidean_error,evaluable,,120.0,105.0,810.0,True,MOCK DATA / NOT A SCIENTIFIC RESULT,displacement-report-draft-v1,
MOCK_S15,MOCK_G08,2,non_speaking,left_cheek,pcmci,0.008164458071631,0.008164458071631,MOCK_S15_non_speaking_left_cheek,2.0,900.0,9f1278002fe93e664c390cfb2f454c1a5e2217bf230128e8b55bed244e5340dc,displacement_mean_euclidean_error,evaluable,,120.0,3.0,14.0,True,MOCK DATA / NOT A SCIENTIFIC RESULT,displacement-report-draft-v1,
MOCK_S15,MOCK_G08,2,non_speaking,right_cheek,persistence,0.0065828331890672,,MOCK_S15_non_speaking_right_cheek,2.0,900.0,9f1278002fe93e664c390cfb2f454c1a5e2217bf230128e8b55bed244e5340dc,displacement_mean_euclidean_error,evaluable,,120.0,0.0,0.0,True,MOCK DATA / NOT A SCIENTIFIC RESULT,displacement-report-draft-v1,
MOCK_S15,MOCK_G08,2,non_speaking,right_cheek,self,0.0081971822067084,0.0081971822067084,MOCK_S15_non_speaking_right_cheek,2.0,900.0,9f1278002fe93e664c390cfb2f454c1a5e2217bf230128e8b55bed244e5340dc,displacement_mean_euclidean_error,evaluable,,120.0,0.0,0.0,True,MOCK DATA / NOT A SCIENTIFIC RESULT,displacement-report-draft-v1,
MOCK_S15,MOCK_G08,2,non_speaking,right_cheek,full,0.0083135205076656,0.0083135205076656,MOCK_S15_non_speaking_right_cheek,2.0,900.0,9f1278002fe93e664c390cfb2f454c1a5e2217bf230128e8b55bed244e5340dc,displacement_mean_euclidean_error,evaluable,,120.0,105.0,810.0,True,MOCK DATA / NOT A SCIENTIFIC RESULT,displacement-report-draft-v1,
MOCK_S15,MOCK_G08,2,non_speaking,right_cheek,pcmci,0.0085185119709411,0.0085185119709411,MOCK_S15_non_speaking_right_cheek,2.0,900.0,9f1278002fe93e664c390cfb2f454c1a5e2217bf230128e8b55bed244e5340dc,displacement_mean_euclidean_error,evaluable,,120.0,3.0,38.0,True,MOCK DATA / NOT A SCIENTIFIC RESULT,displacement-report-draft-v1,
MOCK_S15,MOCK_G08,2,non_speaking,mouth,persistence,0.0066950591938648,,MOCK_S15_non_speaking_mouth,8.0,900.0,9f1278002fe93e664c390cfb2f454c1a5e2217bf230128e8b55bed244e5340dc,displacement_mean_euclidean_error,evaluable,,480.0,0.0,0.0,True,MOCK DATA / NOT A SCIENTIFIC RESULT,displacement-report-draft-v1,
MOCK_S15,MOCK_G08,2,non_speaking,mouth,self,0.0084971822067084,0.0084971822067084,MOCK_S15_non_speaking_mouth,8.0,900.0,9f1278002fe93e664c390cfb2f454c1a5e2217bf230128e8b55bed244e5340dc,displacement_mean_euclidean_error,evaluable,,480.0,0.0,0.0,True,MOCK DATA / NOT A SCIENTIFIC RESULT,displacement-report-draft-v1,
MOCK_S15,MOCK_G08,2,non_speaking,mouth,full,0.0088162742056028,0.0088162742056028,MOCK_S15_non_speaking_mouth,8.0,900.0,9f1278002fe93e664c390cfb2f454c1a5e2217bf230128e8b55bed244e5340dc,displacement_mean_euclidean_error,evaluable,,480.0,105.0,630.0,True,MOCK DATA / NOT A SCIENTIFIC RESULT,displacement-report-draft-v1,
MOCK_S15,MOCK_G08,2,non_speaking,mouth,pcmci,0.0081634088421851,0.0081634088421851,MOCK_S15_non_speaking_mouth,8.0,900.0,9f1278002fe93e664c390cfb2f454c1a5e2217bf230128e8b55bed244e5340dc,displacement_mean_euclidean_error,evaluable,,480.0,3.0,18.0,True,MOCK DATA / NOT A SCIENTIFIC RESULT,displacement-report-draft-v1,
MOCK_S15,MOCK_G08,2,non_speaking,jaw,persistence,0.0068293644712682,,MOCK_S15_non_speaking_jaw,3.0,900.0,9f1278002fe93e664c390cfb2f454c1a5e2217bf230128e8b55bed244e5340dc,displacement_mean_euclidean_error,evaluable,,180.0,0.0,0.0,True,MOCK DATA / NOT A SCIENTIFIC RESULT,displacement-report-draft-v1,
MOCK_S15,MOCK_G08,2,non_speaking,jaw,self,0.0087971822067084,0.0087971822067084,MOCK_S15_non_speaking_jaw,3.0,900.0,9f1278002fe93e664c390cfb2f454c1a5e2217bf230128e8b55bed244e5340dc,displacement_mean_euclidean_error,evaluable,,180.0,0.0,0.0,True,MOCK DATA / NOT A SCIENTIFIC RESULT,displacement-report-draft-v1,
MOCK_S15,MOCK_G08,2,non_speaking,jaw,full,0.0085199887277795,0.0085199887277795,MOCK_S15_non_speaking_jaw,3.0,900.0,9f1278002fe93e664c390cfb2f454c1a5e2217bf230128e8b55bed244e5340dc,displacement_mean_euclidean_error,evaluable,,180.0,105.0,780.0,True,MOCK DATA / NOT A SCIENTIFIC RESULT,displacement-report-draft-v1,
MOCK_S15,MOCK_G08,2,non_speaking,jaw,pcmci,0.0077014474807784,0.0077014474807784,MOCK_S15_non_speaking_jaw,3.0,900.0,9f1278002fe93e664c390cfb2f454c1a5e2217bf230128e8b55bed244e5340dc,displacement_mean_euclidean_error,evaluable,,180.0,3.0,20.0,True,MOCK DATA / NOT A SCIENTIFIC RESULT,displacement-report-draft-v1,
MOCK_S16,MOCK_G08,2,speaking,left_brow,persistence,0.0064847473508234,,MOCK_S16_speaking_left_brow,3.0,900.0,e54626434359af9de0f9b8759ba83c8faa51b7edcb6936772b1502d40c43758d,displacement_mean_euclidean_error,evaluable,,180.0,0.0,0.0,True,MOCK DATA / NOT A SCIENTIFIC RESULT,displacement-report-draft-v1,
MOCK_S16,MOCK_G08,2,speaking,left_brow,self,0.0061950863520471,0.0061950863520471,MOCK_S16_speaking_left_brow,3.0,900.0,e54626434359af9de0f9b8759ba83c8faa51b7edcb6936772b1502d40c43758d,displacement_mean_euclidean_error,evaluable,,180.0,0.0,0.0,True,MOCK DATA / NOT A SCIENTIFIC RESULT,displacement-report-draft-v1,
MOCK_S16,MOCK_G08,2,speaking,left_brow,full,0.0060159929887647,0.0060159929887647,MOCK_S16_speaking_left_brow,3.0,900.0,e54626434359af9de0f9b8759ba83c8faa51b7edcb6936772b1502d40c43758d,displacement_mean_euclidean_error,evaluable,,180.0,105.0,780.0,True,MOCK DATA / NOT A SCIENTIFIC RESULT,displacement-report-draft-v1,
MOCK_S16,MOCK_G08,2,speaking,left_brow,pcmci,0.0060397263722069,0.0060397263722069,MOCK_S16_speaking_left_brow,3.0,900.0,e54626434359af9de0f9b8759ba83c8faa51b7edcb6936772b1502d40c43758d,displacement_mean_euclidean_error,evaluable,,180.0,3.0,20.0,True,MOCK DATA / NOT A SCIENTIFIC RESULT,displacement-report-draft-v1,
MOCK_S16,MOCK_G08,2,speaking,right_brow,persistence,0.0064889877276675,,MOCK_S16_speaking_right_brow,3.0,900.0,e54626434359af9de0f9b8759ba83c8faa51b7edcb6936772b1502d40c43758d,displacement_mean_euclidean_error,evaluable,,180.0,0.0,0.0,True,MOCK DATA / NOT A SCIENTIFIC RESULT,displacement-report-draft-v1,
MOCK_S16,MOCK_G08,2,speaking,right_brow,self,0.0064950863520471,0.0064950863520471,MOCK_S16_speaking_right_brow,3.0,900.0,e54626434359af9de0f9b8759ba83c8faa51b7edcb6936772b1502d40c43758d,displacement_mean_euclidean_error,evaluable,,180.0,0.0,0.0,True,MOCK DATA / NOT A SCIENTIFIC RESULT,displacement-report-draft-v1,
MOCK_S16,MOCK_G08,2,speaking,right_brow,full,0.0054554673522467,0.0054554673522467,MOCK_S16_speaking_right_brow,3.0,900.0,e54626434359af9de0f9b8759ba83c8faa51b7edcb6936772b1502d40c43758d,displacement_mean_euclidean_error,evaluable,,180.0,105.0,780.0,True,MOCK DATA / NOT A SCIENTIFIC RESULT,displacement-report-draft-v1,
MOCK_S16,MOCK_G08,2,speaking,right_brow,pcmci,0.005533376234765,0.005533376234765,MOCK_S16_speaking_right_brow,3.0,900.0,e54626434359af9de0f9b8759ba83c8faa51b7edcb6936772b1502d40c43758d,displacement_mean_euclidean_error,evaluable,,180.0,3.0,20.0,True,MOCK DATA / NOT A SCIENTIFIC RESULT,displacement-report-draft-v1,
MOCK_S16,MOCK_G08,2,speaking,left_eyelid,persistence,0.0063563999807912,,MOCK_S16_speaking_left_eyelid,4.0,900.0,e54626434359af9de0f9b8759ba83c8faa51b7edcb6936772b1502d40c43758d,displacement_mean_euclidean_error,evaluable,,240.0,0.0,0.0,True,MOCK DATA / NOT A SCIENTIFIC RESULT,displacement-report-draft-v1,
MOCK_S16,MOCK_G08,2,speaking,left_eyelid,self,0.0067950863520471,0.0067950863520471,MOCK_S16_speaking_left_eyelid,4.0,900.0,e54626434359af9de0f9b8759ba83c8faa51b7edcb6936772b1502d40c43758d,displacement_mean_euclidean_error,evaluable,,240.0,0.0,0.0,True,MOCK DATA / NOT A SCIENTIFIC RESULT,displacement-report-draft-v1,
MOCK_S16,MOCK_G08,2,speaking,left_eyelid,full,0.0053450951661515,0.0053450951661515,MOCK_S16_speaking_left_eyelid,4.0,900.0,e54626434359af9de0f9b8759ba83c8faa51b7edcb6936772b1502d40c43758d,displacement_mean_euclidean_error,evaluable,,240.0,105.0,750.0,True,MOCK DATA / NOT A SCIENTIFIC RESULT,displacement-report-draft-v1,
MOCK_S16,MOCK_G08,2,speaking,left_eyelid,pcmci,0.0054974900192802,0.0054974900192802,MOCK_S16_speaking_left_eyelid,4.0,900.0,e54626434359af9de0f9b8759ba83c8faa51b7edcb6936772b1502d40c43758d,displacement_mean_euclidean_error,evaluable,,240.0,3.0,20.0,True,MOCK DATA / NOT A SCIENTIFIC RESULT,displacement-report-draft-v1,
MOCK_S16,MOCK_G08,2,speaking,right_eyelid,persistence,0.0065083311097426,,MOCK_S16_speaking_right_eyelid,4.0,900.0,e54626434359af9de0f9b8759ba83c8faa51b7edcb6936772b1502d40c43758d,displacement_mean_euclidean_error,evaluable,,240.0,0.0,0.0,True,MOCK DATA / NOT A SCIENTIFIC RESULT,displacement-report-draft-v1,
MOCK_S16,MOCK_G08,2,speaking,right_eyelid,self,0.0070950863520471,0.0070950863520471,MOCK_S16_speaking_right_eyelid,4.0,900.0,e54626434359af9de0f9b8759ba83c8faa51b7edcb6936772b1502d40c43758d,displacement_mean_euclidean_error,evaluable,,240.0,0.0,0.0,True,MOCK DATA / NOT A SCIENTIFIC RESULT,displacement-report-draft-v1,
MOCK_S16,MOCK_G08,2,speaking,right_eyelid,full,0.0060621707258467,0.0060621707258467,MOCK_S16_speaking_right_eyelid,4.0,900.0,e54626434359af9de0f9b8759ba83c8faa51b7edcb6936772b1502d40c43758d,displacement_mean_euclidean_error,evaluable,,240.0,105.0,750.0,True,MOCK DATA / NOT A SCIENTIFIC RESULT,displacement-report-draft-v1,
MOCK_S16,MOCK_G08,2,speaking,right_eyelid,pcmci,0.0062408799632505,0.0062408799632505,MOCK_S16_speaking_right_eyelid,4.0,900.0,e54626434359af9de0f9b8759ba83c8faa51b7edcb6936772b1502d40c43758d,displacement_mean_euclidean_error,evaluable,,240.0,3.0,24.0,True,MOCK DATA / NOT A SCIENTIFIC RESULT,displacement-report-draft-v1,
MOCK_S16,MOCK_G08,2,speaking,left_cheek,persistence,0.006584018997993,,MOCK_S16_speaking_left_cheek,2.0,900.0,e54626434359af9de0f9b8759ba83c8faa51b7edcb6936772b1502d40c43758d,displacement_mean_euclidean_error,evaluable,,120.0,0.0,0.0,True,MOCK DATA / NOT A SCIENTIFIC RESULT,displacement-report-draft-v1,
MOCK_S16,MOCK_G08,2,speaking,left_cheek,self,0.0073950863520471,0.0073950863520471,MOCK_S16_speaking_left_cheek,2.0,900.0,e54626434359af9de0f9b8759ba83c8faa51b7edcb6936772b1502d40c43758d,displacement_mean_euclidean_error,evaluable,,120.0,0.0,0.0,True,MOCK DATA / NOT A SCIENTIFIC RESULT,displacement-report-draft-v1,
MOCK_S16,MOCK_G08,2,speaking,left_cheek,full,0.0072232366851911,0.0072232366851911,MOCK_S16_speaking_left_cheek,2.0,900.0,e54626434359af9de0f9b8759ba83c8faa51b7edcb6936772b1502d40c43758d,displacement_mean_euclidean_error,evaluable,,120.0,105.0,810.0,True,MOCK DATA / NOT A SCIENTIFIC RESULT,displacement-report-draft-v1,
MOCK_S16,MOCK_G08,2,speaking,left_cheek,pcmci,0.0073558953969871,0.0073558953969871,MOCK_S16_speaking_left_cheek,2.0,900.0,e54626434359af9de0f9b8759ba83c8faa51b7edcb6936772b1502d40c43758d,displacement_mean_euclidean_error,evaluable,,120.0,3.0,14.0,True,MOCK DATA / NOT A SCIENTIFIC RESULT,displacement-report-draft-v1,
MOCK_S16,MOCK_G08,2,speaking,right_cheek,persistence,0.0067104997095364,,MOCK_S16_speaking_right_cheek,2.0,900.0,e54626434359af9de0f9b8759ba83c8faa51b7edcb6936772b1502d40c43758d,displacement_mean_euclidean_error,evaluable,,120.0,0.0,0.0,True,MOCK DATA / NOT A SCIENTIFIC RESULT,displacement-report-draft-v1,
MOCK_S16,MOCK_G08,2,speaking,right_cheek,self,0.0076950863520471,0.0076950863520471,MOCK_S16_speaking_right_cheek,2.0,900.0,e54626434359af9de0f9b8759ba83c8faa51b7edcb6936772b1502d40c43758d,displacement_mean_euclidean_error,evaluable,,120.0,0.0,0.0,True,MOCK DATA / NOT A SCIENTIFIC RESULT,displacement-report-draft-v1,
MOCK_S16,MOCK_G08,2,speaking,right_cheek,full,0.0080366329721725,0.0080366329721725,MOCK_S16_speaking_right_cheek,2.0,900.0,e54626434359af9de0f9b8759ba83c8faa51b7edcb6936772b1502d40c43758d,displacement_mean_euclidean_error,evaluable,,120.0,105.0,810.0,True,MOCK DATA / NOT A SCIENTIFIC RESULT,displacement-report-draft-v1,
MOCK_S16,MOCK_G08,2,speaking,right_cheek,pcmci,0.0080932148893489,0.0080932148893489,MOCK_S16_speaking_right_cheek,2.0,900.0,e54626434359af9de0f9b8759ba83c8faa51b7edcb6936772b1502d40c43758d,displacement_mean_euclidean_error,evaluable,,120.0,3.0,38.0,True,MOCK DATA / NOT A SCIENTIFIC RESULT,displacement-report-draft-v1,
MOCK_S16,MOCK_G08,2,speaking,mouth,persistence,0.0067007959820039,,MOCK_S16_speaking_mouth,8.0,900.0,e54626434359af9de0f9b8759ba83c8faa51b7edcb6936772b1502d40c43758d,displacement_mean_euclidean_error,evaluable,,480.0,0.0,0.0,True,MOCK DATA / NOT A SCIENTIFIC RESULT,displacement-report-draft-v1,
MOCK_S16,MOCK_G08,2,speaking,mouth,self,0.0079950863520471,0.0079950863520471,MOCK_S16_speaking_mouth,8.0,900.0,e54626434359af9de0f9b8759ba83c8faa51b7edcb6936772b1502d40c43758d,displacement_mean_euclidean_error,evaluable,,480.0,0.0,0.0,True,MOCK DATA / NOT A SCIENTIFIC RESULT,displacement-report-draft-v1,
MOCK_S16,MOCK_G08,2,speaking,mouth,full,0.0080303454081885,0.0080303454081885,MOCK_S16_speaking_mouth,8.0,900.0,e54626434359af9de0f9b8759ba83c8faa51b7edcb6936772b1502d40c43758d,displacement_mean_euclidean_error,evaluable,,480.0,105.0,630.0,True,MOCK DATA / NOT A SCIENTIFIC RESULT,displacement-report-draft-v1,
MOCK_S16,MOCK_G08,2,speaking,mouth,pcmci,0.0080507689158605,0.0080507689158605,MOCK_S16_speaking_mouth,8.0,900.0,e54626434359af9de0f9b8759ba83c8faa51b7edcb6936772b1502d40c43758d,displacement_mean_euclidean_error,evaluable,,480.0,3.0,18.0,True,MOCK DATA / NOT A SCIENTIFIC RESULT,displacement-report-draft-v1,
MOCK_S16,MOCK_G08,2,speaking,jaw,persistence,0.0067661907726894,,MOCK_S16_speaking_jaw,3.0,900.0,e54626434359af9de0f9b8759ba83c8faa51b7edcb6936772b1502d40c43758d,displacement_mean_euclidean_error,evaluable,,180.0,0.0,0.0,True,MOCK DATA / NOT A SCIENTIFIC RESULT,displacement-report-draft-v1,
MOCK_S16,MOCK_G08,2,speaking,jaw,self,0.0082950863520471,0.0082950863520471,MOCK_S16_speaking_jaw,3.0,900.0,e54626434359af9de0f9b8759ba83c8faa51b7edcb6936772b1502d40c43758d,displacement_mean_euclidean_error,evaluable,,180.0,0.0,0.0,True,MOCK DATA / NOT A SCIENTIFIC RESULT,displacement-report-draft-v1,
MOCK_S16,MOCK_G08,2,speaking,jaw,full,0.0074859733670485,0.0074859733670485,MOCK_S16_speaking_jaw,3.0,900.0,e54626434359af9de0f9b8759ba83c8faa51b7edcb6936772b1502d40c43758d,displacement_mean_euclidean_error,evaluable,,180.0,105.0,780.0,True,MOCK DATA / NOT A SCIENTIFIC RESULT,displacement-report-draft-v1,
MOCK_S16,MOCK_G08,2,speaking,jaw,pcmci,0.0075434007252767,0.0075434007252767,MOCK_S16_speaking_jaw,3.0,900.0,e54626434359af9de0f9b8759ba83c8faa51b7edcb6936772b1502d40c43758d,displacement_mean_euclidean_error,evaluable,,180.0,3.0,20.0,True,MOCK DATA / NOT A SCIENTIFIC RESULT,displacement-report-draft-v1,
MOCK_S16,MOCK_G08,2,non_speaking,left_brow,persistence,0.0064586605246355,,MOCK_S16_non_speaking_left_brow,3.0,900.0,5ac07a10ee24eb68615aeacfaecbae0b5513ad41f26f43a5d54a01e00e0c6158,displacement_mean_euclidean_error,evaluable,,180.0,0.0,0.0,True,MOCK DATA / NOT A SCIENTIFIC RESULT,displacement-report-draft-v1,
MOCK_S16,MOCK_G08,2,non_speaking,left_brow,self,0.0065950863520471,0.0065950863520471,MOCK_S16_non_speaking_left_brow,3.0,900.0,5ac07a10ee24eb68615aeacfaecbae0b5513ad41f26f43a5d54a01e00e0c6158,displacement_mean_euclidean_error,evaluable,,180.0,0.0,0.0,True,MOCK DATA / NOT A SCIENTIFIC RESULT,displacement-report-draft-v1,
MOCK_S16,MOCK_G08,2,non_speaking,left_brow,full,0.0064159929887647,0.0064159929887647,MOCK_S16_non_speaking_left_brow,3.0,900.0,5ac07a10ee24eb68615aeacfaecbae0b5513ad41f26f43a5d54a01e00e0c6158,displacement_mean_euclidean_error,evaluable,,180.0,105.0,780.0,True,MOCK DATA / NOT A SCIENTIFIC RESULT,displacement-report-draft-v1,
MOCK_S16,MOCK_G08,2,non_speaking,left_brow,pcmci,0.005633376234765,0.005633376234765,MOCK_S16_non_speaking_left_brow,3.0,900.0,5ac07a10ee24eb68615aeacfaecbae0b5513ad41f26f43a5d54a01e00e0c6158,displacement_mean_euclidean_error,evaluable,,180.0,3.0,20.0,True,MOCK DATA / NOT A SCIENTIFIC RESULT,displacement-report-draft-v1,
MOCK_S16,MOCK_G08,2,non_speaking,right_brow,persistence,0.0065222576765255,,MOCK_S16_non_speaking_right_brow,3.0,900.0,5ac07a10ee24eb68615aeacfaecbae0b5513ad41f26f43a5d54a01e00e0c6158,displacement_mean_euclidean_error,evaluable,,180.0,0.0,0.0,True,MOCK DATA / NOT A SCIENTIFIC RESULT,displacement-report-draft-v1,
MOCK_S16,MOCK_G08,2,non_speaking,right_brow,self,0.0068950863520471,0.0068950863520471,MOCK_S16_non_speaking_right_brow,3.0,900.0,5ac07a10ee24eb68615aeacfaecbae0b5513ad41f26f43a5d54a01e00e0c6158,displacement_mean_euclidean_error,evaluable,,180.0,0.0,0.0,True,MOCK DATA / NOT A SCIENTIFIC RESULT,displacement-report-draft-v1,
MOCK_S16,MOCK_G08,2,non_speaking,right_brow,full,0.0058554673522467,0.0058554673522467,MOCK_S16_non_speaking_right_brow,3.0,900.0,5ac07a10ee24eb68615aeacfaecbae0b5513ad41f26f43a5d54a01e00e0c6158,displacement_mean_euclidean_error,evaluable,,180.0,105.0,780.0,True,MOCK DATA / NOT A SCIENTIFIC RESULT,displacement-report-draft-v1,
MOCK_S16,MOCK_G08,2,non_speaking,right_brow,pcmci,0.0055974900192802,0.0055974900192802,MOCK_S16_non_speaking_right_brow,3.0,900.0,5ac07a10ee24eb68615aeacfaecbae0b5513ad41f26f43a5d54a01e00e0c6158,displacement_mean_euclidean_error,evaluable,,180.0,3.0,20.0,True,MOCK DATA / NOT A SCIENTIFIC RESULT,displacement-report-draft-v1,
MOCK_S16,MOCK_G08,2,non_speaking,left_eyelid,persistence,0.006512179055797,,MOCK_S16_non_speaking_left_eyelid,4.0,900.0,5ac07a10ee24eb68615aeacfaecbae0b5513ad41f26f43a5d54a01e00e0c6158,displacement_mean_euclidean_error,evaluable,,240.0,0.0,0.0,True,MOCK DATA / NOT A SCIENTIFIC RESULT,displacement-report-draft-v1,
MOCK_S16,MOCK_G08,2,non_speaking,left_eyelid,self,0.0071950863520471,0.0071950863520471,MOCK_S16_non_speaking_left_eyelid,4.0,900.0,5ac07a10ee24eb68615aeacfaecbae0b5513ad41f26f43a5d54a01e00e0c6158,displacement_mean_euclidean_error,evaluable,,240.0,0.0,0.0,True,MOCK DATA / NOT A SCIENTIFIC RESULT,displacement-report-draft-v1,
MOCK_S16,MOCK_G08,2,non_speaking,left_eyelid,full,0.0057450951661515,0.0057450951661515,MOCK_S16_non_speaking_left_eyelid,4.0,900.0,5ac07a10ee24eb68615aeacfaecbae0b5513ad41f26f43a5d54a01e00e0c6158,displacement_mean_euclidean_error,evaluable,,240.0,105.0,750.0,True,MOCK DATA / NOT A SCIENTIFIC RESULT,displacement-report-draft-v1,
MOCK_S16,MOCK_G08,2,non_speaking,left_eyelid,pcmci,0.0063408799632505,0.0063408799632505,MOCK_S16_non_speaking_left_eyelid,4.0,900.0,5ac07a10ee24eb68615aeacfaecbae0b5513ad41f26f43a5d54a01e00e0c6158,displacement_mean_euclidean_error,evaluable,,240.0,3.0,20.0,True,MOCK DATA / NOT A SCIENTIFIC RESULT,displacement-report-draft-v1,
MOCK_S16,MOCK_G08,2,non_speaking,right_eyelid,persistence,0.0064933955779013,,MOCK_S16_non_speaking_right_eyelid,4.0,900.0,5ac07a10ee24eb68615aeacfaecbae0b5513ad41f26f43a5d54a01e00e0c6158,displacement_mean_euclidean_error,evaluable,,240.0,0.0,0.0,True,MOCK DATA / NOT A SCIENTIFIC RESULT,displacement-report-draft-v1,
MOCK_S16,MOCK_G08,2,non_speaking,right_eyelid,self,0.0074950863520471,0.0074950863520471,MOCK_S16_non_speaking_right_eyelid,4.0,900.0,5ac07a10ee24eb68615aeacfaecbae0b5513ad41f26f43a5d54a01e00e0c6158,displacement_mean_euclidean_error,evaluable,,240.0,0.0,0.0,True,MOCK DATA / NOT A SCIENTIFIC RESULT,displacement-report-draft-v1,
MOCK_S16,MOCK_G08,2,non_speaking,right_eyelid,full,0.0064621707258467,0.0064621707258467,MOCK_S16_non_speaking_right_eyelid,4.0,900.0,5ac07a10ee24eb68615aeacfaecbae0b5513ad41f26f43a5d54a01e00e0c6158,displacement_mean_euclidean_error,evaluable,,240.0,105.0,750.0,True,MOCK DATA / NOT A SCIENTIFIC RESULT,displacement-report-draft-v1,
MOCK_S16,MOCK_G08,2,non_speaking,right_eyelid,pcmci,0.0074558953969871,0.0074558953969871,MOCK_S16_non_speaking_right_eyelid,4.0,900.0,5ac07a10ee24eb68615aeacfaecbae0b5513ad41f26f43a5d54a01e00e0c6158,displacement_mean_euclidean_error,evaluable,,240.0,3.0,24.0,True,MOCK DATA / NOT A SCIENTIFIC RESULT,displacement-report-draft-v1,
MOCK_S16,MOCK_G08,2,non_speaking,left_cheek,persistence,0.0065617961918057,,MOCK_S16_non_speaking_left_cheek,2.0,900.0,5ac07a10ee24eb68615aeacfaecbae0b5513ad41f26f43a5d54a01e00e0c6158,displacement_mean_euclidean_error,evaluable,,120.0,0.0,0.0,True,MOCK DATA / NOT A SCIENTIFIC RESULT,displacement-report-draft-v1,
MOCK_S16,MOCK_G08,2,non_speaking,left_cheek,self,0.0077950863520471,0.0077950863520471,MOCK_S16_non_speaking_left_cheek,2.0,900.0,5ac07a10ee24eb68615aeacfaecbae0b5513ad41f26f43a5d54a01e00e0c6158,displacement_mean_euclidean_error,evaluable,,120.0,0.0,0.0,True,MOCK DATA / NOT A SCIENTIFIC RESULT,displacement-report-draft-v1,
MOCK_S16,MOCK_G08,2,non_speaking,left_cheek,full,0.0076232366851911,0.0076232366851911,MOCK_S16_non_speaking_left_cheek,2.0,900.0,5ac07a10ee24eb68615aeacfaecbae0b5513ad41f26f43a5d54a01e00e0c6158,displacement_mean_euclidean_error,evaluable,,120.0,105.0,810.0,True,MOCK DATA / NOT A SCIENTIFIC RESULT,displacement-report-draft-v1,
MOCK_S16,MOCK_G08,2,non_speaking,left_cheek,pcmci,0.0081932148893489,0.0081932148893489,MOCK_S16_non_speaking_left_cheek,2.0,900.0,5ac07a10ee24eb68615aeacfaecbae0b5513ad41f26f43a5d54a01e00e0c6158,displacement_mean_euclidean_error,evaluable,,120.0,3.0,14.0,True,MOCK DATA / NOT A SCIENTIFIC RESULT,displacement-report-draft-v1,
MOCK_S16,MOCK_G08,2,non_speaking,right_cheek,persistence,0.0067862802470274,,MOCK_S16_non_speaking_right_cheek,2.0,900.0,5ac07a10ee24eb68615aeacfaecbae0b5513ad41f26f43a5d54a01e00e0c6158,displacement_mean_euclidean_error,evaluable,,120.0,0.0,0.0,True,MOCK DATA / NOT A SCIENTIFIC RESULT,displacement-report-draft-v1,
MOCK_S16,MOCK_G08,2,non_speaking,right_cheek,self,0.0080950863520471,0.0080950863520471,MOCK_S16_non_speaking_right_cheek,2.0,900.0,5ac07a10ee24eb68615aeacfaecbae0b5513ad41f26f43a5d54a01e00e0c6158,displacement_mean_euclidean_error,evaluable,,120.0,0.0,0.0,True,MOCK DATA / NOT A SCIENTIFIC RESULT,displacement-report-draft-v1,
MOCK_S16,MOCK_G08,2,non_speaking,right_cheek,full,0.0084366329721725,0.0084366329721725,MOCK_S16_non_speaking_right_cheek,2.0,900.0,5ac07a10ee24eb68615aeacfaecbae0b5513ad41f26f43a5d54a01e00e0c6158,displacement_mean_euclidean_error,evaluable,,120.0,105.0,810.0,True,MOCK DATA / NOT A SCIENTIFIC RESULT,displacement-report-draft-v1,
MOCK_S16,MOCK_G08,2,non_speaking,right_cheek,pcmci,0.0081507689158605,0.0081507689158605,MOCK_S16_non_speaking_right_cheek,2.0,900.0,5ac07a10ee24eb68615aeacfaecbae0b5513ad41f26f43a5d54a01e00e0c6158,displacement_mean_euclidean_error,evaluable,,120.0,3.0,38.0,True,MOCK DATA / NOT A SCIENTIFIC RESULT,displacement-report-draft-v1,
MOCK_S16,MOCK_G08,2,non_speaking,mouth,persistence,0.0067091127131388,,MOCK_S16_non_speaking_mouth,8.0,900.0,5ac07a10ee24eb68615aeacfaecbae0b5513ad41f26f43a5d54a01e00e0c6158,displacement_mean_euclidean_error,evaluable,,480.0,0.0,0.0,True,MOCK DATA / NOT A SCIENTIFIC RESULT,displacement-report-draft-v1,
MOCK_S16,MOCK_G08,2,non_speaking,mouth,self,0.0083950863520471,0.0083950863520471,MOCK_S16_non_speaking_mouth,8.0,900.0,5ac07a10ee24eb68615aeacfaecbae0b5513ad41f26f43a5d54a01e00e0c6158,displacement_mean_euclidean_error,evaluable,,480.0,0.0,0.0,True,MOCK DATA / NOT A SCIENTIFIC RESULT,displacement-report-draft-v1,
MOCK_S16,MOCK_G08,2,non_speaking,mouth,full,0.0084303454081885,0.0084303454081885,MOCK_S16_non_speaking_mouth,8.0,900.0,5ac07a10ee24eb68615aeacfaecbae0b5513ad41f26f43a5d54a01e00e0c6158,displacement_mean_euclidean_error,evaluable,,480.0,105.0,630.0,True,MOCK DATA / NOT A SCIENTIFIC RESULT,displacement-report-draft-v1,
MOCK_S16,MOCK_G08,2,non_speaking,mouth,pcmci,0.0076434007252767,0.0076434007252767,MOCK_S16_non_speaking_mouth,8.0,900.0,5ac07a10ee24eb68615aeacfaecbae0b5513ad41f26f43a5d54a01e00e0c6158,displacement_mean_euclidean_error,evaluable,,480.0,3.0,18.0,True,MOCK DATA / NOT A SCIENTIFIC RESULT,displacement-report-draft-v1,
MOCK_S16,MOCK_G08,2,non_speaking,jaw,persistence,0.0068475347191453,,MOCK_S16_non_speaking_jaw,3.0,900.0,5ac07a10ee24eb68615aeacfaecbae0b5513ad41f26f43a5d54a01e00e0c6158,displacement_mean_euclidean_error,evaluable,,180.0,0.0,0.0,True,MOCK DATA / NOT A SCIENTIFIC RESULT,displacement-report-draft-v1,
MOCK_S16,MOCK_G08,2,non_speaking,jaw,self,0.0086950863520471,0.0086950863520471,MOCK_S16_non_speaking_jaw,3.0,900.0,5ac07a10ee24eb68615aeacfaecbae0b5513ad41f26f43a5d54a01e00e0c6158,displacement_mean_euclidean_error,evaluable,,180.0,0.0,0.0,True,MOCK DATA / NOT A SCIENTIFIC RESULT,displacement-report-draft-v1,
MOCK_S16,MOCK_G08,2,non_speaking,jaw,full,0.0078859733670485,0.0078859733670485,MOCK_S16_non_speaking_jaw,3.0,900.0,5ac07a10ee24eb68615aeacfaecbae0b5513ad41f26f43a5d54a01e00e0c6158,displacement_mean_euclidean_error,evaluable,,180.0,105.0,780.0,True,MOCK DATA / NOT A SCIENTIFIC RESULT,displacement-report-draft-v1,
MOCK_S16,MOCK_G08,2,non_speaking,jaw,pcmci,0.007413400908651,0.007413400908651,MOCK_S16_non_speaking_jaw,3.0,900.0,5ac07a10ee24eb68615aeacfaecbae0b5513ad41f26f43a5d54a01e00e0c6158,displacement_mean_euclidean_error,evaluable,,180.0,3.0,20.0,True,MOCK DATA / NOT A SCIENTIFIC RESULT,displacement-report-draft-v1,
MOCK_S17,MOCK_G09,2,speaking,left_brow,persistence,0.0063324424378821,,MOCK_S17_speaking_left_brow,3.0,900.0,16787e59c5669faf16a5bbc9ce7f6c6b623830fcf379b0a4aa4e00912f825b2d,displacement_mean_euclidean_error,evaluable,,180.0,0.0,0.0,True,MOCK DATA / NOT A SCIENTIFIC RESULT,displacement-report-draft-v1,
MOCK_S17,MOCK_G09,2,speaking,left_brow,self,0.0059136290050004,0.0059136290050004,MOCK_S17_speaking_left_brow,3.0,900.0,16787e59c5669faf16a5bbc9ce7f6c6b623830fcf379b0a4aa4e00912f825b2d,displacement_mean_euclidean_error,evaluable,,180.0,0.0,0.0,True,MOCK DATA / NOT A SCIENTIFIC RESULT,displacement-report-draft-v1,
MOCK_S17,MOCK_G09,2,speaking,left_brow,full,0.0052067349018997,0.0052067349018997,MOCK_S17_speaking_left_brow,3.0,900.0,16787e59c5669faf16a5bbc9ce7f6c6b623830fcf379b0a4aa4e00912f825b2d,displacement_mean_euclidean_error,evaluable,,180.0,105.0,780.0,True,MOCK DATA / NOT A SCIENTIFIC RESULT,displacement-report-draft-v1,
MOCK_S17,MOCK_G09,2,speaking,left_brow,pcmci,0.0053399539762631,0.0053399539762631,MOCK_S17_speaking_left_brow,3.0,900.0,16787e59c5669faf16a5bbc9ce7f6c6b623830fcf379b0a4aa4e00912f825b2d,displacement_mean_euclidean_error,evaluable,,180.0,3.0,20.0,True,MOCK DATA / NOT A SCIENTIFIC RESULT,displacement-report-draft-v1,
MOCK_S17,MOCK_G09,2,speaking,right_brow,persistence,0.0063248923616421,,MOCK_S17_speaking_right_brow,3.0,900.0,16787e59c5669faf16a5bbc9ce7f6c6b623830fcf379b0a4aa4e00912f825b2d,displacement_mean_euclidean_error,evaluable,,180.0,0.0,0.0,True,MOCK DATA / NOT A SCIENTIFIC RESULT,displacement-report-draft-v1,
MOCK_S17,MOCK_G09,2,speaking,right_brow,self,0.0062136290050004,0.0062136290050004,MOCK_S17_speaking_right_brow,3.0,900.0,16787e59c5669faf16a5bbc9ce7f6c6b623830fcf379b0a4aa4e00912f825b2d,displacement_mean_euclidean_error,evaluable,,180.0,0.0,0.0,True,MOCK DATA / NOT A SCIENTIFIC RESULT,displacement-report-draft-v1,
MOCK_S17,MOCK_G09,2,speaking,right_brow,full,0.0048331311255489,0.0048331311255489,MOCK_S17_speaking_right_brow,3.0,900.0,16787e59c5669faf16a5bbc9ce7f6c6b623830fcf379b0a4aa4e00912f825b2d,displacement_mean_euclidean_error,evaluable,,180.0,105.0,780.0,True,MOCK DATA / NOT A SCIENTIFIC RESULT,displacement-report-draft-v1,
MOCK_S17,MOCK_G09,2,speaking,right_brow,pcmci,0.0049891682823985,0.0049891682823985,MOCK_S17_speaking_right_brow,3.0,900.0,16787e59c5669faf16a5bbc9ce7f6c6b623830fcf379b0a4aa4e00912f825b2d,displacement_mean_euclidean_error,evaluable,,180.0,3.0,20.0,True,MOCK DATA / NOT A SCIENTIFIC RESULT,displacement-report-draft-v1,
MOCK_S17,MOCK_G09,2,speaking,left_eyelid,persistence,0.0064487577675452,,MOCK_S17_speaking_left_eyelid,4.0,900.0,16787e59c5669faf16a5bbc9ce7f6c6b623830fcf379b0a4aa4e00912f825b2d,displacement_mean_euclidean_error,evaluable,,240.0,0.0,0.0,True,MOCK DATA / NOT A SCIENTIFIC RESULT,displacement-report-draft-v1,
MOCK_S17,MOCK_G09,2,speaking,left_eyelid,self,0.0065136290050004,0.0065136290050004,MOCK_S17_speaking_left_eyelid,4.0,900.0,16787e59c5669faf16a5bbc9ce7f6c6b623830fcf379b0a4aa4e00912f825b2d,displacement_mean_euclidean_error,evaluable,,240.0,0.0,0.0,True,MOCK DATA / NOT A SCIENTIFIC RESULT,displacement-report-draft-v1,
MOCK_S17,MOCK_G09,2,speaking,left_eyelid,full,0.0052230832695286,0.0052230832695286,MOCK_S17_speaking_left_eyelid,4.0,900.0,16787e59c5669faf16a5bbc9ce7f6c6b623830fcf379b0a4aa4e00912f825b2d,displacement_mean_euclidean_error,evaluable,,240.0,105.0,750.0,True,MOCK DATA / NOT A SCIENTIFIC RESULT,displacement-report-draft-v1,
MOCK_S17,MOCK_G09,2,speaking,left_eyelid,pcmci,0.0053504182052854,0.0053504182052854,MOCK_S17_speaking_left_eyelid,4.0,900.0,16787e59c5669faf16a5bbc9ce7f6c6b623830fcf379b0a4aa4e00912f825b2d,displacement_mean_euclidean_error,evaluable,,240.0,3.0,20.0,True,MOCK DATA / NOT A SCIENTIFIC RESULT,displacement-report-draft-v1,
MOCK_S17,MOCK_G09,2,speaking,right_eyelid,persistence,0.0065182991028416,,MOCK_S17_speaking_right_eyelid,4.0,900.0,16787e59c5669faf16a5bbc9ce7f6c6b623830fcf379b0a4aa4e00912f825b2d,displacement_mean_euclidean_error,evaluable,,240.0,0.0,0.0,True,MOCK DATA / NOT A SCIENTIFIC RESULT,displacement-report-draft-v1,
MOCK_S17,MOCK_G09,2,speaking,right_eyelid,self,0.0068136290050004,0.0068136290050004,MOCK_S17_speaking_right_eyelid,4.0,900.0,16787e59c5669faf16a5bbc9ce7f6c6b623830fcf379b0a4aa4e00912f825b2d,displacement_mean_euclidean_error,evaluable,,240.0,0.0,0.0,True,MOCK DATA / NOT A SCIENTIFIC RESULT,displacement-report-draft-v1,
MOCK_S17,MOCK_G09,2,speaking,right_eyelid,full,0.0062938897474995,0.0062938897474995,MOCK_S17_speaking_right_eyelid,4.0,900.0,16787e59c5669faf16a5bbc9ce7f6c6b623830fcf379b0a4aa4e00912f825b2d,displacement_mean_euclidean_error,evaluable,,240.0,105.0,750.0,True,MOCK DATA / NOT A SCIENTIFIC RESULT,displacement-report-draft-v1,
MOCK_S17,MOCK_G09,2,speaking,right_eyelid,pcmci,0.0063673908482903,0.0063673908482903,MOCK_S17_speaking_right_eyelid,4.0,900.0,16787e59c5669faf16a5bbc9ce7f6c6b623830fcf379b0a4aa4e00912f825b2d,displacement_mean_euclidean_error,evaluable,,240.0,3.0,24.0,True,MOCK DATA / NOT A SCIENTIFIC RESULT,displacement-report-draft-v1,
MOCK_S17,MOCK_G09,2,speaking,left_cheek,persistence,0.0065577667401951,,MOCK_S17_speaking_left_cheek,2.0,900.0,16787e59c5669faf16a5bbc9ce7f6c6b623830fcf379b0a4aa4e00912f825b2d,displacement_mean_euclidean_error,evaluable,,120.0,0.0,0.0,True,MOCK DATA / NOT A SCIENTIFIC RESULT,displacement-report-draft-v1,
MOCK_S17,MOCK_G09,2,speaking,left_cheek,self,0.0071136290050004,0.0071136290050004,MOCK_S17_speaking_left_cheek,2.0,900.0,16787e59c5669faf16a5bbc9ce7f6c6b623830fcf379b0a4aa4e00912f825b2d,displacement_mean_euclidean_error,evaluable,,120.0,0.0,0.0,True,MOCK DATA / NOT A SCIENTIFIC RESULT,displacement-report-draft-v1,
MOCK_S17,MOCK_G09,2,speaking,left_cheek,full,0.0073368746383713,0.0073368746383713,MOCK_S17_speaking_left_cheek,2.0,900.0,16787e59c5669faf16a5bbc9ce7f6c6b623830fcf379b0a4aa4e00912f825b2d,displacement_mean_euclidean_error,evaluable,,120.0,105.0,810.0,True,MOCK DATA / NOT A SCIENTIFIC RESULT,displacement-report-draft-v1,
MOCK_S17,MOCK_G09,2,speaking,left_cheek,pcmci,0.007380904869923,0.007380904869923,MOCK_S17_speaking_left_cheek,2.0,900.0,16787e59c5669faf16a5bbc9ce7f6c6b623830fcf379b0a4aa4e00912f825b2d,displacement_mean_euclidean_error,evaluable,,120.0,3.0,14.0,True,MOCK DATA / NOT A SCIENTIFIC RESULT,displacement-report-draft-v1,
MOCK_S17,MOCK_G09,2,speaking,right_cheek,persistence,0.0067118568768588,,MOCK_S17_speaking_right_cheek,2.0,900.0,16787e59c5669faf16a5bbc9ce7f6c6b623830fcf379b0a4aa4e00912f825b2d,displacement_mean_euclidean_error,evaluable,,120.0,0.0,0.0,True,MOCK DATA / NOT A SCIENTIFIC RESULT,displacement-report-draft-v1,
MOCK_S17,MOCK_G09,2,speaking,right_cheek,self,0.0074136290050004,0.0074136290050004,MOCK_S17_speaking_right_cheek,2.0,900.0,16787e59c5669faf16a5bbc9ce7f6c6b623830fcf379b0a4aa4e00912f825b2d,displacement_mean_euclidean_error,evaluable,,120.0,0.0,0.0,True,MOCK DATA / NOT A SCIENTIFIC RESULT,displacement-report-draft-v1,
MOCK_S17,MOCK_G09,2,speaking,right_cheek,full,0.0076689410599269,0.0076689410599269,MOCK_S17_speaking_right_cheek,2.0,900.0,16787e59c5669faf16a5bbc9ce7f6c6b623830fcf379b0a4aa4e00912f825b2d,displacement_mean_euclidean_error,evaluable,,120.0,105.0,810.0,True,MOCK DATA / NOT A SCIENTIFIC RESULT,displacement-report-draft-v1,
MOCK_S17,MOCK_G09,2,speaking,right_cheek,pcmci,0.0077349587692331,0.0077349587692331,MOCK_S17_speaking_right_cheek,2.0,900.0,16787e59c5669faf16a5bbc9ce7f6c6b623830fcf379b0a4aa4e00912f825b2d,displacement_mean_euclidean_error,evaluable,,120.0,3.0,38.0,True,MOCK DATA / NOT A SCIENTIFIC RESULT,displacement-report-draft-v1,
MOCK_S17,MOCK_G09,2,speaking,mouth,persistence,0.006614523229598,,MOCK_S17_speaking_mouth,8.0,900.0,16787e59c5669faf16a5bbc9ce7f6c6b623830fcf379b0a4aa4e00912f825b2d,displacement_mean_euclidean_error,evaluable,,480.0,0.0,0.0,True,MOCK DATA / NOT A SCIENTIFIC RESULT,displacement-report-draft-v1,
MOCK_S17,MOCK_G09,2,speaking,mouth,self,0.0077136290050004,0.0077136290050004,MOCK_S17_speaking_mouth,8.0,900.0,16787e59c5669faf16a5bbc9ce7f6c6b623830fcf379b0a4aa4e00912f825b2d,displacement_mean_euclidean_error,evaluable,,480.0,0.0,0.0,True,MOCK DATA / NOT A SCIENTIFIC RESULT,displacement-report-draft-v1,
MOCK_S17,MOCK_G09,2,speaking,mouth,full,0.0072606072920699,0.0072606072920699,MOCK_S17_speaking_mouth,8.0,900.0,16787e59c5669faf16a5bbc9ce7f6c6b623830fcf379b0a4aa4e00912f825b2d,displacement_mean_euclidean_error,evaluable,,480.0,105.0,630.0,True,MOCK DATA / NOT A SCIENTIFIC RESULT,displacement-report-draft-v1,
MOCK_S17,MOCK_G09,2,speaking,mouth,pcmci,0.0073798556404771,0.0073798556404771,MOCK_S17_speaking_mouth,8.0,900.0,16787e59c5669faf16a5bbc9ce7f6c6b623830fcf379b0a4aa4e00912f825b2d,displacement_mean_euclidean_error,evaluable,,480.0,3.0,18.0,True,MOCK DATA / NOT A SCIENTIFIC RESULT,displacement-report-draft-v1,
MOCK_S17,MOCK_G09,2,speaking,jaw,persistence,0.0067243766993196,,MOCK_S17_speaking_jaw,3.0,900.0,16787e59c5669faf16a5bbc9ce7f6c6b623830fcf379b0a4aa4e00912f825b2d,displacement_mean_euclidean_error,evaluable,,180.0,0.0,0.0,True,MOCK DATA / NOT A SCIENTIFIC RESULT,displacement-report-draft-v1,
MOCK_S17,MOCK_G09,2,speaking,jaw,self,0.0080136290050004,0.0080136290050004,MOCK_S17_speaking_jaw,3.0,900.0,16787e59c5669faf16a5bbc9ce7f6c6b623830fcf379b0a4aa4e00912f825b2d,displacement_mean_euclidean_error,evaluable,,180.0,0.0,0.0,True,MOCK DATA / NOT A SCIENTIFIC RESULT,displacement-report-draft-v1,
MOCK_S17,MOCK_G09,2,speaking,jaw,full,0.0067631121343196,0.0067631121343196,MOCK_S17_speaking_jaw,3.0,900.0,16787e59c5669faf16a5bbc9ce7f6c6b623830fcf379b0a4aa4e00912f825b2d,displacement_mean_euclidean_error,evaluable,,180.0,105.0,780.0,True,MOCK DATA / NOT A SCIENTIFIC RESULT,displacement-report-draft-v1,
MOCK_S17,MOCK_G09,2,speaking,jaw,pcmci,0.0069178942790704,0.0069178942790704,MOCK_S17_speaking_jaw,3.0,900.0,16787e59c5669faf16a5bbc9ce7f6c6b623830fcf379b0a4aa4e00912f825b2d,displacement_mean_euclidean_error,evaluable,,180.0,3.0,20.0,True,MOCK DATA / NOT A SCIENTIFIC RESULT,displacement-report-draft-v1,
MOCK_S17,MOCK_G09,2,non_speaking,left_brow,persistence,0.0065139348008144,,MOCK_S17_non_speaking_left_brow,3.0,900.0,1541e534f610a9c1797236fced447c2db651ca9a75be89dfe8e99f5438ed9694,displacement_mean_euclidean_error,evaluable,,180.0,0.0,0.0,True,MOCK DATA / NOT A SCIENTIFIC RESULT,displacement-report-draft-v1,
MOCK_S17,MOCK_G09,2,non_speaking,left_brow,self,0.0063136290050004,0.0063136290050004,MOCK_S17_non_speaking_left_brow,3.0,900.0,1541e534f610a9c1797236fced447c2db651ca9a75be89dfe8e99f5438ed9694,displacement_mean_euclidean_error,evaluable,,180.0,0.0,0.0,True,MOCK DATA / NOT A SCIENTIFIC RESULT,displacement-report-draft-v1,
MOCK_S17,MOCK_G09,2,non_speaking,left_brow,full,0.0056067349018997,0.0056067349018997,MOCK_S17_non_speaking_left_brow,3.0,900.0,1541e534f610a9c1797236fced447c2db651ca9a75be89dfe8e99f5438ed9694,displacement_mean_euclidean_error,evaluable,,180.0,105.0,780.0,True,MOCK DATA / NOT A SCIENTIFIC RESULT,displacement-report-draft-v1,
MOCK_S17,MOCK_G09,2,non_speaking,left_brow,pcmci,0.0050891682823985,0.0050891682823985,MOCK_S17_non_speaking_left_brow,3.0,900.0,1541e534f610a9c1797236fced447c2db651ca9a75be89dfe8e99f5438ed9694,displacement_mean_euclidean_error,evaluable,,180.0,3.0,20.0,True,MOCK DATA / NOT A SCIENTIFIC RESULT,displacement-report-draft-v1,
MOCK_S17,MOCK_G09,2,non_speaking,right_brow,persistence,0.0064987197462602,,MOCK_S17_non_speaking_right_brow,3.0,900.0,1541e534f610a9c1797236fced447c2db651ca9a75be89dfe8e99f5438ed9694,displacement_mean_euclidean_error,evaluable,,180.0,0.0,0.0,True,MOCK DATA / NOT A SCIENTIFIC RESULT,displacement-report-draft-v1,
MOCK_S17,MOCK_G09,2,non_speaking,right_brow,self,0.0066136290050004,0.0066136290050004,MOCK_S17_non_speaking_right_brow,3.0,900.0,1541e534f610a9c1797236fced447c2db651ca9a75be89dfe8e99f5438ed9694,displacement_mean_euclidean_error,evaluable,,180.0,0.0,0.0,True,MOCK DATA / NOT A SCIENTIFIC RESULT,displacement-report-draft-v1,
MOCK_S17,MOCK_G09,2,non_speaking,right_brow,full,0.0052331311255489,0.0052331311255489,MOCK_S17_non_speaking_right_brow,3.0,900.0,1541e534f610a9c1797236fced447c2db651ca9a75be89dfe8e99f5438ed9694,displacement_mean_euclidean_error,evaluable,,180.0,105.0,780.0,True,MOCK DATA / NOT A SCIENTIFIC RESULT,displacement-report-draft-v1,
MOCK_S17,MOCK_G09,2,non_speaking,right_brow,pcmci,0.0054504182052854,0.0054504182052854,MOCK_S17_non_speaking_right_brow,3.0,900.0,1541e534f610a9c1797236fced447c2db651ca9a75be89dfe8e99f5438ed9694,displacement_mean_euclidean_error,evaluable,,180.0,3.0,20.0,True,MOCK DATA / NOT A SCIENTIFIC RESULT,displacement-report-draft-v1,
MOCK_S17,MOCK_G09,2,non_speaking,left_eyelid,persistence,0.006544694325944,,MOCK_S17_non_speaking_left_eyelid,4.0,900.0,1541e534f610a9c1797236fced447c2db651ca9a75be89dfe8e99f5438ed9694,displacement_mean_euclidean_error,evaluable,,240.0,0.0,0.0,True,MOCK DATA / NOT A SCIENTIFIC RESULT,displacement-report-draft-v1,
MOCK_S17,MOCK_G09,2,non_speaking,left_eyelid,self,0.0069136290050004,0.0069136290050004,MOCK_S17_non_speaking_left_eyelid,4.0,900.0,1541e534f610a9c1797236fced447c2db651ca9a75be89dfe8e99f5438ed9694,displacement_mean_euclidean_error,evaluable,,240.0,0.0,0.0,True,MOCK DATA / NOT A SCIENTIFIC RESULT,displacement-report-draft-v1,
MOCK_S17,MOCK_G09,2,non_speaking,left_eyelid,full,0.0056230832695286,0.0056230832695286,MOCK_S17_non_speaking_left_eyelid,4.0,900.0,1541e534f610a9c1797236fced447c2db651ca9a75be89dfe8e99f5438ed9694,displacement_mean_euclidean_error,evaluable,,240.0,105.0,750.0,True,MOCK DATA / NOT A SCIENTIFIC RESULT,displacement-report-draft-v1,
MOCK_S17,MOCK_G09,2,non_speaking,left_eyelid,pcmci,0.0064673908482903,0.0064673908482903,MOCK_S17_non_speaking_left_eyelid,4.0,900.0,1541e534f610a9c1797236fced447c2db651ca9a75be89dfe8e99f5438ed9694,displacement_mean_euclidean_error,evaluable,,240.0,3.0,20.0,True,MOCK DATA / NOT A SCIENTIFIC RESULT,displacement-report-draft-v1,
MOCK_S17,MOCK_G09,2,non_speaking,right_eyelid,persistence,0.0064770066993521,,MOCK_S17_non_speaking_right_eyelid,4.0,900.0,1541e534f610a9c1797236fced447c2db651ca9a75be89dfe8e99f5438ed9694,displacement_mean_euclidean_error,evaluable,,240.0,0.0,0.0,True,MOCK DATA / NOT A SCIENTIFIC RESULT,displacement-report-draft-v1,
MOCK_S17,MOCK_G09,2,non_speaking,right_eyelid,self,0.0072136290050004,0.0072136290050004,MOCK_S17_non_speaking_right_eyelid,4.0,900.0,1541e534f610a9c1797236fced447c2db651ca9a75be89dfe8e99f5438ed9694,displacement_mean_euclidean_error,evaluable,,240.0,0.0,0.0,True,MOCK DATA / NOT A SCIENTIFIC RESULT,displacement-report-draft-v1,
MOCK_S17,MOCK_G09,2,non_speaking,right_eyelid,full,0.0066938897474995,0.0066938897474995,MOCK_S17_non_speaking_right_eyelid,4.0,900.0,1541e534f610a9c1797236fced447c2db651ca9a75be89dfe8e99f5438ed9694,displacement_mean_euclidean_error,evaluable,,240.0,105.0,750.0,True,MOCK DATA / NOT A SCIENTIFIC RESULT,displacement-report-draft-v1,
MOCK_S17,MOCK_G09,2,non_speaking,right_eyelid,pcmci,0.0074809048699231,0.007480904869923,MOCK_S17_non_speaking_right_eyelid,4.0,900.0,1541e534f610a9c1797236fced447c2db651ca9a75be89dfe8e99f5438ed9694,displacement_mean_euclidean_error,evaluable,,240.0,3.0,24.0,True,MOCK DATA / NOT A SCIENTIFIC RESULT,displacement-report-draft-v1,
MOCK_S17,MOCK_G09,2,non_speaking,left_cheek,persistence,0.006708329693403,,MOCK_S17_non_speaking_left_cheek,2.0,900.0,1541e534f610a9c1797236fced447c2db651ca9a75be89dfe8e99f5438ed9694,displacement_mean_euclidean_error,evaluable,,120.0,0.0,0.0,True,MOCK DATA / NOT A SCIENTIFIC RESULT,displacement-report-draft-v1,
MOCK_S17,MOCK_G09,2,non_speaking,left_cheek,self,0.0075136290050004,0.0075136290050004,MOCK_S17_non_speaking_left_cheek,2.0,900.0,1541e534f610a9c1797236fced447c2db651ca9a75be89dfe8e99f5438ed9694,displacement_mean_euclidean_error,evaluable,,120.0,0.0,0.0,True,MOCK DATA / NOT A SCIENTIFIC RESULT,displacement-report-draft-v1,
MOCK_S17,MOCK_G09,2,non_speaking,left_cheek,full,0.0077368746383713,0.0077368746383713,MOCK_S17_non_speaking_left_cheek,2.0,900.0,1541e534f610a9c1797236fced447c2db651ca9a75be89dfe8e99f5438ed9694,displacement_mean_euclidean_error,evaluable,,120.0,105.0,810.0,True,MOCK DATA / NOT A SCIENTIFIC RESULT,displacement-report-draft-v1,
MOCK_S17,MOCK_G09,2,non_speaking,left_cheek,pcmci,0.0078349587692331,0.0078349587692331,MOCK_S17_non_speaking_left_cheek,2.0,900.0,1541e534f610a9c1797236fced447c2db651ca9a75be89dfe8e99f5438ed9694,displacement_mean_euclidean_error,evaluable,,120.0,3.0,14.0,True,MOCK DATA / NOT A SCIENTIFIC RESULT,displacement-report-draft-v1,
MOCK_S17,MOCK_G09,2,non_speaking,right_cheek,persistence,0.0066294524102696,,MOCK_S17_non_speaking_right_cheek,2.0,900.0,1541e534f610a9c1797236fced447c2db651ca9a75be89dfe8e99f5438ed9694,displacement_mean_euclidean_error,evaluable,,120.0,0.0,0.0,True,MOCK DATA / NOT A SCIENTIFIC RESULT,displacement-report-draft-v1,
MOCK_S17,MOCK_G09,2,non_speaking,right_cheek,self,0.0078136290050004,0.0078136290050004,MOCK_S17_non_speaking_right_cheek,2.0,900.0,1541e534f610a9c1797236fced447c2db651ca9a75be89dfe8e99f5438ed9694,displacement_mean_euclidean_error,evaluable,,120.0,0.0,0.0,True,MOCK DATA / NOT A SCIENTIFIC RESULT,displacement-report-draft-v1,
MOCK_S17,MOCK_G09,2,non_speaking,right_cheek,full,0.0080689410599269,0.0080689410599269,MOCK_S17_non_speaking_right_cheek,2.0,900.0,1541e534f610a9c1797236fced447c2db651ca9a75be89dfe8e99f5438ed9694,displacement_mean_euclidean_error,evaluable,,120.0,105.0,810.0,True,MOCK DATA / NOT A SCIENTIFIC RESULT,displacement-report-draft-v1,
MOCK_S17,MOCK_G09,2,non_speaking,right_cheek,pcmci,0.0074798556404771,0.0074798556404771,MOCK_S17_non_speaking_right_cheek,2.0,900.0,1541e534f610a9c1797236fced447c2db651ca9a75be89dfe8e99f5438ed9694,displacement_mean_euclidean_error,evaluable,,120.0,3.0,38.0,True,MOCK DATA / NOT A SCIENTIFIC RESULT,displacement-report-draft-v1,
MOCK_S17,MOCK_G09,2,non_speaking,mouth,persistence,0.0067576366267965,,MOCK_S17_non_speaking_mouth,8.0,900.0,1541e534f610a9c1797236fced447c2db651ca9a75be89dfe8e99f5438ed9694,displacement_mean_euclidean_error,evaluable,,480.0,0.0,0.0,True,MOCK DATA / NOT A SCIENTIFIC RESULT,displacement-report-draft-v1,
MOCK_S17,MOCK_G09,2,non_speaking,mouth,self,0.0081136290050004,0.0081136290050004,MOCK_S17_non_speaking_mouth,8.0,900.0,1541e534f610a9c1797236fced447c2db651ca9a75be89dfe8e99f5438ed9694,displacement_mean_euclidean_error,evaluable,,480.0,0.0,0.0,True,MOCK DATA / NOT A SCIENTIFIC RESULT,displacement-report-draft-v1,
MOCK_S17,MOCK_G09,2,non_speaking,mouth,full,0.0076606072920699,0.0076606072920699,MOCK_S17_non_speaking_mouth,8.0,900.0,1541e534f610a9c1797236fced447c2db651ca9a75be89dfe8e99f5438ed9694,displacement_mean_euclidean_error,evaluable,,480.0,105.0,630.0,True,MOCK DATA / NOT A SCIENTIFIC RESULT,displacement-report-draft-v1,
MOCK_S17,MOCK_G09,2,non_speaking,mouth,pcmci,0.0070178942790704,0.0070178942790704,MOCK_S17_non_speaking_mouth,8.0,900.0,1541e534f610a9c1797236fced447c2db651ca9a75be89dfe8e99f5438ed9694,displacement_mean_euclidean_error,evaluable,,480.0,3.0,18.0,True,MOCK DATA / NOT A SCIENTIFIC RESULT,displacement-report-draft-v1,
MOCK_S17,MOCK_G09,2,non_speaking,jaw,persistence,0.006736669829027,,MOCK_S17_non_speaking_jaw,3.0,900.0,1541e534f610a9c1797236fced447c2db651ca9a75be89dfe8e99f5438ed9694,displacement_mean_euclidean_error,evaluable,,180.0,0.0,0.0,True,MOCK DATA / NOT A SCIENTIFIC RESULT,displacement-report-draft-v1,
MOCK_S17,MOCK_G09,2,non_speaking,jaw,self,0.0084136290050004,0.0084136290050004,MOCK_S17_non_speaking_jaw,3.0,900.0,1541e534f610a9c1797236fced447c2db651ca9a75be89dfe8e99f5438ed9694,displacement_mean_euclidean_error,evaluable,,180.0,0.0,0.0,True,MOCK DATA / NOT A SCIENTIFIC RESULT,displacement-report-draft-v1,
MOCK_S17,MOCK_G09,2,non_speaking,jaw,full,0.0071631121343196,0.0071631121343196,MOCK_S17_non_speaking_jaw,3.0,900.0,1541e534f610a9c1797236fced447c2db651ca9a75be89dfe8e99f5438ed9694,displacement_mean_euclidean_error,evaluable,,180.0,105.0,780.0,True,MOCK DATA / NOT A SCIENTIFIC RESULT,displacement-report-draft-v1,
MOCK_S17,MOCK_G09,2,non_speaking,jaw,pcmci,0.0071496184467256,0.0071496184467256,MOCK_S17_non_speaking_jaw,3.0,900.0,1541e534f610a9c1797236fced447c2db651ca9a75be89dfe8e99f5438ed9694,displacement_mean_euclidean_error,evaluable,,180.0,3.0,20.0,True,MOCK DATA / NOT A SCIENTIFIC RESULT,displacement-report-draft-v1,
MOCK_S18,MOCK_G09,2,speaking,left_brow,persistence,0.0064863692445535,,MOCK_S18_speaking_left_brow,3.0,900.0,ba2559ff07a74a0d650cbf8792829b4c5e2335355146a969e8a780fd5e50e4da,displacement_mean_euclidean_error,evaluable,,180.0,0.0,0.0,True,MOCK DATA / NOT A SCIENTIFIC RESULT,displacement-report-draft-v1,
MOCK_S18,MOCK_G09,2,speaking,left_brow,self,0.0057115807524361,0.0057115807524361,MOCK_S18_speaking_left_brow,3.0,900.0,ba2559ff07a74a0d650cbf8792829b4c5e2335355146a969e8a780fd5e50e4da,displacement_mean_euclidean_error,evaluable,,180.0,0.0,0.0,True,MOCK DATA / NOT A SCIENTIFIC RESULT,displacement-report-draft-v1,
MOCK_S18,MOCK_G09,2,speaking,left_brow,full,0.0045316935336019,0.0045316935336019,MOCK_S18_speaking_left_brow,3.0,900.0,ba2559ff07a74a0d650cbf8792829b4c5e2335355146a969e8a780fd5e50e4da,displacement_mean_euclidean_error,evaluable,,180.0,105.0,780.0,True,MOCK DATA / NOT A SCIENTIFIC RESULT,displacement-report-draft-v1,
MOCK_S18,MOCK_G09,2,speaking,left_brow,pcmci,0.004749870635154,0.004749870635154,MOCK_S18_speaking_left_brow,3.0,900.0,ba2559ff07a74a0d650cbf8792829b4c5e2335355146a969e8a780fd5e50e4da,displacement_mean_euclidean_error,evaluable,,180.0,3.0,20.0,True,MOCK DATA / NOT A SCIENTIFIC RESULT,displacement-report-draft-v1,
MOCK_S18,MOCK_G09,2,speaking,right_brow,persistence,0.0064561905139046,,MOCK_S18_speaking_right_brow,3.0,900.0,ba2559ff07a74a0d650cbf8792829b4c5e2335355146a969e8a780fd5e50e4da,displacement_mean_euclidean_error,evaluable,,180.0,0.0,0.0,True,MOCK DATA / NOT A SCIENTIFIC RESULT,displacement-report-draft-v1,
MOCK_S18,MOCK_G09,2,speaking,right_brow,self,0.0060115807524361,0.0060115807524361,MOCK_S18_speaking_right_brow,3.0,900.0,ba2559ff07a74a0d650cbf8792829b4c5e2335355146a969e8a780fd5e50e4da,displacement_mean_euclidean_error,evaluable,,180.0,0.0,0.0,True,MOCK DATA / NOT A SCIENTIFIC RESULT,displacement-report-draft-v1,
MOCK_S18,MOCK_G09,2,speaking,right_brow,full,0.0045803207961999,0.0045803207961999,MOCK_S18_speaking_right_brow,3.0,900.0,ba2559ff07a74a0d650cbf8792829b4c5e2335355146a969e8a780fd5e50e4da,displacement_mean_euclidean_error,evaluable,,180.0,105.0,780.0,True,MOCK DATA / NOT A SCIENTIFIC RESULT,displacement-report-draft-v1,
MOCK_S18,MOCK_G09,2,speaking,right_brow,pcmci,0.0047139844196692,0.0047139844196692,MOCK_S18_speaking_right_brow,3.0,900.0,ba2559ff07a74a0d650cbf8792829b4c5e2335355146a969e8a780fd5e50e4da,displacement_mean_euclidean_error,evaluable,,180.0,3.0,20.0,True,MOCK DATA / NOT A SCIENTIFIC RESULT,displacement-report-draft-v1,
MOCK_S18,MOCK_G09,2,speaking,left_eyelid,persistence,0.006491448389122,,MOCK_S18_speaking_left_eyelid,4.0,900.0,ba2559ff07a74a0d650cbf8792829b4c5e2335355146a969e8a780fd5e50e4da,displacement_mean_euclidean_error,evaluable,,240.0,0.0,0.0,True,MOCK DATA / NOT A SCIENTIFIC RESULT,displacement-report-draft-v1,
MOCK_S18,MOCK_G09,2,speaking,left_eyelid,self,0.0063115807524361,0.0063115807524361,MOCK_S18_speaking_left_eyelid,4.0,900.0,ba2559ff07a74a0d650cbf8792829b4c5e2335355146a969e8a780fd5e50e4da,displacement_mean_euclidean_error,evaluable,,240.0,0.0,0.0,True,MOCK DATA / NOT A SCIENTIFIC RESULT,displacement-report-draft-v1,
MOCK_S18,MOCK_G09,2,speaking,left_eyelid,full,0.0054391743984229,0.0054391743984229,MOCK_S18_speaking_left_eyelid,4.0,900.0,ba2559ff07a74a0d650cbf8792829b4c5e2335355146a969e8a780fd5e50e4da,displacement_mean_euclidean_error,evaluable,,240.0,105.0,750.0,True,MOCK DATA / NOT A SCIENTIFIC RESULT,displacement-report-draft-v1,
MOCK_S18,MOCK_G09,2,speaking,left_eyelid,pcmci,0.0054573743636395,0.0054573743636395,MOCK_S18_speaking_left_eyelid,4.0,900.0,ba2559ff07a74a0d650cbf8792829b4c5e2335355146a969e8a780fd5e50e4da,displacement_mean_euclidean_error,evaluable,,240.0,3.0,20.0,True,MOCK DATA / NOT A SCIENTIFIC RESULT,displacement-report-draft-v1,
MOCK_S18,MOCK_G09,2,speaking,right_eyelid,persistence,0.006510696182239,,MOCK_S18_speaking_right_eyelid,4.0,900.0,ba2559ff07a74a0d650cbf8792829b4c5e2335355146a969e8a780fd5e50e4da,displacement_mean_euclidean_error,evaluable,,240.0,0.0,0.0,True,MOCK DATA / NOT A SCIENTIFIC RESULT,displacement-report-draft-v1,
MOCK_S18,MOCK_G09,2,speaking,right_eyelid,self,0.0066115807524361,0.0066115807524361,MOCK_S18_speaking_right_eyelid,4.0,900.0,ba2559ff07a74a0d650cbf8792829b4c5e2335355146a969e8a780fd5e50e4da,displacement_mean_euclidean_error,evaluable,,240.0,0.0,0.0,True,MOCK DATA / NOT A SCIENTIFIC RESULT,displacement-report-draft-v1,
MOCK_S18,MOCK_G09,2,speaking,right_eyelid,full,0.0065944469156726,0.0065944469156726,MOCK_S18_speaking_right_eyelid,4.0,900.0,ba2559ff07a74a0d650cbf8792829b4c5e2335355146a969e8a780fd5e50e4da,displacement_mean_euclidean_error,evaluable,,240.0,105.0,750.0,True,MOCK DATA / NOT A SCIENTIFIC RESULT,displacement-report-draft-v1,
MOCK_S18,MOCK_G09,2,speaking,right_eyelid,pcmci,0.0065723897973761,0.0065723897973761,MOCK_S18_speaking_right_eyelid,4.0,900.0,ba2559ff07a74a0d650cbf8792829b4c5e2335355146a969e8a780fd5e50e4da,displacement_mean_euclidean_error,evaluable,,240.0,3.0,24.0,True,MOCK DATA / NOT A SCIENTIFIC RESULT,displacement-report-draft-v1,
MOCK_S18,MOCK_G09,2,speaking,left_cheek,persistence,0.006688206046257,,MOCK_S18_speaking_left_cheek,2.0,900.0,ba2559ff07a74a0d650cbf8792829b4c5e2335355146a969e8a780fd5e50e4da,displacement_mean_euclidean_error,evaluable,,120.0,0.0,0.0,True,MOCK DATA / NOT A SCIENTIFIC RESULT,displacement-report-draft-v1,
MOCK_S18,MOCK_G09,2,speaking,left_cheek,self,0.0069115807524361,0.0069115807524361,MOCK_S18_speaking_left_cheek,2.0,900.0,ba2559ff07a74a0d650cbf8792829b4c5e2335355146a969e8a780fd5e50e4da,displacement_mean_euclidean_error,evaluable,,120.0,0.0,0.0,True,MOCK DATA / NOT A SCIENTIFIC RESULT,displacement-report-draft-v1,
MOCK_S18,MOCK_G09,2,speaking,left_cheek,full,0.0072598047398808,0.0072598047398808,MOCK_S18_speaking_left_cheek,2.0,900.0,ba2559ff07a74a0d650cbf8792829b4c5e2335355146a969e8a780fd5e50e4da,displacement_mean_euclidean_error,evaluable,,120.0,105.0,810.0,True,MOCK DATA / NOT A SCIENTIFIC RESULT,displacement-report-draft-v1,
MOCK_S18,MOCK_G09,2,speaking,left_cheek,pcmci,0.0073097092897379,0.0073097092897379,MOCK_S18_speaking_left_cheek,2.0,900.0,ba2559ff07a74a0d650cbf8792829b4c5e2335355146a969e8a780fd5e50e4da,displacement_mean_euclidean_error,evaluable,,120.0,3.0,14.0,True,MOCK DATA / NOT A SCIENTIFIC RESULT,displacement-report-draft-v1,
MOCK_S18,MOCK_G09,2,speaking,right_cheek,persistence,0.0066775697970613,,MOCK_S18_speaking_right_cheek,2.0,900.0,ba2559ff07a74a0d650cbf8792829b4c5e2335355146a969e8a780fd5e50e4da,displacement_mean_euclidean_error,evaluable,,120.0,0.0,0.0,True,MOCK DATA / NOT A SCIENTIFIC RESULT,displacement-report-draft-v1,
MOCK_S18,MOCK_G09,2,speaking,right_cheek,self,0.0072115807524361,0.0072115807524361,MOCK_S18_speaking_right_cheek,2.0,900.0,ba2559ff07a74a0d650cbf8792829b4c5e2335355146a969e8a780fd5e50e4da,displacement_mean_euclidean_error,evaluable,,120.0,0.0,0.0,True,MOCK DATA / NOT A SCIENTIFIC RESULT,displacement-report-draft-v1,
MOCK_S18,MOCK_G09,2,speaking,right_cheek,full,0.0070993395724045,0.0070993395724045,MOCK_S18_speaking_right_cheek,2.0,900.0,ba2559ff07a74a0d650cbf8792829b4c5e2335355146a969e8a780fd5e50e4da,displacement_mean_euclidean_error,evaluable,,120.0,105.0,810.0,True,MOCK DATA / NOT A SCIENTIFIC RESULT,displacement-report-draft-v1,
MOCK_S18,MOCK_G09,2,speaking,right_cheek,pcmci,0.0072672633162495,0.0072672633162495,MOCK_S18_speaking_right_cheek,2.0,900.0,ba2559ff07a74a0d650cbf8792829b4c5e2335355146a969e8a780fd5e50e4da,displacement_mean_euclidean_error,evaluable,,120.0,3.0,38.0,True,MOCK DATA / NOT A SCIENTIFIC RESULT,displacement-report-draft-v1,
MOCK_S18,MOCK_G09,2,speaking,mouth,persistence,0.0067397444678015,,MOCK_S18_speaking_mouth,8.0,900.0,ba2559ff07a74a0d650cbf8792829b4c5e2335355146a969e8a780fd5e50e4da,displacement_mean_euclidean_error,evaluable,,480.0,0.0,0.0,True,MOCK DATA / NOT A SCIENTIFIC RESULT,displacement-report-draft-v1,
MOCK_S18,MOCK_G09,2,speaking,mouth,self,0.0075115807524361,0.0075115807524361,MOCK_S18_speaking_mouth,8.0,900.0,ba2559ff07a74a0d650cbf8792829b4c5e2335355146a969e8a780fd5e50e4da,displacement_mean_euclidean_error,evaluable,,480.0,0.0,0.0,True,MOCK DATA / NOT A SCIENTIFIC RESULT,displacement-report-draft-v1,
MOCK_S18,MOCK_G09,2,speaking,mouth,full,0.0065364009646775,0.0065364009646775,MOCK_S18_speaking_mouth,8.0,900.0,ba2559ff07a74a0d650cbf8792829b4c5e2335355146a969e8a780fd5e50e4da,displacement_mean_euclidean_error,evaluable,,480.0,105.0,630.0,True,MOCK DATA / NOT A SCIENTIFIC RESULT,displacement-report-draft-v1,
MOCK_S18,MOCK_G09,2,speaking,mouth,pcmci,0.0067598951256657,0.0067598951256657,MOCK_S18_speaking_mouth,8.0,900.0,ba2559ff07a74a0d650cbf8792829b4c5e2335355146a969e8a780fd5e50e4da,displacement_mean_euclidean_error,evaluable,,480.0,3.0,18.0,True,MOCK DATA / NOT A SCIENTIFIC RESULT,displacement-report-draft-v1,
MOCK_S18,MOCK_G09,2,speaking,jaw,persistence,0.0067036809726482,,MOCK_S18_speaking_jaw,3.0,900.0,ba2559ff07a74a0d650cbf8792829b4c5e2335355146a969e8a780fd5e50e4da,displacement_mean_euclidean_error,evaluable,,180.0,0.0,0.0,True,MOCK DATA / NOT A SCIENTIFIC RESULT,displacement-report-draft-v1,
MOCK_S18,MOCK_G09,2,speaking,jaw,self,0.0078115807524361,0.0078115807524361,MOCK_S18_speaking_jaw,3.0,900.0,ba2559ff07a74a0d650cbf8792829b4c5e2335355146a969e8a780fd5e50e4da,displacement_mean_euclidean_error,evaluable,,180.0,0.0,0.0,True,MOCK DATA / NOT A SCIENTIFIC RESULT,displacement-report-draft-v1,
MOCK_S18,MOCK_G09,2,speaking,jaw,full,0.0063643706929986,0.0063643706929986,MOCK_S18_speaking_jaw,3.0,900.0,ba2559ff07a74a0d650cbf8792829b4c5e2335355146a969e8a780fd5e50e4da,displacement_mean_euclidean_error,evaluable,,180.0,105.0,780.0,True,MOCK DATA / NOT A SCIENTIFIC RESULT,displacement-report-draft-v1,
MOCK_S18,MOCK_G09,2,speaking,jaw,pcmci,0.00652989530904,0.00652989530904,MOCK_S18_speaking_jaw,3.0,900.0,ba2559ff07a74a0d650cbf8792829b4c5e2335355146a969e8a780fd5e50e4da,displacement_mean_euclidean_error,evaluable,,180.0,3.0,20.0,True,MOCK DATA / NOT A SCIENTIFIC RESULT,displacement-report-draft-v1,
MOCK_S18,MOCK_G09,2,non_speaking,left_brow,persistence,0.0066131612158961,,MOCK_S18_non_speaking_left_brow,3.0,900.0,bef0056348a659045f3b27890aae489c6110533ff031f08ad59bb6368a42f543,displacement_mean_euclidean_error,evaluable,,180.0,0.0,0.0,True,MOCK DATA / NOT A SCIENTIFIC RESULT,displacement-report-draft-v1,
MOCK_S18,MOCK_G09,2,non_speaking,left_brow,self,0.0061115807524361,0.0061115807524361,MOCK_S18_non_speaking_left_brow,3.0,900.0,bef0056348a659045f3b27890aae489c6110533ff031f08ad59bb6368a42f543,displacement_mean_euclidean_error,evaluable,,180.0,0.0,0.0,True,MOCK DATA / NOT A SCIENTIFIC RESULT,displacement-report-draft-v1,
MOCK_S18,MOCK_G09,2,non_speaking,left_brow,full,0.0049316935336019,0.0049316935336019,MOCK_S18_non_speaking_left_brow,3.0,900.0,bef0056348a659045f3b27890aae489c6110533ff031f08ad59bb6368a42f543,displacement_mean_euclidean_error,evaluable,,180.0,105.0,780.0,True,MOCK DATA / NOT A SCIENTIFIC RESULT,displacement-report-draft-v1,
MOCK_S18,MOCK_G09,2,non_speaking,left_brow,pcmci,0.0048139844196692,0.0048139844196692,MOCK_S18_non_speaking_left_brow,3.0,900.0,bef0056348a659045f3b27890aae489c6110533ff031f08ad59bb6368a42f543,displacement_mean_euclidean_error,evaluable,,180.0,3.0,20.0,True,MOCK DATA / NOT A SCIENTIFIC RESULT,displacement-report-draft-v1,
MOCK_S18,MOCK_G09,2,non_speaking,right_brow,persistence,0.0064462032467536,,MOCK_S18_non_speaking_right_brow,3.0,900.0,bef0056348a659045f3b27890aae489c6110533ff031f08ad59bb6368a42f543,displacement_mean_euclidean_error,evaluable,,180.0,0.0,0.0,True,MOCK DATA / NOT A SCIENTIFIC RESULT,displacement-report-draft-v1,
MOCK_S18,MOCK_G09,2,non_speaking,right_brow,self,0.0064115807524361,0.0064115807524361,MOCK_S18_non_speaking_right_brow,3.0,900.0,bef0056348a659045f3b27890aae489c6110533ff031f08ad59bb6368a42f543,displacement_mean_euclidean_error,evaluable,,180.0,0.0,0.0,True,MOCK DATA / NOT A SCIENTIFIC RESULT,displacement-report-draft-v1,
MOCK_S18,MOCK_G09,2,non_speaking,right_brow,full,0.0049803207961999,0.0049803207961999,MOCK_S18_non_speaking_right_brow,3.0,900.0,bef0056348a659045f3b27890aae489c6110533ff031f08ad59bb6368a42f543,displacement_mean_euclidean_error,evaluable,,180.0,105.0,780.0,True,MOCK DATA / NOT A SCIENTIFIC RESULT,displacement-report-draft-v1,
MOCK_S18,MOCK_G09,2,non_speaking,right_brow,pcmci,0.0055573743636395,0.0055573743636395,MOCK_S18_non_speaking_right_brow,3.0,900.0,bef0056348a659045f3b27890aae489c6110533ff031f08ad59bb6368a42f543,displacement_mean_euclidean_error,evaluable,,180.0,3.0,20.0,True,MOCK DATA / NOT A SCIENTIFIC RESULT,displacement-report-draft-v1,
MOCK_S18,MOCK_G09,2,non_speaking,left_eyelid,persistence,0.0065499449136123,,MOCK_S18_non_speaking_left_eyelid,4.0,900.0,bef0056348a659045f3b27890aae489c6110533ff031f08ad59bb6368a42f543,displacement_mean_euclidean_error,evaluable,,240.0,0.0,0.0,True,MOCK DATA / NOT A SCIENTIFIC RESULT,displacement-report-draft-v1,
MOCK_S18,MOCK_G09,2,non_speaking,left_eyelid,self,0.0067115807524361,0.0067115807524361,MOCK_S18_non_speaking_left_eyelid,4.0,900.0,bef0056348a659045f3b27890aae489c6110533ff031f08ad59bb6368a42f543,displacement_mean_euclidean_error,evaluable,,240.0,0.0,0.0,True,MOCK DATA / NOT A SCIENTIFIC RESULT,displacement-report-draft-v1,
MOCK_S18,MOCK_G09,2,non_speaking,left_eyelid,full,0.0058391743984229,0.0058391743984229,MOCK_S18_non_speaking_left_eyelid,4.0,900.0,bef0056348a659045f3b27890aae489c6110533ff031f08ad59bb6368a42f543,displacement_mean_euclidean_error,evaluable,,240.0,105.0,750.0,True,MOCK DATA / NOT A SCIENTIFIC RESULT,displacement-report-draft-v1,
MOCK_S18,MOCK_G09,2,non_speaking,left_eyelid,pcmci,0.0066723897973761,0.0066723897973761,MOCK_S18_non_speaking_left_eyelid,4.0,900.0,bef0056348a659045f3b27890aae489c6110533ff031f08ad59bb6368a42f543,displacement_mean_euclidean_error,evaluable,,240.0,3.0,20.0,True,MOCK DATA / NOT A SCIENTIFIC RESULT,displacement-report-draft-v1,
MOCK_S18,MOCK_G09,2,non_speaking,right_eyelid,persistence,0.0065528477542573,,MOCK_S18_non_speaking_right_eyelid,4.0,900.0,bef0056348a659045f3b27890aae489c6110533ff031f08ad59bb6368a42f543,displacement_mean_euclidean_error,evaluable,,240.0,0.0,0.0,True,MOCK DATA / NOT A SCIENTIFIC RESULT,displacement-report-draft-v1,
MOCK_S18,MOCK_G09,2,non_speaking,right_eyelid,self,0.0070115807524361,0.0070115807524361,MOCK_S18_non_speaking_right_eyelid,4.0,900.0,bef0056348a659045f3b27890aae489c6110533ff031f08ad59bb6368a42f543,displacement_mean_euclidean_error,evaluable,,240.0,0.0,0.0,True,MOCK DATA / NOT A SCIENTIFIC RESULT,displacement-report-draft-v1,
MOCK_S18,MOCK_G09,2,non_speaking,right_eyelid,full,0.0069944469156726,0.0069944469156726,MOCK_S18_non_speaking_right_eyelid,4.0,900.0,bef0056348a659045f3b27890aae489c6110533ff031f08ad59bb6368a42f543,displacement_mean_euclidean_error,evaluable,,240.0,105.0,750.0,True,MOCK DATA / NOT A SCIENTIFIC RESULT,displacement-report-draft-v1,
MOCK_S18,MOCK_G09,2,non_speaking,right_eyelid,pcmci,0.0074097092897379,0.0074097092897379,MOCK_S18_non_speaking_right_eyelid,4.0,900.0,bef0056348a659045f3b27890aae489c6110533ff031f08ad59bb6368a42f543,displacement_mean_euclidean_error,evaluable,,240.0,3.0,24.0,True,MOCK DATA / NOT A SCIENTIFIC RESULT,displacement-report-draft-v1,
MOCK_S18,MOCK_G09,2,non_speaking,left_cheek,persistence,0.0065038597869053,,MOCK_S18_non_speaking_left_cheek,2.0,900.0,bef0056348a659045f3b27890aae489c6110533ff031f08ad59bb6368a42f543,displacement_mean_euclidean_error,evaluable,,120.0,0.0,0.0,True,MOCK DATA / NOT A SCIENTIFIC RESULT,displacement-report-draft-v1,
MOCK_S18,MOCK_G09,2,non_speaking,left_cheek,self,0.0073115807524361,0.0073115807524361,MOCK_S18_non_speaking_left_cheek,2.0,900.0,bef0056348a659045f3b27890aae489c6110533ff031f08ad59bb6368a42f543,displacement_mean_euclidean_error,evaluable,,120.0,0.0,0.0,True,MOCK DATA / NOT A SCIENTIFIC RESULT,displacement-report-draft-v1,
MOCK_S18,MOCK_G09,2,non_speaking,left_cheek,full,0.0076598047398808,0.0076598047398808,MOCK_S18_non_speaking_left_cheek,2.0,900.0,bef0056348a659045f3b27890aae489c6110533ff031f08ad59bb6368a42f543,displacement_mean_euclidean_error,evaluable,,120.0,105.0,810.0,True,MOCK DATA / NOT A SCIENTIFIC RESULT,displacement-report-draft-v1,
MOCK_S18,MOCK_G09,2,non_speaking,left_cheek,pcmci,0.0073672633162495,0.0073672633162495,MOCK_S18_non_speaking_left_cheek,2.0,900.0,bef0056348a659045f3b27890aae489c6110533ff031f08ad59bb6368a42f543,displacement_mean_euclidean_error,evaluable,,120.0,3.0,14.0,True,MOCK DATA / NOT A SCIENTIFIC RESULT,displacement-report-draft-v1,
MOCK_S18,MOCK_G09,2,non_speaking,right_cheek,persistence,0.0066944271653726,,MOCK_S18_non_speaking_right_cheek,2.0,900.0,bef0056348a659045f3b27890aae489c6110533ff031f08ad59bb6368a42f543,displacement_mean_euclidean_error,evaluable,,120.0,0.0,0.0,True,MOCK DATA / NOT A SCIENTIFIC RESULT,displacement-report-draft-v1,
MOCK_S18,MOCK_G09,2,non_speaking,right_cheek,self,0.0076115807524361,0.0076115807524361,MOCK_S18_non_speaking_right_cheek,2.0,900.0,bef0056348a659045f3b27890aae489c6110533ff031f08ad59bb6368a42f543,displacement_mean_euclidean_error,evaluable,,120.0,0.0,0.0,True,MOCK DATA / NOT A SCIENTIFIC RESULT,displacement-report-draft-v1,
MOCK_S18,MOCK_G09,2,non_speaking,right_cheek,full,0.0074993395724045,0.0074993395724045,MOCK_S18_non_speaking_right_cheek,2.0,900.0,bef0056348a659045f3b27890aae489c6110533ff031f08ad59bb6368a42f543,displacement_mean_euclidean_error,evaluable,,120.0,105.0,810.0,True,MOCK DATA / NOT A SCIENTIFIC RESULT,displacement-report-draft-v1,
MOCK_S18,MOCK_G09,2,non_speaking,right_cheek,pcmci,0.0068598951256657,0.0068598951256657,MOCK_S18_non_speaking_right_cheek,2.0,900.0,bef0056348a659045f3b27890aae489c6110533ff031f08ad59bb6368a42f543,displacement_mean_euclidean_error,evaluable,,120.0,3.0,38.0,True,MOCK DATA / NOT A SCIENTIFIC RESULT,displacement-report-draft-v1,
MOCK_S18,MOCK_G09,2,non_speaking,mouth,persistence,0.0067325914047167,,MOCK_S18_non_speaking_mouth,8.0,900.0,bef0056348a659045f3b27890aae489c6110533ff031f08ad59bb6368a42f543,displacement_mean_euclidean_error,evaluable,,480.0,0.0,0.0,True,MOCK DATA / NOT A SCIENTIFIC RESULT,displacement-report-draft-v1,
MOCK_S18,MOCK_G09,2,non_speaking,mouth,self,0.0079115807524361,0.0079115807524361,MOCK_S18_non_speaking_mouth,8.0,900.0,bef0056348a659045f3b27890aae489c6110533ff031f08ad59bb6368a42f543,displacement_mean_euclidean_error,evaluable,,480.0,0.0,0.0,True,MOCK DATA / NOT A SCIENTIFIC RESULT,displacement-report-draft-v1,
MOCK_S18,MOCK_G09,2,non_speaking,mouth,full,0.0069364009646775,0.0069364009646775,MOCK_S18_non_speaking_mouth,8.0,900.0,bef0056348a659045f3b27890aae489c6110533ff031f08ad59bb6368a42f543,displacement_mean_euclidean_error,evaluable,,480.0,105.0,630.0,True,MOCK DATA / NOT A SCIENTIFIC RESULT,displacement-report-draft-v1,
MOCK_S18,MOCK_G09,2,non_speaking,mouth,pcmci,0.00662989530904,0.00662989530904,MOCK_S18_non_speaking_mouth,8.0,900.0,bef0056348a659045f3b27890aae489c6110533ff031f08ad59bb6368a42f543,displacement_mean_euclidean_error,evaluable,,480.0,3.0,18.0,True,MOCK DATA / NOT A SCIENTIFIC RESULT,displacement-report-draft-v1,
MOCK_S18,MOCK_G09,2,non_speaking,jaw,persistence,0.0067051462658198,,MOCK_S18_non_speaking_jaw,3.0,900.0,bef0056348a659045f3b27890aae489c6110533ff031f08ad59bb6368a42f543,displacement_mean_euclidean_error,evaluable,,180.0,0.0,0.0,True,MOCK DATA / NOT A SCIENTIFIC RESULT,displacement-report-draft-v1,
MOCK_S18,MOCK_G09,2,non_speaking,jaw,self,0.0082115807524361,0.0082115807524361,MOCK_S18_non_speaking_jaw,3.0,900.0,bef0056348a659045f3b27890aae489c6110533ff031f08ad59bb6368a42f543,displacement_mean_euclidean_error,evaluable,,180.0,0.0,0.0,True,MOCK DATA / NOT A SCIENTIFIC RESULT,displacement-report-draft-v1,
MOCK_S18,MOCK_G09,2,non_speaking,jaw,full,0.0067643706929986,0.0067643706929986,MOCK_S18_non_speaking_jaw,3.0,900.0,bef0056348a659045f3b27890aae489c6110533ff031f08ad59bb6368a42f543,displacement_mean_euclidean_error,evaluable,,180.0,105.0,780.0,True,MOCK DATA / NOT A SCIENTIFIC RESULT,displacement-report-draft-v1,
MOCK_S18,MOCK_G09,2,non_speaking,jaw,pcmci,0.0071645432535588,0.0071645432535588,MOCK_S18_non_speaking_jaw,3.0,900.0,bef0056348a659045f3b27890aae489c6110533ff031f08ad59bb6368a42f543,displacement_mean_euclidean_error,evaluable,,180.0,3.0,20.0,True,MOCK DATA / NOT A SCIENTIFIC RESULT,displacement-report-draft-v1,
MOCK_S19,MOCK_G10,3,speaking,left_brow,persistence,0.0063790927188404,,MOCK_S19_speaking_left_brow,3.0,900.0,690522af6e84e39cee1f1a5ab448fa1f609ede3ce8262b6250eac9e6b3ac7915,displacement_mean_euclidean_error,evaluable,,180.0,0.0,0.0,True,MOCK DATA / NOT A SCIENTIFIC RESULT,displacement-report-draft-v1,
MOCK_S19,MOCK_G10,3,speaking,left_brow,self,0.0057747038259684,0.0057747038259684,MOCK_S19_speaking_left_brow,3.0,900.0,690522af6e84e39cee1f1a5ab448fa1f609ede3ce8262b6250eac9e6b3ac7915,displacement_mean_euclidean_error,evaluable,,180.0,0.0,0.0,True,MOCK DATA / NOT A SCIENTIFIC RESULT,displacement-report-draft-v1,
MOCK_S19,MOCK_G10,3,speaking,left_brow,full,0.0043418612189086,0.0043418612189086,MOCK_S19_speaking_left_brow,3.0,900.0,690522af6e84e39cee1f1a5ab448fa1f609ede3ce8262b6250eac9e6b3ac7915,displacement_mean_euclidean_error,evaluable,,180.0,105.0,780.0,True,MOCK DATA / NOT A SCIENTIFIC RESULT,displacement-report-draft-v1,
MOCK_S19,MOCK_G10,3,speaking,left_brow,pcmci,0.0045502431033665,0.0045502431033665,MOCK_S19_speaking_left_brow,3.0,900.0,690522af6e84e39cee1f1a5ab448fa1f609ede3ce8262b6250eac9e6b3ac7915,displacement_mean_euclidean_error,evaluable,,180.0,3.0,20.0,True,MOCK DATA / NOT A SCIENTIFIC RESULT,displacement-report-draft-v1,
MOCK_S19,MOCK_G10,3,speaking,right_brow,persistence,0.0064174273263303,,MOCK_S19_speaking_right_brow,3.0,900.0,690522af6e84e39cee1f1a5ab448fa1f609ede3ce8262b6250eac9e6b3ac7915,displacement_mean_euclidean_error,evaluable,,180.0,0.0,0.0,True,MOCK DATA / NOT A SCIENTIFIC RESULT,displacement-report-draft-v1,
MOCK_S19,MOCK_G10,3,speaking,right_brow,self,0.0060747038259684,0.0060747038259684,MOCK_S19_speaking_right_brow,3.0,900.0,690522af6e84e39cee1f1a5ab448fa1f609ede3ce8262b6250eac9e6b3ac7915,displacement_mean_euclidean_error,evaluable,,180.0,0.0,0.0,True,MOCK DATA / NOT A SCIENTIFIC RESULT,displacement-report-draft-v1,
MOCK_S19,MOCK_G10,3,speaking,right_brow,full,0.004900531249669,0.004900531249669,MOCK_S19_speaking_right_brow,3.0,900.0,690522af6e84e39cee1f1a5ab448fa1f609ede3ce8262b6250eac9e6b3ac7915,displacement_mean_euclidean_error,evaluable,,180.0,105.0,780.0,True,MOCK DATA / NOT A SCIENTIFIC RESULT,displacement-report-draft-v1,
MOCK_S19,MOCK_G10,3,speaking,right_brow,pcmci,0.0049114930262535,0.0049114930262535,MOCK_S19_speaking_right_brow,3.0,900.0,690522af6e84e39cee1f1a5ab448fa1f609ede3ce8262b6250eac9e6b3ac7915,displacement_mean_euclidean_error,evaluable,,180.0,3.0,20.0,True,MOCK DATA / NOT A SCIENTIFIC RESULT,displacement-report-draft-v1,
MOCK_S19,MOCK_G10,3,speaking,left_eyelid,persistence,0.0064508835359358,,MOCK_S19_speaking_left_eyelid,4.0,900.0,690522af6e84e39cee1f1a5ab448fa1f609ede3ce8262b6250eac9e6b3ac7915,displacement_mean_euclidean_error,evaluable,,240.0,0.0,0.0,True,MOCK DATA / NOT A SCIENTIFIC RESULT,displacement-report-draft-v1,
MOCK_S19,MOCK_G10,3,speaking,left_eyelid,self,0.0063747038259684,0.0063747038259684,MOCK_S19_speaking_left_eyelid,4.0,900.0,690522af6e84e39cee1f1a5ab448fa1f609ede3ce8262b6250eac9e6b3ac7915,displacement_mean_euclidean_error,evaluable,,240.0,0.0,0.0,True,MOCK DATA / NOT A SCIENTIFIC RESULT,displacement-report-draft-v1,
MOCK_S19,MOCK_G10,3,speaking,left_eyelid,full,0.0060330626685598,0.0060330626685598,MOCK_S19_speaking_left_eyelid,4.0,900.0,690522af6e84e39cee1f1a5ab448fa1f609ede3ce8262b6250eac9e6b3ac7915,displacement_mean_euclidean_error,evaluable,,240.0,105.0,750.0,True,MOCK DATA / NOT A SCIENTIFIC RESULT,displacement-report-draft-v1,
MOCK_S19,MOCK_G10,3,speaking,left_eyelid,pcmci,0.0059284656692583,0.0059284656692583,MOCK_S19_speaking_left_eyelid,4.0,900.0,690522af6e84e39cee1f1a5ab448fa1f609ede3ce8262b6250eac9e6b3ac7915,displacement_mean_euclidean_error,evaluable,,240.0,3.0,20.0,True,MOCK DATA / NOT A SCIENTIFIC RESULT,displacement-report-draft-v1,
MOCK_S19,MOCK_G10,3,speaking,right_eyelid,persistence,0.0066727547040767,,MOCK_S19_speaking_right_eyelid,4.0,900.0,690522af6e84e39cee1f1a5ab448fa1f609ede3ce8262b6250eac9e6b3ac7915,displacement_mean_euclidean_error,evaluable,,240.0,0.0,0.0,True,MOCK DATA / NOT A SCIENTIFIC RESULT,displacement-report-draft-v1,
MOCK_S19,MOCK_G10,3,speaking,right_eyelid,self,0.0066747038259684,0.0066747038259684,MOCK_S19_speaking_right_eyelid,4.0,900.0,690522af6e84e39cee1f1a5ab448fa1f609ede3ce8262b6250eac9e6b3ac7915,displacement_mean_euclidean_error,evaluable,,240.0,0.0,0.0,True,MOCK DATA / NOT A SCIENTIFIC RESULT,displacement-report-draft-v1,
MOCK_S19,MOCK_G10,3,speaking,right_eyelid,full,0.0069740299284681,0.0069740299284681,MOCK_S19_speaking_right_eyelid,4.0,900.0,690522af6e84e39cee1f1a5ab448fa1f609ede3ce8262b6250eac9e6b3ac7915,displacement_mean_euclidean_error,evaluable,,240.0,105.0,750.0,True,MOCK DATA / NOT A SCIENTIFIC RESULT,displacement-report-draft-v1,
MOCK_S19,MOCK_G10,3,speaking,right_eyelid,pcmci,0.0069419796908911,0.0069419796908911,MOCK_S19_speaking_right_eyelid,4.0,900.0,690522af6e84e39cee1f1a5ab448fa1f609ede3ce8262b6250eac9e6b3ac7915,displacement_mean_euclidean_error,evaluable,,240.0,3.0,24.0,True,MOCK DATA / NOT A SCIENTIFIC RESULT,displacement-report-draft-v1,
MOCK_S19,MOCK_G10,3,speaking,left_cheek,persistence,0.0066710604298851,,MOCK_S19_speaking_left_cheek,2.0,900.0,690522af6e84e39cee1f1a5ab448fa1f609ede3ce8262b6250eac9e6b3ac7915,displacement_mean_euclidean_error,evaluable,,120.0,0.0,0.0,True,MOCK DATA / NOT A SCIENTIFIC RESULT,displacement-report-draft-v1,
MOCK_S19,MOCK_G10,3,speaking,left_cheek,self,0.0069747038259684,0.0069747038259684,MOCK_S19_speaking_left_cheek,2.0,900.0,690522af6e84e39cee1f1a5ab448fa1f609ede3ce8262b6250eac9e6b3ac7915,displacement_mean_euclidean_error,evaluable,,120.0,0.0,0.0,True,MOCK DATA / NOT A SCIENTIFIC RESULT,displacement-report-draft-v1,
MOCK_S19,MOCK_G10,3,speaking,left_cheek,full,0.0071341306866062,0.0071341306866062,MOCK_S19_speaking_left_cheek,2.0,900.0,690522af6e84e39cee1f1a5ab448fa1f609ede3ce8262b6250eac9e6b3ac7915,displacement_mean_euclidean_error,evaluable,,120.0,105.0,810.0,True,MOCK DATA / NOT A SCIENTIFIC RESULT,displacement-report-draft-v1,
MOCK_S19,MOCK_G10,3,speaking,left_cheek,pcmci,0.0072960335902011,0.0072960335902011,MOCK_S19_speaking_left_cheek,2.0,900.0,690522af6e84e39cee1f1a5ab448fa1f609ede3ce8262b6250eac9e6b3ac7915,displacement_mean_euclidean_error,evaluable,,120.0,3.0,14.0,True,MOCK DATA / NOT A SCIENTIFIC RESULT,displacement-report-draft-v1,
MOCK_S19,MOCK_G10,3,speaking,right_cheek,persistence,0.0067198870350138,,MOCK_S19_speaking_right_cheek,2.0,900.0,690522af6e84e39cee1f1a5ab448fa1f609ede3ce8262b6250eac9e6b3ac7915,displacement_mean_euclidean_error,evaluable,,120.0,0.0,0.0,True,MOCK DATA / NOT A SCIENTIFIC RESULT,displacement-report-draft-v1,
MOCK_S19,MOCK_G10,3,speaking,right_cheek,self,0.0072747038259684,0.0072747038259684,MOCK_S19_speaking_right_cheek,2.0,900.0,690522af6e84e39cee1f1a5ab448fa1f609ede3ce8262b6250eac9e6b3ac7915,displacement_mean_euclidean_error,evaluable,,120.0,0.0,0.0,True,MOCK DATA / NOT A SCIENTIFIC RESULT,displacement-report-draft-v1,
MOCK_S19,MOCK_G10,3,speaking,right_cheek,full,0.0066419876607635,0.0066419876607635,MOCK_S19_speaking_right_cheek,2.0,900.0,690522af6e84e39cee1f1a5ab448fa1f609ede3ce8262b6250eac9e6b3ac7915,displacement_mean_euclidean_error,evaluable,,120.0,105.0,810.0,True,MOCK DATA / NOT A SCIENTIFIC RESULT,displacement-report-draft-v1,
MOCK_S19,MOCK_G10,3,speaking,right_cheek,pcmci,0.0069409304614451,0.0069409304614451,MOCK_S19_speaking_right_cheek,2.0,900.0,690522af6e84e39cee1f1a5ab448fa1f609ede3ce8262b6250eac9e6b3ac7915,displacement_mean_euclidean_error,evaluable,,120.0,3.0,38.0,True,MOCK DATA / NOT A SCIENTIFIC RESULT,displacement-report-draft-v1,
MOCK_S19,MOCK_G10,3,speaking,mouth,persistence,0.0066920609587566,,MOCK_S19_speaking_mouth,8.0,900.0,690522af6e84e39cee1f1a5ab448fa1f609ede3ce8262b6250eac9e6b3ac7915,displacement_mean_euclidean_error,evaluable,,480.0,0.0,0.0,True,MOCK DATA / NOT A SCIENTIFIC RESULT,displacement-report-draft-v1,
MOCK_S19,MOCK_G10,3,speaking,mouth,self,0.0075747038259684,0.0075747038259684,MOCK_S19_speaking_mouth,8.0,900.0,690522af6e84e39cee1f1a5ab448fa1f609ede3ce8262b6250eac9e6b3ac7915,displacement_mean_euclidean_error,evaluable,,480.0,0.0,0.0,True,MOCK DATA / NOT A SCIENTIFIC RESULT,displacement-report-draft-v1,
MOCK_S19,MOCK_G10,3,speaking,mouth,full,0.0062258934957451,0.0062258934957451,MOCK_S19_speaking_mouth,8.0,900.0,690522af6e84e39cee1f1a5ab448fa1f609ede3ce8262b6250eac9e6b3ac7915,displacement_mean_euclidean_error,evaluable,,480.0,105.0,630.0,True,MOCK DATA / NOT A SCIENTIFIC RESULT,displacement-report-draft-v1,
MOCK_S19,MOCK_G10,3,speaking,mouth,pcmci,0.0064789691000385,0.0064789691000384,MOCK_S19_speaking_mouth,8.0,900.0,690522af6e84e39cee1f1a5ab448fa1f609ede3ce8262b6250eac9e6b3ac7915,displacement_mean_euclidean_error,evaluable,,480.0,3.0,18.0,True,MOCK DATA / NOT A SCIENTIFIC RESULT,displacement-report-draft-v1,
MOCK_S19,MOCK_G10,3,speaking,jaw,persistence,0.0067376613157126,,MOCK_S19_speaking_jaw,3.0,900.0,690522af6e84e39cee1f1a5ab448fa1f609ede3ce8262b6250eac9e6b3ac7915,displacement_mean_euclidean_error,evaluable,,180.0,0.0,0.0,True,MOCK DATA / NOT A SCIENTIFIC RESULT,displacement-report-draft-v1,
MOCK_S19,MOCK_G10,3,speaking,jaw,self,0.0078747038259684,0.0078747038259684,MOCK_S19_speaking_jaw,3.0,900.0,690522af6e84e39cee1f1a5ab448fa1f609ede3ce8262b6250eac9e6b3ac7915,displacement_mean_euclidean_error,evaluable,,180.0,0.0,0.0,True,MOCK DATA / NOT A SCIENTIFIC RESULT,displacement-report-draft-v1,
MOCK_S19,MOCK_G10,3,speaking,jaw,full,0.0065442218644314,0.0065442218644314,MOCK_S19_speaking_jaw,3.0,900.0,690522af6e84e39cee1f1a5ab448fa1f609ede3ce8262b6250eac9e6b3ac7915,displacement_mean_euclidean_error,evaluable,,180.0,105.0,780.0,True,MOCK DATA / NOT A SCIENTIFIC RESULT,displacement-report-draft-v1,
MOCK_S19,MOCK_G10,3,speaking,jaw,pcmci,0.0066106932676936,0.0066106932676936,MOCK_S19_speaking_jaw,3.0,900.0,690522af6e84e39cee1f1a5ab448fa1f609ede3ce8262b6250eac9e6b3ac7915,displacement_mean_euclidean_error,evaluable,,180.0,3.0,20.0,True,MOCK DATA / NOT A SCIENTIFIC RESULT,displacement-report-draft-v1,
MOCK_S19,MOCK_G10,3,non_speaking,left_brow,persistence,0.0064019018830148,,MOCK_S19_non_speaking_left_brow,3.0,900.0,17b7fde941a187894929cf6055e13239bb1b8d39909f4bc0729d8ca83b8e48ad,displacement_mean_euclidean_error,evaluable,,180.0,0.0,0.0,True,MOCK DATA / NOT A SCIENTIFIC RESULT,displacement-report-draft-v1,
MOCK_S19,MOCK_G10,3,non_speaking,left_brow,self,0.0061747038259684,0.0061747038259684,MOCK_S19_non_speaking_left_brow,3.0,900.0,17b7fde941a187894929cf6055e13239bb1b8d39909f4bc0729d8ca83b8e48ad,displacement_mean_euclidean_error,evaluable,,180.0,0.0,0.0,True,MOCK DATA / NOT A SCIENTIFIC RESULT,displacement-report-draft-v1,
MOCK_S19,MOCK_G10,3,non_speaking,left_brow,full,0.0047418612189086,0.0047418612189086,MOCK_S19_non_speaking_left_brow,3.0,900.0,17b7fde941a187894929cf6055e13239bb1b8d39909f4bc0729d8ca83b8e48ad,displacement_mean_euclidean_error,evaluable,,180.0,105.0,780.0,True,MOCK DATA / NOT A SCIENTIFIC RESULT,displacement-report-draft-v1,
MOCK_S19,MOCK_G10,3,non_speaking,left_brow,pcmci,0.0050114930262535,0.0050114930262535,MOCK_S19_non_speaking_left_brow,3.0,900.0,17b7fde941a187894929cf6055e13239bb1b8d39909f4bc0729d8ca83b8e48ad,displacement_mean_euclidean_error,evaluable,,180.0,3.0,20.0,True,MOCK DATA / NOT A SCIENTIFIC RESULT,displacement-report-draft-v1,
MOCK_S19,MOCK_G10,3,non_speaking,right_brow,persistence,0.0063211311311616,,MOCK_S19_non_speaking_right_brow,3.0,900.0,17b7fde941a187894929cf6055e13239bb1b8d39909f4bc0729d8ca83b8e48ad,displacement_mean_euclidean_error,evaluable,,180.0,0.0,0.0,True,MOCK DATA / NOT A SCIENTIFIC RESULT,displacement-report-draft-v1,
MOCK_S19,MOCK_G10,3,non_speaking,right_brow,self,0.0064747038259684,0.0064747038259684,MOCK_S19_non_speaking_right_brow,3.0,900.0,17b7fde941a187894929cf6055e13239bb1b8d39909f4bc0729d8ca83b8e48ad,displacement_mean_euclidean_error,evaluable,,180.0,0.0,0.0,True,MOCK DATA / NOT A SCIENTIFIC RESULT,displacement-report-draft-v1,
MOCK_S19,MOCK_G10,3,non_speaking,right_brow,full,0.005300531249669,0.005300531249669,MOCK_S19_non_speaking_right_brow,3.0,900.0,17b7fde941a187894929cf6055e13239bb1b8d39909f4bc0729d8ca83b8e48ad,displacement_mean_euclidean_error,evaluable,,180.0,105.0,780.0,True,MOCK DATA / NOT A SCIENTIFIC RESULT,displacement-report-draft-v1,
MOCK_S19,MOCK_G10,3,non_speaking,right_brow,pcmci,0.0060284656692583,0.0060284656692583,MOCK_S19_non_speaking_right_brow,3.0,900.0,17b7fde941a187894929cf6055e13239bb1b8d39909f4bc0729d8ca83b8e48ad,displacement_mean_euclidean_error,evaluable,,180.0,3.0,20.0,True,MOCK DATA / NOT A SCIENTIFIC RESULT,displacement-report-draft-v1,
MOCK_S19,MOCK_G10,3,non_speaking,left_eyelid,persistence,0.0064967164944563,,MOCK_S19_non_speaking_left_eyelid,4.0,900.0,17b7fde941a187894929cf6055e13239bb1b8d39909f4bc0729d8ca83b8e48ad,displacement_mean_euclidean_error,evaluable,,240.0,0.0,0.0,True,MOCK DATA / NOT A SCIENTIFIC RESULT,displacement-report-draft-v1,
MOCK_S19,MOCK_G10,3,non_speaking,left_eyelid,self,0.0067747038259684,0.0067747038259684,MOCK_S19_non_speaking_left_eyelid,4.0,900.0,17b7fde941a187894929cf6055e13239bb1b8d39909f4bc0729d8ca83b8e48ad,displacement_mean_euclidean_error,evaluable,,240.0,0.0,0.0,True,MOCK DATA / NOT A SCIENTIFIC RESULT,displacement-report-draft-v1,
MOCK_S19,MOCK_G10,3,non_speaking,left_eyelid,full,0.0064330626685598,0.0064330626685598,MOCK_S19_non_speaking_left_eyelid,4.0,900.0,17b7fde941a187894929cf6055e13239bb1b8d39909f4bc0729d8ca83b8e48ad,displacement_mean_euclidean_error,evaluable,,240.0,105.0,750.0,True,MOCK DATA / NOT A SCIENTIFIC RESULT,displacement-report-draft-v1,
MOCK_S19,MOCK_G10,3,non_speaking,left_eyelid,pcmci,0.0070419796908911,0.0070419796908911,MOCK_S19_non_speaking_left_eyelid,4.0,900.0,17b7fde941a187894929cf6055e13239bb1b8d39909f4bc0729d8ca83b8e48ad,displacement_mean_euclidean_error,evaluable,,240.0,3.0,20.0,True,MOCK DATA / NOT A SCIENTIFIC RESULT,displacement-report-draft-v1,
MOCK_S19,MOCK_G10,3,non_speaking,right_eyelid,persistence,0.006509941322684,,MOCK_S19_non_speaking_right_eyelid,4.0,900.0,17b7fde941a187894929cf6055e13239bb1b8d39909f4bc0729d8ca83b8e48ad,displacement_mean_euclidean_error,evaluable,,240.0,0.0,0.0,True,MOCK DATA / NOT A SCIENTIFIC RESULT,displacement-report-draft-v1,
MOCK_S19,MOCK_G10,3,non_speaking,right_eyelid,self,0.0070747038259684,0.0070747038259684,MOCK_S19_non_speaking_right_eyelid,4.0,900.0,17b7fde941a187894929cf6055e13239bb1b8d39909f4bc0729d8ca83b8e48ad,displacement_mean_euclidean_error,evaluable,,240.0,0.0,0.0,True,MOCK DATA / NOT A SCIENTIFIC RESULT,displacement-report-draft-v1,
MOCK_S19,MOCK_G10,3,non_speaking,right_eyelid,full,0.0073740299284681,0.0073740299284681,MOCK_S19_non_speaking_right_eyelid,4.0,900.0,17b7fde941a187894929cf6055e13239bb1b8d39909f4bc0729d8ca83b8e48ad,displacement_mean_euclidean_error,evaluable,,240.0,105.0,750.0,True,MOCK DATA / NOT A SCIENTIFIC RESULT,displacement-report-draft-v1,
MOCK_S19,MOCK_G10,3,non_speaking,right_eyelid,pcmci,0.0073960335902011,0.0073960335902011,MOCK_S19_non_speaking_right_eyelid,4.0,900.0,17b7fde941a187894929cf6055e13239bb1b8d39909f4bc0729d8ca83b8e48ad,displacement_mean_euclidean_error,evaluable,,240.0,3.0,24.0,True,MOCK DATA / NOT A SCIENTIFIC RESULT,displacement-report-draft-v1,
MOCK_S19,MOCK_G10,3,non_speaking,left_cheek,persistence,0.0066626226868707,,MOCK_S19_non_speaking_left_cheek,2.0,900.0,17b7fde941a187894929cf6055e13239bb1b8d39909f4bc0729d8ca83b8e48ad,displacement_mean_euclidean_error,evaluable,,120.0,0.0,0.0,True,MOCK DATA / NOT A SCIENTIFIC RESULT,displacement-report-draft-v1,
MOCK_S19,MOCK_G10,3,non_speaking,left_cheek,self,0.0073747038259684,0.0073747038259684,MOCK_S19_non_speaking_left_cheek,2.0,900.0,17b7fde941a187894929cf6055e13239bb1b8d39909f4bc0729d8ca83b8e48ad,displacement_mean_euclidean_error,evaluable,,120.0,0.0,0.0,True,MOCK DATA / NOT A SCIENTIFIC RESULT,displacement-report-draft-v1,
MOCK_S19,MOCK_G10,3,non_speaking,left_cheek,full,0.0075341306866062,0.0075341306866062,MOCK_S19_non_speaking_left_cheek,2.0,900.0,17b7fde941a187894929cf6055e13239bb1b8d39909f4bc0729d8ca83b8e48ad,displacement_mean_euclidean_error,evaluable,,120.0,105.0,810.0,True,MOCK DATA / NOT A SCIENTIFIC RESULT,displacement-report-draft-v1,
MOCK_S19,MOCK_G10,3,non_speaking,left_cheek,pcmci,0.0070409304614451,0.0070409304614451,MOCK_S19_non_speaking_left_cheek,2.0,900.0,17b7fde941a187894929cf6055e13239bb1b8d39909f4bc0729d8ca83b8e48ad,displacement_mean_euclidean_error,evaluable,,120.0,3.0,14.0,True,MOCK DATA / NOT A SCIENTIFIC RESULT,displacement-report-draft-v1,
MOCK_S19,MOCK_G10,3,non_speaking,right_cheek,persistence,0.0067214429942719,,MOCK_S19_non_speaking_right_cheek,2.0,900.0,17b7fde941a187894929cf6055e13239bb1b8d39909f4bc0729d8ca83b8e48ad,displacement_mean_euclidean_error,evaluable,,120.0,0.0,0.0,True,MOCK DATA / NOT A SCIENTIFIC RESULT,displacement-report-draft-v1,
MOCK_S19,MOCK_G10,3,non_speaking,right_cheek,self,0.0076747038259684,0.0076747038259684,MOCK_S19_non_speaking_right_cheek,2.0,900.0,17b7fde941a187894929cf6055e13239bb1b8d39909f4bc0729d8ca83b8e48ad,displacement_mean_euclidean_error,evaluable,,120.0,0.0,0.0,True,MOCK DATA / NOT A SCIENTIFIC RESULT,displacement-report-draft-v1,
MOCK_S19,MOCK_G10,3,non_speaking,right_cheek,full,0.0070419876607635,0.0070419876607635,MOCK_S19_non_speaking_right_cheek,2.0,900.0,17b7fde941a187894929cf6055e13239bb1b8d39909f4bc0729d8ca83b8e48ad,displacement_mean_euclidean_error,evaluable,,120.0,105.0,810.0,True,MOCK DATA / NOT A SCIENTIFIC RESULT,displacement-report-draft-v1,
MOCK_S19,MOCK_G10,3,non_speaking,right_cheek,pcmci,0.0065789691000384,0.0065789691000384,MOCK_S19_non_speaking_right_cheek,2.0,900.0,17b7fde941a187894929cf6055e13239bb1b8d39909f4bc0729d8ca83b8e48ad,displacement_mean_euclidean_error,evaluable,,120.0,3.0,38.0,True,MOCK DATA / NOT A SCIENTIFIC RESULT,displacement-report-draft-v1,
MOCK_S19,MOCK_G10,3,non_speaking,mouth,persistence,0.0066830092353147,,MOCK_S19_non_speaking_mouth,8.0,900.0,17b7fde941a187894929cf6055e13239bb1b8d39909f4bc0729d8ca83b8e48ad,displacement_mean_euclidean_error,evaluable,,480.0,0.0,0.0,True,MOCK DATA / NOT A SCIENTIFIC RESULT,displacement-report-draft-v1,
MOCK_S19,MOCK_G10,3,non_speaking,mouth,self,0.0079747038259684,0.0079747038259684,MOCK_S19_non_speaking_mouth,8.0,900.0,17b7fde941a187894929cf6055e13239bb1b8d39909f4bc0729d8ca83b8e48ad,displacement_mean_euclidean_error,evaluable,,480.0,0.0,0.0,True,MOCK DATA / NOT A SCIENTIFIC RESULT,displacement-report-draft-v1,
MOCK_S19,MOCK_G10,3,non_speaking,mouth,full,0.0066258934957451,0.0066258934957451,MOCK_S19_non_speaking_mouth,8.0,900.0,17b7fde941a187894929cf6055e13239bb1b8d39909f4bc0729d8ca83b8e48ad,displacement_mean_euclidean_error,evaluable,,480.0,105.0,630.0,True,MOCK DATA / NOT A SCIENTIFIC RESULT,displacement-report-draft-v1,
MOCK_S19,MOCK_G10,3,non_speaking,mouth,pcmci,0.0067106932676936,0.0067106932676936,MOCK_S19_non_speaking_mouth,8.0,900.0,17b7fde941a187894929cf6055e13239bb1b8d39909f4bc0729d8ca83b8e48ad,displacement_mean_euclidean_error,evaluable,,480.0,3.0,18.0,True,MOCK DATA / NOT A SCIENTIFIC RESULT,displacement-report-draft-v1,
MOCK_S19,MOCK_G10,3,non_speaking,jaw,persistence,0.0067546762179904,,MOCK_S19_non_speaking_jaw,3.0,900.0,17b7fde941a187894929cf6055e13239bb1b8d39909f4bc0729d8ca83b8e48ad,displacement_mean_euclidean_error,evaluable,,180.0,0.0,0.0,True,MOCK DATA / NOT A SCIENTIFIC RESULT,displacement-report-draft-v1,
MOCK_S19,MOCK_G10,3,non_speaking,jaw,self,0.0082747038259684,0.0082747038259684,MOCK_S19_non_speaking_jaw,3.0,900.0,17b7fde941a187894929cf6055e13239bb1b8d39909f4bc0729d8ca83b8e48ad,displacement_mean_euclidean_error,evaluable,,180.0,0.0,0.0,True,MOCK DATA / NOT A SCIENTIFIC RESULT,displacement-report-draft-v1,
MOCK_S19,MOCK_G10,3,non_speaking,jaw,full,0.0069442218644314,0.0069442218644314,MOCK_S19_non_speaking_jaw,3.0,900.0,17b7fde941a187894929cf6055e13239bb1b8d39909f4bc0729d8ca83b8e48ad,displacement_mean_euclidean_error,evaluable,,180.0,105.0,780.0,True,MOCK DATA / NOT A SCIENTIFIC RESULT,displacement-report-draft-v1,
MOCK_S19,MOCK_G10,3,non_speaking,jaw,pcmci,0.0075908149886246,0.0075908149886246,MOCK_S19_non_speaking_jaw,3.0,900.0,17b7fde941a187894929cf6055e13239bb1b8d39909f4bc0729d8ca83b8e48ad,displacement_mean_euclidean_error,evaluable,,180.0,3.0,20.0,True,MOCK DATA / NOT A SCIENTIFIC RESULT,displacement-report-draft-v1,
MOCK_S20,MOCK_G10,3,speaking,left_brow,persistence,0.0064399619034879,,MOCK_S20_speaking_left_brow,3.0,900.0,6af70a20c5aaa26e5b17b65fa7bf1ab7672a4069781f51cc3f010308b6266c11,displacement_mean_euclidean_error,evaluable,,180.0,0.0,0.0,True,MOCK DATA / NOT A SCIENTIFIC RESULT,displacement-report-draft-v1,
MOCK_S20,MOCK_G10,3,speaking,left_brow,self,0.0060449631628988,0.0060449631628988,MOCK_S20_speaking_left_brow,3.0,900.0,6af70a20c5aaa26e5b17b65fa7bf1ab7672a4069781f51cc3f010308b6266c11,displacement_mean_euclidean_error,evaluable,,180.0,0.0,0.0,True,MOCK DATA / NOT A SCIENTIFIC RESULT,displacement-report-draft-v1,
MOCK_S20,MOCK_G10,3,speaking,left_brow,full,0.0046675674898006,0.0046675674898006,MOCK_S20_speaking_left_brow,3.0,900.0,6af70a20c5aaa26e5b17b65fa7bf1ab7672a4069781f51cc3f010308b6266c11,displacement_mean_euclidean_error,evaluable,,180.0,105.0,780.0,True,MOCK DATA / NOT A SCIENTIFIC RESULT,displacement-report-draft-v1,
MOCK_S20,MOCK_G10,3,speaking,left_brow,pcmci,0.0047473668301319,0.0047473668301319,MOCK_S20_speaking_left_brow,3.0,900.0,6af70a20c5aaa26e5b17b65fa7bf1ab7672a4069781f51cc3f010308b6266c11,displacement_mean_euclidean_error,evaluable,,180.0,3.0,20.0,True,MOCK DATA / NOT A SCIENTIFIC RESULT,displacement-report-draft-v1,
MOCK_S20,MOCK_G10,3,speaking,right_brow,persistence,0.0064139291848732,,MOCK_S20_speaking_right_brow,3.0,900.0,6af70a20c5aaa26e5b17b65fa7bf1ab7672a4069781f51cc3f010308b6266c11,displacement_mean_euclidean_error,evaluable,,180.0,0.0,0.0,True,MOCK DATA / NOT A SCIENTIFIC RESULT,displacement-report-draft-v1,
MOCK_S20,MOCK_G10,3,speaking,right_brow,self,0.0063449631628988,0.0063449631628988,MOCK_S20_speaking_right_brow,3.0,900.0,6af70a20c5aaa26e5b17b65fa7bf1ab7672a4069781f51cc3f010308b6266c11,displacement_mean_euclidean_error,evaluable,,180.0,0.0,0.0,True,MOCK DATA / NOT A SCIENTIFIC RESULT,displacement-report-draft-v1,
MOCK_S20,MOCK_G10,3,speaking,right_brow,full,0.0056459194049954,0.0056459194049954,MOCK_S20_speaking_right_brow,3.0,900.0,6af70a20c5aaa26e5b17b65fa7bf1ab7672a4069781f51cc3f010308b6266c11,displacement_mean_euclidean_error,evaluable,,180.0,105.0,780.0,True,MOCK DATA / NOT A SCIENTIFIC RESULT,displacement-report-draft-v1,
MOCK_S20,MOCK_G10,3,speaking,right_brow,pcmci,0.0054907567741022,0.0054907567741022,MOCK_S20_speaking_right_brow,3.0,900.0,6af70a20c5aaa26e5b17b65fa7bf1ab7672a4069781f51cc3f010308b6266c11,displacement_mean_euclidean_error,evaluable,,180.0,3.0,20.0,True,MOCK DATA / NOT A SCIENTIFIC RESULT,displacement-report-draft-v1,
MOCK_S20,MOCK_G10,3,speaking,left_eyelid,persistence,0.0065650570845041,,MOCK_S20_speaking_left_eyelid,4.0,900.0,6af70a20c5aaa26e5b17b65fa7bf1ab7672a4069781f51cc3f010308b6266c11,displacement_mean_euclidean_error,evaluable,,240.0,0.0,0.0,True,MOCK DATA / NOT A SCIENTIFIC RESULT,displacement-report-draft-v1,
MOCK_S20,MOCK_G10,3,speaking,left_eyelid,self,0.0066449631628988,0.0066449631628988,MOCK_S20_speaking_left_eyelid,4.0,900.0,6af70a20c5aaa26e5b17b65fa7bf1ab7672a4069781f51cc3f010308b6266c11,displacement_mean_euclidean_error,evaluable,,240.0,0.0,0.0,True,MOCK DATA / NOT A SCIENTIFIC RESULT,displacement-report-draft-v1,
MOCK_S20,MOCK_G10,3,speaking,left_eyelid,full,0.006761301463856,0.006761301463856,MOCK_S20_speaking_left_eyelid,4.0,900.0,6af70a20c5aaa26e5b17b65fa7bf1ab7672a4069781f51cc3f010308b6266c11,displacement_mean_euclidean_error,evaluable,,240.0,105.0,750.0,True,MOCK DATA / NOT A SCIENTIFIC RESULT,displacement-report-draft-v1,
MOCK_S20,MOCK_G10,3,speaking,left_eyelid,pcmci,0.0066057722078389,0.0066057722078389,MOCK_S20_speaking_left_eyelid,4.0,900.0,6af70a20c5aaa26e5b17b65fa7bf1ab7672a4069781f51cc3f010308b6266c11,displacement_mean_euclidean_error,evaluable,,240.0,3.0,20.0,True,MOCK DATA / NOT A SCIENTIFIC RESULT,displacement-report-draft-v1,
MOCK_S20,MOCK_G10,3,speaking,right_eyelid,persistence,0.0066353140051461,,MOCK_S20_speaking_right_eyelid,4.0,900.0,6af70a20c5aaa26e5b17b65fa7bf1ab7672a4069781f51cc3f010308b6266c11,displacement_mean_euclidean_error,evaluable,,240.0,0.0,0.0,True,MOCK DATA / NOT A SCIENTIFIC RESULT,displacement-report-draft-v1,
MOCK_S20,MOCK_G10,3,speaking,right_eyelid,self,0.0069449631628988,0.0069449631628988,MOCK_S20_speaking_right_eyelid,4.0,900.0,6af70a20c5aaa26e5b17b65fa7bf1ab7672a4069781f51cc3f010308b6266c11,displacement_mean_euclidean_error,evaluable,,240.0,0.0,0.0,True,MOCK DATA / NOT A SCIENTIFIC RESULT,displacement-report-draft-v1,
MOCK_S20,MOCK_G10,3,speaking,right_eyelid,full,0.0072640551617932,0.0072640551617932,MOCK_S20_speaking_right_eyelid,4.0,900.0,6af70a20c5aaa26e5b17b65fa7bf1ab7672a4069781f51cc3f010308b6266c11,displacement_mean_euclidean_error,evaluable,,240.0,105.0,750.0,True,MOCK DATA / NOT A SCIENTIFIC RESULT,displacement-report-draft-v1,
MOCK_S20,MOCK_G10,3,speaking,right_eyelid,pcmci,0.0073430917002006,0.0073430917002006,MOCK_S20_speaking_right_eyelid,4.0,900.0,6af70a20c5aaa26e5b17b65fa7bf1ab7672a4069781f51cc3f010308b6266c11,displacement_mean_euclidean_error,evaluable,,240.0,3.0,24.0,True,MOCK DATA / NOT A SCIENTIFIC RESULT,displacement-report-draft-v1,
MOCK_S20,MOCK_G10,3,speaking,left_cheek,persistence,0.0065051664186263,,MOCK_S20_speaking_left_cheek,2.0,900.0,6af70a20c5aaa26e5b17b65fa7bf1ab7672a4069781f51cc3f010308b6266c11,displacement_mean_euclidean_error,evaluable,,120.0,0.0,0.0,True,MOCK DATA / NOT A SCIENTIFIC RESULT,displacement-report-draft-v1,
MOCK_S20,MOCK_G10,3,speaking,left_cheek,self,0.0072449631628988,0.0072449631628988,MOCK_S20_speaking_left_cheek,2.0,900.0,6af70a20c5aaa26e5b17b65fa7bf1ab7672a4069781f51cc3f010308b6266c11,displacement_mean_euclidean_error,evaluable,,120.0,0.0,0.0,True,MOCK DATA / NOT A SCIENTIFIC RESULT,displacement-report-draft-v1,
MOCK_S20,MOCK_G10,3,speaking,left_cheek,full,0.00696776968397,0.00696776968397,MOCK_S20_speaking_left_cheek,2.0,900.0,6af70a20c5aaa26e5b17b65fa7bf1ab7672a4069781f51cc3f010308b6266c11,displacement_mean_euclidean_error,evaluable,,120.0,105.0,810.0,True,MOCK DATA / NOT A SCIENTIFIC RESULT,displacement-report-draft-v1,
MOCK_S20,MOCK_G10,3,speaking,left_cheek,pcmci,0.0073006457267122,0.0073006457267122,MOCK_S20_speaking_left_cheek,2.0,900.0,6af70a20c5aaa26e5b17b65fa7bf1ab7672a4069781f51cc3f010308b6266c11,displacement_mean_euclidean_error,evaluable,,120.0,3.0,14.0,True,MOCK DATA / NOT A SCIENTIFIC RESULT,displacement-report-draft-v1,
MOCK_S20,MOCK_G10,3,speaking,right_cheek,persistence,0.0067598658754091,,MOCK_S20_speaking_right_cheek,2.0,900.0,6af70a20c5aaa26e5b17b65fa7bf1ab7672a4069781f51cc3f010308b6266c11,displacement_mean_euclidean_error,evaluable,,120.0,0.0,0.0,True,MOCK DATA / NOT A SCIENTIFIC RESULT,displacement-report-draft-v1,
MOCK_S20,MOCK_G10,3,speaking,right_cheek,self,0.0075449631628988,0.0075449631628988,MOCK_S20_speaking_right_cheek,2.0,900.0,6af70a20c5aaa26e5b17b65fa7bf1ab7672a4069781f51cc3f010308b6266c11,displacement_mean_euclidean_error,evaluable,,120.0,0.0,0.0,True,MOCK DATA / NOT A SCIENTIFIC RESULT,displacement-report-draft-v1,
MOCK_S20,MOCK_G10,3,speaking,right_cheek,full,0.0064206671487857,0.0064206671487857,MOCK_S20_speaking_right_cheek,2.0,900.0,6af70a20c5aaa26e5b17b65fa7bf1ab7672a4069781f51cc3f010308b6266c11,displacement_mean_euclidean_error,evaluable,,120.0,105.0,810.0,True,MOCK DATA / NOT A SCIENTIFIC RESULT,displacement-report-draft-v1,
MOCK_S20,MOCK_G10,3,speaking,right_cheek,pcmci,0.0067932775361284,0.0067932775361284,MOCK_S20_speaking_right_cheek,2.0,900.0,6af70a20c5aaa26e5b17b65fa7bf1ab7672a4069781f51cc3f010308b6266c11,displacement_mean_euclidean_error,evaluable,,120.0,3.0,38.0,True,MOCK DATA / NOT A SCIENTIFIC RESULT,displacement-report-draft-v1,
MOCK_S20,MOCK_G10,3,speaking,mouth,persistence,0.0066754207040348,,MOCK_S20_speaking_mouth,8.0,900.0,6af70a20c5aaa26e5b17b65fa7bf1ab7672a4069781f51cc3f010308b6266c11,displacement_mean_euclidean_error,evaluable,,480.0,0.0,0.0,True,MOCK DATA / NOT A SCIENTIFIC RESULT,displacement-report-draft-v1,
MOCK_S20,MOCK_G10,3,speaking,mouth,self,0.0078449631628988,0.0078449631628988,MOCK_S20_speaking_mouth,8.0,900.0,6af70a20c5aaa26e5b17b65fa7bf1ab7672a4069781f51cc3f010308b6266c11,displacement_mean_euclidean_error,evaluable,,480.0,0.0,0.0,True,MOCK DATA / NOT A SCIENTIFIC RESULT,displacement-report-draft-v1,
MOCK_S20,MOCK_G10,3,speaking,mouth,full,0.0064015697204753,0.0064015697204753,MOCK_S20_speaking_mouth,8.0,900.0,6af70a20c5aaa26e5b17b65fa7bf1ab7672a4069781f51cc3f010308b6266c11,displacement_mean_euclidean_error,evaluable,,480.0,105.0,630.0,True,MOCK DATA / NOT A SCIENTIFIC RESULT,displacement-report-draft-v1,
MOCK_S20,MOCK_G10,3,speaking,mouth,pcmci,0.0065632777195028,0.0065632777195028,MOCK_S20_speaking_mouth,8.0,900.0,6af70a20c5aaa26e5b17b65fa7bf1ab7672a4069781f51cc3f010308b6266c11,displacement_mean_euclidean_error,evaluable,,480.0,3.0,18.0,True,MOCK DATA / NOT A SCIENTIFIC RESULT,displacement-report-draft-v1,
MOCK_S20,MOCK_G10,3,speaking,jaw,persistence,0.0066605184496635,,MOCK_S20_speaking_jaw,3.0,900.0,6af70a20c5aaa26e5b17b65fa7bf1ab7672a4069781f51cc3f010308b6266c11,displacement_mean_euclidean_error,evaluable,,180.0,0.0,0.0,True,MOCK DATA / NOT A SCIENTIFIC RESULT,displacement-report-draft-v1,
MOCK_S20,MOCK_G10,3,speaking,jaw,self,0.0081449631628988,0.0081449631628988,MOCK_S20_speaking_jaw,3.0,900.0,6af70a20c5aaa26e5b17b65fa7bf1ab7672a4069781f51cc3f010308b6266c11,displacement_mean_euclidean_error,evaluable,,180.0,0.0,0.0,True,MOCK DATA / NOT A SCIENTIFIC RESULT,displacement-report-draft-v1,
MOCK_S20,MOCK_G10,3,speaking,jaw,full,0.0072038541030341,0.0072038541030341,MOCK_S20_speaking_jaw,3.0,900.0,6af70a20c5aaa26e5b17b65fa7bf1ab7672a4069781f51cc3f010308b6266c11,displacement_mean_euclidean_error,evaluable,,180.0,105.0,780.0,True,MOCK DATA / NOT A SCIENTIFIC RESULT,displacement-report-draft-v1,
MOCK_S20,MOCK_G10,3,speaking,jaw,pcmci,0.0070979256640215,0.0070979256640215,MOCK_S20_speaking_jaw,3.0,900.0,6af70a20c5aaa26e5b17b65fa7bf1ab7672a4069781f51cc3f010308b6266c11,displacement_mean_euclidean_error,evaluable,,180.0,3.0,20.0,True,MOCK DATA / NOT A SCIENTIFIC RESULT,displacement-report-draft-v1,
MOCK_S20,MOCK_G10,3,non_speaking,left_brow,persistence,0.0064559382976221,,MOCK_S20_non_speaking_left_brow,3.0,900.0,3f19258e56b0bf6793b69116c5b4989e274d13bcd586930340f8c8dc27c494f1,displacement_mean_euclidean_error,evaluable,,180.0,0.0,0.0,True,MOCK DATA / NOT A SCIENTIFIC RESULT,displacement-report-draft-v1,
MOCK_S20,MOCK_G10,3,non_speaking,left_brow,self,0.0064449631628988,0.0064449631628988,MOCK_S20_non_speaking_left_brow,3.0,900.0,3f19258e56b0bf6793b69116c5b4989e274d13bcd586930340f8c8dc27c494f1,displacement_mean_euclidean_error,evaluable,,180.0,0.0,0.0,True,MOCK DATA / NOT A SCIENTIFIC RESULT,displacement-report-draft-v1,
MOCK_S20,MOCK_G10,3,non_speaking,left_brow,full,0.0050675674898006,0.0050675674898006,MOCK_S20_non_speaking_left_brow,3.0,900.0,3f19258e56b0bf6793b69116c5b4989e274d13bcd586930340f8c8dc27c494f1,displacement_mean_euclidean_error,evaluable,,180.0,105.0,780.0,True,MOCK DATA / NOT A SCIENTIFIC RESULT,displacement-report-draft-v1,
MOCK_S20,MOCK_G10,3,non_speaking,left_brow,pcmci,0.0055907567741022,0.0055907567741022,MOCK_S20_non_speaking_left_brow,3.0,900.0,3f19258e56b0bf6793b69116c5b4989e274d13bcd586930340f8c8dc27c494f1,displacement_mean_euclidean_error,evaluable,,180.0,3.0,20.0,True,MOCK DATA / NOT A SCIENTIFIC RESULT,displacement-report-draft-v1,
MOCK_S20,MOCK_G10,3,non_speaking,right_brow,persistence,0.0063288070552459,,MOCK_S20_non_speaking_right_brow,3.0,900.0,3f19258e56b0bf6793b69116c5b4989e274d13bcd586930340f8c8dc27c494f1,displacement_mean_euclidean_error,evaluable,,180.0,0.0,0.0,True,MOCK DATA / NOT A SCIENTIFIC RESULT,displacement-report-draft-v1,
MOCK_S20,MOCK_G10,3,non_speaking,right_brow,self,0.0067449631628988,0.0067449631628988,MOCK_S20_non_speaking_right_brow,3.0,900.0,3f19258e56b0bf6793b69116c5b4989e274d13bcd586930340f8c8dc27c494f1,displacement_mean_euclidean_error,evaluable,,180.0,0.0,0.0,True,MOCK DATA / NOT A SCIENTIFIC RESULT,displacement-report-draft-v1,
MOCK_S20,MOCK_G10,3,non_speaking,right_brow,full,0.0060459194049954,0.0060459194049954,MOCK_S20_non_speaking_right_brow,3.0,900.0,3f19258e56b0bf6793b69116c5b4989e274d13bcd586930340f8c8dc27c494f1,displacement_mean_euclidean_error,evaluable,,180.0,105.0,780.0,True,MOCK DATA / NOT A SCIENTIFIC RESULT,displacement-report-draft-v1,
MOCK_S20,MOCK_G10,3,non_speaking,right_brow,pcmci,0.0067057722078389,0.0067057722078389,MOCK_S20_non_speaking_right_brow,3.0,900.0,3f19258e56b0bf6793b69116c5b4989e274d13bcd586930340f8c8dc27c494f1,displacement_mean_euclidean_error,evaluable,,180.0,3.0,20.0,True,MOCK DATA / NOT A SCIENTIFIC RESULT,displacement-report-draft-v1,
MOCK_S20,MOCK_G10,3,non_speaking,left_eyelid,persistence,0.0064717450026032,,MOCK_S20_non_speaking_left_eyelid,4.0,900.0,3f19258e56b0bf6793b69116c5b4989e274d13bcd586930340f8c8dc27c494f1,displacement_mean_euclidean_error,evaluable,,240.0,0.0,0.0,True,MOCK DATA / NOT A SCIENTIFIC RESULT,displacement-report-draft-v1,
MOCK_S20,MOCK_G10,3,non_speaking,left_eyelid,self,0.0070449631628988,0.0070449631628988,MOCK_S20_non_speaking_left_eyelid,4.0,900.0,3f19258e56b0bf6793b69116c5b4989e274d13bcd586930340f8c8dc27c494f1,displacement_mean_euclidean_error,evaluable,,240.0,0.0,0.0,True,MOCK DATA / NOT A SCIENTIFIC RESULT,displacement-report-draft-v1,
MOCK_S20,MOCK_G10,3,non_speaking,left_eyelid,full,0.007161301463856,0.007161301463856,MOCK_S20_non_speaking_left_eyelid,4.0,900.0,3f19258e56b0bf6793b69116c5b4989e274d13bcd586930340f8c8dc27c494f1,displacement_mean_euclidean_error,evaluable,,240.0,105.0,750.0,True,MOCK DATA / NOT A SCIENTIFIC RESULT,displacement-report-draft-v1,
MOCK_S20,MOCK_G10,3,non_speaking,left_eyelid,pcmci,0.0074430917002006,0.0074430917002006,MOCK_S20_non_speaking_left_eyelid,4.0,900.0,3f19258e56b0bf6793b69116c5b4989e274d13bcd586930340f8c8dc27c494f1,displacement_mean_euclidean_error,evaluable,,240.0,3.0,20.0,True,MOCK DATA / NOT A SCIENTIFIC RESULT,displacement-report-draft-v1,
MOCK_S20,MOCK_G10,3,non_speaking,right_eyelid,persistence,0.0065203204773165,,MOCK_S20_non_speaking_right_eyelid,4.0,900.0,3f19258e56b0bf6793b69116c5b4989e274d13bcd586930340f8c8dc27c494f1,displacement_mean_euclidean_error,evaluable,,240.0,0.0,0.0,True,MOCK DATA / NOT A SCIENTIFIC RESULT,displacement-report-draft-v1,
MOCK_S20,MOCK_G10,3,non_speaking,right_eyelid,self,0.0073449631628988,0.0073449631628988,MOCK_S20_non_speaking_right_eyelid,4.0,900.0,3f19258e56b0bf6793b69116c5b4989e274d13bcd586930340f8c8dc27c494f1,displacement_mean_euclidean_error,evaluable,,240.0,0.0,0.0,True,MOCK DATA / NOT A SCIENTIFIC RESULT,displacement-report-draft-v1,
MOCK_S20,MOCK_G10,3,non_speaking,right_eyelid,full,0.0076640551617932,0.0076640551617932,MOCK_S20_non_speaking_right_eyelid,4.0,900.0,3f19258e56b0bf6793b69116c5b4989e274d13bcd586930340f8c8dc27c494f1,displacement_mean_euclidean_error,evaluable,,240.0,105.0,750.0,True,MOCK DATA / NOT A SCIENTIFIC RESULT,displacement-report-draft-v1,
MOCK_S20,MOCK_G10,3,non_speaking,right_eyelid,pcmci,0.0074006457267122,0.0074006457267122,MOCK_S20_non_speaking_right_eyelid,4.0,900.0,3f19258e56b0bf6793b69116c5b4989e274d13bcd586930340f8c8dc27c494f1,displacement_mean_euclidean_error,evaluable,,240.0,3.0,24.0,True,MOCK DATA / NOT A SCIENTIFIC RESULT,displacement-report-draft-v1,
MOCK_S20,MOCK_G10,3,non_speaking,left_cheek,persistence,0.0064130384277993,,MOCK_S20_non_speaking_left_cheek,2.0,900.0,3f19258e56b0bf6793b69116c5b4989e274d13bcd586930340f8c8dc27c494f1,displacement_mean_euclidean_error,evaluable,,120.0,0.0,0.0,True,MOCK DATA / NOT A SCIENTIFIC RESULT,displacement-report-draft-v1,
MOCK_S20,MOCK_G10,3,non_speaking,left_cheek,self,0.0076449631628988,0.0076449631628988,MOCK_S20_non_speaking_left_cheek,2.0,900.0,3f19258e56b0bf6793b69116c5b4989e274d13bcd586930340f8c8dc27c494f1,displacement_mean_euclidean_error,evaluable,,120.0,0.0,0.0,True,MOCK DATA / NOT A SCIENTIFIC RESULT,displacement-report-draft-v1,
MOCK_S20,MOCK_G10,3,non_speaking,left_cheek,full,0.00736776968397,0.00736776968397,MOCK_S20_non_speaking_left_cheek,2.0,900.0,3f19258e56b0bf6793b69116c5b4989e274d13bcd586930340f8c8dc27c494f1,displacement_mean_euclidean_error,evaluable,,120.0,105.0,810.0,True,MOCK DATA / NOT A SCIENTIFIC RESULT,displacement-report-draft-v1,
MOCK_S20,MOCK_G10,3,non_speaking,left_cheek,pcmci,0.0068932775361284,0.0068932775361284,MOCK_S20_non_speaking_left_cheek,2.0,900.0,3f19258e56b0bf6793b69116c5b4989e274d13bcd586930340f8c8dc27c494f1,displacement_mean_euclidean_error,evaluable,,120.0,3.0,14.0,True,MOCK DATA / NOT A SCIENTIFIC RESULT,displacement-report-draft-v1,
MOCK_S20,MOCK_G10,3,non_speaking,right_cheek,persistence,0.0066588986813883,,MOCK_S20_non_speaking_right_cheek,2.0,900.0,3f19258e56b0bf6793b69116c5b4989e274d13bcd586930340f8c8dc27c494f1,displacement_mean_euclidean_error,evaluable,,120.0,0.0,0.0,True,MOCK DATA / NOT A SCIENTIFIC RESULT,displacement-report-draft-v1,
MOCK_S20,MOCK_G10,3,non_speaking,right_cheek,self,0.0079449631628988,0.0079449631628988,MOCK_S20_non_speaking_right_cheek,2.0,900.0,3f19258e56b0bf6793b69116c5b4989e274d13bcd586930340f8c8dc27c494f1,displacement_mean_euclidean_error,evaluable,,120.0,0.0,0.0,True,MOCK DATA / NOT A SCIENTIFIC RESULT,displacement-report-draft-v1,
MOCK_S20,MOCK_G10,3,non_speaking,right_cheek,full,0.0068206671487857,0.0068206671487857,MOCK_S20_non_speaking_right_cheek,2.0,900.0,3f19258e56b0bf6793b69116c5b4989e274d13bcd586930340f8c8dc27c494f1,displacement_mean_euclidean_error,evaluable,,120.0,105.0,810.0,True,MOCK DATA / NOT A SCIENTIFIC RESULT,displacement-report-draft-v1,
MOCK_S20,MOCK_G10,3,non_speaking,right_cheek,pcmci,0.0066632777195028,0.0066632777195028,MOCK_S20_non_speaking_right_cheek,2.0,900.0,3f19258e56b0bf6793b69116c5b4989e274d13bcd586930340f8c8dc27c494f1,displacement_mean_euclidean_error,evaluable,,120.0,3.0,38.0,True,MOCK DATA / NOT A SCIENTIFIC RESULT,displacement-report-draft-v1,
MOCK_S20,MOCK_G10,3,non_speaking,mouth,persistence,0.0067058028782846,,MOCK_S20_non_speaking_mouth,8.0,900.0,3f19258e56b0bf6793b69116c5b4989e274d13bcd586930340f8c8dc27c494f1,displacement_mean_euclidean_error,evaluable,,480.0,0.0,0.0,True,MOCK DATA / NOT A SCIENTIFIC RESULT,displacement-report-draft-v1,
MOCK_S20,MOCK_G10,3,non_speaking,mouth,self,0.0082449631628988,0.0082449631628988,MOCK_S20_non_speaking_mouth,8.0,900.0,3f19258e56b0bf6793b69116c5b4989e274d13bcd586930340f8c8dc27c494f1,displacement_mean_euclidean_error,evaluable,,480.0,0.0,0.0,True,MOCK DATA / NOT A SCIENTIFIC RESULT,displacement-report-draft-v1,
MOCK_S20,MOCK_G10,3,non_speaking,mouth,full,0.0068015697204753,0.0068015697204753,MOCK_S20_non_speaking_mouth,8.0,900.0,3f19258e56b0bf6793b69116c5b4989e274d13bcd586930340f8c8dc27c494f1,displacement_mean_euclidean_error,evaluable,,480.0,105.0,630.0,True,MOCK DATA / NOT A SCIENTIFIC RESULT,displacement-report-draft-v1,
MOCK_S20,MOCK_G10,3,non_speaking,mouth,pcmci,0.0071979256640215,0.0071979256640215,MOCK_S20_non_speaking_mouth,8.0,900.0,3f19258e56b0bf6793b69116c5b4989e274d13bcd586930340f8c8dc27c494f1,displacement_mean_euclidean_error,evaluable,,480.0,3.0,18.0,True,MOCK DATA / NOT A SCIENTIFIC RESULT,displacement-report-draft-v1,
MOCK_S20,MOCK_G10,3,non_speaking,jaw,persistence,0.0068820145144988,,MOCK_S20_non_speaking_jaw,3.0,900.0,3f19258e56b0bf6793b69116c5b4989e274d13bcd586930340f8c8dc27c494f1,displacement_mean_euclidean_error,evaluable,,180.0,0.0,0.0,True,MOCK DATA / NOT A SCIENTIFIC RESULT,displacement-report-draft-v1,
MOCK_S20,MOCK_G10,3,non_speaking,jaw,self,0.0085449631628988,0.0085449631628988,MOCK_S20_non_speaking_jaw,3.0,900.0,3f19258e56b0bf6793b69116c5b4989e274d13bcd586930340f8c8dc27c494f1,displacement_mean_euclidean_error,evaluable,,180.0,0.0,0.0,True,MOCK DATA / NOT A SCIENTIFIC RESULT,displacement-report-draft-v1,
MOCK_S20,MOCK_G10,3,non_speaking,jaw,full,0.0076038541030341,0.0076038541030341,MOCK_S20_non_speaking_jaw,3.0,900.0,3f19258e56b0bf6793b69116c5b4989e274d13bcd586930340f8c8dc27c494f1,displacement_mean_euclidean_error,evaluable,,180.0,105.0,780.0,True,MOCK DATA / NOT A SCIENTIFIC RESULT,displacement-report-draft-v1,
MOCK_S20,MOCK_G10,3,non_speaking,jaw,pcmci,0.0082814871316286,0.0082814871316286,MOCK_S20_non_speaking_jaw,3.0,900.0,3f19258e56b0bf6793b69116c5b4989e274d13bcd586930340f8c8dc27c494f1,displacement_mean_euclidean_error,evaluable,,180.0,3.0,20.0,True,MOCK DATA / NOT A SCIENTIFIC RESULT,displacement-report-draft-v1,
MOCK_S21,MOCK_G11,3,speaking,left_brow,persistence,0.0062925608741674,,MOCK_S21_speaking_left_brow,3.0,900.0,922b1618d5ca09d906a83539316f8b137ae3cefb343053b6248c5862c4620846,displacement_mean_euclidean_error,evaluable,,180.0,0.0,0.0,True,MOCK DATA / NOT A SCIENTIFIC RESULT,displacement-report-draft-v1,
MOCK_S21,MOCK_G11,3,speaking,left_brow,self,0.0062738835752182,0.0062738835752182,MOCK_S21_speaking_left_brow,3.0,900.0,922b1618d5ca09d906a83539316f8b137ae3cefb343053b6248c5862c4620846,displacement_mean_euclidean_error,evaluable,,180.0,0.0,0.0,True,MOCK DATA / NOT A SCIENTIFIC RESULT,displacement-report-draft-v1,
MOCK_S21,MOCK_G11,3,speaking,left_brow,full,0.0052409679490178,0.0052409679490178,MOCK_S21_speaking_left_brow,3.0,900.0,922b1618d5ca09d906a83539316f8b137ae3cefb343053b6248c5862c4620846,displacement_mean_euclidean_error,evaluable,,180.0,105.0,780.0,True,MOCK DATA / NOT A SCIENTIFIC RESULT,displacement-report-draft-v1,
MOCK_S21,MOCK_G11,3,speaking,left_brow,pcmci,0.0051106727755033,0.0051106727755033,MOCK_S21_speaking_left_brow,3.0,900.0,922b1618d5ca09d906a83539316f8b137ae3cefb343053b6248c5862c4620846,displacement_mean_euclidean_error,evaluable,,180.0,3.0,20.0,True,MOCK DATA / NOT A SCIENTIFIC RESULT,displacement-report-draft-v1,
MOCK_S21,MOCK_G11,3,speaking,right_brow,persistence,0.0064506694349625,,MOCK_S21_speaking_right_brow,3.0,900.0,922b1618d5ca09d906a83539316f8b137ae3cefb343053b6248c5862c4620846,displacement_mean_euclidean_error,evaluable,,180.0,0.0,0.0,True,MOCK DATA / NOT A SCIENTIFIC RESULT,displacement-report-draft-v1,
MOCK_S21,MOCK_G11,3,speaking,right_brow,self,0.0065738835752182,0.0065738835752182,MOCK_S21_speaking_right_brow,3.0,900.0,922b1618d5ca09d906a83539316f8b137ae3cefb343053b6248c5862c4620846,displacement_mean_euclidean_error,evaluable,,180.0,0.0,0.0,True,MOCK DATA / NOT A SCIENTIFIC RESULT,displacement-report-draft-v1,
MOCK_S21,MOCK_G11,3,speaking,right_brow,full,0.0064020339083622,0.0064020339083622,MOCK_S21_speaking_right_brow,3.0,900.0,922b1618d5ca09d906a83539316f8b137ae3cefb343053b6248c5862c4620846,displacement_mean_euclidean_error,evaluable,,180.0,105.0,780.0,True,MOCK DATA / NOT A SCIENTIFIC RESULT,displacement-report-draft-v1,
MOCK_S21,MOCK_G11,3,speaking,right_brow,pcmci,0.0061276454185081,0.0061276454185081,MOCK_S21_speaking_right_brow,3.0,900.0,922b1618d5ca09d906a83539316f8b137ae3cefb343053b6248c5862c4620846,displacement_mean_euclidean_error,evaluable,,180.0,3.0,20.0,True,MOCK DATA / NOT A SCIENTIFIC RESULT,displacement-report-draft-v1,
MOCK_S21,MOCK_G11,3,speaking,left_eyelid,persistence,0.006528479483062,,MOCK_S21_speaking_left_eyelid,4.0,900.0,922b1618d5ca09d906a83539316f8b137ae3cefb343053b6248c5862c4620846,displacement_mean_euclidean_error,evaluable,,240.0,0.0,0.0,True,MOCK DATA / NOT A SCIENTIFIC RESULT,displacement-report-draft-v1,
MOCK_S21,MOCK_G11,3,speaking,left_eyelid,self,0.0068738835752182,0.0068738835752182,MOCK_S21_speaking_left_eyelid,4.0,900.0,922b1618d5ca09d906a83539316f8b137ae3cefb343053b6248c5862c4620846,displacement_mean_euclidean_error,evaluable,,240.0,0.0,0.0,True,MOCK DATA / NOT A SCIENTIFIC RESULT,displacement-report-draft-v1,
MOCK_S21,MOCK_G11,3,speaking,left_eyelid,full,0.0072154301953436,0.0072154301953436,MOCK_S21_speaking_left_eyelid,4.0,900.0,922b1618d5ca09d906a83539316f8b137ae3cefb343053b6248c5862c4620846,displacement_mean_euclidean_error,evaluable,,240.0,105.0,750.0,True,MOCK DATA / NOT A SCIENTIFIC RESULT,displacement-report-draft-v1,
MOCK_S21,MOCK_G11,3,speaking,left_eyelid,pcmci,0.0071411594401409,0.0071411594401409,MOCK_S21_speaking_left_eyelid,4.0,900.0,922b1618d5ca09d906a83539316f8b137ae3cefb343053b6248c5862c4620846,displacement_mean_euclidean_error,evaluable,,240.0,3.0,20.0,True,MOCK DATA / NOT A SCIENTIFIC RESULT,displacement-report-draft-v1,
MOCK_S21,MOCK_G11,3,speaking,right_eyelid,persistence,0.0065217655745446,,MOCK_S21_speaking_right_eyelid,4.0,900.0,922b1618d5ca09d906a83539316f8b137ae3cefb343053b6248c5862c4620846,displacement_mean_euclidean_error,evaluable,,240.0,0.0,0.0,True,MOCK DATA / NOT A SCIENTIFIC RESULT,displacement-report-draft-v1,
MOCK_S21,MOCK_G11,3,speaking,right_eyelid,self,0.0071738835752182,0.0071738835752182,MOCK_S21_speaking_right_eyelid,4.0,900.0,922b1618d5ca09d906a83539316f8b137ae3cefb343053b6248c5862c4620846,displacement_mean_euclidean_error,evaluable,,240.0,0.0,0.0,True,MOCK DATA / NOT A SCIENTIFIC RESULT,displacement-report-draft-v1,
MOCK_S21,MOCK_G11,3,speaking,right_eyelid,full,0.0072091426313596,0.0072091426313596,MOCK_S21_speaking_right_eyelid,4.0,900.0,922b1618d5ca09d906a83539316f8b137ae3cefb343053b6248c5862c4620846,displacement_mean_euclidean_error,evaluable,,240.0,105.0,750.0,True,MOCK DATA / NOT A SCIENTIFIC RESULT,displacement-report-draft-v1,
MOCK_S21,MOCK_G11,3,speaking,right_eyelid,pcmci,0.0074952133394509,0.0074952133394509,MOCK_S21_speaking_right_eyelid,4.0,900.0,922b1618d5ca09d906a83539316f8b137ae3cefb343053b6248c5862c4620846,displacement_mean_euclidean_error,evaluable,,240.0,3.0,24.0,True,MOCK DATA / NOT A SCIENTIFIC RESULT,displacement-report-draft-v1,
MOCK_S21,MOCK_G11,3,speaking,left_cheek,persistence,0.0063802380622102,,MOCK_S21_speaking_left_cheek,2.0,900.0,922b1618d5ca09d906a83539316f8b137ae3cefb343053b6248c5862c4620846,displacement_mean_euclidean_error,evaluable,,120.0,0.0,0.0,True,MOCK DATA / NOT A SCIENTIFIC RESULT,displacement-report-draft-v1,
MOCK_S21,MOCK_G11,3,speaking,left_cheek,self,0.0074738835752182,0.0074738835752182,MOCK_S21_speaking_left_cheek,2.0,900.0,922b1618d5ca09d906a83539316f8b137ae3cefb343053b6248c5862c4620846,displacement_mean_euclidean_error,evaluable,,120.0,0.0,0.0,True,MOCK DATA / NOT A SCIENTIFIC RESULT,displacement-report-draft-v1,
MOCK_S21,MOCK_G11,3,speaking,left_cheek,full,0.0066647705902197,0.0066647705902197,MOCK_S21_speaking_left_cheek,2.0,900.0,922b1618d5ca09d906a83539316f8b137ae3cefb343053b6248c5862c4620846,displacement_mean_euclidean_error,evaluable,,120.0,105.0,810.0,True,MOCK DATA / NOT A SCIENTIFIC RESULT,displacement-report-draft-v1,
MOCK_S21,MOCK_G11,3,speaking,left_cheek,pcmci,0.0071401102106949,0.0071401102106949,MOCK_S21_speaking_left_cheek,2.0,900.0,922b1618d5ca09d906a83539316f8b137ae3cefb343053b6248c5862c4620846,displacement_mean_euclidean_error,evaluable,,120.0,3.0,14.0,True,MOCK DATA / NOT A SCIENTIFIC RESULT,displacement-report-draft-v1,
MOCK_S21,MOCK_G11,3,speaking,right_cheek,persistence,0.00650523936789,,MOCK_S21_speaking_right_cheek,2.0,900.0,922b1618d5ca09d906a83539316f8b137ae3cefb343053b6248c5862c4620846,displacement_mean_euclidean_error,evaluable,,120.0,0.0,0.0,True,MOCK DATA / NOT A SCIENTIFIC RESULT,displacement-report-draft-v1,
MOCK_S21,MOCK_G11,3,speaking,right_cheek,self,0.0077738835752182,0.0077738835752182,MOCK_S21_speaking_right_cheek,2.0,900.0,922b1618d5ca09d906a83539316f8b137ae3cefb343053b6248c5862c4620846,displacement_mean_euclidean_error,evaluable,,120.0,0.0,0.0,True,MOCK DATA / NOT A SCIENTIFIC RESULT,displacement-report-draft-v1,
MOCK_S21,MOCK_G11,3,speaking,right_cheek,full,0.0063586258325266,0.0063586258325266,MOCK_S21_speaking_right_cheek,2.0,900.0,922b1618d5ca09d906a83539316f8b137ae3cefb343053b6248c5862c4620846,displacement_mean_euclidean_error,evaluable,,120.0,105.0,810.0,True,MOCK DATA / NOT A SCIENTIFIC RESULT,displacement-report-draft-v1,
MOCK_S21,MOCK_G11,3,speaking,right_cheek,pcmci,0.0066781488492882,0.0066781488492882,MOCK_S21_speaking_right_cheek,2.0,900.0,922b1618d5ca09d906a83539316f8b137ae3cefb343053b6248c5862c4620846,displacement_mean_euclidean_error,evaluable,,120.0,3.0,38.0,True,MOCK DATA / NOT A SCIENTIFIC RESULT,displacement-report-draft-v1,
MOCK_S21,MOCK_G11,3,speaking,mouth,persistence,0.0066584182808705,,MOCK_S21_speaking_mouth,8.0,900.0,922b1618d5ca09d906a83539316f8b137ae3cefb343053b6248c5862c4620846,displacement_mean_euclidean_error,evaluable,,480.0,0.0,0.0,True,MOCK DATA / NOT A SCIENTIFIC RESULT,displacement-report-draft-v1,
MOCK_S21,MOCK_G11,3,speaking,mouth,self,0.0080738835752182,0.0080738835752182,MOCK_S21_speaking_mouth,8.0,900.0,922b1618d5ca09d906a83539316f8b137ae3cefb343053b6248c5862c4620846,displacement_mean_euclidean_error,evaluable,,480.0,0.0,0.0,True,MOCK DATA / NOT A SCIENTIFIC RESULT,displacement-report-draft-v1,
MOCK_S21,MOCK_G11,3,speaking,mouth,full,0.0068479950531237,0.0068479950531237,MOCK_S21_speaking_mouth,8.0,900.0,922b1618d5ca09d906a83539316f8b137ae3cefb343053b6248c5862c4620846,displacement_mean_euclidean_error,evaluable,,480.0,105.0,630.0,True,MOCK DATA / NOT A SCIENTIFIC RESULT,displacement-report-draft-v1,
MOCK_S21,MOCK_G11,3,speaking,mouth,pcmci,0.0068098730169434,0.0068098730169434,MOCK_S21_speaking_mouth,8.0,900.0,922b1618d5ca09d906a83539316f8b137ae3cefb343053b6248c5862c4620846,displacement_mean_euclidean_error,evaluable,,480.0,3.0,18.0,True,MOCK DATA / NOT A SCIENTIFIC RESULT,displacement-report-draft-v1,
MOCK_S21,MOCK_G11,3,speaking,jaw,persistence,0.006671143242208,,MOCK_S21_speaking_jaw,3.0,900.0,922b1618d5ca09d906a83539316f8b137ae3cefb343053b6248c5862c4620846,displacement_mean_euclidean_error,evaluable,,180.0,0.0,0.0,True,MOCK DATA / NOT A SCIENTIFIC RESULT,displacement-report-draft-v1,
MOCK_S21,MOCK_G11,3,speaking,jaw,self,0.0083738835752182,0.0083738835752182,MOCK_S21_speaking_jaw,3.0,900.0,922b1618d5ca09d906a83539316f8b137ae3cefb343053b6248c5862c4620846,displacement_mean_euclidean_error,evaluable,,180.0,0.0,0.0,True,MOCK DATA / NOT A SCIENTIFIC RESULT,displacement-report-draft-v1,
MOCK_S21,MOCK_G11,3,speaking,jaw,full,0.0079587730639149,0.0079587730639149,MOCK_S21_speaking_jaw,3.0,900.0,922b1618d5ca09d906a83539316f8b137ae3cefb343053b6248c5862c4620846,displacement_mean_euclidean_error,evaluable,,180.0,105.0,780.0,True,MOCK DATA / NOT A SCIENTIFIC RESULT,displacement-report-draft-v1,
MOCK_S21,MOCK_G11,3,speaking,jaw,pcmci,0.0076899947378744,0.0076899947378744,MOCK_S21_speaking_jaw,3.0,900.0,922b1618d5ca09d906a83539316f8b137ae3cefb343053b6248c5862c4620846,displacement_mean_euclidean_error,evaluable,,180.0,3.0,20.0,True,MOCK DATA / NOT A SCIENTIFIC RESULT,displacement-report-draft-v1,
MOCK_S21,MOCK_G11,3,non_speaking,left_brow,persistence,0.0062734866409541,,MOCK_S21_non_speaking_left_brow,3.0,900.0,1d28adc742fbd20ca3a3e95a1ece79bf6e95ccec49c70313608575fa0b9c4766,displacement_mean_euclidean_error,evaluable,,180.0,0.0,0.0,True,MOCK DATA / NOT A SCIENTIFIC RESULT,displacement-report-draft-v1,
MOCK_S21,MOCK_G11,3,non_speaking,left_brow,self,0.0066738835752182,0.0066738835752182,MOCK_S21_non_speaking_left_brow,3.0,900.0,1d28adc742fbd20ca3a3e95a1ece79bf6e95ccec49c70313608575fa0b9c4766,displacement_mean_euclidean_error,evaluable,,180.0,0.0,0.0,True,MOCK DATA / NOT A SCIENTIFIC RESULT,displacement-report-draft-v1,
MOCK_S21,MOCK_G11,3,non_speaking,left_brow,full,0.0056409679490178,0.0056409679490178,MOCK_S21_non_speaking_left_brow,3.0,900.0,1d28adc742fbd20ca3a3e95a1ece79bf6e95ccec49c70313608575fa0b9c4766,displacement_mean_euclidean_error,evaluable,,180.0,105.0,780.0,True,MOCK DATA / NOT A SCIENTIFIC RESULT,displacement-report-draft-v1,
MOCK_S21,MOCK_G11,3,non_speaking,left_brow,pcmci,0.0062276454185081,0.0062276454185081,MOCK_S21_non_speaking_left_brow,3.0,900.0,1d28adc742fbd20ca3a3e95a1ece79bf6e95ccec49c70313608575fa0b9c4766,displacement_mean_euclidean_error,evaluable,,180.0,3.0,20.0,True,MOCK DATA / NOT A SCIENTIFIC RESULT,displacement-report-draft-v1,
MOCK_S21,MOCK_G11,3,non_speaking,right_brow,persistence,0.0065054698299672,,MOCK_S21_non_speaking_right_brow,3.0,900.0,1d28adc742fbd20ca3a3e95a1ece79bf6e95ccec49c70313608575fa0b9c4766,displacement_mean_euclidean_error,evaluable,,180.0,0.0,0.0,True,MOCK DATA / NOT A SCIENTIFIC RESULT,displacement-report-draft-v1,
MOCK_S21,MOCK_G11,3,non_speaking,right_brow,self,0.0069738835752182,0.0069738835752182,MOCK_S21_non_speaking_right_brow,3.0,900.0,1d28adc742fbd20ca3a3e95a1ece79bf6e95ccec49c70313608575fa0b9c4766,displacement_mean_euclidean_error,evaluable,,180.0,0.0,0.0,True,MOCK DATA / NOT A SCIENTIFIC RESULT,displacement-report-draft-v1,
MOCK_S21,MOCK_G11,3,non_speaking,right_brow,full,0.0068020339083622,0.0068020339083622,MOCK_S21_non_speaking_right_brow,3.0,900.0,1d28adc742fbd20ca3a3e95a1ece79bf6e95ccec49c70313608575fa0b9c4766,displacement_mean_euclidean_error,evaluable,,180.0,105.0,780.0,True,MOCK DATA / NOT A SCIENTIFIC RESULT,displacement-report-draft-v1,
MOCK_S21,MOCK_G11,3,non_speaking,right_brow,pcmci,0.0072411594401409,0.0072411594401409,MOCK_S21_non_speaking_right_brow,3.0,900.0,1d28adc742fbd20ca3a3e95a1ece79bf6e95ccec49c70313608575fa0b9c4766,displacement_mean_euclidean_error,evaluable,,180.0,3.0,20.0,True,MOCK DATA / NOT A SCIENTIFIC RESULT,displacement-report-draft-v1,
MOCK_S21,MOCK_G11,3,non_speaking,left_eyelid,persistence,0.0063805939986741,,MOCK_S21_non_speaking_left_eyelid,4.0,900.0,1d28adc742fbd20ca3a3e95a1ece79bf6e95ccec49c70313608575fa0b9c4766,displacement_mean_euclidean_error,evaluable,,240.0,0.0,0.0,True,MOCK DATA / NOT A SCIENTIFIC RESULT,displacement-report-draft-v1,
MOCK_S21,MOCK_G11,3,non_speaking,left_eyelid,self,0.0072738835752182,0.0072738835752182,MOCK_S21_non_speaking_left_eyelid,4.0,900.0,1d28adc742fbd20ca3a3e95a1ece79bf6e95ccec49c70313608575fa0b9c4766,displacement_mean_euclidean_error,evaluable,,240.0,0.0,0.0,True,MOCK DATA / NOT A SCIENTIFIC RESULT,displacement-report-draft-v1,
MOCK_S21,MOCK_G11,3,non_speaking,left_eyelid,full,0.0076154301953436,0.0076154301953436,MOCK_S21_non_speaking_left_eyelid,4.0,900.0,1d28adc742fbd20ca3a3e95a1ece79bf6e95ccec49c70313608575fa0b9c4766,displacement_mean_euclidean_error,evaluable,,240.0,105.0,750.0,True,MOCK DATA / NOT A SCIENTIFIC RESULT,displacement-report-draft-v1,
MOCK_S21,MOCK_G11,3,non_speaking,left_eyelid,pcmci,0.0075952133394509,0.0075952133394509,MOCK_S21_non_speaking_left_eyelid,4.0,900.0,1d28adc742fbd20ca3a3e95a1ece79bf6e95ccec49c70313608575fa0b9c4766,displacement_mean_euclidean_error,evaluable,,240.0,3.0,20.0,True,MOCK DATA / NOT A SCIENTIFIC RESULT,displacement-report-draft-v1,
MOCK_S21,MOCK_G11,3,non_speaking,right_eyelid,persistence,0.006646767122637,,MOCK_S21_non_speaking_right_eyelid,4.0,900.0,1d28adc742fbd20ca3a3e95a1ece79bf6e95ccec49c70313608575fa0b9c4766,displacement_mean_euclidean_error,evaluable,,240.0,0.0,0.0,True,MOCK DATA / NOT A SCIENTIFIC RESULT,displacement-report-draft-v1,
MOCK_S21,MOCK_G11,3,non_speaking,right_eyelid,self,0.0075738835752182,0.0075738835752182,MOCK_S21_non_speaking_right_eyelid,4.0,900.0,1d28adc742fbd20ca3a3e95a1ece79bf6e95ccec49c70313608575fa0b9c4766,displacement_mean_euclidean_error,evaluable,,240.0,0.0,0.0,True,MOCK DATA / NOT A SCIENTIFIC RESULT,displacement-report-draft-v1,
MOCK_S21,MOCK_G11,3,non_speaking,right_eyelid,full,0.0076091426313596,0.0076091426313596,MOCK_S21_non_speaking_right_eyelid,4.0,900.0,1d28adc742fbd20ca3a3e95a1ece79bf6e95ccec49c70313608575fa0b9c4766,displacement_mean_euclidean_error,evaluable,,240.0,105.0,750.0,True,MOCK DATA / NOT A SCIENTIFIC RESULT,displacement-report-draft-v1,
MOCK_S21,MOCK_G11,3,non_speaking,right_eyelid,pcmci,0.0072401102106949,0.0072401102106949,MOCK_S21_non_speaking_right_eyelid,4.0,900.0,1d28adc742fbd20ca3a3e95a1ece79bf6e95ccec49c70313608575fa0b9c4766,displacement_mean_euclidean_error,evaluable,,240.0,3.0,24.0,True,MOCK DATA / NOT A SCIENTIFIC RESULT,displacement-report-draft-v1,
MOCK_S21,MOCK_G11,3,non_speaking,left_cheek,persistence,0.0066526830189559,,MOCK_S21_non_speaking_left_cheek,2.0,900.0,1d28adc742fbd20ca3a3e95a1ece79bf6e95ccec49c70313608575fa0b9c4766,displacement_mean_euclidean_error,evaluable,,120.0,0.0,0.0,True,MOCK DATA / NOT A SCIENTIFIC RESULT,displacement-report-draft-v1,
MOCK_S21,MOCK_G11,3,non_speaking,left_cheek,self,0.0078738835752182,0.0078738835752182,MOCK_S21_non_speaking_left_cheek,2.0,900.0,1d28adc742fbd20ca3a3e95a1ece79bf6e95ccec49c70313608575fa0b9c4766,displacement_mean_euclidean_error,evaluable,,120.0,0.0,0.0,True,MOCK DATA / NOT A SCIENTIFIC RESULT,displacement-report-draft-v1,
MOCK_S21,MOCK_G11,3,non_speaking,left_cheek,full,0.0070647705902197,0.0070647705902197,MOCK_S21_non_speaking_left_cheek,2.0,900.0,1d28adc742fbd20ca3a3e95a1ece79bf6e95ccec49c70313608575fa0b9c4766,displacement_mean_euclidean_error,evaluable,,120.0,105.0,810.0,True,MOCK DATA / NOT A SCIENTIFIC RESULT,displacement-report-draft-v1,
MOCK_S21,MOCK_G11,3,non_speaking,left_cheek,pcmci,0.0067781488492882,0.0067781488492882,MOCK_S21_non_speaking_left_cheek,2.0,900.0,1d28adc742fbd20ca3a3e95a1ece79bf6e95ccec49c70313608575fa0b9c4766,displacement_mean_euclidean_error,evaluable,,120.0,3.0,14.0,True,MOCK DATA / NOT A SCIENTIFIC RESULT,displacement-report-draft-v1,
MOCK_S21,MOCK_G11,3,non_speaking,right_cheek,persistence,0.006518279017765,,MOCK_S21_non_speaking_right_cheek,2.0,900.0,1d28adc742fbd20ca3a3e95a1ece79bf6e95ccec49c70313608575fa0b9c4766,displacement_mean_euclidean_error,evaluable,,120.0,0.0,0.0,True,MOCK DATA / NOT A SCIENTIFIC RESULT,displacement-report-draft-v1,
MOCK_S21,MOCK_G11,3,non_speaking,right_cheek,self,0.0081738835752182,0.0081738835752182,MOCK_S21_non_speaking_right_cheek,2.0,900.0,1d28adc742fbd20ca3a3e95a1ece79bf6e95ccec49c70313608575fa0b9c4766,displacement_mean_euclidean_error,evaluable,,120.0,0.0,0.0,True,MOCK DATA / NOT A SCIENTIFIC RESULT,displacement-report-draft-v1,
MOCK_S21,MOCK_G11,3,non_speaking,right_cheek,full,0.0067586258325266,0.0067586258325266,MOCK_S21_non_speaking_right_cheek,2.0,900.0,1d28adc742fbd20ca3a3e95a1ece79bf6e95ccec49c70313608575fa0b9c4766,displacement_mean_euclidean_error,evaluable,,120.0,105.0,810.0,True,MOCK DATA / NOT A SCIENTIFIC RESULT,displacement-report-draft-v1,
MOCK_S21,MOCK_G11,3,non_speaking,right_cheek,pcmci,0.0069098730169434,0.0069098730169434,MOCK_S21_non_speaking_right_cheek,2.0,900.0,1d28adc742fbd20ca3a3e95a1ece79bf6e95ccec49c70313608575fa0b9c4766,displacement_mean_euclidean_error,evaluable,,120.0,3.0,38.0,True,MOCK DATA / NOT A SCIENTIFIC RESULT,displacement-report-draft-v1,
MOCK_S21,MOCK_G11,3,non_speaking,mouth,persistence,0.0067740124179646,,MOCK_S21_non_speaking_mouth,8.0,900.0,1d28adc742fbd20ca3a3e95a1ece79bf6e95ccec49c70313608575fa0b9c4766,displacement_mean_euclidean_error,evaluable,,480.0,0.0,0.0,True,MOCK DATA / NOT A SCIENTIFIC RESULT,displacement-report-draft-v1,
MOCK_S21,MOCK_G11,3,non_speaking,mouth,self,0.0084738835752182,0.0084738835752182,MOCK_S21_non_speaking_mouth,8.0,900.0,1d28adc742fbd20ca3a3e95a1ece79bf6e95ccec49c70313608575fa0b9c4766,displacement_mean_euclidean_error,evaluable,,480.0,0.0,0.0,True,MOCK DATA / NOT A SCIENTIFIC RESULT,displacement-report-draft-v1,
MOCK_S21,MOCK_G11,3,non_speaking,mouth,full,0.0072479950531237,0.0072479950531237,MOCK_S21_non_speaking_mouth,8.0,900.0,1d28adc742fbd20ca3a3e95a1ece79bf6e95ccec49c70313608575fa0b9c4766,displacement_mean_euclidean_error,evaluable,,480.0,105.0,630.0,True,MOCK DATA / NOT A SCIENTIFIC RESULT,displacement-report-draft-v1,
MOCK_S21,MOCK_G11,3,non_speaking,mouth,pcmci,0.0077899947378744,0.0077899947378744,MOCK_S21_non_speaking_mouth,8.0,900.0,1d28adc742fbd20ca3a3e95a1ece79bf6e95ccec49c70313608575fa0b9c4766,displacement_mean_euclidean_error,evaluable,,480.0,3.0,18.0,True,MOCK DATA / NOT A SCIENTIFIC RESULT,displacement-report-draft-v1,
MOCK_S21,MOCK_G11,3,non_speaking,jaw,persistence,0.0067027931671296,,MOCK_S21_non_speaking_jaw,3.0,900.0,1d28adc742fbd20ca3a3e95a1ece79bf6e95ccec49c70313608575fa0b9c4766,displacement_mean_euclidean_error,evaluable,,180.0,0.0,0.0,True,MOCK DATA / NOT A SCIENTIFIC RESULT,displacement-report-draft-v1,
MOCK_S21,MOCK_G11,3,non_speaking,jaw,self,0.0087738835752182,0.0087738835752182,MOCK_S21_non_speaking_jaw,3.0,900.0,1d28adc742fbd20ca3a3e95a1ece79bf6e95ccec49c70313608575fa0b9c4766,displacement_mean_euclidean_error,evaluable,,180.0,0.0,0.0,True,MOCK DATA / NOT A SCIENTIFIC RESULT,displacement-report-draft-v1,
MOCK_S21,MOCK_G11,3,non_speaking,jaw,full,0.0083587730639149,0.0083587730639149,MOCK_S21_non_speaking_jaw,3.0,900.0,1d28adc742fbd20ca3a3e95a1ece79bf6e95ccec49c70313608575fa0b9c4766,displacement_mean_euclidean_error,evaluable,,180.0,105.0,780.0,True,MOCK DATA / NOT A SCIENTIFIC RESULT,displacement-report-draft-v1,
MOCK_S21,MOCK_G11,3,non_speaking,jaw,pcmci,0.0088851527772257,0.0088851527772257,MOCK_S21_non_speaking_jaw,3.0,900.0,1d28adc742fbd20ca3a3e95a1ece79bf6e95ccec49c70313608575fa0b9c4766,displacement_mean_euclidean_error,evaluable,,180.0,3.0,20.0,True,MOCK DATA / NOT A SCIENTIFIC RESULT,displacement-report-draft-v1,
MOCK_S22,MOCK_G11,3,speaking,left_brow,persistence,0.0064171072507597,,MOCK_S22_speaking_left_brow,3.0,900.0,032975897a8bc864cd9cfa301513b48e8d1486ee200a3a698c2210f3858acf80,displacement_mean_euclidean_error,evaluable,,180.0,0.0,0.0,True,MOCK DATA / NOT A SCIENTIFIC RESULT,displacement-report-draft-v1,
MOCK_S22,MOCK_G11,3,speaking,left_brow,self,0.0062509966915608,0.0062509966915608,MOCK_S22_speaking_left_brow,3.0,900.0,032975897a8bc864cd9cfa301513b48e8d1486ee200a3a698c2210f3858acf80,displacement_mean_euclidean_error,evaluable,,180.0,0.0,0.0,True,MOCK DATA / NOT A SCIENTIFIC RESULT,displacement-report-draft-v1,
MOCK_S22,MOCK_G11,3,speaking,left_brow,full,0.0057312574340598,0.0057312574340598,MOCK_S22_speaking_left_brow,3.0,900.0,032975897a8bc864cd9cfa301513b48e8d1486ee200a3a698c2210f3858acf80,displacement_mean_euclidean_error,evaluable,,180.0,105.0,780.0,True,MOCK DATA / NOT A SCIENTIFIC RESULT,displacement-report-draft-v1,
MOCK_S22,MOCK_G11,3,speaking,left_brow,pcmci,0.0053967903027642,0.0053967903027642,MOCK_S22_speaking_left_brow,3.0,900.0,032975897a8bc864cd9cfa301513b48e8d1486ee200a3a698c2210f3858acf80,displacement_mean_euclidean_error,evaluable,,180.0,3.0,20.0,True,MOCK DATA / NOT A SCIENTIFIC RESULT,displacement-report-draft-v1,
MOCK_S22,MOCK_G11,3,speaking,right_brow,persistence,0.0065404475371096,,MOCK_S22_speaking_right_brow,3.0,900.0,032975897a8bc864cd9cfa301513b48e8d1486ee200a3a698c2210f3858acf80,displacement_mean_euclidean_error,evaluable,,180.0,0.0,0.0,True,MOCK DATA / NOT A SCIENTIFIC RESULT,displacement-report-draft-v1,
MOCK_S22,MOCK_G11,3,speaking,right_brow,self,0.0065509966915608,0.0065509966915608,MOCK_S22_speaking_right_brow,3.0,900.0,032975897a8bc864cd9cfa301513b48e8d1486ee200a3a698c2210f3858acf80,displacement_mean_euclidean_error,evaluable,,180.0,0.0,0.0,True,MOCK DATA / NOT A SCIENTIFIC RESULT,displacement-report-draft-v1,
MOCK_S22,MOCK_G11,3,speaking,right_brow,full,0.0067742423249316,0.0067742423249316,MOCK_S22_speaking_right_brow,3.0,900.0,032975897a8bc864cd9cfa301513b48e8d1486ee200a3a698c2210f3858acf80,displacement_mean_euclidean_error,evaluable,,180.0,105.0,780.0,True,MOCK DATA / NOT A SCIENTIFIC RESULT,displacement-report-draft-v1,
MOCK_S22,MOCK_G11,3,speaking,right_brow,pcmci,0.0065118057365008,0.0065118057365008,MOCK_S22_speaking_right_brow,3.0,900.0,032975897a8bc864cd9cfa301513b48e8d1486ee200a3a698c2210f3858acf80,displacement_mean_euclidean_error,evaluable,,180.0,3.0,20.0,True,MOCK DATA / NOT A SCIENTIFIC RESULT,displacement-report-draft-v1,
MOCK_S22,MOCK_G11,3,speaking,left_eyelid,persistence,0.0066186670343095,,MOCK_S22_speaking_left_eyelid,4.0,900.0,032975897a8bc864cd9cfa301513b48e8d1486ee200a3a698c2210f3858acf80,displacement_mean_euclidean_error,evaluable,,240.0,0.0,0.0,True,MOCK DATA / NOT A SCIENTIFIC RESULT,displacement-report-draft-v1,
MOCK_S22,MOCK_G11,3,speaking,left_eyelid,self,0.0068509966915608,0.0068509966915608,MOCK_S22_speaking_left_eyelid,4.0,900.0,032975897a8bc864cd9cfa301513b48e8d1486ee200a3a698c2210f3858acf80,displacement_mean_euclidean_error,evaluable,,240.0,0.0,0.0,True,MOCK DATA / NOT A SCIENTIFIC RESULT,displacement-report-draft-v1,
MOCK_S22,MOCK_G11,3,speaking,left_eyelid,full,0.0071063087464872,0.0071063087464872,MOCK_S22_speaking_left_eyelid,4.0,900.0,032975897a8bc864cd9cfa301513b48e8d1486ee200a3a698c2210f3858acf80,displacement_mean_euclidean_error,evaluable,,240.0,105.0,750.0,True,MOCK DATA / NOT A SCIENTIFIC RESULT,displacement-report-draft-v1,
MOCK_S22,MOCK_G11,3,speaking,left_eyelid,pcmci,0.0072491252288626,0.0072491252288626,MOCK_S22_speaking_left_eyelid,4.0,900.0,032975897a8bc864cd9cfa301513b48e8d1486ee200a3a698c2210f3858acf80,displacement_mean_euclidean_error,evaluable,,240.0,3.0,20.0,True,MOCK DATA / NOT A SCIENTIFIC RESULT,displacement-report-draft-v1,
MOCK_S22,MOCK_G11,3,speaking,right_eyelid,persistence,0.0066360246586361,,MOCK_S22_speaking_right_eyelid,4.0,900.0,032975897a8bc864cd9cfa301513b48e8d1486ee200a3a698c2210f3858acf80,displacement_mean_euclidean_error,evaluable,,240.0,0.0,0.0,True,MOCK DATA / NOT A SCIENTIFIC RESULT,displacement-report-draft-v1,
MOCK_S22,MOCK_G11,3,speaking,right_eyelid,self,0.0071509966915608,0.0071509966915608,MOCK_S22_speaking_right_eyelid,4.0,900.0,032975897a8bc864cd9cfa301513b48e8d1486ee200a3a698c2210f3858acf80,displacement_mean_euclidean_error,evaluable,,240.0,0.0,0.0,True,MOCK DATA / NOT A SCIENTIFIC RESULT,displacement-report-draft-v1,
MOCK_S22,MOCK_G11,3,speaking,right_eyelid,full,0.0066979749786303,0.0066979749786303,MOCK_S22_speaking_right_eyelid,4.0,900.0,032975897a8bc864cd9cfa301513b48e8d1486ee200a3a698c2210f3858acf80,displacement_mean_euclidean_error,evaluable,,240.0,105.0,750.0,True,MOCK DATA / NOT A SCIENTIFIC RESULT,displacement-report-draft-v1,
MOCK_S22,MOCK_G11,3,speaking,right_eyelid,pcmci,0.0072066792553742,0.0072066792553742,MOCK_S22_speaking_right_eyelid,4.0,900.0,032975897a8bc864cd9cfa301513b48e8d1486ee200a3a698c2210f3858acf80,displacement_mean_euclidean_error,evaluable,,240.0,3.0,24.0,True,MOCK DATA / NOT A SCIENTIFIC RESULT,displacement-report-draft-v1,
MOCK_S22,MOCK_G11,3,speaking,left_cheek,persistence,0.0065849661670466,,MOCK_S22_speaking_left_cheek,2.0,900.0,032975897a8bc864cd9cfa301513b48e8d1486ee200a3a698c2210f3858acf80,displacement_mean_euclidean_error,evaluable,,120.0,0.0,0.0,True,MOCK DATA / NOT A SCIENTIFIC RESULT,displacement-report-draft-v1,
MOCK_S22,MOCK_G11,3,speaking,left_cheek,self,0.0074509966915608,0.0074509966915608,MOCK_S22_speaking_left_cheek,2.0,900.0,032975897a8bc864cd9cfa301513b48e8d1486ee200a3a698c2210f3858acf80,displacement_mean_euclidean_error,evaluable,,120.0,0.0,0.0,True,MOCK DATA / NOT A SCIENTIFIC RESULT,displacement-report-draft-v1,
MOCK_S22,MOCK_G11,3,speaking,left_cheek,full,0.0062004798208799,0.0062004798208799,MOCK_S22_speaking_left_cheek,2.0,900.0,032975897a8bc864cd9cfa301513b48e8d1486ee200a3a698c2210f3858acf80,displacement_mean_euclidean_error,evaluable,,120.0,105.0,810.0,True,MOCK DATA / NOT A SCIENTIFIC RESULT,displacement-report-draft-v1,
MOCK_S22,MOCK_G11,3,speaking,left_cheek,pcmci,0.0066993110647904,0.0066993110647904,MOCK_S22_speaking_left_cheek,2.0,900.0,032975897a8bc864cd9cfa301513b48e8d1486ee200a3a698c2210f3858acf80,displacement_mean_euclidean_error,evaluable,,120.0,3.0,14.0,True,MOCK DATA / NOT A SCIENTIFIC RESULT,displacement-report-draft-v1,
MOCK_S22,MOCK_G11,3,speaking,right_cheek,persistence,0.0063345755272292,,MOCK_S22_speaking_right_cheek,2.0,900.0,032975897a8bc864cd9cfa301513b48e8d1486ee200a3a698c2210f3858acf80,displacement_mean_euclidean_error,evaluable,,120.0,0.0,0.0,True,MOCK DATA / NOT A SCIENTIFIC RESULT,displacement-report-draft-v1,
MOCK_S22,MOCK_G11,3,speaking,right_cheek,self,0.0077509966915608,0.0077509966915608,MOCK_S22_speaking_right_cheek,2.0,900.0,032975897a8bc864cd9cfa301513b48e8d1486ee200a3a698c2210f3858acf80,displacement_mean_euclidean_error,evaluable,,120.0,0.0,0.0,True,MOCK DATA / NOT A SCIENTIFIC RESULT,displacement-report-draft-v1,
MOCK_S22,MOCK_G11,3,speaking,right_cheek,full,0.0063470366434345,0.0063470366434345,MOCK_S22_speaking_right_cheek,2.0,900.0,032975897a8bc864cd9cfa301513b48e8d1486ee200a3a698c2210f3858acf80,displacement_mean_euclidean_error,evaluable,,120.0,105.0,810.0,True,MOCK DATA / NOT A SCIENTIFIC RESULT,displacement-report-draft-v1,
MOCK_S22,MOCK_G11,3,speaking,right_cheek,pcmci,0.0064693112481647,0.0064693112481647,MOCK_S22_speaking_right_cheek,2.0,900.0,032975897a8bc864cd9cfa301513b48e8d1486ee200a3a698c2210f3858acf80,displacement_mean_euclidean_error,evaluable,,120.0,3.0,38.0,True,MOCK DATA / NOT A SCIENTIFIC RESULT,displacement-report-draft-v1,
MOCK_S22,MOCK_G11,3,speaking,mouth,persistence,0.0066700951551413,,MOCK_S22_speaking_mouth,8.0,900.0,032975897a8bc864cd9cfa301513b48e8d1486ee200a3a698c2210f3858acf80,displacement_mean_euclidean_error,evaluable,,480.0,0.0,0.0,True,MOCK DATA / NOT A SCIENTIFIC RESULT,displacement-report-draft-v1,
MOCK_S22,MOCK_G11,3,speaking,mouth,self,0.0080509966915608,0.0080509966915608,MOCK_S22_speaking_mouth,8.0,900.0,032975897a8bc864cd9cfa301513b48e8d1486ee200a3a698c2210f3858acf80,displacement_mean_euclidean_error,evaluable,,480.0,0.0,0.0,True,MOCK DATA / NOT A SCIENTIFIC RESULT,displacement-report-draft-v1,
MOCK_S22,MOCK_G11,3,speaking,mouth,full,0.0072787203959978,0.0072787203959978,MOCK_S22_speaking_mouth,8.0,900.0,032975897a8bc864cd9cfa301513b48e8d1486ee200a3a698c2210f3858acf80,displacement_mean_euclidean_error,evaluable,,480.0,105.0,630.0,True,MOCK DATA / NOT A SCIENTIFIC RESULT,displacement-report-draft-v1,
MOCK_S22,MOCK_G11,3,speaking,mouth,pcmci,0.0070039591926835,0.0070039591926835,MOCK_S22_speaking_mouth,8.0,900.0,032975897a8bc864cd9cfa301513b48e8d1486ee200a3a698c2210f3858acf80,displacement_mean_euclidean_error,evaluable,,480.0,3.0,18.0,True,MOCK DATA / NOT A SCIENTIFIC RESULT,displacement-report-draft-v1,
MOCK_S22,MOCK_G11,3,speaking,jaw,persistence,0.0067396635081327,,MOCK_S22_speaking_jaw,3.0,900.0,032975897a8bc864cd9cfa301513b48e8d1486ee200a3a698c2210f3858acf80,displacement_mean_euclidean_error,evaluable,,180.0,0.0,0.0,True,MOCK DATA / NOT A SCIENTIFIC RESULT,displacement-report-draft-v1,
MOCK_S22,MOCK_G11,3,speaking,jaw,self,0.0083509966915608,0.0083509966915608,MOCK_S22_speaking_jaw,3.0,900.0,032975897a8bc864cd9cfa301513b48e8d1486ee200a3a698c2210f3858acf80,displacement_mean_euclidean_error,evaluable,,180.0,0.0,0.0,True,MOCK DATA / NOT A SCIENTIFIC RESULT,displacement-report-draft-v1,
MOCK_S22,MOCK_G11,3,speaking,jaw,full,0.0084147639496221,0.0084147639496221,MOCK_S22_speaking_jaw,3.0,900.0,032975897a8bc864cd9cfa301513b48e8d1486ee200a3a698c2210f3858acf80,displacement_mean_euclidean_error,evaluable,,180.0,105.0,780.0,True,MOCK DATA / NOT A SCIENTIFIC RESULT,displacement-report-draft-v1,
MOCK_S22,MOCK_G11,3,speaking,jaw,pcmci,0.0080875206602905,0.0080875206602905,MOCK_S22_speaking_jaw,3.0,900.0,032975897a8bc864cd9cfa301513b48e8d1486ee200a3a698c2210f3858acf80,displacement_mean_euclidean_error,evaluable,,180.0,3.0,20.0,True,MOCK DATA / NOT A SCIENTIFIC RESULT,displacement-report-draft-v1,
MOCK_S22,MOCK_G11,3,non_speaking,left_brow,persistence,0.006435759977346,,MOCK_S22_non_speaking_left_brow,3.0,900.0,beda15da9d5f5003be7e0d8eb5f0fb180b960344bef001ca78e6c930c927636c,displacement_mean_euclidean_error,evaluable,,180.0,0.0,0.0,True,MOCK DATA / NOT A SCIENTIFIC RESULT,displacement-report-draft-v1,
MOCK_S22,MOCK_G11,3,non_speaking,left_brow,self,0.0066509966915608,0.0066509966915608,MOCK_S22_non_speaking_left_brow,3.0,900.0,beda15da9d5f5003be7e0d8eb5f0fb180b960344bef001ca78e6c930c927636c,displacement_mean_euclidean_error,evaluable,,180.0,0.0,0.0,True,MOCK DATA / NOT A SCIENTIFIC RESULT,displacement-report-draft-v1,
MOCK_S22,MOCK_G11,3,non_speaking,left_brow,full,0.0061312574340598,0.0061312574340598,MOCK_S22_non_speaking_left_brow,3.0,900.0,beda15da9d5f5003be7e0d8eb5f0fb180b960344bef001ca78e6c930c927636c,displacement_mean_euclidean_error,evaluable,,180.0,105.0,780.0,True,MOCK DATA / NOT A SCIENTIFIC RESULT,displacement-report-draft-v1,
MOCK_S22,MOCK_G11,3,non_speaking,left_brow,pcmci,0.0066118057365008,0.0066118057365008,MOCK_S22_non_speaking_left_brow,3.0,900.0,beda15da9d5f5003be7e0d8eb5f0fb180b960344bef001ca78e6c930c927636c,displacement_mean_euclidean_error,evaluable,,180.0,3.0,20.0,True,MOCK DATA / NOT A SCIENTIFIC RESULT,displacement-report-draft-v1,
MOCK_S22,MOCK_G11,3,non_speaking,right_brow,persistence,0.006515134003035,,MOCK_S22_non_speaking_right_brow,3.0,900.0,beda15da9d5f5003be7e0d8eb5f0fb180b960344bef001ca78e6c930c927636c,displacement_mean_euclidean_error,evaluable,,180.0,0.0,0.0,True,MOCK DATA / NOT A SCIENTIFIC RESULT,displacement-report-draft-v1,
MOCK_S22,MOCK_G11,3,non_speaking,right_brow,self,0.0069509966915608,0.0069509966915608,MOCK_S22_non_speaking_right_brow,3.0,900.0,beda15da9d5f5003be7e0d8eb5f0fb180b960344bef001ca78e6c930c927636c,displacement_mean_euclidean_error,evaluable,,180.0,0.0,0.0,True,MOCK DATA / NOT A SCIENTIFIC RESULT,displacement-report-draft-v1,
MOCK_S22,MOCK_G11,3,non_speaking,right_brow,full,0.0071742423249316,0.0071742423249316,MOCK_S22_non_speaking_right_brow,3.0,900.0,beda15da9d5f5003be7e0d8eb5f0fb180b960344bef001ca78e6c930c927636c,displacement_mean_euclidean_error,evaluable,,180.0,105.0,780.0,True,MOCK DATA / NOT A SCIENTIFIC RESULT,displacement-report-draft-v1,
MOCK_S22,MOCK_G11,3,non_speaking,right_brow,pcmci,0.0073491252288626,0.0073491252288626,MOCK_S22_non_speaking_right_brow,3.0,900.0,beda15da9d5f5003be7e0d8eb5f0fb180b960344bef001ca78e6c930c927636c,displacement_mean_euclidean_error,evaluable,,180.0,3.0,20.0,True,MOCK DATA / NOT A SCIENTIFIC RESULT,displacement-report-draft-v1,
MOCK_S22,MOCK_G11,3,non_speaking,left_eyelid,persistence,0.0063936283815899,,MOCK_S22_non_speaking_left_eyelid,4.0,900.0,beda15da9d5f5003be7e0d8eb5f0fb180b960344bef001ca78e6c930c927636c,displacement_mean_euclidean_error,evaluable,,240.0,0.0,0.0,True,MOCK DATA / NOT A SCIENTIFIC RESULT,displacement-report-draft-v1,
MOCK_S22,MOCK_G11,3,non_speaking,left_eyelid,self,0.0072509966915608,0.0072509966915608,MOCK_S22_non_speaking_left_eyelid,4.0,900.0,beda15da9d5f5003be7e0d8eb5f0fb180b960344bef001ca78e6c930c927636c,displacement_mean_euclidean_error,evaluable,,240.0,0.0,0.0,True,MOCK DATA / NOT A SCIENTIFIC RESULT,displacement-report-draft-v1,
MOCK_S22,MOCK_G11,3,non_speaking,left_eyelid,full,0.0075063087464872,0.0075063087464872,MOCK_S22_non_speaking_left_eyelid,4.0,900.0,beda15da9d5f5003be7e0d8eb5f0fb180b960344bef001ca78e6c930c927636c,displacement_mean_euclidean_error,evaluable,,240.0,105.0,750.0,True,MOCK DATA / NOT A SCIENTIFIC RESULT,displacement-report-draft-v1,
MOCK_S22,MOCK_G11,3,non_speaking,left_eyelid,pcmci,0.0073066792553742,0.0073066792553742,MOCK_S22_non_speaking_left_eyelid,4.0,900.0,beda15da9d5f5003be7e0d8eb5f0fb180b960344bef001ca78e6c930c927636c,displacement_mean_euclidean_error,evaluable,,240.0,3.0,20.0,True,MOCK DATA / NOT A SCIENTIFIC RESULT,displacement-report-draft-v1,
MOCK_S22,MOCK_G11,3,non_speaking,right_eyelid,persistence,0.00654418016609,,MOCK_S22_non_speaking_right_eyelid,4.0,900.0,beda15da9d5f5003be7e0d8eb5f0fb180b960344bef001ca78e6c930c927636c,displacement_mean_euclidean_error,evaluable,,240.0,0.0,0.0,True,MOCK DATA / NOT A SCIENTIFIC RESULT,displacement-report-draft-v1,
MOCK_S22,MOCK_G11,3,non_speaking,right_eyelid,self,0.0075509966915608,0.0075509966915608,MOCK_S22_non_speaking_right_eyelid,4.0,900.0,beda15da9d5f5003be7e0d8eb5f0fb180b960344bef001ca78e6c930c927636c,displacement_mean_euclidean_error,evaluable,,240.0,0.0,0.0,True,MOCK DATA / NOT A SCIENTIFIC RESULT,displacement-report-draft-v1,
MOCK_S22,MOCK_G11,3,non_speaking,right_eyelid,full,0.0070979749786303,0.0070979749786303,MOCK_S22_non_speaking_right_eyelid,4.0,900.0,beda15da9d5f5003be7e0d8eb5f0fb180b960344bef001ca78e6c930c927636c,displacement_mean_euclidean_error,evaluable,,240.0,105.0,750.0,True,MOCK DATA / NOT A SCIENTIFIC RESULT,displacement-report-draft-v1,
MOCK_S22,MOCK_G11,3,non_speaking,right_eyelid,pcmci,0.0067993110647904,0.0067993110647904,MOCK_S22_non_speaking_right_eyelid,4.0,900.0,beda15da9d5f5003be7e0d8eb5f0fb180b960344bef001ca78e6c930c927636c,displacement_mean_euclidean_error,evaluable,,240.0,3.0,24.0,True,MOCK DATA / NOT A SCIENTIFIC RESULT,displacement-report-draft-v1,
MOCK_S22,MOCK_G11,3,non_speaking,left_cheek,persistence,0.0066635316999007,,MOCK_S22_non_speaking_left_cheek,2.0,900.0,beda15da9d5f5003be7e0d8eb5f0fb180b960344bef001ca78e6c930c927636c,displacement_mean_euclidean_error,evaluable,,120.0,0.0,0.0,True,MOCK DATA / NOT A SCIENTIFIC RESULT,displacement-report-draft-v1,
MOCK_S22,MOCK_G11,3,non_speaking,left_cheek,self,0.0078509966915608,0.0078509966915608,MOCK_S22_non_speaking_left_cheek,2.0,900.0,beda15da9d5f5003be7e0d8eb5f0fb180b960344bef001ca78e6c930c927636c,displacement_mean_euclidean_error,evaluable,,120.0,0.0,0.0,True,MOCK DATA / NOT A SCIENTIFIC RESULT,displacement-report-draft-v1,
MOCK_S22,MOCK_G11,3,non_speaking,left_cheek,full,0.0066004798208799,0.0066004798208799,MOCK_S22_non_speaking_left_cheek,2.0,900.0,beda15da9d5f5003be7e0d8eb5f0fb180b960344bef001ca78e6c930c927636c,displacement_mean_euclidean_error,evaluable,,120.0,105.0,810.0,True,MOCK DATA / NOT A SCIENTIFIC RESULT,displacement-report-draft-v1,
MOCK_S22,MOCK_G11,3,non_speaking,left_cheek,pcmci,0.0065693112481647,0.0065693112481647,MOCK_S22_non_speaking_left_cheek,2.0,900.0,beda15da9d5f5003be7e0d8eb5f0fb180b960344bef001ca78e6c930c927636c,displacement_mean_euclidean_error,evaluable,,120.0,3.0,14.0,True,MOCK DATA / NOT A SCIENTIFIC RESULT,displacement-report-draft-v1,
MOCK_S22,MOCK_G11,3,non_speaking,right_cheek,persistence,0.006630986229622,,MOCK_S22_non_speaking_right_cheek,2.0,900.0,beda15da9d5f5003be7e0d8eb5f0fb180b960344bef001ca78e6c930c927636c,displacement_mean_euclidean_error,evaluable,,120.0,0.0,0.0,True,MOCK DATA / NOT A SCIENTIFIC RESULT,displacement-report-draft-v1,
MOCK_S22,MOCK_G11,3,non_speaking,right_cheek,self,0.0081509966915608,0.0081509966915608,MOCK_S22_non_speaking_right_cheek,2.0,900.0,beda15da9d5f5003be7e0d8eb5f0fb180b960344bef001ca78e6c930c927636c,displacement_mean_euclidean_error,evaluable,,120.0,0.0,0.0,True,MOCK DATA / NOT A SCIENTIFIC RESULT,displacement-report-draft-v1,
MOCK_S22,MOCK_G11,3,non_speaking,right_cheek,full,0.0067470366434345,0.0067470366434345,MOCK_S22_non_speaking_right_cheek,2.0,900.0,beda15da9d5f5003be7e0d8eb5f0fb180b960344bef001ca78e6c930c927636c,displacement_mean_euclidean_error,evaluable,,120.0,105.0,810.0,True,MOCK DATA / NOT A SCIENTIFIC RESULT,displacement-report-draft-v1,
MOCK_S22,MOCK_G11,3,non_speaking,right_cheek,pcmci,0.0071039591926835,0.0071039591926835,MOCK_S22_non_speaking_right_cheek,2.0,900.0,beda15da9d5f5003be7e0d8eb5f0fb180b960344bef001ca78e6c930c927636c,displacement_mean_euclidean_error,evaluable,,120.0,3.0,38.0,True,MOCK DATA / NOT A SCIENTIFIC RESULT,displacement-report-draft-v1,
MOCK_S22,MOCK_G11,3,non_speaking,mouth,persistence,0.0066995140063806,,MOCK_S22_non_speaking_mouth,8.0,900.0,beda15da9d5f5003be7e0d8eb5f0fb180b960344bef001ca78e6c930c927636c,displacement_mean_euclidean_error,evaluable,,480.0,0.0,0.0,True,MOCK DATA / NOT A SCIENTIFIC RESULT,displacement-report-draft-v1,
MOCK_S22,MOCK_G11,3,non_speaking,mouth,self,0.0084509966915608,0.0084509966915608,MOCK_S22_non_speaking_mouth,8.0,900.0,beda15da9d5f5003be7e0d8eb5f0fb180b960344bef001ca78e6c930c927636c,displacement_mean_euclidean_error,evaluable,,480.0,0.0,0.0,True,MOCK DATA / NOT A SCIENTIFIC RESULT,displacement-report-draft-v1,
MOCK_S22,MOCK_G11,3,non_speaking,mouth,full,0.0076787203959978,0.0076787203959978,MOCK_S22_non_speaking_mouth,8.0,900.0,beda15da9d5f5003be7e0d8eb5f0fb180b960344bef001ca78e6c930c927636c,displacement_mean_euclidean_error,evaluable,,480.0,105.0,630.0,True,MOCK DATA / NOT A SCIENTIFIC RESULT,displacement-report-draft-v1,
MOCK_S22,MOCK_G11,3,non_speaking,mouth,pcmci,0.0081875206602905,0.0081875206602905,MOCK_S22_non_speaking_mouth,8.0,900.0,beda15da9d5f5003be7e0d8eb5f0fb180b960344bef001ca78e6c930c927636c,displacement_mean_euclidean_error,evaluable,,480.0,3.0,18.0,True,MOCK DATA / NOT A SCIENTIFIC RESULT,displacement-report-draft-v1,
MOCK_S22,MOCK_G11,3,non_speaking,jaw,persistence,0.0068218855156565,,MOCK_S22_non_speaking_jaw,3.0,900.0,beda15da9d5f5003be7e0d8eb5f0fb180b960344bef001ca78e6c930c927636c,displacement_mean_euclidean_error,evaluable,,180.0,0.0,0.0,True,MOCK DATA / NOT A SCIENTIFIC RESULT,displacement-report-draft-v1,
MOCK_S22,MOCK_G11,3,non_speaking,jaw,self,0.0087509966915608,0.0087509966915608,MOCK_S22_non_speaking_jaw,3.0,900.0,beda15da9d5f5003be7e0d8eb5f0fb180b960344bef001ca78e6c930c927636c,displacement_mean_euclidean_error,evaluable,,180.0,0.0,0.0,True,MOCK DATA / NOT A SCIENTIFIC RESULT,displacement-report-draft-v1,
MOCK_S22,MOCK_G11,3,non_speaking,jaw,full,0.0088147639496221,0.0088147639496221,MOCK_S22_non_speaking_jaw,3.0,900.0,beda15da9d5f5003be7e0d8eb5f0fb180b960344bef001ca78e6c930c927636c,displacement_mean_euclidean_error,evaluable,,180.0,105.0,780.0,True,MOCK DATA / NOT A SCIENTIFIC RESULT,displacement-report-draft-v1,
MOCK_S22,MOCK_G11,3,non_speaking,jaw,pcmci,0.0090995928512468,0.0090995928512468,MOCK_S22_non_speaking_jaw,3.0,900.0,beda15da9d5f5003be7e0d8eb5f0fb180b960344bef001ca78e6c930c927636c,displacement_mean_euclidean_error,evaluable,,180.0,3.0,20.0,True,MOCK DATA / NOT A SCIENTIFIC RESULT,displacement-report-draft-v1,
MOCK_S23,MOCK_G12,3,speaking,left_brow,persistence,0.006390424079885,,MOCK_S23_speaking_left_brow,3.0,900.0,6e0cab22633ac0c8853ef3385872f2f9eb39191b18981c56c827fc8b7acc98e7,displacement_mean_euclidean_error,evaluable,,180.0,0.0,0.0,True,MOCK DATA / NOT A SCIENTIFIC RESULT,displacement-report-draft-v1,
MOCK_S23,MOCK_G12,3,speaking,left_brow,self,0.0059973446072128,0.0059973446072128,MOCK_S23_speaking_left_brow,3.0,900.0,6e0cab22633ac0c8853ef3385872f2f9eb39191b18981c56c827fc8b7acc98e7,displacement_mean_euclidean_error,evaluable,,180.0,0.0,0.0,True,MOCK DATA / NOT A SCIENTIFIC RESULT,displacement-report-draft-v1,
MOCK_S23,MOCK_G12,3,speaking,left_brow,full,0.0059802107704493,0.0059802107704493,MOCK_S23_speaking_left_brow,3.0,900.0,6e0cab22633ac0c8853ef3385872f2f9eb39191b18981c56c827fc8b7acc98e7,displacement_mean_euclidean_error,evaluable,,180.0,105.0,780.0,True,MOCK DATA / NOT A SCIENTIFIC RESULT,displacement-report-draft-v1,
MOCK_S23,MOCK_G12,3,speaking,left_brow,pcmci,0.0055511064505027,0.0055511064505027,MOCK_S23_speaking_left_brow,3.0,900.0,6e0cab22633ac0c8853ef3385872f2f9eb39191b18981c56c827fc8b7acc98e7,displacement_mean_euclidean_error,evaluable,,180.0,3.0,20.0,True,MOCK DATA / NOT A SCIENTIFIC RESULT,displacement-report-draft-v1,
MOCK_S23,MOCK_G12,3,speaking,right_brow,persistence,0.0064987237210425,,MOCK_S23_speaking_right_brow,3.0,900.0,6e0cab22633ac0c8853ef3385872f2f9eb39191b18981c56c827fc8b7acc98e7,displacement_mean_euclidean_error,evaluable,,180.0,0.0,0.0,True,MOCK DATA / NOT A SCIENTIFIC RESULT,displacement-report-draft-v1,
MOCK_S23,MOCK_G12,3,speaking,right_brow,self,0.0062973446072128,0.0062973446072128,MOCK_S23_speaking_right_brow,3.0,900.0,6e0cab22633ac0c8853ef3385872f2f9eb39191b18981c56c827fc8b7acc98e7,displacement_mean_euclidean_error,evaluable,,180.0,0.0,0.0,True,MOCK DATA / NOT A SCIENTIFIC RESULT,displacement-report-draft-v1,
MOCK_S23,MOCK_G12,3,speaking,right_brow,full,0.0066455685946576,0.0066455685946576,MOCK_S23_speaking_right_brow,3.0,900.0,6e0cab22633ac0c8853ef3385872f2f9eb39191b18981c56c827fc8b7acc98e7,displacement_mean_euclidean_error,evaluable,,180.0,105.0,780.0,True,MOCK DATA / NOT A SCIENTIFIC RESULT,displacement-report-draft-v1,
MOCK_S23,MOCK_G12,3,speaking,right_brow,pcmci,0.0065646204721354,0.0065646204721354,MOCK_S23_speaking_right_brow,3.0,900.0,6e0cab22633ac0c8853ef3385872f2f9eb39191b18981c56c827fc8b7acc98e7,displacement_mean_euclidean_error,evaluable,,180.0,3.0,20.0,True,MOCK DATA / NOT A SCIENTIFIC RESULT,displacement-report-draft-v1,
MOCK_S23,MOCK_G12,3,speaking,left_eyelid,persistence,0.0064694234224503,,MOCK_S23_speaking_left_eyelid,4.0,900.0,6e0cab22633ac0c8853ef3385872f2f9eb39191b18981c56c827fc8b7acc98e7,displacement_mean_euclidean_error,evaluable,,240.0,0.0,0.0,True,MOCK DATA / NOT A SCIENTIFIC RESULT,displacement-report-draft-v1,
MOCK_S23,MOCK_G12,3,speaking,left_eyelid,self,0.0065973446072128,0.0065973446072128,MOCK_S23_speaking_left_eyelid,4.0,900.0,6e0cab22633ac0c8853ef3385872f2f9eb39191b18981c56c827fc8b7acc98e7,displacement_mean_euclidean_error,evaluable,,240.0,0.0,0.0,True,MOCK DATA / NOT A SCIENTIFIC RESULT,displacement-report-draft-v1,
MOCK_S23,MOCK_G12,3,speaking,left_eyelid,full,0.0064851034271813,0.0064851034271812,MOCK_S23_speaking_left_eyelid,4.0,900.0,6e0cab22633ac0c8853ef3385872f2f9eb39191b18981c56c827fc8b7acc98e7,displacement_mean_euclidean_error,evaluable,,240.0,105.0,750.0,True,MOCK DATA / NOT A SCIENTIFIC RESULT,displacement-report-draft-v1,
MOCK_S23,MOCK_G12,3,speaking,left_eyelid,pcmci,0.0069186743714455,0.0069186743714455,MOCK_S23_speaking_left_eyelid,4.0,900.0,6e0cab22633ac0c8853ef3385872f2f9eb39191b18981c56c827fc8b7acc98e7,displacement_mean_euclidean_error,evaluable,,240.0,3.0,20.0,True,MOCK DATA / NOT A SCIENTIFIC RESULT,displacement-report-draft-v1,
MOCK_S23,MOCK_G12,3,speaking,right_eyelid,persistence,0.0066067575060839,,MOCK_S23_speaking_right_eyelid,4.0,900.0,6e0cab22633ac0c8853ef3385872f2f9eb39191b18981c56c827fc8b7acc98e7,displacement_mean_euclidean_error,evaluable,,240.0,0.0,0.0,True,MOCK DATA / NOT A SCIENTIFIC RESULT,displacement-report-draft-v1,
MOCK_S23,MOCK_G12,3,speaking,right_eyelid,self,0.0068973446072128,0.0068973446072128,MOCK_S23_speaking_right_eyelid,4.0,900.0,6e0cab22633ac0c8853ef3385872f2f9eb39191b18981c56c827fc8b7acc98e7,displacement_mean_euclidean_error,evaluable,,240.0,0.0,0.0,True,MOCK DATA / NOT A SCIENTIFIC RESULT,displacement-report-draft-v1,
MOCK_S23,MOCK_G12,3,speaking,right_eyelid,full,0.0059221648194542,0.0059221648194542,MOCK_S23_speaking_right_eyelid,4.0,900.0,6e0cab22633ac0c8853ef3385872f2f9eb39191b18981c56c827fc8b7acc98e7,displacement_mean_euclidean_error,evaluable,,240.0,105.0,750.0,True,MOCK DATA / NOT A SCIENTIFIC RESULT,displacement-report-draft-v1,
MOCK_S23,MOCK_G12,3,speaking,right_eyelid,pcmci,0.0065635712426895,0.0065635712426895,MOCK_S23_speaking_right_eyelid,4.0,900.0,6e0cab22633ac0c8853ef3385872f2f9eb39191b18981c56c827fc8b7acc98e7,displacement_mean_euclidean_error,evaluable,,240.0,3.0,24.0,True,MOCK DATA / NOT A SCIENTIFIC RESULT,displacement-report-draft-v1,
MOCK_S23,MOCK_G12,3,speaking,left_cheek,persistence,0.0065534774533621,,MOCK_S23_speaking_left_cheek,2.0,900.0,6e0cab22633ac0c8853ef3385872f2f9eb39191b18981c56c827fc8b7acc98e7,displacement_mean_euclidean_error,evaluable,,120.0,0.0,0.0,True,MOCK DATA / NOT A SCIENTIFIC RESULT,displacement-report-draft-v1,
MOCK_S23,MOCK_G12,3,speaking,left_cheek,self,0.0071973446072128,0.0071973446072128,MOCK_S23_speaking_left_cheek,2.0,900.0,6e0cab22633ac0c8853ef3385872f2f9eb39191b18981c56c827fc8b7acc98e7,displacement_mean_euclidean_error,evaluable,,120.0,0.0,0.0,True,MOCK DATA / NOT A SCIENTIFIC RESULT,displacement-report-draft-v1,
MOCK_S23,MOCK_G12,3,speaking,left_cheek,full,0.0057501345477754,0.0057501345477754,MOCK_S23_speaking_left_cheek,2.0,900.0,6e0cab22633ac0c8853ef3385872f2f9eb39191b18981c56c827fc8b7acc98e7,displacement_mean_euclidean_error,evaluable,,120.0,105.0,810.0,True,MOCK DATA / NOT A SCIENTIFIC RESULT,displacement-report-draft-v1,
MOCK_S23,MOCK_G12,3,speaking,left_cheek,pcmci,0.0061016098812828,0.0061016098812828,MOCK_S23_speaking_left_cheek,2.0,900.0,6e0cab22633ac0c8853ef3385872f2f9eb39191b18981c56c827fc8b7acc98e7,displacement_mean_euclidean_error,evaluable,,120.0,3.0,14.0,True,MOCK DATA / NOT A SCIENTIFIC RESULT,displacement-report-draft-v1,
MOCK_S23,MOCK_G12,3,speaking,right_cheek,persistence,0.0066576681766421,,MOCK_S23_speaking_right_cheek,2.0,900.0,6e0cab22633ac0c8853ef3385872f2f9eb39191b18981c56c827fc8b7acc98e7,displacement_mean_euclidean_error,evaluable,,120.0,0.0,0.0,True,MOCK DATA / NOT A SCIENTIFIC RESULT,displacement-report-draft-v1,
MOCK_S23,MOCK_G12,3,speaking,right_cheek,self,0.0074973446072128,0.0074973446072128,MOCK_S23_speaking_right_cheek,2.0,900.0,6e0cab22633ac0c8853ef3385872f2f9eb39191b18981c56c827fc8b7acc98e7,displacement_mean_euclidean_error,evaluable,,120.0,0.0,0.0,True,MOCK DATA / NOT A SCIENTIFIC RESULT,displacement-report-draft-v1,
MOCK_S23,MOCK_G12,3,speaking,right_cheek,full,0.0064029950670472,0.0064029950670472,MOCK_S23_speaking_right_cheek,2.0,900.0,6e0cab22633ac0c8853ef3385872f2f9eb39191b18981c56c827fc8b7acc98e7,displacement_mean_euclidean_error,evaluable,,120.0,105.0,810.0,True,MOCK DATA / NOT A SCIENTIFIC RESULT,displacement-report-draft-v1,
MOCK_S23,MOCK_G12,3,speaking,right_cheek,pcmci,0.006233334048938,0.006233334048938,MOCK_S23_speaking_right_cheek,2.0,900.0,6e0cab22633ac0c8853ef3385872f2f9eb39191b18981c56c827fc8b7acc98e7,displacement_mean_euclidean_error,evaluable,,120.0,3.0,38.0,True,MOCK DATA / NOT A SCIENTIFIC RESULT,displacement-report-draft-v1,
MOCK_S23,MOCK_G12,3,speaking,mouth,persistence,0.0066819900575903,,MOCK_S23_speaking_mouth,8.0,900.0,6e0cab22633ac0c8853ef3385872f2f9eb39191b18981c56c827fc8b7acc98e7,displacement_mean_euclidean_error,evaluable,,480.0,0.0,0.0,True,MOCK DATA / NOT A SCIENTIFIC RESULT,displacement-report-draft-v1,
MOCK_S23,MOCK_G12,3,speaking,mouth,self,0.0077973446072128,0.0077973446072128,MOCK_S23_speaking_mouth,8.0,900.0,6e0cab22633ac0c8853ef3385872f2f9eb39191b18981c56c827fc8b7acc98e7,displacement_mean_euclidean_error,evaluable,,480.0,0.0,0.0,True,MOCK DATA / NOT A SCIENTIFIC RESULT,displacement-report-draft-v1,
MOCK_S23,MOCK_G12,3,speaking,mouth,full,0.0075563280431507,0.0075563280431507,MOCK_S23_speaking_mouth,8.0,900.0,6e0cab22633ac0c8853ef3385872f2f9eb39191b18981c56c827fc8b7acc98e7,displacement_mean_euclidean_error,evaluable,,480.0,105.0,630.0,True,MOCK DATA / NOT A SCIENTIFIC RESULT,displacement-report-draft-v1,
MOCK_S23,MOCK_G12,3,speaking,mouth,pcmci,0.007113455769869,0.007113455769869,MOCK_S23_speaking_mouth,8.0,900.0,6e0cab22633ac0c8853ef3385872f2f9eb39191b18981c56c827fc8b7acc98e7,displacement_mean_euclidean_error,evaluable,,480.0,3.0,18.0,True,MOCK DATA / NOT A SCIENTIFIC RESULT,displacement-report-draft-v1,
MOCK_S23,MOCK_G12,3,speaking,jaw,persistence,0.0066214670168871,,MOCK_S23_speaking_jaw,3.0,900.0,6e0cab22633ac0c8853ef3385872f2f9eb39191b18981c56c827fc8b7acc98e7,displacement_mean_euclidean_error,evaluable,,180.0,0.0,0.0,True,MOCK DATA / NOT A SCIENTIFIC RESULT,displacement-report-draft-v1,
MOCK_S23,MOCK_G12,3,speaking,jaw,self,0.0080973446072128,0.0080973446072128,MOCK_S23_speaking_jaw,3.0,900.0,6e0cab22633ac0c8853ef3385872f2f9eb39191b18981c56c827fc8b7acc98e7,displacement_mean_euclidean_error,evaluable,,180.0,0.0,0.0,True,MOCK DATA / NOT A SCIENTIFIC RESULT,displacement-report-draft-v1,
MOCK_S23,MOCK_G12,3,speaking,jaw,full,0.0084255830732031,0.0084255830732031,MOCK_S23_speaking_jaw,3.0,900.0,6e0cab22633ac0c8853ef3385872f2f9eb39191b18981c56c827fc8b7acc98e7,displacement_mean_euclidean_error,evaluable,,180.0,105.0,780.0,True,MOCK DATA / NOT A SCIENTIFIC RESULT,displacement-report-draft-v1,
MOCK_S23,MOCK_G12,3,speaking,jaw,pcmci,0.0082086138092203,0.0082086138092203,MOCK_S23_speaking_jaw,3.0,900.0,6e0cab22633ac0c8853ef3385872f2f9eb39191b18981c56c827fc8b7acc98e7,displacement_mean_euclidean_error,evaluable,,180.0,3.0,20.0,True,MOCK DATA / NOT A SCIENTIFIC RESULT,displacement-report-draft-v1,
MOCK_S23,MOCK_G12,3,non_speaking,left_brow,persistence,0.0064662266046973,,MOCK_S23_non_speaking_left_brow,3.0,900.0,0d769a7819ac8cdea57cd27d30da4e73493ecdc6a82363f9bfadb1180492e360,displacement_mean_euclidean_error,evaluable,,180.0,0.0,0.0,True,MOCK DATA / NOT A SCIENTIFIC RESULT,displacement-report-draft-v1,
MOCK_S23,MOCK_G12,3,non_speaking,left_brow,self,0.0063973446072128,0.0063973446072128,MOCK_S23_non_speaking_left_brow,3.0,900.0,0d769a7819ac8cdea57cd27d30da4e73493ecdc6a82363f9bfadb1180492e360,displacement_mean_euclidean_error,evaluable,,180.0,0.0,0.0,True,MOCK DATA / NOT A SCIENTIFIC RESULT,displacement-report-draft-v1,
MOCK_S23,MOCK_G12,3,non_speaking,left_brow,full,0.0063802107704493,0.0063802107704493,MOCK_S23_non_speaking_left_brow,3.0,900.0,0d769a7819ac8cdea57cd27d30da4e73493ecdc6a82363f9bfadb1180492e360,displacement_mean_euclidean_error,evaluable,,180.0,105.0,780.0,True,MOCK DATA / NOT A SCIENTIFIC RESULT,displacement-report-draft-v1,
MOCK_S23,MOCK_G12,3,non_speaking,left_brow,pcmci,0.0066646204721354,0.0066646204721354,MOCK_S23_non_speaking_left_brow,3.0,900.0,0d769a7819ac8cdea57cd27d30da4e73493ecdc6a82363f9bfadb1180492e360,displacement_mean_euclidean_error,evaluable,,180.0,3.0,20.0,True,MOCK DATA / NOT A SCIENTIFIC RESULT,displacement-report-draft-v1,
MOCK_S23,MOCK_G12,3,non_speaking,right_brow,persistence,0.006410651930426,,MOCK_S23_non_speaking_right_brow,3.0,900.0,0d769a7819ac8cdea57cd27d30da4e73493ecdc6a82363f9bfadb1180492e360,displacement_mean_euclidean_error,evaluable,,180.0,0.0,0.0,True,MOCK DATA / NOT A SCIENTIFIC RESULT,displacement-report-draft-v1,
MOCK_S23,MOCK_G12,3,non_speaking,right_brow,self,0.0066973446072128,0.0066973446072128,MOCK_S23_non_speaking_right_brow,3.0,900.0,0d769a7819ac8cdea57cd27d30da4e73493ecdc6a82363f9bfadb1180492e360,displacement_mean_euclidean_error,evaluable,,180.0,0.0,0.0,True,MOCK DATA / NOT A SCIENTIFIC RESULT,displacement-report-draft-v1,
MOCK_S23,MOCK_G12,3,non_speaking,right_brow,full,0.0070455685946576,0.0070455685946576,MOCK_S23_non_speaking_right_brow,3.0,900.0,0d769a7819ac8cdea57cd27d30da4e73493ecdc6a82363f9bfadb1180492e360,displacement_mean_euclidean_error,evaluable,,180.0,105.0,780.0,True,MOCK DATA / NOT A SCIENTIFIC RESULT,displacement-report-draft-v1,
MOCK_S23,MOCK_G12,3,non_speaking,right_brow,pcmci,0.0070186743714455,0.0070186743714455,MOCK_S23_non_speaking_right_brow,3.0,900.0,0d769a7819ac8cdea57cd27d30da4e73493ecdc6a82363f9bfadb1180492e360,displacement_mean_euclidean_error,evaluable,,180.0,3.0,20.0,True,MOCK DATA / NOT A SCIENTIFIC RESULT,displacement-report-draft-v1,
MOCK_S23,MOCK_G12,3,non_speaking,left_eyelid,persistence,0.0065261398702817,,MOCK_S23_non_speaking_left_eyelid,4.0,900.0,0d769a7819ac8cdea57cd27d30da4e73493ecdc6a82363f9bfadb1180492e360,displacement_mean_euclidean_error,evaluable,,240.0,0.0,0.0,True,MOCK DATA / NOT A SCIENTIFIC RESULT,displacement-report-draft-v1,
MOCK_S23,MOCK_G12,3,non_speaking,left_eyelid,self,0.0069973446072128,0.0069973446072128,MOCK_S23_non_speaking_left_eyelid,4.0,900.0,0d769a7819ac8cdea57cd27d30da4e73493ecdc6a82363f9bfadb1180492e360,displacement_mean_euclidean_error,evaluable,,240.0,0.0,0.0,True,MOCK DATA / NOT A SCIENTIFIC RESULT,displacement-report-draft-v1,
MOCK_S23,MOCK_G12,3,non_speaking,left_eyelid,full,0.0068851034271812,0.0068851034271812,MOCK_S23_non_speaking_left_eyelid,4.0,900.0,0d769a7819ac8cdea57cd27d30da4e73493ecdc6a82363f9bfadb1180492e360,displacement_mean_euclidean_error,evaluable,,240.0,105.0,750.0,True,MOCK DATA / NOT A SCIENTIFIC RESULT,displacement-report-draft-v1,
MOCK_S23,MOCK_G12,3,non_speaking,left_eyelid,pcmci,0.0066635712426895,0.0066635712426895,MOCK_S23_non_speaking_left_eyelid,4.0,900.0,0d769a7819ac8cdea57cd27d30da4e73493ecdc6a82363f9bfadb1180492e360,displacement_mean_euclidean_error,evaluable,,240.0,3.0,20.0,True,MOCK DATA / NOT A SCIENTIFIC RESULT,displacement-report-draft-v1,
MOCK_S23,MOCK_G12,3,non_speaking,right_eyelid,persistence,0.0065222644330553,,MOCK_S23_non_speaking_right_eyelid,4.0,900.0,0d769a7819ac8cdea57cd27d30da4e73493ecdc6a82363f9bfadb1180492e360,displacement_mean_euclidean_error,evaluable,,240.0,0.0,0.0,True,MOCK DATA / NOT A SCIENTIFIC RESULT,displacement-report-draft-v1,
MOCK_S23,MOCK_G12,3,non_speaking,right_eyelid,self,0.0072973446072128,0.0072973446072128,MOCK_S23_non_speaking_right_eyelid,4.0,900.0,0d769a7819ac8cdea57cd27d30da4e73493ecdc6a82363f9bfadb1180492e360,displacement_mean_euclidean_error,evaluable,,240.0,0.0,0.0,True,MOCK DATA / NOT A SCIENTIFIC RESULT,displacement-report-draft-v1,
MOCK_S23,MOCK_G12,3,non_speaking,right_eyelid,full,0.0063221648194542,0.0063221648194542,MOCK_S23_non_speaking_right_eyelid,4.0,900.0,0d769a7819ac8cdea57cd27d30da4e73493ecdc6a82363f9bfadb1180492e360,displacement_mean_euclidean_error,evaluable,,240.0,105.0,750.0,True,MOCK DATA / NOT A SCIENTIFIC RESULT,displacement-report-draft-v1,
MOCK_S23,MOCK_G12,3,non_speaking,right_eyelid,pcmci,0.0062016098812828,0.0062016098812828,MOCK_S23_non_speaking_right_eyelid,4.0,900.0,0d769a7819ac8cdea57cd27d30da4e73493ecdc6a82363f9bfadb1180492e360,displacement_mean_euclidean_error,evaluable,,240.0,3.0,24.0,True,MOCK DATA / NOT A SCIENTIFIC RESULT,displacement-report-draft-v1,
MOCK_S23,MOCK_G12,3,non_speaking,left_cheek,persistence,0.0065463363885606,,MOCK_S23_non_speaking_left_cheek,2.0,900.0,0d769a7819ac8cdea57cd27d30da4e73493ecdc6a82363f9bfadb1180492e360,displacement_mean_euclidean_error,evaluable,,120.0,0.0,0.0,True,MOCK DATA / NOT A SCIENTIFIC RESULT,displacement-report-draft-v1,
MOCK_S23,MOCK_G12,3,non_speaking,left_cheek,self,0.0075973446072128,0.0075973446072128,MOCK_S23_non_speaking_left_cheek,2.0,900.0,0d769a7819ac8cdea57cd27d30da4e73493ecdc6a82363f9bfadb1180492e360,displacement_mean_euclidean_error,evaluable,,120.0,0.0,0.0,True,MOCK DATA / NOT A SCIENTIFIC RESULT,displacement-report-draft-v1,
MOCK_S23,MOCK_G12,3,non_speaking,left_cheek,full,0.0061501345477754,0.0061501345477754,MOCK_S23_non_speaking_left_cheek,2.0,900.0,0d769a7819ac8cdea57cd27d30da4e73493ecdc6a82363f9bfadb1180492e360,displacement_mean_euclidean_error,evaluable,,120.0,105.0,810.0,True,MOCK DATA / NOT A SCIENTIFIC RESULT,displacement-report-draft-v1,
MOCK_S23,MOCK_G12,3,non_speaking,left_cheek,pcmci,0.006333334048938,0.006333334048938,MOCK_S23_non_speaking_left_cheek,2.0,900.0,0d769a7819ac8cdea57cd27d30da4e73493ecdc6a82363f9bfadb1180492e360,displacement_mean_euclidean_error,evaluable,,120.0,3.0,14.0,True,MOCK DATA / NOT A SCIENTIFIC RESULT,displacement-report-draft-v1,
MOCK_S23,MOCK_G12,3,non_speaking,right_cheek,persistence,0.0066289312580579,,MOCK_S23_non_speaking_right_cheek,2.0,900.0,0d769a7819ac8cdea57cd27d30da4e73493ecdc6a82363f9bfadb1180492e360,displacement_mean_euclidean_error,evaluable,,120.0,0.0,0.0,True,MOCK DATA / NOT A SCIENTIFIC RESULT,displacement-report-draft-v1,
MOCK_S23,MOCK_G12,3,non_speaking,right_cheek,self,0.0078973446072128,0.0078973446072128,MOCK_S23_non_speaking_right_cheek,2.0,900.0,0d769a7819ac8cdea57cd27d30da4e73493ecdc6a82363f9bfadb1180492e360,displacement_mean_euclidean_error,evaluable,,120.0,0.0,0.0,True,MOCK DATA / NOT A SCIENTIFIC RESULT,displacement-report-draft-v1,
MOCK_S23,MOCK_G12,3,non_speaking,right_cheek,full,0.0068029950670472,0.0068029950670472,MOCK_S23_non_speaking_right_cheek,2.0,900.0,0d769a7819ac8cdea57cd27d30da4e73493ecdc6a82363f9bfadb1180492e360,displacement_mean_euclidean_error,evaluable,,120.0,105.0,810.0,True,MOCK DATA / NOT A SCIENTIFIC RESULT,displacement-report-draft-v1,
MOCK_S23,MOCK_G12,3,non_speaking,right_cheek,pcmci,0.007213455769869,0.007213455769869,MOCK_S23_non_speaking_right_cheek,2.0,900.0,0d769a7819ac8cdea57cd27d30da4e73493ecdc6a82363f9bfadb1180492e360,displacement_mean_euclidean_error,evaluable,,120.0,3.0,38.0,True,MOCK DATA / NOT A SCIENTIFIC RESULT,displacement-report-draft-v1,
MOCK_S23,MOCK_G12,3,non_speaking,mouth,persistence,0.0066291934612288,,MOCK_S23_non_speaking_mouth,8.0,900.0,0d769a7819ac8cdea57cd27d30da4e73493ecdc6a82363f9bfadb1180492e360,displacement_mean_euclidean_error,evaluable,,480.0,0.0,0.0,True,MOCK DATA / NOT A SCIENTIFIC RESULT,displacement-report-draft-v1,
MOCK_S23,MOCK_G12,3,non_speaking,mouth,self,0.0081973446072128,0.0081973446072128,MOCK_S23_non_speaking_mouth,8.0,900.0,0d769a7819ac8cdea57cd27d30da4e73493ecdc6a82363f9bfadb1180492e360,displacement_mean_euclidean_error,evaluable,,480.0,0.0,0.0,True,MOCK DATA / NOT A SCIENTIFIC RESULT,displacement-report-draft-v1,
MOCK_S23,MOCK_G12,3,non_speaking,mouth,full,0.0079563280431507,0.0079563280431507,MOCK_S23_non_speaking_mouth,8.0,900.0,0d769a7819ac8cdea57cd27d30da4e73493ecdc6a82363f9bfadb1180492e360,displacement_mean_euclidean_error,evaluable,,480.0,105.0,630.0,True,MOCK DATA / NOT A SCIENTIFIC RESULT,displacement-report-draft-v1,
MOCK_S23,MOCK_G12,3,non_speaking,mouth,pcmci,0.0083086138092203,0.0083086138092203,MOCK_S23_non_speaking_mouth,8.0,900.0,0d769a7819ac8cdea57cd27d30da4e73493ecdc6a82363f9bfadb1180492e360,displacement_mean_euclidean_error,evaluable,,480.0,3.0,18.0,True,MOCK DATA / NOT A SCIENTIFIC RESULT,displacement-report-draft-v1,
MOCK_S23,MOCK_G12,3,non_speaking,jaw,persistence,0.0067944260909018,,MOCK_S23_non_speaking_jaw,3.0,900.0,0d769a7819ac8cdea57cd27d30da4e73493ecdc6a82363f9bfadb1180492e360,displacement_mean_euclidean_error,evaluable,,180.0,0.0,0.0,True,MOCK DATA / NOT A SCIENTIFIC RESULT,displacement-report-draft-v1,
MOCK_S23,MOCK_G12,3,non_speaking,jaw,self,0.0084973446072128,0.0084973446072128,MOCK_S23_non_speaking_jaw,3.0,900.0,0d769a7819ac8cdea57cd27d30da4e73493ecdc6a82363f9bfadb1180492e360,displacement_mean_euclidean_error,evaluable,,180.0,0.0,0.0,True,MOCK DATA / NOT A SCIENTIFIC RESULT,displacement-report-draft-v1,
MOCK_S23,MOCK_G12,3,non_speaking,jaw,full,0.0088255830732031,0.0088255830732031,MOCK_S23_non_speaking_jaw,3.0,900.0,0d769a7819ac8cdea57cd27d30da4e73493ecdc6a82363f9bfadb1180492e360,displacement_mean_euclidean_error,evaluable,,180.0,105.0,780.0,True,MOCK DATA / NOT A SCIENTIFIC RESULT,displacement-report-draft-v1,
MOCK_S23,MOCK_G12,3,non_speaking,jaw,pcmci,0.0088877435326715,0.0088877435326715,MOCK_S23_non_speaking_jaw,3.0,900.0,0d769a7819ac8cdea57cd27d30da4e73493ecdc6a82363f9bfadb1180492e360,displacement_mean_euclidean_error,evaluable,,180.0,3.0,20.0,True,MOCK DATA / NOT A SCIENTIFIC RESULT,displacement-report-draft-v1,
MOCK_S24,MOCK_G12,3,speaking,left_brow,persistence,0.0063791555848803,,MOCK_S24_speaking_left_brow,3.0,900.0,521206c2d299cc41b9fba1491a3320ff08e390bbbf3d1a079cbe0f011d8e1564,displacement_mean_euclidean_error,evaluable,,180.0,0.0,0.0,True,MOCK DATA / NOT A SCIENTIFIC RESULT,displacement-report-draft-v1,
MOCK_S24,MOCK_G12,3,speaking,left_brow,self,0.0057461338787474,0.0057461338787474,MOCK_S24_speaking_left_brow,3.0,900.0,521206c2d299cc41b9fba1491a3320ff08e390bbbf3d1a079cbe0f011d8e1564,displacement_mean_euclidean_error,evaluable,,180.0,0.0,0.0,True,MOCK DATA / NOT A SCIENTIFIC RESULT,displacement-report-draft-v1,
MOCK_S24,MOCK_G12,3,speaking,left_brow,full,0.0060454599812471,0.0060454599812471,MOCK_S24_speaking_left_brow,3.0,900.0,521206c2d299cc41b9fba1491a3320ff08e390bbbf3d1a079cbe0f011d8e1564,displacement_mean_euclidean_error,evaluable,,180.0,105.0,780.0,True,MOCK DATA / NOT A SCIENTIFIC RESULT,displacement-report-draft-v1,
MOCK_S24,MOCK_G12,3,speaking,left_brow,pcmci,0.0057069429236875,0.0057069429236875,MOCK_S24_speaking_left_brow,3.0,900.0,521206c2d299cc41b9fba1491a3320ff08e390bbbf3d1a079cbe0f011d8e1564,displacement_mean_euclidean_error,evaluable,,180.0,3.0,20.0,True,MOCK DATA / NOT A SCIENTIFIC RESULT,displacement-report-draft-v1,
MOCK_S24,MOCK_G12,3,speaking,right_brow,persistence,0.0064230227245661,,MOCK_S24_speaking_right_brow,3.0,900.0,521206c2d299cc41b9fba1491a3320ff08e390bbbf3d1a079cbe0f011d8e1564,displacement_mean_euclidean_error,evaluable,,180.0,0.0,0.0,True,MOCK DATA / NOT A SCIENTIFIC RESULT,displacement-report-draft-v1,
MOCK_S24,MOCK_G12,3,speaking,right_brow,self,0.0060461338787474,0.0060461338787474,MOCK_S24_speaking_right_brow,3.0,900.0,521206c2d299cc41b9fba1491a3320ff08e390bbbf3d1a079cbe0f011d8e1564,displacement_mean_euclidean_error,evaluable,,180.0,0.0,0.0,True,MOCK DATA / NOT A SCIENTIFIC RESULT,displacement-report-draft-v1,
MOCK_S24,MOCK_G12,3,speaking,right_brow,full,0.0062055607393852,0.0062055607393852,MOCK_S24_speaking_right_brow,3.0,900.0,521206c2d299cc41b9fba1491a3320ff08e390bbbf3d1a079cbe0f011d8e1564,displacement_mean_euclidean_error,evaluable,,180.0,105.0,780.0,True,MOCK DATA / NOT A SCIENTIFIC RESULT,displacement-report-draft-v1,
MOCK_S24,MOCK_G12,3,speaking,right_brow,pcmci,0.0064442624160492,0.0064442624160492,MOCK_S24_speaking_right_brow,3.0,900.0,521206c2d299cc41b9fba1491a3320ff08e390bbbf3d1a079cbe0f011d8e1564,displacement_mean_euclidean_error,evaluable,,180.0,3.0,20.0,True,MOCK DATA / NOT A SCIENTIFIC RESULT,displacement-report-draft-v1,
MOCK_S24,MOCK_G12,3,speaking,left_eyelid,persistence,0.0065290636166729,,MOCK_S24_speaking_left_eyelid,4.0,900.0,521206c2d299cc41b9fba1491a3320ff08e390bbbf3d1a079cbe0f011d8e1564,displacement_mean_euclidean_error,evaluable,,240.0,0.0,0.0,True,MOCK DATA / NOT A SCIENTIFIC RESULT,displacement-report-draft-v1,
MOCK_S24,MOCK_G12,3,speaking,left_eyelid,self,0.0063461338787474,0.0063461338787474,MOCK_S24_speaking_left_eyelid,4.0,900.0,521206c2d299cc41b9fba1491a3320ff08e390bbbf3d1a079cbe0f011d8e1564,displacement_mean_euclidean_error,evaluable,,240.0,0.0,0.0,True,MOCK DATA / NOT A SCIENTIFIC RESULT,displacement-report-draft-v1,
MOCK_S24,MOCK_G12,3,speaking,left_eyelid,full,0.0057134177135425,0.0057134177135425,MOCK_S24_speaking_left_eyelid,4.0,900.0,521206c2d299cc41b9fba1491a3320ff08e390bbbf3d1a079cbe0f011d8e1564,displacement_mean_euclidean_error,evaluable,,240.0,105.0,750.0,True,MOCK DATA / NOT A SCIENTIFIC RESULT,displacement-report-draft-v1,
MOCK_S24,MOCK_G12,3,speaking,left_eyelid,pcmci,0.0064018164425608,0.0064018164425608,MOCK_S24_speaking_left_eyelid,4.0,900.0,521206c2d299cc41b9fba1491a3320ff08e390bbbf3d1a079cbe0f011d8e1564,displacement_mean_euclidean_error,evaluable,,240.0,3.0,20.0,True,MOCK DATA / NOT A SCIENTIFIC RESULT,displacement-report-draft-v1,
MOCK_S24,MOCK_G12,3,speaking,right_eyelid,persistence,0.0066103611950184,,MOCK_S24_speaking_right_eyelid,4.0,900.0,521206c2d299cc41b9fba1491a3320ff08e390bbbf3d1a079cbe0f011d8e1564,displacement_mean_euclidean_error,evaluable,,240.0,0.0,0.0,True,MOCK DATA / NOT A SCIENTIFIC RESULT,displacement-report-draft-v1,
MOCK_S24,MOCK_G12,3,speaking,right_eyelid,self,0.0066461338787474,0.0066461338787474,MOCK_S24_speaking_right_eyelid,4.0,900.0,521206c2d299cc41b9fba1491a3320ff08e390bbbf3d1a079cbe0f011d8e1564,displacement_mean_euclidean_error,evaluable,,240.0,0.0,0.0,True,MOCK DATA / NOT A SCIENTIFIC RESULT,displacement-report-draft-v1,
MOCK_S24,MOCK_G12,3,speaking,right_eyelid,full,0.005297323548524,0.005297323548524,MOCK_S24_speaking_right_eyelid,4.0,900.0,521206c2d299cc41b9fba1491a3320ff08e390bbbf3d1a079cbe0f011d8e1564,displacement_mean_euclidean_error,evaluable,,240.0,105.0,750.0,True,MOCK DATA / NOT A SCIENTIFIC RESULT,displacement-report-draft-v1,
MOCK_S24,MOCK_G12,3,speaking,right_eyelid,pcmci,0.005894448251977,0.005894448251977,MOCK_S24_speaking_right_eyelid,4.0,900.0,521206c2d299cc41b9fba1491a3320ff08e390bbbf3d1a079cbe0f011d8e1564,displacement_mean_euclidean_error,evaluable,,240.0,3.0,24.0,True,MOCK DATA / NOT A SCIENTIFIC RESULT,displacement-report-draft-v1,
MOCK_S24,MOCK_G12,3,speaking,left_cheek,persistence,0.0066457269341633,,MOCK_S24_speaking_left_cheek,2.0,900.0,521206c2d299cc41b9fba1491a3320ff08e390bbbf3d1a079cbe0f011d8e1564,displacement_mean_euclidean_error,evaluable,,120.0,0.0,0.0,True,MOCK DATA / NOT A SCIENTIFIC RESULT,displacement-report-draft-v1,
MOCK_S24,MOCK_G12,3,speaking,left_cheek,self,0.0069461338787474,0.0069461338787474,MOCK_S24_speaking_left_cheek,2.0,900.0,521206c2d299cc41b9fba1491a3320ff08e390bbbf3d1a079cbe0f011d8e1564,displacement_mean_euclidean_error,evaluable,,120.0,0.0,0.0,True,MOCK DATA / NOT A SCIENTIFIC RESULT,displacement-report-draft-v1,
MOCK_S24,MOCK_G12,3,speaking,left_cheek,full,0.0056156519172104,0.0056156519172104,MOCK_S24_speaking_left_cheek,2.0,900.0,521206c2d299cc41b9fba1491a3320ff08e390bbbf3d1a079cbe0f011d8e1564,displacement_mean_euclidean_error,evaluable,,120.0,105.0,810.0,True,MOCK DATA / NOT A SCIENTIFIC RESULT,displacement-report-draft-v1,
MOCK_S24,MOCK_G12,3,speaking,left_cheek,pcmci,0.0056644484353513,0.0056644484353513,MOCK_S24_speaking_left_cheek,2.0,900.0,521206c2d299cc41b9fba1491a3320ff08e390bbbf3d1a079cbe0f011d8e1564,displacement_mean_euclidean_error,evaluable,,120.0,3.0,14.0,True,MOCK DATA / NOT A SCIENTIFIC RESULT,displacement-report-draft-v1,
MOCK_S24,MOCK_G12,3,speaking,right_cheek,persistence,0.0068206689762535,,MOCK_S24_speaking_right_cheek,2.0,900.0,521206c2d299cc41b9fba1491a3320ff08e390bbbf3d1a079cbe0f011d8e1564,displacement_mean_euclidean_error,evaluable,,120.0,0.0,0.0,True,MOCK DATA / NOT A SCIENTIFIC RESULT,displacement-report-draft-v1,
MOCK_S24,MOCK_G12,3,speaking,right_cheek,self,0.0072461338787474,0.0072461338787474,MOCK_S24_speaking_right_cheek,2.0,900.0,521206c2d299cc41b9fba1491a3320ff08e390bbbf3d1a079cbe0f011d8e1564,displacement_mean_euclidean_error,evaluable,,120.0,0.0,0.0,True,MOCK DATA / NOT A SCIENTIFIC RESULT,displacement-report-draft-v1,
MOCK_S24,MOCK_G12,3,speaking,right_cheek,full,0.0066515518019569,0.0066515518019569,MOCK_S24_speaking_right_cheek,2.0,900.0,521206c2d299cc41b9fba1491a3320ff08e390bbbf3d1a079cbe0f011d8e1564,displacement_mean_euclidean_error,evaluable,,120.0,105.0,810.0,True,MOCK DATA / NOT A SCIENTIFIC RESULT,displacement-report-draft-v1,
MOCK_S24,MOCK_G12,3,speaking,right_cheek,pcmci,0.0061990963798701,0.0061990963798701,MOCK_S24_speaking_right_cheek,2.0,900.0,521206c2d299cc41b9fba1491a3320ff08e390bbbf3d1a079cbe0f011d8e1564,displacement_mean_euclidean_error,evaluable,,120.0,3.0,38.0,True,MOCK DATA / NOT A SCIENTIFIC RESULT,displacement-report-draft-v1,
MOCK_S24,MOCK_G12,3,speaking,mouth,persistence,0.0066551653793839,,MOCK_S24_speaking_mouth,8.0,900.0,521206c2d299cc41b9fba1491a3320ff08e390bbbf3d1a079cbe0f011d8e1564,displacement_mean_euclidean_error,evaluable,,480.0,0.0,0.0,True,MOCK DATA / NOT A SCIENTIFIC RESULT,displacement-report-draft-v1,
MOCK_S24,MOCK_G12,3,speaking,mouth,self,0.0075461338787474,0.0075461338787474,MOCK_S24_speaking_mouth,8.0,900.0,521206c2d299cc41b9fba1491a3320ff08e390bbbf3d1a079cbe0f011d8e1564,displacement_mean_euclidean_error,evaluable,,480.0,0.0,0.0,True,MOCK DATA / NOT A SCIENTIFIC RESULT,displacement-report-draft-v1,
MOCK_S24,MOCK_G12,3,speaking,mouth,full,0.0077284402425038,0.0077284402425038,MOCK_S24_speaking_mouth,8.0,900.0,521206c2d299cc41b9fba1491a3320ff08e390bbbf3d1a079cbe0f011d8e1564,displacement_mean_euclidean_error,evaluable,,480.0,105.0,630.0,True,MOCK DATA / NOT A SCIENTIFIC RESULT,displacement-report-draft-v1,
MOCK_S24,MOCK_G12,3,speaking,mouth,pcmci,0.0072826578474771,0.0072826578474771,MOCK_S24_speaking_mouth,8.0,900.0,521206c2d299cc41b9fba1491a3320ff08e390bbbf3d1a079cbe0f011d8e1564,displacement_mean_euclidean_error,evaluable,,480.0,3.0,18.0,True,MOCK DATA / NOT A SCIENTIFIC RESULT,displacement-report-draft-v1,
MOCK_S24,MOCK_G12,3,speaking,jaw,persistence,0.0067549454758908,,MOCK_S24_speaking_jaw,3.0,900.0,521206c2d299cc41b9fba1491a3320ff08e390bbbf3d1a079cbe0f011d8e1564,displacement_mean_euclidean_error,evaluable,,180.0,0.0,0.0,True,MOCK DATA / NOT A SCIENTIFIC RESULT,displacement-report-draft-v1,
MOCK_S24,MOCK_G12,3,speaking,jaw,self,0.0078461338787474,0.0078461338787474,MOCK_S24_speaking_jaw,3.0,900.0,521206c2d299cc41b9fba1491a3320ff08e390bbbf3d1a079cbe0f011d8e1564,displacement_mean_euclidean_error,evaluable,,180.0,0.0,0.0,True,MOCK DATA / NOT A SCIENTIFIC RESULT,displacement-report-draft-v1,
MOCK_S24,MOCK_G12,3,speaking,jaw,full,0.0081320495894169,0.0081320495894169,MOCK_S24_speaking_jaw,3.0,900.0,521206c2d299cc41b9fba1491a3320ff08e390bbbf3d1a079cbe0f011d8e1564,displacement_mean_euclidean_error,evaluable,,180.0,105.0,780.0,True,MOCK DATA / NOT A SCIENTIFIC RESULT,displacement-report-draft-v1,
MOCK_S24,MOCK_G12,3,speaking,jaw,pcmci,0.0081947300384334,0.0081947300384334,MOCK_S24_speaking_jaw,3.0,900.0,521206c2d299cc41b9fba1491a3320ff08e390bbbf3d1a079cbe0f011d8e1564,displacement_mean_euclidean_error,evaluable,,180.0,3.0,20.0,True,MOCK DATA / NOT A SCIENTIFIC RESULT,displacement-report-draft-v1,
MOCK_S24,MOCK_G12,3,non_speaking,left_brow,persistence,0.0064778727513747,,MOCK_S24_non_speaking_left_brow,3.0,900.0,2f4ead7effcfb338823a4d894369ee055516e0014a04cf16ff0d6ce75ce14469,displacement_mean_euclidean_error,evaluable,,180.0,0.0,0.0,True,MOCK DATA / NOT A SCIENTIFIC RESULT,displacement-report-draft-v1,
MOCK_S24,MOCK_G12,3,non_speaking,left_brow,self,0.0061461338787474,0.0061461338787474,MOCK_S24_non_speaking_left_brow,3.0,900.0,2f4ead7effcfb338823a4d894369ee055516e0014a04cf16ff0d6ce75ce14469,displacement_mean_euclidean_error,evaluable,,180.0,0.0,0.0,True,MOCK DATA / NOT A SCIENTIFIC RESULT,displacement-report-draft-v1,
MOCK_S24,MOCK_G12,3,non_speaking,left_brow,full,0.0064454599812471,0.0064454599812471,MOCK_S24_non_speaking_left_brow,3.0,900.0,2f4ead7effcfb338823a4d894369ee055516e0014a04cf16ff0d6ce75ce14469,displacement_mean_euclidean_error,evaluable,,180.0,105.0,780.0,True,MOCK DATA / NOT A SCIENTIFIC RESULT,displacement-report-draft-v1,
MOCK_S24,MOCK_G12,3,non_speaking,left_brow,pcmci,0.0065442624160492,0.0065442624160492,MOCK_S24_non_speaking_left_brow,3.0,900.0,2f4ead7effcfb338823a4d894369ee055516e0014a04cf16ff0d6ce75ce14469,displacement_mean_euclidean_error,evaluable,,180.0,3.0,20.0,True,MOCK DATA / NOT A SCIENTIFIC RESULT,displacement-report-draft-v1,
MOCK_S24,MOCK_G12,3,non_speaking,right_brow,persistence,0.0064792619153406,,MOCK_S24_non_speaking_right_brow,3.0,900.0,2f4ead7effcfb338823a4d894369ee055516e0014a04cf16ff0d6ce75ce14469,displacement_mean_euclidean_error,evaluable,,180.0,0.0,0.0,True,MOCK DATA / NOT A SCIENTIFIC RESULT,displacement-report-draft-v1,
MOCK_S24,MOCK_G12,3,non_speaking,right_brow,self,0.0064461338787474,0.0064461338787474,MOCK_S24_non_speaking_right_brow,3.0,900.0,2f4ead7effcfb338823a4d894369ee055516e0014a04cf16ff0d6ce75ce14469,displacement_mean_euclidean_error,evaluable,,180.0,0.0,0.0,True,MOCK DATA / NOT A SCIENTIFIC RESULT,displacement-report-draft-v1,
MOCK_S24,MOCK_G12,3,non_speaking,right_brow,full,0.0066055607393852,0.0066055607393852,MOCK_S24_non_speaking_right_brow,3.0,900.0,2f4ead7effcfb338823a4d894369ee055516e0014a04cf16ff0d6ce75ce14469,displacement_mean_euclidean_error,evaluable,,180.0,105.0,780.0,True,MOCK DATA / NOT A SCIENTIFIC RESULT,displacement-report-draft-v1,
MOCK_S24,MOCK_G12,3,non_speaking,right_brow,pcmci,0.0065018164425608,0.0065018164425608,MOCK_S24_non_speaking_right_brow,3.0,900.0,2f4ead7effcfb338823a4d894369ee055516e0014a04cf16ff0d6ce75ce14469,displacement_mean_euclidean_error,evaluable,,180.0,3.0,20.0,True,MOCK DATA / NOT A SCIENTIFIC RESULT,displacement-report-draft-v1,
MOCK_S24,MOCK_G12,3,non_speaking,left_eyelid,persistence,0.0065543968280606,,MOCK_S24_non_speaking_left_eyelid,4.0,900.0,2f4ead7effcfb338823a4d894369ee055516e0014a04cf16ff0d6ce75ce14469,displacement_mean_euclidean_error,evaluable,,240.0,0.0,0.0,True,MOCK DATA / NOT A SCIENTIFIC RESULT,displacement-report-draft-v1,
MOCK_S24,MOCK_G12,3,non_speaking,left_eyelid,self,0.0067461338787474,0.0067461338787474,MOCK_S24_non_speaking_left_eyelid,4.0,900.0,2f4ead7effcfb338823a4d894369ee055516e0014a04cf16ff0d6ce75ce14469,displacement_mean_euclidean_error,evaluable,,240.0,0.0,0.0,True,MOCK DATA / NOT A SCIENTIFIC RESULT,displacement-report-draft-v1,
MOCK_S24,MOCK_G12,3,non_speaking,left_eyelid,full,0.0061134177135425,0.0061134177135425,MOCK_S24_non_speaking_left_eyelid,4.0,900.0,2f4ead7effcfb338823a4d894369ee055516e0014a04cf16ff0d6ce75ce14469,displacement_mean_euclidean_error,evaluable,,240.0,105.0,750.0,True,MOCK DATA / NOT A SCIENTIFIC RESULT,displacement-report-draft-v1,
MOCK_S24,MOCK_G12,3,non_speaking,left_eyelid,pcmci,0.005994448251977,0.005994448251977,MOCK_S24_non_speaking_left_eyelid,4.0,900.0,2f4ead7effcfb338823a4d894369ee055516e0014a04cf16ff0d6ce75ce14469,displacement_mean_euclidean_error,evaluable,,240.0,3.0,20.0,True,MOCK DATA / NOT A SCIENTIFIC RESULT,displacement-report-draft-v1,
MOCK_S24,MOCK_G12,3,non_speaking,right_eyelid,persistence,0.0066170922290841,,MOCK_S24_non_speaking_right_eyelid,4.0,900.0,2f4ead7effcfb338823a4d894369ee055516e0014a04cf16ff0d6ce75ce14469,displacement_mean_euclidean_error,evaluable,,240.0,0.0,0.0,True,MOCK DATA / NOT A SCIENTIFIC RESULT,displacement-report-draft-v1,
MOCK_S24,MOCK_G12,3,non_speaking,right_eyelid,self,0.0070461338787474,0.0070461338787474,MOCK_S24_non_speaking_right_eyelid,4.0,900.0,2f4ead7effcfb338823a4d894369ee055516e0014a04cf16ff0d6ce75ce14469,displacement_mean_euclidean_error,evaluable,,240.0,0.0,0.0,True,MOCK DATA / NOT A SCIENTIFIC RESULT,displacement-report-draft-v1,
MOCK_S24,MOCK_G12,3,non_speaking,right_eyelid,full,0.005697323548524,0.005697323548524,MOCK_S24_non_speaking_right_eyelid,4.0,900.0,2f4ead7effcfb338823a4d894369ee055516e0014a04cf16ff0d6ce75ce14469,displacement_mean_euclidean_error,evaluable,,240.0,105.0,750.0,True,MOCK DATA / NOT A SCIENTIFIC RESULT,displacement-report-draft-v1,
MOCK_S24,MOCK_G12,3,non_speaking,right_eyelid,pcmci,0.0057644484353513,0.0057644484353513,MOCK_S24_non_speaking_right_eyelid,4.0,900.0,2f4ead7effcfb338823a4d894369ee055516e0014a04cf16ff0d6ce75ce14469,displacement_mean_euclidean_error,evaluable,,240.0,3.0,24.0,True,MOCK DATA / NOT A SCIENTIFIC RESULT,displacement-report-draft-v1,
MOCK_S24,MOCK_G12,3,non_speaking,left_cheek,persistence,0.0065970668364242,,MOCK_S24_non_speaking_left_cheek,2.0,900.0,2f4ead7effcfb338823a4d894369ee055516e0014a04cf16ff0d6ce75ce14469,displacement_mean_euclidean_error,evaluable,,120.0,0.0,0.0,True,MOCK DATA / NOT A SCIENTIFIC RESULT,displacement-report-draft-v1,
MOCK_S24,MOCK_G12,3,non_speaking,left_cheek,self,0.0073461338787474,0.0073461338787474,MOCK_S24_non_speaking_left_cheek,2.0,900.0,2f4ead7effcfb338823a4d894369ee055516e0014a04cf16ff0d6ce75ce14469,displacement_mean_euclidean_error,evaluable,,120.0,0.0,0.0,True,MOCK DATA / NOT A SCIENTIFIC RESULT,displacement-report-draft-v1,
MOCK_S24,MOCK_G12,3,non_speaking,left_cheek,full,0.0060156519172104,0.0060156519172104,MOCK_S24_non_speaking_left_cheek,2.0,900.0,2f4ead7effcfb338823a4d894369ee055516e0014a04cf16ff0d6ce75ce14469,displacement_mean_euclidean_error,evaluable,,120.0,105.0,810.0,True,MOCK DATA / NOT A SCIENTIFIC RESULT,displacement-report-draft-v1,
MOCK_S24,MOCK_G12,3,non_speaking,left_cheek,pcmci,0.0062990963798701,0.0062990963798701,MOCK_S24_non_speaking_left_cheek,2.0,900.0,2f4ead7effcfb338823a4d894369ee055516e0014a04cf16ff0d6ce75ce14469,displacement_mean_euclidean_error,evaluable,,120.0,3.0,14.0,True,MOCK DATA / NOT A SCIENTIFIC RESULT,displacement-report-draft-v1,
MOCK_S24,MOCK_G12,3,non_speaking,right_cheek,persistence,0.0066676107003237,,MOCK_S24_non_speaking_right_cheek,2.0,900.0,2f4ead7effcfb338823a4d894369ee055516e0014a04cf16ff0d6ce75ce14469,displacement_mean_euclidean_error,evaluable,,120.0,0.0,0.0,True,MOCK DATA / NOT A SCIENTIFIC RESULT,displacement-report-draft-v1,
MOCK_S24,MOCK_G12,3,non_speaking,right_cheek,self,0.0076461338787474,0.0076461338787474,MOCK_S24_non_speaking_right_cheek,2.0,900.0,2f4ead7effcfb338823a4d894369ee055516e0014a04cf16ff0d6ce75ce14469,displacement_mean_euclidean_error,evaluable,,120.0,0.0,0.0,True,MOCK DATA / NOT A SCIENTIFIC RESULT,displacement-report-draft-v1,
MOCK_S24,MOCK_G12,3,non_speaking,right_cheek,full,0.0070515518019569,0.0070515518019569,MOCK_S24_non_speaking_right_cheek,2.0,900.0,2f4ead7effcfb338823a4d894369ee055516e0014a04cf16ff0d6ce75ce14469,displacement_mean_euclidean_error,evaluable,,120.0,105.0,810.0,True,MOCK DATA / NOT A SCIENTIFIC RESULT,displacement-report-draft-v1,
MOCK_S24,MOCK_G12,3,non_speaking,right_cheek,pcmci,0.0073826578474771,0.0073826578474771,MOCK_S24_non_speaking_right_cheek,2.0,900.0,2f4ead7effcfb338823a4d894369ee055516e0014a04cf16ff0d6ce75ce14469,displacement_mean_euclidean_error,evaluable,,120.0,3.0,38.0,True,MOCK DATA / NOT A SCIENTIFIC RESULT,displacement-report-draft-v1,
MOCK_S24,MOCK_G12,3,non_speaking,mouth,persistence,0.0066441376570125,,MOCK_S24_non_speaking_mouth,8.0,900.0,2f4ead7effcfb338823a4d894369ee055516e0014a04cf16ff0d6ce75ce14469,displacement_mean_euclidean_error,evaluable,,480.0,0.0,0.0,True,MOCK DATA / NOT A SCIENTIFIC RESULT,displacement-report-draft-v1,
MOCK_S24,MOCK_G12,3,non_speaking,mouth,self,0.0079461338787474,0.0079461338787474,MOCK_S24_non_speaking_mouth,8.0,900.0,2f4ead7effcfb338823a4d894369ee055516e0014a04cf16ff0d6ce75ce14469,displacement_mean_euclidean_error,evaluable,,480.0,0.0,0.0,True,MOCK DATA / NOT A SCIENTIFIC RESULT,displacement-report-draft-v1,
MOCK_S24,MOCK_G12,3,non_speaking,mouth,full,0.0081284402425038,0.0081284402425038,MOCK_S24_non_speaking_mouth,8.0,900.0,2f4ead7effcfb338823a4d894369ee055516e0014a04cf16ff0d6ce75ce14469,displacement_mean_euclidean_error,evaluable,,480.0,105.0,630.0,True,MOCK DATA / NOT A SCIENTIFIC RESULT,displacement-report-draft-v1,
MOCK_S24,MOCK_G12,3,non_speaking,mouth,pcmci,0.0082947300384334,0.0082947300384334,MOCK_S24_non_speaking_mouth,8.0,900.0,2f4ead7effcfb338823a4d894369ee055516e0014a04cf16ff0d6ce75ce14469,displacement_mean_euclidean_error,evaluable,,480.0,3.0,18.0,True,MOCK DATA / NOT A SCIENTIFIC RESULT,displacement-report-draft-v1,
MOCK_S24,MOCK_G12,3,non_speaking,jaw,persistence,0.0066758686668284,,MOCK_S24_non_speaking_jaw,3.0,900.0,2f4ead7effcfb338823a4d894369ee055516e0014a04cf16ff0d6ce75ce14469,displacement_mean_euclidean_error,evaluable,,180.0,0.0,0.0,True,MOCK DATA / NOT A SCIENTIFIC RESULT,displacement-report-draft-v1,
MOCK_S24,MOCK_G12,3,non_speaking,jaw,self,0.0082461338787474,0.0082461338787474,MOCK_S24_non_speaking_jaw,3.0,900.0,2f4ead7effcfb338823a4d894369ee055516e0014a04cf16ff0d6ce75ce14469,displacement_mean_euclidean_error,evaluable,,180.0,0.0,0.0,True,MOCK DATA / NOT A SCIENTIFIC RESULT,displacement-report-draft-v1,
MOCK_S24,MOCK_G12,3,non_speaking,jaw,full,0.0085320495894169,0.0085320495894169,MOCK_S24_non_speaking_jaw,3.0,900.0,2f4ead7effcfb338823a4d894369ee055516e0014a04cf16ff0d6ce75ce14469,displacement_mean_euclidean_error,evaluable,,180.0,105.0,780.0,True,MOCK DATA / NOT A SCIENTIFIC RESULT,displacement-report-draft-v1,
MOCK_S24,MOCK_G12,3,non_speaking,jaw,pcmci,0.0084725766030892,0.0084725766030893,MOCK_S24_non_speaking_jaw,3.0,900.0,2f4ead7effcfb338823a4d894369ee055516e0014a04cf16ff0d6ce75ce14469,displacement_mean_euclidean_error,evaluable,,180.0,3.0,20.0,True,MOCK DATA / NOT A SCIENTIFIC RESULT,displacement-report-draft-v1,
MOCK_S25,MOCK_G13,4,speaking,left_brow,persistence,0.0064940620236611,,MOCK_S25_speaking_left_brow,3.0,900.0,8966ac2d059abccbb64c68311d51d1137e876b72993e40e09cd073adc7aae8cf,displacement_mean_euclidean_error,evaluable,,180.0,0.0,0.0,True,MOCK DATA / NOT A SCIENTIFIC RESULT,displacement-report-draft-v1,
MOCK_S25,MOCK_G13,4,speaking,left_brow,self,0.005728326491398,0.005728326491398,MOCK_S25_speaking_left_brow,3.0,900.0,8966ac2d059abccbb64c68311d51d1137e876b72993e40e09cd073adc7aae8cf,displacement_mean_euclidean_error,evaluable,,180.0,0.0,0.0,True,MOCK DATA / NOT A SCIENTIFIC RESULT,displacement-report-draft-v1,
MOCK_S25,MOCK_G13,4,speaking,left_brow,full,0.0060474184902923,0.0060474184902923,MOCK_S25_speaking_left_brow,3.0,900.0,8966ac2d059abccbb64c68311d51d1137e876b72993e40e09cd073adc7aae8cf,displacement_mean_euclidean_error,evaluable,,180.0,90.0,720.0,True,MOCK DATA / NOT A SCIENTIFIC RESULT,displacement-report-draft-v1,
MOCK_S25,MOCK_G13,4,speaking,left_brow,pcmci,0.0059956023563206,0.0059956023563206,MOCK_S25_speaking_left_brow,3.0,900.0,8966ac2d059abccbb64c68311d51d1137e876b72993e40e09cd073adc7aae8cf,displacement_mean_euclidean_error,evaluable,,180.0,3.0,20.0,True,MOCK DATA / NOT A SCIENTIFIC RESULT,displacement-report-draft-v1,
MOCK_S25,MOCK_G13,4,speaking,right_brow,persistence,0.0064948433234653,,MOCK_S25_speaking_right_brow,3.0,900.0,8966ac2d059abccbb64c68311d51d1137e876b72993e40e09cd073adc7aae8cf,displacement_mean_euclidean_error,evaluable,,180.0,0.0,0.0,True,MOCK DATA / NOT A SCIENTIFIC RESULT,displacement-report-draft-v1,
MOCK_S25,MOCK_G13,4,speaking,right_brow,self,0.006028326491398,0.006028326491398,MOCK_S25_speaking_right_brow,3.0,900.0,8966ac2d059abccbb64c68311d51d1137e876b72993e40e09cd073adc7aae8cf,displacement_mean_euclidean_error,evaluable,,180.0,0.0,0.0,True,MOCK DATA / NOT A SCIENTIFIC RESULT,displacement-report-draft-v1,
MOCK_S25,MOCK_G13,4,speaking,right_brow,full,0.0057511330124691,0.0057511330124691,MOCK_S25_speaking_right_brow,3.0,900.0,8966ac2d059abccbb64c68311d51d1137e876b72993e40e09cd073adc7aae8cf,displacement_mean_euclidean_error,evaluable,,180.0,90.0,720.0,True,MOCK DATA / NOT A SCIENTIFIC RESULT,displacement-report-draft-v1,
MOCK_S25,MOCK_G13,4,speaking,right_brow,pcmci,0.0063496562556306,0.0063496562556306,MOCK_S25_speaking_right_brow,3.0,900.0,8966ac2d059abccbb64c68311d51d1137e876b72993e40e09cd073adc7aae8cf,displacement_mean_euclidean_error,evaluable,,180.0,3.0,20.0,True,MOCK DATA / NOT A SCIENTIFIC RESULT,displacement-report-draft-v1,
MOCK_S25,MOCK_G13,4,speaking,left_eyelid,persistence,0.0064469130000877,,MOCK_S25_speaking_left_eyelid,4.0,900.0,8966ac2d059abccbb64c68311d51d1137e876b72993e40e09cd073adc7aae8cf,displacement_mean_euclidean_error,evaluable,,240.0,0.0,0.0,True,MOCK DATA / NOT A SCIENTIFIC RESULT,displacement-report-draft-v1,
MOCK_S25,MOCK_G13,4,speaking,left_eyelid,self,0.006328326491398,0.006328326491398,MOCK_S25_speaking_left_eyelid,4.0,900.0,8966ac2d059abccbb64c68311d51d1137e876b72993e40e09cd073adc7aae8cf,displacement_mean_euclidean_error,evaluable,,240.0,0.0,0.0,True,MOCK DATA / NOT A SCIENTIFIC RESULT,displacement-report-draft-v1,
MOCK_S25,MOCK_G13,4,speaking,left_eyelid,full,0.0052040304772848,0.0052040304772848,MOCK_S25_speaking_left_eyelid,4.0,900.0,8966ac2d059abccbb64c68311d51d1137e876b72993e40e09cd073adc7aae8cf,displacement_mean_euclidean_error,evaluable,,240.0,90.0,690.0,True,MOCK DATA / NOT A SCIENTIFIC RESULT,displacement-report-draft-v1,
MOCK_S25,MOCK_G13,4,speaking,left_eyelid,pcmci,0.0059945531268746,0.0059945531268746,MOCK_S25_speaking_left_eyelid,4.0,900.0,8966ac2d059abccbb64c68311d51d1137e876b72993e40e09cd073adc7aae8cf,displacement_mean_euclidean_error,evaluable,,240.0,2.0,16.0,True,MOCK DATA / NOT A SCIENTIFIC RESULT,displacement-report-draft-v1,
MOCK_S25,MOCK_G13,4,speaking,right_eyelid,persistence,0.0064205106333314,,MOCK_S25_speaking_right_eyelid,4.0,900.0,8966ac2d059abccbb64c68311d51d1137e876b72993e40e09cd073adc7aae8cf,displacement_mean_euclidean_error,evaluable,,240.0,0.0,0.0,True,MOCK DATA / NOT A SCIENTIFIC RESULT,displacement-report-draft-v1,
MOCK_S25,MOCK_G13,4,speaking,right_eyelid,self,0.006628326491398,0.006628326491398,MOCK_S25_speaking_right_eyelid,4.0,900.0,8966ac2d059abccbb64c68311d51d1137e876b72993e40e09cd073adc7aae8cf,displacement_mean_euclidean_error,evaluable,,240.0,0.0,0.0,True,MOCK DATA / NOT A SCIENTIFIC RESULT,displacement-report-draft-v1,
MOCK_S25,MOCK_G13,4,speaking,right_eyelid,full,0.0051849330489744,0.0051849330489744,MOCK_S25_speaking_right_eyelid,4.0,900.0,8966ac2d059abccbb64c68311d51d1137e876b72993e40e09cd073adc7aae8cf,displacement_mean_euclidean_error,evaluable,,240.0,90.0,690.0,True,MOCK DATA / NOT A SCIENTIFIC RESULT,displacement-report-draft-v1,
MOCK_S25,MOCK_G13,4,speaking,right_eyelid,pcmci,0.005532591765468,0.005532591765468,MOCK_S25_speaking_right_eyelid,4.0,900.0,8966ac2d059abccbb64c68311d51d1137e876b72993e40e09cd073adc7aae8cf,displacement_mean_euclidean_error,evaluable,,240.0,3.0,24.0,True,MOCK DATA / NOT A SCIENTIFIC RESULT,displacement-report-draft-v1,
MOCK_S25,MOCK_G13,4,speaking,left_cheek,persistence,0.0065191836150306,,MOCK_S25_speaking_left_cheek,2.0,900.0,8966ac2d059abccbb64c68311d51d1137e876b72993e40e09cd073adc7aae8cf,displacement_mean_euclidean_error,evaluable,,120.0,0.0,0.0,True,MOCK DATA / NOT A SCIENTIFIC RESULT,displacement-report-draft-v1,
MOCK_S25,MOCK_G13,4,speaking,left_cheek,self,0.006928326491398,0.006928326491398,MOCK_S25_speaking_left_cheek,2.0,900.0,8966ac2d059abccbb64c68311d51d1137e876b72993e40e09cd073adc7aae8cf,displacement_mean_euclidean_error,evaluable,,120.0,0.0,0.0,True,MOCK DATA / NOT A SCIENTIFIC RESULT,displacement-report-draft-v1,
MOCK_S25,MOCK_G13,4,speaking,left_cheek,full,0.0059872174315333,0.0059872174315333,MOCK_S25_speaking_left_cheek,2.0,900.0,8966ac2d059abccbb64c68311d51d1137e876b72993e40e09cd073adc7aae8cf,displacement_mean_euclidean_error,evaluable,,120.0,90.0,750.0,True,MOCK DATA / NOT A SCIENTIFIC RESULT,displacement-report-draft-v1,
MOCK_S25,MOCK_G13,4,speaking,left_cheek,pcmci,0.0056643159331231,0.0056643159331231,MOCK_S25_speaking_left_cheek,2.0,900.0,8966ac2d059abccbb64c68311d51d1137e876b72993e40e09cd073adc7aae8cf,displacement_mean_euclidean_error,evaluable,,120.0,1.0,6.0,True,MOCK DATA / NOT A SCIENTIFIC RESULT,displacement-report-draft-v1,
MOCK_S25,MOCK_G13,4,speaking,mouth,persistence,0.0067431844555367,,MOCK_S25_speaking_mouth,8.0,900.0,8966ac2d059abccbb64c68311d51d1137e876b72993e40e09cd073adc7aae8cf,displacement_mean_euclidean_error,evaluable,,480.0,0.0,0.0,True,MOCK DATA / NOT A SCIENTIFIC RESULT,displacement-report-draft-v1,
MOCK_S25,MOCK_G13,4,speaking,mouth,self,0.007528326491398,0.007528326491398,MOCK_S25_speaking_mouth,8.0,900.0,8966ac2d059abccbb64c68311d51d1137e876b72993e40e09cd073adc7aae8cf,displacement_mean_euclidean_error,evaluable,,480.0,0.0,0.0,True,MOCK DATA / NOT A SCIENTIFIC RESULT,displacement-report-draft-v1,
MOCK_S25,MOCK_G13,4,speaking,mouth,full,0.0078781401015264,0.0078781401015264,MOCK_S25_speaking_mouth,8.0,900.0,8966ac2d059abccbb64c68311d51d1137e876b72993e40e09cd073adc7aae8cf,displacement_mean_euclidean_error,evaluable,,480.0,90.0,570.0,True,MOCK DATA / NOT A SCIENTIFIC RESULT,displacement-report-draft-v1,
MOCK_S25,MOCK_G13,4,speaking,mouth,pcmci,0.0076395956934054,0.0076395956934054,MOCK_S25_speaking_mouth,8.0,900.0,8966ac2d059abccbb64c68311d51d1137e876b72993e40e09cd073adc7aae8cf,displacement_mean_euclidean_error,evaluable,,480.0,3.0,18.0,True,MOCK DATA / NOT A SCIENTIFIC RESULT,displacement-report-draft-v1,
MOCK_S25,MOCK_G13,4,speaking,jaw,persistence,0.0067296655277868,,MOCK_S25_speaking_jaw,3.0,900.0,8966ac2d059abccbb64c68311d51d1137e876b72993e40e09cd073adc7aae8cf,displacement_mean_euclidean_error,evaluable,,180.0,0.0,0.0,True,MOCK DATA / NOT A SCIENTIFIC RESULT,displacement-report-draft-v1,
MOCK_S25,MOCK_G13,4,speaking,jaw,self,0.007828326491398,0.007828326491398,MOCK_S25_speaking_jaw,3.0,900.0,8966ac2d059abccbb64c68311d51d1137e876b72993e40e09cd073adc7aae8cf,displacement_mean_euclidean_error,evaluable,,180.0,0.0,0.0,True,MOCK DATA / NOT A SCIENTIFIC RESULT,displacement-report-draft-v1,
MOCK_S25,MOCK_G13,4,speaking,jaw,full,0.0077799100395639,0.0077799100395639,MOCK_S25_speaking_jaw,3.0,900.0,8966ac2d059abccbb64c68311d51d1137e876b72993e40e09cd073adc7aae8cf,displacement_mean_euclidean_error,evaluable,,180.0,90.0,720.0,True,MOCK DATA / NOT A SCIENTIFIC RESULT,displacement-report-draft-v1,
MOCK_S25,MOCK_G13,4,speaking,jaw,pcmci,0.0082187254168566,0.0082187254168566,MOCK_S25_speaking_jaw,3.0,900.0,8966ac2d059abccbb64c68311d51d1137e876b72993e40e09cd073adc7aae8cf,displacement_mean_euclidean_error,evaluable,,180.0,3.0,20.0,True,MOCK DATA / NOT A SCIENTIFIC RESULT,displacement-report-draft-v1,
MOCK_S25,MOCK_G13,4,non_speaking,left_brow,persistence,0.006383114709552,,MOCK_S25_non_speaking_left_brow,3.0,900.0,d6a6e0ba3972a4d65d5e9bb718ff060844f74deba7121cebfa26bef99a12fbb7,displacement_mean_euclidean_error,evaluable,,180.0,0.0,0.0,True,MOCK DATA / NOT A SCIENTIFIC RESULT,displacement-report-draft-v1,
MOCK_S25,MOCK_G13,4,non_speaking,left_brow,self,0.006128326491398,0.006128326491398,MOCK_S25_non_speaking_left_brow,3.0,900.0,d6a6e0ba3972a4d65d5e9bb718ff060844f74deba7121cebfa26bef99a12fbb7,displacement_mean_euclidean_error,evaluable,,180.0,0.0,0.0,True,MOCK DATA / NOT A SCIENTIFIC RESULT,displacement-report-draft-v1,
MOCK_S25,MOCK_G13,4,non_speaking,left_brow,full,0.0064474184902923,0.0064474184902923,MOCK_S25_non_speaking_left_brow,3.0,900.0,d6a6e0ba3972a4d65d5e9bb718ff060844f74deba7121cebfa26bef99a12fbb7,displacement_mean_euclidean_error,evaluable,,180.0,90.0,720.0,True,MOCK DATA / NOT A SCIENTIFIC RESULT,displacement-report-draft-v1,
MOCK_S25,MOCK_G13,4,non_speaking,left_brow,pcmci,0.0064496562556306,0.0064496562556306,MOCK_S25_non_speaking_left_brow,3.0,900.0,d6a6e0ba3972a4d65d5e9bb718ff060844f74deba7121cebfa26bef99a12fbb7,displacement_mean_euclidean_error,evaluable,,180.0,3.0,20.0,True,MOCK DATA / NOT A SCIENTIFIC RESULT,displacement-report-draft-v1,
MOCK_S25,MOCK_G13,4,non_speaking,right_brow,persistence,0.006611812834935,,MOCK_S25_non_speaking_right_brow,3.0,900.0,d6a6e0ba3972a4d65d5e9bb718ff060844f74deba7121cebfa26bef99a12fbb7,displacement_mean_euclidean_error,evaluable,,180.0,0.0,0.0,True,MOCK DATA / NOT A SCIENTIFIC RESULT,displacement-report-draft-v1,
MOCK_S25,MOCK_G13,4,non_speaking,right_brow,self,0.006428326491398,0.006428326491398,MOCK_S25_non_speaking_right_brow,3.0,900.0,d6a6e0ba3972a4d65d5e9bb718ff060844f74deba7121cebfa26bef99a12fbb7,displacement_mean_euclidean_error,evaluable,,180.0,0.0,0.0,True,MOCK DATA / NOT A SCIENTIFIC RESULT,displacement-report-draft-v1,
MOCK_S25,MOCK_G13,4,non_speaking,right_brow,full,0.0061511330124691,0.0061511330124691,MOCK_S25_non_speaking_right_brow,3.0,900.0,d6a6e0ba3972a4d65d5e9bb718ff060844f74deba7121cebfa26bef99a12fbb7,displacement_mean_euclidean_error,evaluable,,180.0,90.0,720.0,True,MOCK DATA / NOT A SCIENTIFIC RESULT,displacement-report-draft-v1,
MOCK_S25,MOCK_G13,4,non_speaking,right_brow,pcmci,0.0060945531268746,0.0060945531268746,MOCK_S25_non_speaking_right_brow,3.0,900.0,d6a6e0ba3972a4d65d5e9bb718ff060844f74deba7121cebfa26bef99a12fbb7,displacement_mean_euclidean_error,evaluable,,180.0,3.0,20.0,True,MOCK DATA / NOT A SCIENTIFIC RESULT,displacement-report-draft-v1,
MOCK_S25,MOCK_G13,4,non_speaking,left_eyelid,persistence,0.0065200550208622,,MOCK_S25_non_speaking_left_eyelid,4.0,900.0,d6a6e0ba3972a4d65d5e9bb718ff060844f74deba7121cebfa26bef99a12fbb7,displacement_mean_euclidean_error,evaluable,,240.0,0.0,0.0,True,MOCK DATA / NOT A SCIENTIFIC RESULT,displacement-report-draft-v1,
MOCK_S25,MOCK_G13,4,non_speaking,left_eyelid,self,0.006728326491398,0.006728326491398,MOCK_S25_non_speaking_left_eyelid,4.0,900.0,d6a6e0ba3972a4d65d5e9bb718ff060844f74deba7121cebfa26bef99a12fbb7,displacement_mean_euclidean_error,evaluable,,240.0,0.0,0.0,True,MOCK DATA / NOT A SCIENTIFIC RESULT,displacement-report-draft-v1,
MOCK_S25,MOCK_G13,4,non_speaking,left_eyelid,full,0.0056040304772848,0.0056040304772848,MOCK_S25_non_speaking_left_eyelid,4.0,900.0,d6a6e0ba3972a4d65d5e9bb718ff060844f74deba7121cebfa26bef99a12fbb7,displacement_mean_euclidean_error,evaluable,,240.0,90.0,690.0,True,MOCK DATA / NOT A SCIENTIFIC RESULT,displacement-report-draft-v1,
MOCK_S25,MOCK_G13,4,non_speaking,left_eyelid,pcmci,0.005632591765468,0.005632591765468,MOCK_S25_non_speaking_left_eyelid,4.0,900.0,d6a6e0ba3972a4d65d5e9bb718ff060844f74deba7121cebfa26bef99a12fbb7,displacement_mean_euclidean_error,evaluable,,240.0,2.0,16.0,True,MOCK DATA / NOT A SCIENTIFIC RESULT,displacement-report-draft-v1,
MOCK_S25,MOCK_G13,4,non_speaking,right_eyelid,persistence,0.0065358155600635,,MOCK_S25_non_speaking_right_eyelid,4.0,900.0,d6a6e0ba3972a4d65d5e9bb718ff060844f74deba7121cebfa26bef99a12fbb7,displacement_mean_euclidean_error,evaluable,,240.0,0.0,0.0,True,MOCK DATA / NOT A SCIENTIFIC RESULT,displacement-report-draft-v1,
MOCK_S25,MOCK_G13,4,non_speaking,right_eyelid,self,0.007028326491398,0.007028326491398,MOCK_S25_non_speaking_right_eyelid,4.0,900.0,d6a6e0ba3972a4d65d5e9bb718ff060844f74deba7121cebfa26bef99a12fbb7,displacement_mean_euclidean_error,evaluable,,240.0,0.0,0.0,True,MOCK DATA / NOT A SCIENTIFIC RESULT,displacement-report-draft-v1,
MOCK_S25,MOCK_G13,4,non_speaking,right_eyelid,full,0.0055849330489744,0.0055849330489744,MOCK_S25_non_speaking_right_eyelid,4.0,900.0,d6a6e0ba3972a4d65d5e9bb718ff060844f74deba7121cebfa26bef99a12fbb7,displacement_mean_euclidean_error,evaluable,,240.0,90.0,690.0,True,MOCK DATA / NOT A SCIENTIFIC RESULT,displacement-report-draft-v1,
MOCK_S25,MOCK_G13,4,non_speaking,right_eyelid,pcmci,0.0057643159331231,0.0057643159331231,MOCK_S25_non_speaking_right_eyelid,4.0,900.0,d6a6e0ba3972a4d65d5e9bb718ff060844f74deba7121cebfa26bef99a12fbb7,displacement_mean_euclidean_error,evaluable,,240.0,3.0,24.0,True,MOCK DATA / NOT A SCIENTIFIC RESULT,displacement-report-draft-v1,
MOCK_S25,MOCK_G13,4,non_speaking,left_cheek,persistence,0.006651407700275,,MOCK_S25_non_speaking_left_cheek,2.0,900.0,d6a6e0ba3972a4d65d5e9bb718ff060844f74deba7121cebfa26bef99a12fbb7,displacement_mean_euclidean_error,evaluable,,120.0,0.0,0.0,True,MOCK DATA / NOT A SCIENTIFIC RESULT,displacement-report-draft-v1,
MOCK_S25,MOCK_G13,4,non_speaking,left_cheek,self,0.007328326491398,0.007328326491398,MOCK_S25_non_speaking_left_cheek,2.0,900.0,d6a6e0ba3972a4d65d5e9bb718ff060844f74deba7121cebfa26bef99a12fbb7,displacement_mean_euclidean_error,evaluable,,120.0,0.0,0.0,True,MOCK DATA / NOT A SCIENTIFIC RESULT,displacement-report-draft-v1,
MOCK_S25,MOCK_G13,4,non_speaking,left_cheek,full,0.0063872174315333,0.0063872174315333,MOCK_S25_non_speaking_left_cheek,2.0,900.0,d6a6e0ba3972a4d65d5e9bb718ff060844f74deba7121cebfa26bef99a12fbb7,displacement_mean_euclidean_error,evaluable,,120.0,90.0,750.0,True,MOCK DATA / NOT A SCIENTIFIC RESULT,displacement-report-draft-v1,
MOCK_S25,MOCK_G13,4,non_speaking,left_cheek,pcmci,0.0066444376540541,0.0066444376540541,MOCK_S25_non_speaking_left_cheek,2.0,900.0,d6a6e0ba3972a4d65d5e9bb718ff060844f74deba7121cebfa26bef99a12fbb7,displacement_mean_euclidean_error,evaluable,,120.0,1.0,6.0,True,MOCK DATA / NOT A SCIENTIFIC RESULT,displacement-report-draft-v1,
MOCK_S25,MOCK_G13,4,non_speaking,mouth,persistence,0.006689888146329,,MOCK_S25_non_speaking_mouth,8.0,900.0,d6a6e0ba3972a4d65d5e9bb718ff060844f74deba7121cebfa26bef99a12fbb7,displacement_mean_euclidean_error,evaluable,,480.0,0.0,0.0,True,MOCK DATA / NOT A SCIENTIFIC RESULT,displacement-report-draft-v1,
MOCK_S25,MOCK_G13,4,non_speaking,mouth,self,0.007928326491398,0.007928326491398,MOCK_S25_non_speaking_mouth,8.0,900.0,d6a6e0ba3972a4d65d5e9bb718ff060844f74deba7121cebfa26bef99a12fbb7,displacement_mean_euclidean_error,evaluable,,480.0,0.0,0.0,True,MOCK DATA / NOT A SCIENTIFIC RESULT,displacement-report-draft-v1,
MOCK_S25,MOCK_G13,4,non_speaking,mouth,full,0.0082781401015264,0.0082781401015264,MOCK_S25_non_speaking_mouth,8.0,900.0,d6a6e0ba3972a4d65d5e9bb718ff060844f74deba7121cebfa26bef99a12fbb7,displacement_mean_euclidean_error,evaluable,,480.0,90.0,570.0,True,MOCK DATA / NOT A SCIENTIFIC RESULT,displacement-report-draft-v1,
MOCK_S25,MOCK_G13,4,non_speaking,mouth,pcmci,0.0083187254168566,0.0083187254168566,MOCK_S25_non_speaking_mouth,8.0,900.0,d6a6e0ba3972a4d65d5e9bb718ff060844f74deba7121cebfa26bef99a12fbb7,displacement_mean_euclidean_error,evaluable,,480.0,3.0,18.0,True,MOCK DATA / NOT A SCIENTIFIC RESULT,displacement-report-draft-v1,
MOCK_S25,MOCK_G13,4,non_speaking,jaw,persistence,0.0067653340361088,,MOCK_S25_non_speaking_jaw,3.0,900.0,d6a6e0ba3972a4d65d5e9bb718ff060844f74deba7121cebfa26bef99a12fbb7,displacement_mean_euclidean_error,evaluable,,180.0,0.0,0.0,True,MOCK DATA / NOT A SCIENTIFIC RESULT,displacement-report-draft-v1,
MOCK_S25,MOCK_G13,4,non_speaking,jaw,self,0.008228326491398,0.008228326491398,MOCK_S25_non_speaking_jaw,3.0,900.0,d6a6e0ba3972a4d65d5e9bb718ff060844f74deba7121cebfa26bef99a12fbb7,displacement_mean_euclidean_error,evaluable,,180.0,0.0,0.0,True,MOCK DATA / NOT A SCIENTIFIC RESULT,displacement-report-draft-v1,
MOCK_S25,MOCK_G13,4,non_speaking,jaw,full,0.0081799100395639,0.0081799100395639,MOCK_S25_non_speaking_jaw,3.0,900.0,d6a6e0ba3972a4d65d5e9bb718ff060844f74deba7121cebfa26bef99a12fbb7,displacement_mean_euclidean_error,evaluable,,180.0,90.0,720.0,True,MOCK DATA / NOT A SCIENTIFIC RESULT,displacement-report-draft-v1,
MOCK_S25,MOCK_G13,4,non_speaking,jaw,pcmci,0.0081251962439393,0.0081251962439393,MOCK_S25_non_speaking_jaw,3.0,900.0,d6a6e0ba3972a4d65d5e9bb718ff060844f74deba7121cebfa26bef99a12fbb7,displacement_mean_euclidean_error,evaluable,,180.0,3.0,20.0,True,MOCK DATA / NOT A SCIENTIFIC RESULT,displacement-report-draft-v1,
MOCK_S26,MOCK_G13,4,speaking,left_brow,persistence,0.00643324525987,,MOCK_S26_speaking_left_brow,3.0,900.0,d797bc52f6e0c6672087ae05091b3a56028a1fcc66afb28bd0b44adbfcca8f12,displacement_mean_euclidean_error,evaluable,,180.0,0.0,0.0,True,MOCK DATA / NOT A SCIENTIFIC RESULT,displacement-report-draft-v1,
MOCK_S26,MOCK_G13,4,speaking,left_brow,self,0.0059602944749706,0.0059602944749706,MOCK_S26_speaking_left_brow,3.0,900.0,d797bc52f6e0c6672087ae05091b3a56028a1fcc66afb28bd0b44adbfcca8f12,displacement_mean_euclidean_error,evaluable,,180.0,0.0,0.0,True,MOCK DATA / NOT A SCIENTIFIC RESULT,displacement-report-draft-v1,
MOCK_S26,MOCK_G13,4,speaking,left_brow,full,0.005995553531112,0.005995553531112,MOCK_S26_speaking_left_brow,3.0,900.0,d797bc52f6e0c6672087ae05091b3a56028a1fcc66afb28bd0b44adbfcca8f12,displacement_mean_euclidean_error,evaluable,,180.0,90.0,720.0,True,MOCK DATA / NOT A SCIENTIFIC RESULT,displacement-report-draft-v1,
MOCK_S26,MOCK_G13,4,speaking,left_brow,pcmci,0.0063584230122724,0.0063584230122724,MOCK_S26_speaking_left_brow,3.0,900.0,d797bc52f6e0c6672087ae05091b3a56028a1fcc66afb28bd0b44adbfcca8f12,displacement_mean_euclidean_error,evaluable,,180.0,3.0,20.0,True,MOCK DATA / NOT A SCIENTIFIC RESULT,displacement-report-draft-v1,
MOCK_S26,MOCK_G13,4,speaking,right_brow,persistence,0.0065568068961794,,MOCK_S26_speaking_right_brow,3.0,900.0,d797bc52f6e0c6672087ae05091b3a56028a1fcc66afb28bd0b44adbfcca8f12,displacement_mean_euclidean_error,evaluable,,180.0,0.0,0.0,True,MOCK DATA / NOT A SCIENTIFIC RESULT,displacement-report-draft-v1,
MOCK_S26,MOCK_G13,4,speaking,right_brow,self,0.0062602944749706,0.0062602944749706,MOCK_S26_speaking_right_brow,3.0,900.0,d797bc52f6e0c6672087ae05091b3a56028a1fcc66afb28bd0b44adbfcca8f12,displacement_mean_euclidean_error,evaluable,,180.0,0.0,0.0,True,MOCK DATA / NOT A SCIENTIFIC RESULT,displacement-report-draft-v1,
MOCK_S26,MOCK_G13,4,speaking,right_brow,full,0.0054511814899721,0.0054511814899721,MOCK_S26_speaking_right_brow,3.0,900.0,d797bc52f6e0c6672087ae05091b3a56028a1fcc66afb28bd0b44adbfcca8f12,displacement_mean_euclidean_error,evaluable,,180.0,90.0,720.0,True,MOCK DATA / NOT A SCIENTIFIC RESULT,displacement-report-draft-v1,
MOCK_S26,MOCK_G13,4,speaking,right_brow,pcmci,0.006315977038784,0.006315977038784,MOCK_S26_speaking_right_brow,3.0,900.0,d797bc52f6e0c6672087ae05091b3a56028a1fcc66afb28bd0b44adbfcca8f12,displacement_mean_euclidean_error,evaluable,,180.0,3.0,20.0,True,MOCK DATA / NOT A SCIENTIFIC RESULT,displacement-report-draft-v1,
MOCK_S26,MOCK_G13,4,speaking,left_eyelid,persistence,0.0066791239690888,,MOCK_S26_speaking_left_eyelid,4.0,900.0,d797bc52f6e0c6672087ae05091b3a56028a1fcc66afb28bd0b44adbfcca8f12,displacement_mean_euclidean_error,evaluable,,240.0,0.0,0.0,True,MOCK DATA / NOT A SCIENTIFIC RESULT,displacement-report-draft-v1,
MOCK_S26,MOCK_G13,4,speaking,left_eyelid,self,0.0065602944749706,0.0065602944749706,MOCK_S26_speaking_left_eyelid,4.0,900.0,d797bc52f6e0c6672087ae05091b3a56028a1fcc66afb28bd0b44adbfcca8f12,displacement_mean_euclidean_error,evaluable,,240.0,0.0,0.0,True,MOCK DATA / NOT A SCIENTIFIC RESULT,displacement-report-draft-v1,
MOCK_S26,MOCK_G13,4,speaking,left_eyelid,full,0.005145036732279,0.005145036732279,MOCK_S26_speaking_left_eyelid,4.0,900.0,d797bc52f6e0c6672087ae05091b3a56028a1fcc66afb28bd0b44adbfcca8f12,displacement_mean_euclidean_error,evaluable,,240.0,90.0,690.0,True,MOCK DATA / NOT A SCIENTIFIC RESULT,displacement-report-draft-v1,
MOCK_S26,MOCK_G13,4,speaking,left_eyelid,pcmci,0.0058086088482002,0.0058086088482002,MOCK_S26_speaking_left_eyelid,4.0,900.0,d797bc52f6e0c6672087ae05091b3a56028a1fcc66afb28bd0b44adbfcca8f12,displacement_mean_euclidean_error,evaluable,,240.0,2.0,16.0,True,MOCK DATA / NOT A SCIENTIFIC RESULT,displacement-report-draft-v1,
MOCK_S26,MOCK_G13,4,speaking,right_eyelid,persistence,0.0066372270899425,,MOCK_S26_speaking_right_eyelid,4.0,900.0,d797bc52f6e0c6672087ae05091b3a56028a1fcc66afb28bd0b44adbfcca8f12,displacement_mean_euclidean_error,evaluable,,240.0,0.0,0.0,True,MOCK DATA / NOT A SCIENTIFIC RESULT,displacement-report-draft-v1,
MOCK_S26,MOCK_G13,4,speaking,right_eyelid,self,0.0068602944749706,0.0068602944749706,MOCK_S26_speaking_right_eyelid,4.0,900.0,d797bc52f6e0c6672087ae05091b3a56028a1fcc66afb28bd0b44adbfcca8f12,displacement_mean_euclidean_error,evaluable,,240.0,0.0,0.0,True,MOCK DATA / NOT A SCIENTIFIC RESULT,displacement-report-draft-v1,
MOCK_S26,MOCK_G13,4,speaking,right_eyelid,full,0.0056344059528761,0.0056344059528761,MOCK_S26_speaking_right_eyelid,4.0,900.0,d797bc52f6e0c6672087ae05091b3a56028a1fcc66afb28bd0b44adbfcca8f12,displacement_mean_euclidean_error,evaluable,,240.0,90.0,690.0,True,MOCK DATA / NOT A SCIENTIFIC RESULT,displacement-report-draft-v1,
MOCK_S26,MOCK_G13,4,speaking,right_eyelid,pcmci,0.0055786090315746,0.0055786090315746,MOCK_S26_speaking_right_eyelid,4.0,900.0,d797bc52f6e0c6672087ae05091b3a56028a1fcc66afb28bd0b44adbfcca8f12,displacement_mean_euclidean_error,evaluable,,240.0,3.0,24.0,True,MOCK DATA / NOT A SCIENTIFIC RESULT,displacement-report-draft-v1,
MOCK_S26,MOCK_G13,4,speaking,left_cheek,persistence,0.0065957760457917,,MOCK_S26_speaking_left_cheek,2.0,900.0,d797bc52f6e0c6672087ae05091b3a56028a1fcc66afb28bd0b44adbfcca8f12,displacement_mean_euclidean_error,evaluable,,120.0,0.0,0.0,True,MOCK DATA / NOT A SCIENTIFIC RESULT,displacement-report-draft-v1,
MOCK_S26,MOCK_G13,4,speaking,left_cheek,self,0.0071602944749706,0.0071602944749706,MOCK_S26_speaking_left_cheek,2.0,900.0,d797bc52f6e0c6672087ae05091b3a56028a1fcc66afb28bd0b44adbfcca8f12,displacement_mean_euclidean_error,evaluable,,120.0,0.0,0.0,True,MOCK DATA / NOT A SCIENTIFIC RESULT,displacement-report-draft-v1,
MOCK_S26,MOCK_G13,4,speaking,left_cheek,full,0.0067451839636673,0.0067451839636673,MOCK_S26_speaking_left_cheek,2.0,900.0,d797bc52f6e0c6672087ae05091b3a56028a1fcc66afb28bd0b44adbfcca8f12,displacement_mean_euclidean_error,evaluable,,120.0,90.0,750.0,True,MOCK DATA / NOT A SCIENTIFIC RESULT,displacement-report-draft-v1,
MOCK_S26,MOCK_G13,4,speaking,left_cheek,pcmci,0.0061132569760933,0.0061132569760933,MOCK_S26_speaking_left_cheek,2.0,900.0,d797bc52f6e0c6672087ae05091b3a56028a1fcc66afb28bd0b44adbfcca8f12,displacement_mean_euclidean_error,evaluable,,120.0,1.0,6.0,True,MOCK DATA / NOT A SCIENTIFIC RESULT,displacement-report-draft-v1,
MOCK_S26,MOCK_G13,4,speaking,mouth,persistence,0.0067498738914208,,MOCK_S26_speaking_mouth,8.0,900.0,d797bc52f6e0c6672087ae05091b3a56028a1fcc66afb28bd0b44adbfcca8f12,displacement_mean_euclidean_error,evaluable,,480.0,0.0,0.0,True,MOCK DATA / NOT A SCIENTIFIC RESULT,displacement-report-draft-v1,
MOCK_S26,MOCK_G13,4,speaking,mouth,self,0.0077602944749706,0.0077602944749706,MOCK_S26_speaking_mouth,8.0,900.0,d797bc52f6e0c6672087ae05091b3a56028a1fcc66afb28bd0b44adbfcca8f12,displacement_mean_euclidean_error,evaluable,,480.0,0.0,0.0,True,MOCK DATA / NOT A SCIENTIFIC RESULT,displacement-report-draft-v1,
MOCK_S26,MOCK_G13,4,speaking,mouth,full,0.0079632845496531,0.0079632845496531,MOCK_S26_speaking_mouth,8.0,900.0,d797bc52f6e0c6672087ae05091b3a56028a1fcc66afb28bd0b44adbfcca8f12,displacement_mean_euclidean_error,evaluable,,480.0,90.0,570.0,True,MOCK DATA / NOT A SCIENTIFIC RESULT,displacement-report-draft-v1,
MOCK_S26,MOCK_G13,4,speaking,mouth,pcmci,0.0081088906346566,0.0081088906346566,MOCK_S26_speaking_mouth,8.0,900.0,d797bc52f6e0c6672087ae05091b3a56028a1fcc66afb28bd0b44adbfcca8f12,displacement_mean_euclidean_error,evaluable,,480.0,3.0,18.0,True,MOCK DATA / NOT A SCIENTIFIC RESULT,displacement-report-draft-v1,
MOCK_S26,MOCK_G13,4,speaking,jaw,persistence,0.0066248333065143,,MOCK_S26_speaking_jaw,3.0,900.0,d797bc52f6e0c6672087ae05091b3a56028a1fcc66afb28bd0b44adbfcca8f12,displacement_mean_euclidean_error,evaluable,,180.0,0.0,0.0,True,MOCK DATA / NOT A SCIENTIFIC RESULT,displacement-report-draft-v1,
MOCK_S26,MOCK_G13,4,speaking,jaw,self,0.0080602944749706,0.0080602944749706,MOCK_S26_speaking_jaw,3.0,900.0,d797bc52f6e0c6672087ae05091b3a56028a1fcc66afb28bd0b44adbfcca8f12,displacement_mean_euclidean_error,evaluable,,180.0,0.0,0.0,True,MOCK DATA / NOT A SCIENTIFIC RESULT,displacement-report-draft-v1,
MOCK_S26,MOCK_G13,4,speaking,jaw,full,0.0075023282966093,0.0075023282966093,MOCK_S26_speaking_jaw,3.0,900.0,d797bc52f6e0c6672087ae05091b3a56028a1fcc66afb28bd0b44adbfcca8f12,displacement_mean_euclidean_error,evaluable,,180.0,90.0,720.0,True,MOCK DATA / NOT A SCIENTIFIC RESULT,displacement-report-draft-v1,
MOCK_S26,MOCK_G13,4,speaking,jaw,pcmci,0.0082867371993125,0.0082867371993125,MOCK_S26_speaking_jaw,3.0,900.0,d797bc52f6e0c6672087ae05091b3a56028a1fcc66afb28bd0b44adbfcca8f12,displacement_mean_euclidean_error,evaluable,,180.0,3.0,20.0,True,MOCK DATA / NOT A SCIENTIFIC RESULT,displacement-report-draft-v1,
MOCK_S26,MOCK_G13,4,non_speaking,left_brow,persistence,0.0064340545471873,,MOCK_S26_non_speaking_left_brow,3.0,900.0,a0b76455a1cde86d04ea40a192f235a65f36487e8ea639bb1c098d833759301e,displacement_mean_euclidean_error,evaluable,,180.0,0.0,0.0,True,MOCK DATA / NOT A SCIENTIFIC RESULT,displacement-report-draft-v1,
MOCK_S26,MOCK_G13,4,non_speaking,left_brow,self,0.0063602944749706,0.0063602944749706,MOCK_S26_non_speaking_left_brow,3.0,900.0,a0b76455a1cde86d04ea40a192f235a65f36487e8ea639bb1c098d833759301e,displacement_mean_euclidean_error,evaluable,,180.0,0.0,0.0,True,MOCK DATA / NOT A SCIENTIFIC RESULT,displacement-report-draft-v1,
MOCK_S26,MOCK_G13,4,non_speaking,left_brow,full,0.006395553531112,0.006395553531112,MOCK_S26_non_speaking_left_brow,3.0,900.0,a0b76455a1cde86d04ea40a192f235a65f36487e8ea639bb1c098d833759301e,displacement_mean_euclidean_error,evaluable,,180.0,90.0,720.0,True,MOCK DATA / NOT A SCIENTIFIC RESULT,displacement-report-draft-v1,
MOCK_S26,MOCK_G13,4,non_speaking,left_brow,pcmci,0.006415977038784,0.006415977038784,MOCK_S26_non_speaking_left_brow,3.0,900.0,a0b76455a1cde86d04ea40a192f235a65f36487e8ea639bb1c098d833759301e,displacement_mean_euclidean_error,evaluable,,180.0,3.0,20.0,True,MOCK DATA / NOT A SCIENTIFIC RESULT,displacement-report-draft-v1,
MOCK_S26,MOCK_G13,4,non_speaking,right_brow,persistence,0.0064800923343394,,MOCK_S26_non_speaking_right_brow,3.0,900.0,a0b76455a1cde86d04ea40a192f235a65f36487e8ea639bb1c098d833759301e,displacement_mean_euclidean_error,evaluable,,180.0,0.0,0.0,True,MOCK DATA / NOT A SCIENTIFIC RESULT,displacement-report-draft-v1,
MOCK_S26,MOCK_G13,4,non_speaking,right_brow,self,0.0066602944749706,0.0066602944749706,MOCK_S26_non_speaking_right_brow,3.0,900.0,a0b76455a1cde86d04ea40a192f235a65f36487e8ea639bb1c098d833759301e,displacement_mean_euclidean_error,evaluable,,180.0,0.0,0.0,True,MOCK DATA / NOT A SCIENTIFIC RESULT,displacement-report-draft-v1,
MOCK_S26,MOCK_G13,4,non_speaking,right_brow,full,0.0058511814899721,0.0058511814899721,MOCK_S26_non_speaking_right_brow,3.0,900.0,a0b76455a1cde86d04ea40a192f235a65f36487e8ea639bb1c098d833759301e,displacement_mean_euclidean_error,evaluable,,180.0,90.0,720.0,True,MOCK DATA / NOT A SCIENTIFIC RESULT,displacement-report-draft-v1,
MOCK_S26,MOCK_G13,4,non_speaking,right_brow,pcmci,0.0059086088482002,0.0059086088482002,MOCK_S26_non_speaking_right_brow,3.0,900.0,a0b76455a1cde86d04ea40a192f235a65f36487e8ea639bb1c098d833759301e,displacement_mean_euclidean_error,evaluable,,180.0,3.0,20.0,True,MOCK DATA / NOT A SCIENTIFIC RESULT,displacement-report-draft-v1,
MOCK_S26,MOCK_G13,4,non_speaking,left_eyelid,persistence,0.0065086844484756,,MOCK_S26_non_speaking_left_eyelid,4.0,900.0,a0b76455a1cde86d04ea40a192f235a65f36487e8ea639bb1c098d833759301e,displacement_mean_euclidean_error,evaluable,,240.0,0.0,0.0,True,MOCK DATA / NOT A SCIENTIFIC RESULT,displacement-report-draft-v1,
MOCK_S26,MOCK_G13,4,non_speaking,left_eyelid,self,0.0069602944749706,0.0069602944749706,MOCK_S26_non_speaking_left_eyelid,4.0,900.0,a0b76455a1cde86d04ea40a192f235a65f36487e8ea639bb1c098d833759301e,displacement_mean_euclidean_error,evaluable,,240.0,0.0,0.0,True,MOCK DATA / NOT A SCIENTIFIC RESULT,displacement-report-draft-v1,
MOCK_S26,MOCK_G13,4,non_speaking,left_eyelid,full,0.005545036732279,0.005545036732279,MOCK_S26_non_speaking_left_eyelid,4.0,900.0,a0b76455a1cde86d04ea40a192f235a65f36487e8ea639bb1c098d833759301e,displacement_mean_euclidean_error,evaluable,,240.0,90.0,690.0,True,MOCK DATA / NOT A SCIENTIFIC RESULT,displacement-report-draft-v1,
MOCK_S26,MOCK_G13,4,non_speaking,left_eyelid,pcmci,0.0056786090315746,0.0056786090315746,MOCK_S26_non_speaking_left_eyelid,4.0,900.0,a0b76455a1cde86d04ea40a192f235a65f36487e8ea639bb1c098d833759301e,displacement_mean_euclidean_error,evaluable,,240.0,2.0,16.0,True,MOCK DATA / NOT A SCIENTIFIC RESULT,displacement-report-draft-v1,
MOCK_S26,MOCK_G13,4,non_speaking,right_eyelid,persistence,0.0065916727057214,,MOCK_S26_non_speaking_right_eyelid,4.0,900.0,a0b76455a1cde86d04ea40a192f235a65f36487e8ea639bb1c098d833759301e,displacement_mean_euclidean_error,evaluable,,240.0,0.0,0.0,True,MOCK DATA / NOT A SCIENTIFIC RESULT,displacement-report-draft-v1,
MOCK_S26,MOCK_G13,4,non_speaking,right_eyelid,self,0.0072602944749706,0.0072602944749706,MOCK_S26_non_speaking_right_eyelid,4.0,900.0,a0b76455a1cde86d04ea40a192f235a65f36487e8ea639bb1c098d833759301e,displacement_mean_euclidean_error,evaluable,,240.0,0.0,0.0,True,MOCK DATA / NOT A SCIENTIFIC RESULT,displacement-report-draft-v1,
MOCK_S26,MOCK_G13,4,non_speaking,right_eyelid,full,0.0060344059528761,0.0060344059528761,MOCK_S26_non_speaking_right_eyelid,4.0,900.0,a0b76455a1cde86d04ea40a192f235a65f36487e8ea639bb1c098d833759301e,displacement_mean_euclidean_error,evaluable,,240.0,90.0,690.0,True,MOCK DATA / NOT A SCIENTIFIC RESULT,displacement-report-draft-v1,
MOCK_S26,MOCK_G13,4,non_speaking,right_eyelid,pcmci,0.0062132569760933,0.0062132569760933,MOCK_S26_non_speaking_right_eyelid,4.0,900.0,a0b76455a1cde86d04ea40a192f235a65f36487e8ea639bb1c098d833759301e,displacement_mean_euclidean_error,evaluable,,240.0,3.0,24.0,True,MOCK DATA / NOT A SCIENTIFIC RESULT,displacement-report-draft-v1,
MOCK_S26,MOCK_G13,4,non_speaking,left_cheek,persistence,0.0065285937156611,,MOCK_S26_non_speaking_left_cheek,2.0,900.0,a0b76455a1cde86d04ea40a192f235a65f36487e8ea639bb1c098d833759301e,displacement_mean_euclidean_error,evaluable,,120.0,0.0,0.0,True,MOCK DATA / NOT A SCIENTIFIC RESULT,displacement-report-draft-v1,
MOCK_S26,MOCK_G13,4,non_speaking,left_cheek,self,0.0075602944749706,0.0075602944749706,MOCK_S26_non_speaking_left_cheek,2.0,900.0,a0b76455a1cde86d04ea40a192f235a65f36487e8ea639bb1c098d833759301e,displacement_mean_euclidean_error,evaluable,,120.0,0.0,0.0,True,MOCK DATA / NOT A SCIENTIFIC RESULT,displacement-report-draft-v1,
MOCK_S26,MOCK_G13,4,non_speaking,left_cheek,full,0.0071451839636673,0.0071451839636673,MOCK_S26_non_speaking_left_cheek,2.0,900.0,a0b76455a1cde86d04ea40a192f235a65f36487e8ea639bb1c098d833759301e,displacement_mean_euclidean_error,evaluable,,120.0,90.0,750.0,True,MOCK DATA / NOT A SCIENTIFIC RESULT,displacement-report-draft-v1,
MOCK_S26,MOCK_G13,4,non_speaking,left_cheek,pcmci,0.0072968184437004,0.0072968184437004,MOCK_S26_non_speaking_left_cheek,2.0,900.0,a0b76455a1cde86d04ea40a192f235a65f36487e8ea639bb1c098d833759301e,displacement_mean_euclidean_error,evaluable,,120.0,1.0,6.0,True,MOCK DATA / NOT A SCIENTIFIC RESULT,displacement-report-draft-v1,
MOCK_S26,MOCK_G13,4,non_speaking,mouth,persistence,0.0066523973312891,,MOCK_S26_non_speaking_mouth,8.0,900.0,a0b76455a1cde86d04ea40a192f235a65f36487e8ea639bb1c098d833759301e,displacement_mean_euclidean_error,evaluable,,480.0,0.0,0.0,True,MOCK DATA / NOT A SCIENTIFIC RESULT,displacement-report-draft-v1,
MOCK_S26,MOCK_G13,4,non_speaking,mouth,self,0.0081602944749706,0.0081602944749706,MOCK_S26_non_speaking_mouth,8.0,900.0,a0b76455a1cde86d04ea40a192f235a65f36487e8ea639bb1c098d833759301e,displacement_mean_euclidean_error,evaluable,,480.0,0.0,0.0,True,MOCK DATA / NOT A SCIENTIFIC RESULT,displacement-report-draft-v1,
MOCK_S26,MOCK_G13,4,non_speaking,mouth,full,0.0083632845496531,0.0083632845496531,MOCK_S26_non_speaking_mouth,8.0,900.0,a0b76455a1cde86d04ea40a192f235a65f36487e8ea639bb1c098d833759301e,displacement_mean_euclidean_error,evaluable,,480.0,90.0,570.0,True,MOCK DATA / NOT A SCIENTIFIC RESULT,displacement-report-draft-v1,
MOCK_S26,MOCK_G13,4,non_speaking,mouth,pcmci,0.0083867371993125,0.0083867371993125,MOCK_S26_non_speaking_mouth,8.0,900.0,a0b76455a1cde86d04ea40a192f235a65f36487e8ea639bb1c098d833759301e,displacement_mean_euclidean_error,evaluable,,480.0,3.0,18.0,True,MOCK DATA / NOT A SCIENTIFIC RESULT,displacement-report-draft-v1,
MOCK_S26,MOCK_G13,4,non_speaking,jaw,persistence,0.0067928555473715,,MOCK_S26_non_speaking_jaw,3.0,900.0,a0b76455a1cde86d04ea40a192f235a65f36487e8ea639bb1c098d833759301e,displacement_mean_euclidean_error,evaluable,,180.0,0.0,0.0,True,MOCK DATA / NOT A SCIENTIFIC RESULT,displacement-report-draft-v1,
MOCK_S26,MOCK_G13,4,non_speaking,jaw,self,0.0084602944749706,0.0084602944749706,MOCK_S26_non_speaking_jaw,3.0,900.0,a0b76455a1cde86d04ea40a192f235a65f36487e8ea639bb1c098d833759301e,displacement_mean_euclidean_error,evaluable,,180.0,0.0,0.0,True,MOCK DATA / NOT A SCIENTIFIC RESULT,displacement-report-draft-v1,
MOCK_S26,MOCK_G13,4,non_speaking,jaw,full,0.0079023282966093,0.0079023282966093,MOCK_S26_non_speaking_jaw,3.0,900.0,a0b76455a1cde86d04ea40a192f235a65f36487e8ea639bb1c098d833759301e,displacement_mean_euclidean_error,evaluable,,180.0,90.0,720.0,True,MOCK DATA / NOT A SCIENTIFIC RESULT,displacement-report-draft-v1,
MOCK_S26,MOCK_G13,4,non_speaking,jaw,pcmci,0.0079426654427839,0.0079426654427839,MOCK_S26_non_speaking_jaw,3.0,900.0,a0b76455a1cde86d04ea40a192f235a65f36487e8ea639bb1c098d833759301e,displacement_mean_euclidean_error,evaluable,,180.0,3.0,20.0,True,MOCK DATA / NOT A SCIENTIFIC RESULT,displacement-report-draft-v1,
MOCK_S27,MOCK_G14,4,speaking,left_brow,persistence,0.0064782512717612,,MOCK_S27_speaking_left_brow,3.0,900.0,e3fd7aea55a272d6fb70615c3fa4b40934b623fc1c8df5b50acf51f7840168b7,displacement_mean_euclidean_error,evaluable,,180.0,0.0,0.0,True,MOCK DATA / NOT A SCIENTIFIC RESULT,displacement-report-draft-v1,
MOCK_S27,MOCK_G14,4,speaking,left_brow,self,0.0062287675351438,0.0062287675351438,MOCK_S27_speaking_left_brow,3.0,900.0,e3fd7aea55a272d6fb70615c3fa4b40934b623fc1c8df5b50acf51f7840168b7,displacement_mean_euclidean_error,evaluable,,180.0,0.0,0.0,True,MOCK DATA / NOT A SCIENTIFIC RESULT,displacement-report-draft-v1,
MOCK_S27,MOCK_G14,4,speaking,left_brow,full,0.0057757458222133,0.0057757458222133,MOCK_S27_speaking_left_brow,3.0,900.0,e3fd7aea55a272d6fb70615c3fa4b40934b623fc1c8df5b50acf51f7840168b7,displacement_mean_euclidean_error,evaluable,,180.0,90.0,720.0,True,MOCK DATA / NOT A SCIENTIFIC RESULT,displacement-report-draft-v1,
MOCK_S27,MOCK_G14,4,speaking,left_brow,pcmci,0.0065500972993765,0.0065500972993765,MOCK_S27_speaking_left_brow,3.0,900.0,e3fd7aea55a272d6fb70615c3fa4b40934b623fc1c8df5b50acf51f7840168b7,displacement_mean_euclidean_error,evaluable,,180.0,3.0,20.0,True,MOCK DATA / NOT A SCIENTIFIC RESULT,displacement-report-draft-v1,
MOCK_S27,MOCK_G14,4,speaking,right_brow,persistence,0.0064241640235612,,MOCK_S27_speaking_right_brow,3.0,900.0,e3fd7aea55a272d6fb70615c3fa4b40934b623fc1c8df5b50acf51f7840168b7,displacement_mean_euclidean_error,evaluable,,180.0,0.0,0.0,True,MOCK DATA / NOT A SCIENTIFIC RESULT,displacement-report-draft-v1,
MOCK_S27,MOCK_G14,4,speaking,right_brow,self,0.0065287675351438,0.0065287675351438,MOCK_S27_speaking_right_brow,3.0,900.0,e3fd7aea55a272d6fb70615c3fa4b40934b623fc1c8df5b50acf51f7840168b7,displacement_mean_euclidean_error,evaluable,,180.0,0.0,0.0,True,MOCK DATA / NOT A SCIENTIFIC RESULT,displacement-report-draft-v1,
MOCK_S27,MOCK_G14,4,speaking,right_brow,full,0.005278250664463,0.005278250664463,MOCK_S27_speaking_right_brow,3.0,900.0,e3fd7aea55a272d6fb70615c3fa4b40934b623fc1c8df5b50acf51f7840168b7,displacement_mean_euclidean_error,evaluable,,180.0,90.0,720.0,True,MOCK DATA / NOT A SCIENTIFIC RESULT,displacement-report-draft-v1,
MOCK_S27,MOCK_G14,4,speaking,right_brow,pcmci,0.0061949941706205,0.0061949941706205,MOCK_S27_speaking_right_brow,3.0,900.0,e3fd7aea55a272d6fb70615c3fa4b40934b623fc1c8df5b50acf51f7840168b7,displacement_mean_euclidean_error,evaluable,,180.0,3.0,20.0,True,MOCK DATA / NOT A SCIENTIFIC RESULT,displacement-report-draft-v1,
MOCK_S27,MOCK_G14,4,speaking,left_eyelid,persistence,0.0064389540035783,,MOCK_S27_speaking_left_eyelid,4.0,900.0,e3fd7aea55a272d6fb70615c3fa4b40934b623fc1c8df5b50acf51f7840168b7,displacement_mean_euclidean_error,evaluable,,240.0,0.0,0.0,True,MOCK DATA / NOT A SCIENTIFIC RESULT,displacement-report-draft-v1,
MOCK_S27,MOCK_G14,4,speaking,left_eyelid,self,0.0068287675351438,0.0068287675351438,MOCK_S27_speaking_left_eyelid,4.0,900.0,e3fd7aea55a272d6fb70615c3fa4b40934b623fc1c8df5b50acf51f7840168b7,displacement_mean_euclidean_error,evaluable,,240.0,0.0,0.0,True,MOCK DATA / NOT A SCIENTIFIC RESULT,displacement-report-draft-v1,
MOCK_S27,MOCK_G14,4,speaking,left_eyelid,full,0.0054248074870175,0.0054248074870175,MOCK_S27_speaking_left_eyelid,4.0,900.0,e3fd7aea55a272d6fb70615c3fa4b40934b623fc1c8df5b50acf51f7840168b7,displacement_mean_euclidean_error,evaluable,,240.0,90.0,690.0,True,MOCK DATA / NOT A SCIENTIFIC RESULT,displacement-report-draft-v1,
MOCK_S27,MOCK_G14,4,speaking,left_eyelid,pcmci,0.0057330328092138,0.0057330328092138,MOCK_S27_speaking_left_eyelid,4.0,900.0,e3fd7aea55a272d6fb70615c3fa4b40934b623fc1c8df5b50acf51f7840168b7,displacement_mean_euclidean_error,evaluable,,240.0,2.0,16.0,True,MOCK DATA / NOT A SCIENTIFIC RESULT,displacement-report-draft-v1,
MOCK_S27,MOCK_G14,4,speaking,right_eyelid,persistence,0.0065910478029671,,MOCK_S27_speaking_right_eyelid,4.0,900.0,e3fd7aea55a272d6fb70615c3fa4b40934b623fc1c8df5b50acf51f7840168b7,displacement_mean_euclidean_error,evaluable,,240.0,0.0,0.0,True,MOCK DATA / NOT A SCIENTIFIC RESULT,displacement-report-draft-v1,
MOCK_S27,MOCK_G14,4,speaking,right_eyelid,self,0.0071287675351438,0.0071287675351438,MOCK_S27_speaking_right_eyelid,4.0,900.0,e3fd7aea55a272d6fb70615c3fa4b40934b623fc1c8df5b50acf51f7840168b7,displacement_mean_euclidean_error,evaluable,,240.0,0.0,0.0,True,MOCK DATA / NOT A SCIENTIFIC RESULT,displacement-report-draft-v1,
MOCK_S27,MOCK_G14,4,speaking,right_eyelid,full,0.0063564912395809,0.0063564912395809,MOCK_S27_speaking_right_eyelid,4.0,900.0,e3fd7aea55a272d6fb70615c3fa4b40934b623fc1c8df5b50acf51f7840168b7,displacement_mean_euclidean_error,evaluable,,240.0,90.0,690.0,True,MOCK DATA / NOT A SCIENTIFIC RESULT,displacement-report-draft-v1,
MOCK_S27,MOCK_G14,4,speaking,right_eyelid,pcmci,0.005864756976869,0.005864756976869,MOCK_S27_speaking_right_eyelid,4.0,900.0,e3fd7aea55a272d6fb70615c3fa4b40934b623fc1c8df5b50acf51f7840168b7,displacement_mean_euclidean_error,evaluable,,240.0,3.0,24.0,True,MOCK DATA / NOT A SCIENTIFIC RESULT,displacement-report-draft-v1,
MOCK_S27,MOCK_G14,4,speaking,left_cheek,persistence,0.0064670924551611,,MOCK_S27_speaking_left_cheek,2.0,900.0,e3fd7aea55a272d6fb70615c3fa4b40934b623fc1c8df5b50acf51f7840168b7,displacement_mean_euclidean_error,evaluable,,120.0,0.0,0.0,True,MOCK DATA / NOT A SCIENTIFIC RESULT,displacement-report-draft-v1,
MOCK_S27,MOCK_G14,4,speaking,left_cheek,self,0.0074287675351438,0.0074287675351438,MOCK_S27_speaking_left_cheek,2.0,900.0,e3fd7aea55a272d6fb70615c3fa4b40934b623fc1c8df5b50acf51f7840168b7,displacement_mean_euclidean_error,evaluable,,120.0,0.0,0.0,True,MOCK DATA / NOT A SCIENTIFIC RESULT,displacement-report-draft-v1,
MOCK_S27,MOCK_G14,4,speaking,left_cheek,full,0.0074925347932052,0.0074925347932052,MOCK_S27_speaking_left_cheek,2.0,900.0,e3fd7aea55a272d6fb70615c3fa4b40934b623fc1c8df5b50acf51f7840168b7,displacement_mean_euclidean_error,evaluable,,120.0,90.0,750.0,True,MOCK DATA / NOT A SCIENTIFIC RESULT,displacement-report-draft-v1,
MOCK_S27,MOCK_G14,4,speaking,left_cheek,pcmci,0.0067448786978,0.0067448786978,MOCK_S27_speaking_left_cheek,2.0,900.0,e3fd7aea55a272d6fb70615c3fa4b40934b623fc1c8df5b50acf51f7840168b7,displacement_mean_euclidean_error,evaluable,,120.0,1.0,6.0,True,MOCK DATA / NOT A SCIENTIFIC RESULT,displacement-report-draft-v1,
MOCK_S27,MOCK_G14,4,speaking,mouth,persistence,0.0067260023390587,,MOCK_S27_speaking_mouth,8.0,900.0,e3fd7aea55a272d6fb70615c3fa4b40934b623fc1c8df5b50acf51f7840168b7,displacement_mean_euclidean_error,evaluable,,480.0,0.0,0.0,True,MOCK DATA / NOT A SCIENTIFIC RESULT,displacement-report-draft-v1,
MOCK_S27,MOCK_G14,4,speaking,mouth,self,0.0080287675351438,0.0080287675351438,MOCK_S27_speaking_mouth,8.0,900.0,e3fd7aea55a272d6fb70615c3fa4b40934b623fc1c8df5b50acf51f7840168b7,displacement_mean_euclidean_error,evaluable,,480.0,0.0,0.0,True,MOCK DATA / NOT A SCIENTIFIC RESULT,displacement-report-draft-v1,
MOCK_S27,MOCK_G14,4,speaking,mouth,full,0.0078218929776333,0.0078218929776333,MOCK_S27_speaking_mouth,8.0,900.0,e3fd7aea55a272d6fb70615c3fa4b40934b623fc1c8df5b50acf51f7840168b7,displacement_mean_euclidean_error,evaluable,,480.0,90.0,570.0,True,MOCK DATA / NOT A SCIENTIFIC RESULT,displacement-report-draft-v1,
MOCK_S27,MOCK_G14,4,speaking,mouth,pcmci,0.0084191664606025,0.0084191664606025,MOCK_S27_speaking_mouth,8.0,900.0,e3fd7aea55a272d6fb70615c3fa4b40934b623fc1c8df5b50acf51f7840168b7,displacement_mean_euclidean_error,evaluable,,480.0,3.0,18.0,True,MOCK DATA / NOT A SCIENTIFIC RESULT,displacement-report-draft-v1,
MOCK_S27,MOCK_G14,4,speaking,jaw,persistence,0.0066044910891806,,MOCK_S27_speaking_jaw,3.0,900.0,e3fd7aea55a272d6fb70615c3fa4b40934b623fc1c8df5b50acf51f7840168b7,displacement_mean_euclidean_error,evaluable,,180.0,0.0,0.0,True,MOCK DATA / NOT A SCIENTIFIC RESULT,displacement-report-draft-v1,
MOCK_S27,MOCK_G14,4,speaking,jaw,self,0.0083287675351438,0.0083287675351438,MOCK_S27_speaking_jaw,3.0,900.0,e3fd7aea55a272d6fb70615c3fa4b40934b623fc1c8df5b50acf51f7840168b7,displacement_mean_euclidean_error,evaluable,,180.0,0.0,0.0,True,MOCK DATA / NOT A SCIENTIFIC RESULT,displacement-report-draft-v1,
MOCK_S27,MOCK_G14,4,speaking,jaw,full,0.0072640344455452,0.0072640344455452,MOCK_S27_speaking_jaw,3.0,900.0,e3fd7aea55a272d6fb70615c3fa4b40934b623fc1c8df5b50acf51f7840168b7,displacement_mean_euclidean_error,evaluable,,180.0,90.0,720.0,True,MOCK DATA / NOT A SCIENTIFIC RESULT,displacement-report-draft-v1,
MOCK_S27,MOCK_G14,4,speaking,jaw,pcmci,0.0082256372876852,0.0082256372876852,MOCK_S27_speaking_jaw,3.0,900.0,e3fd7aea55a272d6fb70615c3fa4b40934b623fc1c8df5b50acf51f7840168b7,displacement_mean_euclidean_error,evaluable,,180.0,3.0,20.0,True,MOCK DATA / NOT A SCIENTIFIC RESULT,displacement-report-draft-v1,
MOCK_S27,MOCK_G14,4,non_speaking,left_brow,persistence,0.0063593587630638,,MOCK_S27_non_speaking_left_brow,3.0,900.0,995d65f39e402a3cc63f49e3d86c3f7c7502b140aeb61316bc6dd824a4bed94b,displacement_mean_euclidean_error,evaluable,,180.0,0.0,0.0,True,MOCK DATA / NOT A SCIENTIFIC RESULT,displacement-report-draft-v1,
MOCK_S27,MOCK_G14,4,non_speaking,left_brow,self,0.0066287675351438,0.0066287675351438,MOCK_S27_non_speaking_left_brow,3.0,900.0,995d65f39e402a3cc63f49e3d86c3f7c7502b140aeb61316bc6dd824a4bed94b,displacement_mean_euclidean_error,evaluable,,180.0,0.0,0.0,True,MOCK DATA / NOT A SCIENTIFIC RESULT,displacement-report-draft-v1,
MOCK_S27,MOCK_G14,4,non_speaking,left_brow,full,0.0061757458222133,0.0061757458222133,MOCK_S27_non_speaking_left_brow,3.0,900.0,995d65f39e402a3cc63f49e3d86c3f7c7502b140aeb61316bc6dd824a4bed94b,displacement_mean_euclidean_error,evaluable,,180.0,90.0,720.0,True,MOCK DATA / NOT A SCIENTIFIC RESULT,displacement-report-draft-v1,
MOCK_S27,MOCK_G14,4,non_speaking,left_brow,pcmci,0.0062949941706205,0.0062949941706205,MOCK_S27_non_speaking_left_brow,3.0,900.0,995d65f39e402a3cc63f49e3d86c3f7c7502b140aeb61316bc6dd824a4bed94b,displacement_mean_euclidean_error,evaluable,,180.0,3.0,20.0,True,MOCK DATA / NOT A SCIENTIFIC RESULT,displacement-report-draft-v1,
MOCK_S27,MOCK_G14,4,non_speaking,right_brow,persistence,0.0064595919402277,,MOCK_S27_non_speaking_right_brow,3.0,900.0,995d65f39e402a3cc63f49e3d86c3f7c7502b140aeb61316bc6dd824a4bed94b,displacement_mean_euclidean_error,evaluable,,180.0,0.0,0.0,True,MOCK DATA / NOT A SCIENTIFIC RESULT,displacement-report-draft-v1,
MOCK_S27,MOCK_G14,4,non_speaking,right_brow,self,0.0069287675351438,0.0069287675351438,MOCK_S27_non_speaking_right_brow,3.0,900.0,995d65f39e402a3cc63f49e3d86c3f7c7502b140aeb61316bc6dd824a4bed94b,displacement_mean_euclidean_error,evaluable,,180.0,0.0,0.0,True,MOCK DATA / NOT A SCIENTIFIC RESULT,displacement-report-draft-v1,
MOCK_S27,MOCK_G14,4,non_speaking,right_brow,full,0.005678250664463,0.005678250664463,MOCK_S27_non_speaking_right_brow,3.0,900.0,995d65f39e402a3cc63f49e3d86c3f7c7502b140aeb61316bc6dd824a4bed94b,displacement_mean_euclidean_error,evaluable,,180.0,90.0,720.0,True,MOCK DATA / NOT A SCIENTIFIC RESULT,displacement-report-draft-v1,
MOCK_S27,MOCK_G14,4,non_speaking,right_brow,pcmci,0.0058330328092138,0.0058330328092138,MOCK_S27_non_speaking_right_brow,3.0,900.0,995d65f39e402a3cc63f49e3d86c3f7c7502b140aeb61316bc6dd824a4bed94b,displacement_mean_euclidean_error,evaluable,,180.0,3.0,20.0,True,MOCK DATA / NOT A SCIENTIFIC RESULT,displacement-report-draft-v1,
MOCK_S27,MOCK_G14,4,non_speaking,left_eyelid,persistence,0.0065591010380659,,MOCK_S27_non_speaking_left_eyelid,4.0,900.0,995d65f39e402a3cc63f49e3d86c3f7c7502b140aeb61316bc6dd824a4bed94b,displacement_mean_euclidean_error,evaluable,,240.0,0.0,0.0,True,MOCK DATA / NOT A SCIENTIFIC RESULT,displacement-report-draft-v1,
MOCK_S27,MOCK_G14,4,non_speaking,left_eyelid,self,0.0072287675351438,0.0072287675351438,MOCK_S27_non_speaking_left_eyelid,4.0,900.0,995d65f39e402a3cc63f49e3d86c3f7c7502b140aeb61316bc6dd824a4bed94b,displacement_mean_euclidean_error,evaluable,,240.0,0.0,0.0,True,MOCK DATA / NOT A SCIENTIFIC RESULT,displacement-report-draft-v1,
MOCK_S27,MOCK_G14,4,non_speaking,left_eyelid,full,0.0058248074870175,0.0058248074870175,MOCK_S27_non_speaking_left_eyelid,4.0,900.0,995d65f39e402a3cc63f49e3d86c3f7c7502b140aeb61316bc6dd824a4bed94b,displacement_mean_euclidean_error,evaluable,,240.0,90.0,690.0,True,MOCK DATA / NOT A SCIENTIFIC RESULT,displacement-report-draft-v1,
MOCK_S27,MOCK_G14,4,non_speaking,left_eyelid,pcmci,0.005964756976869,0.005964756976869,MOCK_S27_non_speaking_left_eyelid,4.0,900.0,995d65f39e402a3cc63f49e3d86c3f7c7502b140aeb61316bc6dd824a4bed94b,displacement_mean_euclidean_error,evaluable,,240.0,2.0,16.0,True,MOCK DATA / NOT A SCIENTIFIC RESULT,displacement-report-draft-v1,
MOCK_S27,MOCK_G14,4,non_speaking,right_eyelid,persistence,0.0065461692370662,,MOCK_S27_non_speaking_right_eyelid,4.0,900.0,995d65f39e402a3cc63f49e3d86c3f7c7502b140aeb61316bc6dd824a4bed94b,displacement_mean_euclidean_error,evaluable,,240.0,0.0,0.0,True,MOCK DATA / NOT A SCIENTIFIC RESULT,displacement-report-draft-v1,
MOCK_S27,MOCK_G14,4,non_speaking,right_eyelid,self,0.0075287675351438,0.0075287675351438,MOCK_S27_non_speaking_right_eyelid,4.0,900.0,995d65f39e402a3cc63f49e3d86c3f7c7502b140aeb61316bc6dd824a4bed94b,displacement_mean_euclidean_error,evaluable,,240.0,0.0,0.0,True,MOCK DATA / NOT A SCIENTIFIC RESULT,displacement-report-draft-v1,
MOCK_S27,MOCK_G14,4,non_speaking,right_eyelid,full,0.0067564912395809,0.0067564912395809,MOCK_S27_non_speaking_right_eyelid,4.0,900.0,995d65f39e402a3cc63f49e3d86c3f7c7502b140aeb61316bc6dd824a4bed94b,displacement_mean_euclidean_error,evaluable,,240.0,90.0,690.0,True,MOCK DATA / NOT A SCIENTIFIC RESULT,displacement-report-draft-v1,
MOCK_S27,MOCK_G14,4,non_speaking,right_eyelid,pcmci,0.0068448786978,0.0068448786978,MOCK_S27_non_speaking_right_eyelid,4.0,900.0,995d65f39e402a3cc63f49e3d86c3f7c7502b140aeb61316bc6dd824a4bed94b,displacement_mean_euclidean_error,evaluable,,240.0,3.0,24.0,True,MOCK DATA / NOT A SCIENTIFIC RESULT,displacement-report-draft-v1,
MOCK_S27,MOCK_G14,4,non_speaking,left_cheek,persistence,0.006622576164062,,MOCK_S27_non_speaking_left_cheek,2.0,900.0,995d65f39e402a3cc63f49e3d86c3f7c7502b140aeb61316bc6dd824a4bed94b,displacement_mean_euclidean_error,evaluable,,120.0,0.0,0.0,True,MOCK DATA / NOT A SCIENTIFIC RESULT,displacement-report-draft-v1,
MOCK_S27,MOCK_G14,4,non_speaking,left_cheek,self,0.0078287675351438,0.0078287675351438,MOCK_S27_non_speaking_left_cheek,2.0,900.0,995d65f39e402a3cc63f49e3d86c3f7c7502b140aeb61316bc6dd824a4bed94b,displacement_mean_euclidean_error,evaluable,,120.0,0.0,0.0,True,MOCK DATA / NOT A SCIENTIFIC RESULT,displacement-report-draft-v1,
MOCK_S27,MOCK_G14,4,non_speaking,left_cheek,full,0.0078925347932052,0.0078925347932052,MOCK_S27_non_speaking_left_cheek,2.0,900.0,995d65f39e402a3cc63f49e3d86c3f7c7502b140aeb61316bc6dd824a4bed94b,displacement_mean_euclidean_error,evaluable,,120.0,90.0,750.0,True,MOCK DATA / NOT A SCIENTIFIC RESULT,displacement-report-draft-v1,
MOCK_S27,MOCK_G14,4,non_speaking,left_cheek,pcmci,0.0079400367371513,0.0079400367371513,MOCK_S27_non_speaking_left_cheek,2.0,900.0,995d65f39e402a3cc63f49e3d86c3f7c7502b140aeb61316bc6dd824a4bed94b,displacement_mean_euclidean_error,evaluable,,120.0,1.0,6.0,True,MOCK DATA / NOT A SCIENTIFIC RESULT,displacement-report-draft-v1,
MOCK_S27,MOCK_G14,4,non_speaking,mouth,persistence,0.006732452648929,,MOCK_S27_non_speaking_mouth,8.0,900.0,995d65f39e402a3cc63f49e3d86c3f7c7502b140aeb61316bc6dd824a4bed94b,displacement_mean_euclidean_error,evaluable,,480.0,0.0,0.0,True,MOCK DATA / NOT A SCIENTIFIC RESULT,displacement-report-draft-v1,
MOCK_S27,MOCK_G14,4,non_speaking,mouth,self,0.0084287675351438,0.0084287675351438,MOCK_S27_non_speaking_mouth,8.0,900.0,995d65f39e402a3cc63f49e3d86c3f7c7502b140aeb61316bc6dd824a4bed94b,displacement_mean_euclidean_error,evaluable,,480.0,0.0,0.0,True,MOCK DATA / NOT A SCIENTIFIC RESULT,displacement-report-draft-v1,
MOCK_S27,MOCK_G14,4,non_speaking,mouth,full,0.0082218929776333,0.0082218929776333,MOCK_S27_non_speaking_mouth,8.0,900.0,995d65f39e402a3cc63f49e3d86c3f7c7502b140aeb61316bc6dd824a4bed94b,displacement_mean_euclidean_error,evaluable,,480.0,90.0,570.0,True,MOCK DATA / NOT A SCIENTIFIC RESULT,displacement-report-draft-v1,
MOCK_S27,MOCK_G14,4,non_speaking,mouth,pcmci,0.0083256372876852,0.0083256372876852,MOCK_S27_non_speaking_mouth,8.0,900.0,995d65f39e402a3cc63f49e3d86c3f7c7502b140aeb61316bc6dd824a4bed94b,displacement_mean_euclidean_error,evaluable,,480.0,3.0,18.0,True,MOCK DATA / NOT A SCIENTIFIC RESULT,displacement-report-draft-v1,
MOCK_S27,MOCK_G14,4,non_speaking,jaw,persistence,0.0068347123316725,,MOCK_S27_non_speaking_jaw,3.0,900.0,995d65f39e402a3cc63f49e3d86c3f7c7502b140aeb61316bc6dd824a4bed94b,displacement_mean_euclidean_error,evaluable,,180.0,0.0,0.0,True,MOCK DATA / NOT A SCIENTIFIC RESULT,displacement-report-draft-v1,
MOCK_S27,MOCK_G14,4,non_speaking,jaw,self,0.0087287675351438,0.0087287675351438,MOCK_S27_non_speaking_jaw,3.0,900.0,995d65f39e402a3cc63f49e3d86c3f7c7502b140aeb61316bc6dd824a4bed94b,displacement_mean_euclidean_error,evaluable,,180.0,0.0,0.0,True,MOCK DATA / NOT A SCIENTIFIC RESULT,displacement-report-draft-v1,
MOCK_S27,MOCK_G14,4,non_speaking,jaw,full,0.0076640344455452,0.0076640344455452,MOCK_S27_non_speaking_jaw,3.0,900.0,995d65f39e402a3cc63f49e3d86c3f7c7502b140aeb61316bc6dd824a4bed94b,displacement_mean_euclidean_error,evaluable,,180.0,90.0,720.0,True,MOCK DATA / NOT A SCIENTIFIC RESULT,displacement-report-draft-v1,
MOCK_S27,MOCK_G14,4,non_speaking,jaw,pcmci,0.0078131976639532,0.0078131976639532,MOCK_S27_non_speaking_jaw,3.0,900.0,995d65f39e402a3cc63f49e3d86c3f7c7502b140aeb61316bc6dd824a4bed94b,displacement_mean_euclidean_error,evaluable,,180.0,3.0,20.0,True,MOCK DATA / NOT A SCIENTIFIC RESULT,displacement-report-draft-v1,
MOCK_S28,MOCK_G14,4,speaking,left_brow,persistence,0.0064392171754221,,MOCK_S28_speaking_left_brow,3.0,900.0,6be463bdba3c4d301aa9ac98a62f75a6773debd99d5e6d5cd2a810ec534a832c,displacement_mean_euclidean_error,evaluable,,180.0,0.0,0.0,True,MOCK DATA / NOT A SCIENTIFIC RESULT,displacement-report-draft-v1,
MOCK_S28,MOCK_G14,4,speaking,left_brow,self,0.0062869127785213,0.0062869127785213,MOCK_S28_speaking_left_brow,3.0,900.0,6be463bdba3c4d301aa9ac98a62f75a6773debd99d5e6d5cd2a810ec534a832c,displacement_mean_euclidean_error,evaluable,,180.0,0.0,0.0,True,MOCK DATA / NOT A SCIENTIFIC RESULT,displacement-report-draft-v1,
MOCK_S28,MOCK_G14,4,speaking,left_brow,full,0.0053117329907627,0.0053117329907627,MOCK_S28_speaking_left_brow,3.0,900.0,6be463bdba3c4d301aa9ac98a62f75a6773debd99d5e6d5cd2a810ec534a832c,displacement_mean_euclidean_error,evaluable,,180.0,90.0,720.0,True,MOCK DATA / NOT A SCIENTIFIC RESULT,displacement-report-draft-v1,
MOCK_S28,MOCK_G14,4,speaking,left_brow,pcmci,0.0063425953423347,0.0063425953423347,MOCK_S28_speaking_left_brow,3.0,900.0,6be463bdba3c4d301aa9ac98a62f75a6773debd99d5e6d5cd2a810ec534a832c,displacement_mean_euclidean_error,evaluable,,180.0,3.0,20.0,True,MOCK DATA / NOT A SCIENTIFIC RESULT,displacement-report-draft-v1,
MOCK_S28,MOCK_G14,4,speaking,right_brow,persistence,0.0064347323311091,,MOCK_S28_speaking_right_brow,3.0,900.0,6be463bdba3c4d301aa9ac98a62f75a6773debd99d5e6d5cd2a810ec534a832c,displacement_mean_euclidean_error,evaluable,,180.0,0.0,0.0,True,MOCK DATA / NOT A SCIENTIFIC RESULT,displacement-report-draft-v1,
MOCK_S28,MOCK_G14,4,speaking,right_brow,self,0.0065869127785213,0.0065869127785213,MOCK_S28_speaking_right_brow,3.0,900.0,6be463bdba3c4d301aa9ac98a62f75a6773debd99d5e6d5cd2a810ec534a832c,displacement_mean_euclidean_error,evaluable,,180.0,0.0,0.0,True,MOCK DATA / NOT A SCIENTIFIC RESULT,displacement-report-draft-v1,
MOCK_S28,MOCK_G14,4,speaking,right_brow,full,0.0051397027190839,0.0051397027190839,MOCK_S28_speaking_right_brow,3.0,900.0,6be463bdba3c4d301aa9ac98a62f75a6773debd99d5e6d5cd2a810ec534a832c,displacement_mean_euclidean_error,evaluable,,180.0,90.0,720.0,True,MOCK DATA / NOT A SCIENTIFIC RESULT,displacement-report-draft-v1,
MOCK_S28,MOCK_G14,4,speaking,right_brow,pcmci,0.0058352271517509,0.0058352271517509,MOCK_S28_speaking_right_brow,3.0,900.0,6be463bdba3c4d301aa9ac98a62f75a6773debd99d5e6d5cd2a810ec534a832c,displacement_mean_euclidean_error,evaluable,,180.0,3.0,20.0,True,MOCK DATA / NOT A SCIENTIFIC RESULT,displacement-report-draft-v1,
MOCK_S28,MOCK_G14,4,speaking,left_eyelid,persistence,0.0064650353169548,,MOCK_S28_speaking_left_eyelid,4.0,900.0,6be463bdba3c4d301aa9ac98a62f75a6773debd99d5e6d5cd2a810ec534a832c,displacement_mean_euclidean_error,evaluable,,240.0,0.0,0.0,True,MOCK DATA / NOT A SCIENTIFIC RESULT,displacement-report-draft-v1,
MOCK_S28,MOCK_G14,4,speaking,left_eyelid,self,0.0068869127785213,0.0068869127785213,MOCK_S28_speaking_left_eyelid,4.0,900.0,6be463bdba3c4d301aa9ac98a62f75a6773debd99d5e6d5cd2a810ec534a832c,displacement_mean_euclidean_error,evaluable,,240.0,0.0,0.0,True,MOCK DATA / NOT A SCIENTIFIC RESULT,displacement-report-draft-v1,
MOCK_S28,MOCK_G14,4,speaking,left_eyelid,full,0.0057925632383556,0.0057925632383556,MOCK_S28_speaking_left_eyelid,4.0,900.0,6be463bdba3c4d301aa9ac98a62f75a6773debd99d5e6d5cd2a810ec534a832c,displacement_mean_euclidean_error,evaluable,,240.0,90.0,690.0,True,MOCK DATA / NOT A SCIENTIFIC RESULT,displacement-report-draft-v1,
MOCK_S28,MOCK_G14,4,speaking,left_eyelid,pcmci,0.0056052273351252,0.0056052273351253,MOCK_S28_speaking_left_eyelid,4.0,900.0,6be463bdba3c4d301aa9ac98a62f75a6773debd99d5e6d5cd2a810ec534a832c,displacement_mean_euclidean_error,evaluable,,240.0,2.0,16.0,True,MOCK DATA / NOT A SCIENTIFIC RESULT,displacement-report-draft-v1,
MOCK_S28,MOCK_G14,4,speaking,right_eyelid,persistence,0.0066225306179385,,MOCK_S28_speaking_right_eyelid,4.0,900.0,6be463bdba3c4d301aa9ac98a62f75a6773debd99d5e6d5cd2a810ec534a832c,displacement_mean_euclidean_error,evaluable,,240.0,0.0,0.0,True,MOCK DATA / NOT A SCIENTIFIC RESULT,displacement-report-draft-v1,
MOCK_S28,MOCK_G14,4,speaking,right_eyelid,self,0.0071869127785213,0.0071869127785213,MOCK_S28_speaking_right_eyelid,4.0,900.0,6be463bdba3c4d301aa9ac98a62f75a6773debd99d5e6d5cd2a810ec534a832c,displacement_mean_euclidean_error,evaluable,,240.0,0.0,0.0,True,MOCK DATA / NOT A SCIENTIFIC RESULT,displacement-report-draft-v1,
MOCK_S28,MOCK_G14,4,speaking,right_eyelid,full,0.0069458962144592,0.0069458962144592,MOCK_S28_speaking_right_eyelid,4.0,900.0,6be463bdba3c4d301aa9ac98a62f75a6773debd99d5e6d5cd2a810ec534a832c,displacement_mean_euclidean_error,evaluable,,240.0,90.0,690.0,True,MOCK DATA / NOT A SCIENTIFIC RESULT,displacement-report-draft-v1,
MOCK_S28,MOCK_G14,4,speaking,right_eyelid,pcmci,0.006139875279644,0.006139875279644,MOCK_S28_speaking_right_eyelid,4.0,900.0,6be463bdba3c4d301aa9ac98a62f75a6773debd99d5e6d5cd2a810ec534a832c,displacement_mean_euclidean_error,evaluable,,240.0,3.0,24.0,True,MOCK DATA / NOT A SCIENTIFIC RESULT,displacement-report-draft-v1,
MOCK_S28,MOCK_G14,4,speaking,left_cheek,persistence,0.0064924303133695,,MOCK_S28_speaking_left_cheek,2.0,900.0,6be463bdba3c4d301aa9ac98a62f75a6773debd99d5e6d5cd2a810ec534a832c,displacement_mean_euclidean_error,evaluable,,120.0,0.0,0.0,True,MOCK DATA / NOT A SCIENTIFIC RESULT,displacement-report-draft-v1,
MOCK_S28,MOCK_G14,4,speaking,left_cheek,self,0.0074869127785213,0.0074869127785213,MOCK_S28_speaking_left_cheek,2.0,900.0,6be463bdba3c4d301aa9ac98a62f75a6773debd99d5e6d5cd2a810ec534a832c,displacement_mean_euclidean_error,evaluable,,120.0,0.0,0.0,True,MOCK DATA / NOT A SCIENTIFIC RESULT,displacement-report-draft-v1,
MOCK_S28,MOCK_G14,4,speaking,left_cheek,full,0.0078151512445116,0.0078151512445116,MOCK_S28_speaking_left_cheek,2.0,900.0,6be463bdba3c4d301aa9ac98a62f75a6773debd99d5e6d5cd2a810ec534a832c,displacement_mean_euclidean_error,evaluable,,120.0,90.0,750.0,True,MOCK DATA / NOT A SCIENTIFIC RESULT,displacement-report-draft-v1,
MOCK_S28,MOCK_G14,4,speaking,left_cheek,pcmci,0.007223436747251,0.007223436747251,MOCK_S28_speaking_left_cheek,2.0,900.0,6be463bdba3c4d301aa9ac98a62f75a6773debd99d5e6d5cd2a810ec534a832c,displacement_mean_euclidean_error,evaluable,,120.0,1.0,6.0,True,MOCK DATA / NOT A SCIENTIFIC RESULT,displacement-report-draft-v1,
MOCK_S28,MOCK_G14,4,speaking,mouth,persistence,0.0067080388495024,,MOCK_S28_speaking_mouth,8.0,900.0,6be463bdba3c4d301aa9ac98a62f75a6773debd99d5e6d5cd2a810ec534a832c,displacement_mean_euclidean_error,evaluable,,480.0,0.0,0.0,True,MOCK DATA / NOT A SCIENTIFIC RESULT,displacement-report-draft-v1,
MOCK_S28,MOCK_G14,4,speaking,mouth,self,0.0080869127785213,0.0080869127785213,MOCK_S28_speaking_mouth,8.0,900.0,6be463bdba3c4d301aa9ac98a62f75a6773debd99d5e6d5cd2a810ec534a832c,displacement_mean_euclidean_error,evaluable,,480.0,0.0,0.0,True,MOCK DATA / NOT A SCIENTIFIC RESULT,displacement-report-draft-v1,
MOCK_S28,MOCK_G14,4,speaking,mouth,full,0.0073503099999752,0.0073503099999752,MOCK_S28_speaking_mouth,8.0,900.0,6be463bdba3c4d301aa9ac98a62f75a6773debd99d5e6d5cd2a810ec534a832c,displacement_mean_euclidean_error,evaluable,,480.0,90.0,570.0,True,MOCK DATA / NOT A SCIENTIFIC RESULT,displacement-report-draft-v1,
MOCK_S28,MOCK_G14,4,speaking,mouth,pcmci,0.0083133555028632,0.0083133555028632,MOCK_S28_speaking_mouth,8.0,900.0,6be463bdba3c4d301aa9ac98a62f75a6773debd99d5e6d5cd2a810ec534a832c,displacement_mean_euclidean_error,evaluable,,480.0,3.0,18.0,True,MOCK DATA / NOT A SCIENTIFIC RESULT,displacement-report-draft-v1,
MOCK_S28,MOCK_G14,4,speaking,jaw,persistence,0.006747844776683,,MOCK_S28_speaking_jaw,3.0,900.0,6be463bdba3c4d301aa9ac98a62f75a6773debd99d5e6d5cd2a810ec534a832c,displacement_mean_euclidean_error,evaluable,,180.0,0.0,0.0,True,MOCK DATA / NOT A SCIENTIFIC RESULT,displacement-report-draft-v1,
MOCK_S28,MOCK_G14,4,speaking,jaw,self,0.0083869127785213,0.0083869127785213,MOCK_S28_speaking_jaw,3.0,900.0,6be463bdba3c4d301aa9ac98a62f75a6773debd99d5e6d5cd2a810ec534a832c,displacement_mean_euclidean_error,evaluable,,180.0,0.0,0.0,True,MOCK DATA / NOT A SCIENTIFIC RESULT,displacement-report-draft-v1,
MOCK_S28,MOCK_G14,4,speaking,jaw,full,0.0069952238548462,0.0069952238548462,MOCK_S28_speaking_jaw,3.0,900.0,6be463bdba3c4d301aa9ac98a62f75a6773debd99d5e6d5cd2a810ec534a832c,displacement_mean_euclidean_error,evaluable,,180.0,90.0,720.0,True,MOCK DATA / NOT A SCIENTIFIC RESULT,displacement-report-draft-v1,
MOCK_S28,MOCK_G14,4,speaking,jaw,pcmci,0.0078692837463345,0.0078692837463345,MOCK_S28_speaking_jaw,3.0,900.0,6be463bdba3c4d301aa9ac98a62f75a6773debd99d5e6d5cd2a810ec534a832c,displacement_mean_euclidean_error,evaluable,,180.0,3.0,20.0,True,MOCK DATA / NOT A SCIENTIFIC RESULT,displacement-report-draft-v1,
MOCK_S28,MOCK_G14,4,non_speaking,left_brow,persistence,0.0064647052983434,,MOCK_S28_non_speaking_left_brow,3.0,900.0,40275c3f3d62d6a686a7d2aa625576335780dca30df32eb69210500f293c5233,displacement_mean_euclidean_error,evaluable,,180.0,0.0,0.0,True,MOCK DATA / NOT A SCIENTIFIC RESULT,displacement-report-draft-v1,
MOCK_S28,MOCK_G14,4,non_speaking,left_brow,self,0.0066869127785213,0.0066869127785213,MOCK_S28_non_speaking_left_brow,3.0,900.0,40275c3f3d62d6a686a7d2aa625576335780dca30df32eb69210500f293c5233,displacement_mean_euclidean_error,evaluable,,180.0,0.0,0.0,True,MOCK DATA / NOT A SCIENTIFIC RESULT,displacement-report-draft-v1,
MOCK_S28,MOCK_G14,4,non_speaking,left_brow,full,0.0057117329907627,0.0057117329907627,MOCK_S28_non_speaking_left_brow,3.0,900.0,40275c3f3d62d6a686a7d2aa625576335780dca30df32eb69210500f293c5233,displacement_mean_euclidean_error,evaluable,,180.0,90.0,720.0,True,MOCK DATA / NOT A SCIENTIFIC RESULT,displacement-report-draft-v1,
MOCK_S28,MOCK_G14,4,non_speaking,left_brow,pcmci,0.0059352271517509,0.0059352271517509,MOCK_S28_non_speaking_left_brow,3.0,900.0,40275c3f3d62d6a686a7d2aa625576335780dca30df32eb69210500f293c5233,displacement_mean_euclidean_error,evaluable,,180.0,3.0,20.0,True,MOCK DATA / NOT A SCIENTIFIC RESULT,displacement-report-draft-v1,
MOCK_S28,MOCK_G14,4,non_speaking,right_brow,persistence,0.0064429888988204,,MOCK_S28_non_speaking_right_brow,3.0,900.0,40275c3f3d62d6a686a7d2aa625576335780dca30df32eb69210500f293c5233,displacement_mean_euclidean_error,evaluable,,180.0,0.0,0.0,True,MOCK DATA / NOT A SCIENTIFIC RESULT,displacement-report-draft-v1,
MOCK_S28,MOCK_G14,4,non_speaking,right_brow,self,0.0069869127785213,0.0069869127785213,MOCK_S28_non_speaking_right_brow,3.0,900.0,40275c3f3d62d6a686a7d2aa625576335780dca30df32eb69210500f293c5233,displacement_mean_euclidean_error,evaluable,,180.0,0.0,0.0,True,MOCK DATA / NOT A SCIENTIFIC RESULT,displacement-report-draft-v1,
MOCK_S28,MOCK_G14,4,non_speaking,right_brow,full,0.0055397027190839,0.0055397027190839,MOCK_S28_non_speaking_right_brow,3.0,900.0,40275c3f3d62d6a686a7d2aa625576335780dca30df32eb69210500f293c5233,displacement_mean_euclidean_error,evaluable,,180.0,90.0,720.0,True,MOCK DATA / NOT A SCIENTIFIC RESULT,displacement-report-draft-v1,
MOCK_S28,MOCK_G14,4,non_speaking,right_brow,pcmci,0.0057052273351252,0.0057052273351253,MOCK_S28_non_speaking_right_brow,3.0,900.0,40275c3f3d62d6a686a7d2aa625576335780dca30df32eb69210500f293c5233,displacement_mean_euclidean_error,evaluable,,180.0,3.0,20.0,True,MOCK DATA / NOT A SCIENTIFIC RESULT,displacement-report-draft-v1,
MOCK_S28,MOCK_G14,4,non_speaking,left_eyelid,persistence,0.0065467664050957,,MOCK_S28_non_speaking_left_eyelid,4.0,900.0,40275c3f3d62d6a686a7d2aa625576335780dca30df32eb69210500f293c5233,displacement_mean_euclidean_error,evaluable,,240.0,0.0,0.0,True,MOCK DATA / NOT A SCIENTIFIC RESULT,displacement-report-draft-v1,
MOCK_S28,MOCK_G14,4,non_speaking,left_eyelid,self,0.0072869127785213,0.0072869127785213,MOCK_S28_non_speaking_left_eyelid,4.0,900.0,40275c3f3d62d6a686a7d2aa625576335780dca30df32eb69210500f293c5233,displacement_mean_euclidean_error,evaluable,,240.0,0.0,0.0,True,MOCK DATA / NOT A SCIENTIFIC RESULT,displacement-report-draft-v1,
MOCK_S28,MOCK_G14,4,non_speaking,left_eyelid,full,0.0061925632383556,0.0061925632383556,MOCK_S28_non_speaking_left_eyelid,4.0,900.0,40275c3f3d62d6a686a7d2aa625576335780dca30df32eb69210500f293c5233,displacement_mean_euclidean_error,evaluable,,240.0,90.0,690.0,True,MOCK DATA / NOT A SCIENTIFIC RESULT,displacement-report-draft-v1,
MOCK_S28,MOCK_G14,4,non_speaking,left_eyelid,pcmci,0.006239875279644,0.006239875279644,MOCK_S28_non_speaking_left_eyelid,4.0,900.0,40275c3f3d62d6a686a7d2aa625576335780dca30df32eb69210500f293c5233,displacement_mean_euclidean_error,evaluable,,240.0,2.0,16.0,True,MOCK DATA / NOT A SCIENTIFIC RESULT,displacement-report-draft-v1,
MOCK_S28,MOCK_G14,4,non_speaking,right_eyelid,persistence,0.0066070404261734,,MOCK_S28_non_speaking_right_eyelid,4.0,900.0,40275c3f3d62d6a686a7d2aa625576335780dca30df32eb69210500f293c5233,displacement_mean_euclidean_error,evaluable,,240.0,0.0,0.0,True,MOCK DATA / NOT A SCIENTIFIC RESULT,displacement-report-draft-v1,
MOCK_S28,MOCK_G14,4,non_speaking,right_eyelid,self,0.0075869127785213,0.0075869127785213,MOCK_S28_non_speaking_right_eyelid,4.0,900.0,40275c3f3d62d6a686a7d2aa625576335780dca30df32eb69210500f293c5233,displacement_mean_euclidean_error,evaluable,,240.0,0.0,0.0,True,MOCK DATA / NOT A SCIENTIFIC RESULT,displacement-report-draft-v1,
MOCK_S28,MOCK_G14,4,non_speaking,right_eyelid,full,0.0073458962144592,0.0073458962144592,MOCK_S28_non_speaking_right_eyelid,4.0,900.0,40275c3f3d62d6a686a7d2aa625576335780dca30df32eb69210500f293c5233,displacement_mean_euclidean_error,evaluable,,240.0,90.0,690.0,True,MOCK DATA / NOT A SCIENTIFIC RESULT,displacement-report-draft-v1,
MOCK_S28,MOCK_G14,4,non_speaking,right_eyelid,pcmci,0.007323436747251,0.007323436747251,MOCK_S28_non_speaking_right_eyelid,4.0,900.0,40275c3f3d62d6a686a7d2aa625576335780dca30df32eb69210500f293c5233,displacement_mean_euclidean_error,evaluable,,240.0,3.0,24.0,True,MOCK DATA / NOT A SCIENTIFIC RESULT,displacement-report-draft-v1,
MOCK_S28,MOCK_G14,4,non_speaking,left_cheek,persistence,0.0067764532450606,,MOCK_S28_non_speaking_left_cheek,2.0,900.0,40275c3f3d62d6a686a7d2aa625576335780dca30df32eb69210500f293c5233,displacement_mean_euclidean_error,evaluable,,120.0,0.0,0.0,True,MOCK DATA / NOT A SCIENTIFIC RESULT,displacement-report-draft-v1,
MOCK_S28,MOCK_G14,4,non_speaking,left_cheek,self,0.0078869127785213,0.0078869127785213,MOCK_S28_non_speaking_left_cheek,2.0,900.0,40275c3f3d62d6a686a7d2aa625576335780dca30df32eb69210500f293c5233,displacement_mean_euclidean_error,evaluable,,120.0,0.0,0.0,True,MOCK DATA / NOT A SCIENTIFIC RESULT,displacement-report-draft-v1,
MOCK_S28,MOCK_G14,4,non_speaking,left_cheek,full,0.0082151512445116,0.0082151512445116,MOCK_S28_non_speaking_left_cheek,2.0,900.0,40275c3f3d62d6a686a7d2aa625576335780dca30df32eb69210500f293c5233,displacement_mean_euclidean_error,evaluable,,120.0,90.0,750.0,True,MOCK DATA / NOT A SCIENTIFIC RESULT,displacement-report-draft-v1,
MOCK_S28,MOCK_G14,4,non_speaking,left_cheek,pcmci,0.0082355089382073,0.0082355089382073,MOCK_S28_non_speaking_left_cheek,2.0,900.0,40275c3f3d62d6a686a7d2aa625576335780dca30df32eb69210500f293c5233,displacement_mean_euclidean_error,evaluable,,120.0,1.0,6.0,True,MOCK DATA / NOT A SCIENTIFIC RESULT,displacement-report-draft-v1,
MOCK_S28,MOCK_G14,4,non_speaking,mouth,persistence,0.0066845276378,,MOCK_S28_non_speaking_mouth,8.0,900.0,40275c3f3d62d6a686a7d2aa625576335780dca30df32eb69210500f293c5233,displacement_mean_euclidean_error,evaluable,,480.0,0.0,0.0,True,MOCK DATA / NOT A SCIENTIFIC RESULT,displacement-report-draft-v1,
MOCK_S28,MOCK_G14,4,non_speaking,mouth,self,0.0084869127785213,0.0084869127785213,MOCK_S28_non_speaking_mouth,8.0,900.0,40275c3f3d62d6a686a7d2aa625576335780dca30df32eb69210500f293c5233,displacement_mean_euclidean_error,evaluable,,480.0,0.0,0.0,True,MOCK DATA / NOT A SCIENTIFIC RESULT,displacement-report-draft-v1,
MOCK_S28,MOCK_G14,4,non_speaking,mouth,full,0.0077503099999752,0.0077503099999752,MOCK_S28_non_speaking_mouth,8.0,900.0,40275c3f3d62d6a686a7d2aa625576335780dca30df32eb69210500f293c5233,displacement_mean_euclidean_error,evaluable,,480.0,90.0,570.0,True,MOCK DATA / NOT A SCIENTIFIC RESULT,displacement-report-draft-v1,
MOCK_S28,MOCK_G14,4,non_speaking,mouth,pcmci,0.0079692837463345,0.0079692837463345,MOCK_S28_non_speaking_mouth,8.0,900.0,40275c3f3d62d6a686a7d2aa625576335780dca30df32eb69210500f293c5233,displacement_mean_euclidean_error,evaluable,,480.0,3.0,18.0,True,MOCK DATA / NOT A SCIENTIFIC RESULT,displacement-report-draft-v1,
MOCK_S28,MOCK_G14,4,non_speaking,jaw,persistence,0.0067182525353949,,MOCK_S28_non_speaking_jaw,3.0,900.0,40275c3f3d62d6a686a7d2aa625576335780dca30df32eb69210500f293c5233,displacement_mean_euclidean_error,evaluable,,180.0,0.0,0.0,True,MOCK DATA / NOT A SCIENTIFIC RESULT,displacement-report-draft-v1,
MOCK_S28,MOCK_G14,4,non_speaking,jaw,self,0.0087869127785213,0.0087869127785213,MOCK_S28_non_speaking_jaw,3.0,900.0,40275c3f3d62d6a686a7d2aa625576335780dca30df32eb69210500f293c5233,displacement_mean_euclidean_error,evaluable,,180.0,0.0,0.0,True,MOCK DATA / NOT A SCIENTIFIC RESULT,displacement-report-draft-v1,
MOCK_S28,MOCK_G14,4,non_speaking,jaw,full,0.0073952238548462,0.0073952238548462,MOCK_S28_non_speaking_jaw,3.0,900.0,40275c3f3d62d6a686a7d2aa625576335780dca30df32eb69210500f293c5233,displacement_mean_euclidean_error,evaluable,,180.0,90.0,720.0,True,MOCK DATA / NOT A SCIENTIFIC RESULT,displacement-report-draft-v1,
MOCK_S28,MOCK_G14,4,non_speaking,jaw,pcmci,0.0075873898101112,0.0075873898101112,MOCK_S28_non_speaking_jaw,3.0,900.0,40275c3f3d62d6a686a7d2aa625576335780dca30df32eb69210500f293c5233,displacement_mean_euclidean_error,evaluable,,180.0,3.0,20.0,True,MOCK DATA / NOT A SCIENTIFIC RESULT,displacement-report-draft-v1,
MOCK_S29,MOCK_G15,4,speaking,left_brow,persistence,0.0063597556715952,,MOCK_S29_speaking_left_brow,3.0,900.0,f744b3d17e46558b5bb91b191466253f8d2139388d4e0be83d3f46786a5400c4,displacement_mean_euclidean_error,evaluable,,180.0,0.0,0.0,True,MOCK DATA / NOT A SCIENTIFIC RESULT,displacement-report-draft-v1,
MOCK_S29,MOCK_G15,4,speaking,left_brow,self,0.0060812717364923,0.0060812717364923,MOCK_S29_speaking_left_brow,3.0,900.0,f744b3d17e46558b5bb91b191466253f8d2139388d4e0be83d3f46786a5400c4,displacement_mean_euclidean_error,evaluable,,180.0,0.0,0.0,True,MOCK DATA / NOT A SCIENTIFIC RESULT,displacement-report-draft-v1,
MOCK_S29,MOCK_G15,4,speaking,left_brow,full,0.004732461406269,0.004732461406269,MOCK_S29_speaking_left_brow,3.0,900.0,f744b3d17e46558b5bb91b191466253f8d2139388d4e0be83d3f46786a5400c4,displacement_mean_euclidean_error,evaluable,,180.0,90.0,720.0,True,MOCK DATA / NOT A SCIENTIFIC RESULT,displacement-report-draft-v1,
MOCK_S29,MOCK_G15,4,speaking,left_brow,pcmci,0.005747498371969,0.005747498371969,MOCK_S29_speaking_left_brow,3.0,900.0,f744b3d17e46558b5bb91b191466253f8d2139388d4e0be83d3f46786a5400c4,displacement_mean_euclidean_error,evaluable,,180.0,3.0,20.0,True,MOCK DATA / NOT A SCIENTIFIC RESULT,displacement-report-draft-v1,
MOCK_S29,MOCK_G15,4,speaking,right_brow,persistence,0.0065303061697286,,MOCK_S29_speaking_right_brow,3.0,900.0,f744b3d17e46558b5bb91b191466253f8d2139388d4e0be83d3f46786a5400c4,displacement_mean_euclidean_error,evaluable,,180.0,0.0,0.0,True,MOCK DATA / NOT A SCIENTIFIC RESULT,displacement-report-draft-v1,
MOCK_S29,MOCK_G15,4,speaking,right_brow,self,0.0063812717364923,0.0063812717364923,MOCK_S29_speaking_right_brow,3.0,900.0,f744b3d17e46558b5bb91b191466253f8d2139388d4e0be83d3f46786a5400c4,displacement_mean_euclidean_error,evaluable,,180.0,0.0,0.0,True,MOCK DATA / NOT A SCIENTIFIC RESULT,displacement-report-draft-v1,
MOCK_S29,MOCK_G15,4,speaking,right_brow,full,0.0050507897749553,0.0050507897749553,MOCK_S29_speaking_right_brow,3.0,900.0,f744b3d17e46558b5bb91b191466253f8d2139388d4e0be83d3f46786a5400c4,displacement_mean_euclidean_error,evaluable,,180.0,90.0,720.0,True,MOCK DATA / NOT A SCIENTIFIC RESULT,displacement-report-draft-v1,
MOCK_S29,MOCK_G15,4,speaking,right_brow,pcmci,0.0052855370105623,0.0052855370105623,MOCK_S29_speaking_right_brow,3.0,900.0,f744b3d17e46558b5bb91b191466253f8d2139388d4e0be83d3f46786a5400c4,displacement_mean_euclidean_error,evaluable,,180.0,3.0,20.0,True,MOCK DATA / NOT A SCIENTIFIC RESULT,displacement-report-draft-v1,
MOCK_S29,MOCK_G15,4,speaking,left_eyelid,persistence,0.0064527270563875,,MOCK_S29_speaking_left_eyelid,4.0,900.0,f744b3d17e46558b5bb91b191466253f8d2139388d4e0be83d3f46786a5400c4,displacement_mean_euclidean_error,evaluable,,240.0,0.0,0.0,True,MOCK DATA / NOT A SCIENTIFIC RESULT,displacement-report-draft-v1,
MOCK_S29,MOCK_G15,4,speaking,left_eyelid,self,0.0066812717364923,0.0066812717364923,MOCK_S29_speaking_left_eyelid,4.0,900.0,f744b3d17e46558b5bb91b191466253f8d2139388d4e0be83d3f46786a5400c4,displacement_mean_euclidean_error,evaluable,,240.0,0.0,0.0,True,MOCK DATA / NOT A SCIENTIFIC RESULT,displacement-report-draft-v1,
MOCK_S29,MOCK_G15,4,speaking,left_eyelid,full,0.0060866896597018,0.0060866896597018,MOCK_S29_speaking_left_eyelid,4.0,900.0,f744b3d17e46558b5bb91b191466253f8d2139388d4e0be83d3f46786a5400c4,displacement_mean_euclidean_error,evaluable,,240.0,90.0,690.0,True,MOCK DATA / NOT A SCIENTIFIC RESULT,displacement-report-draft-v1,
MOCK_S29,MOCK_G15,4,speaking,left_eyelid,pcmci,0.0054172611782174,0.0054172611782174,MOCK_S29_speaking_left_eyelid,4.0,900.0,f744b3d17e46558b5bb91b191466253f8d2139388d4e0be83d3f46786a5400c4,displacement_mean_euclidean_error,evaluable,,240.0,2.0,16.0,True,MOCK DATA / NOT A SCIENTIFIC RESULT,displacement-report-draft-v1,
MOCK_S29,MOCK_G15,4,speaking,right_eyelid,persistence,0.0066240583985011,,MOCK_S29_speaking_right_eyelid,4.0,900.0,f744b3d17e46558b5bb91b191466253f8d2139388d4e0be83d3f46786a5400c4,displacement_mean_euclidean_error,evaluable,,240.0,0.0,0.0,True,MOCK DATA / NOT A SCIENTIFIC RESULT,displacement-report-draft-v1,
MOCK_S29,MOCK_G15,4,speaking,right_eyelid,self,0.0069812717364923,0.0069812717364923,MOCK_S29_speaking_right_eyelid,4.0,900.0,f744b3d17e46558b5bb91b191466253f8d2139388d4e0be83d3f46786a5400c4,displacement_mean_euclidean_error,evaluable,,240.0,0.0,0.0,True,MOCK DATA / NOT A SCIENTIFIC RESULT,displacement-report-draft-v1,
MOCK_S29,MOCK_G15,4,speaking,right_eyelid,full,0.0071635781002487,0.0071635781002487,MOCK_S29_speaking_right_eyelid,4.0,900.0,f744b3d17e46558b5bb91b191466253f8d2139388d4e0be83d3f46786a5400c4,displacement_mean_euclidean_error,evaluable,,240.0,90.0,690.0,True,MOCK DATA / NOT A SCIENTIFIC RESULT,displacement-report-draft-v1,
MOCK_S29,MOCK_G15,4,speaking,right_eyelid,pcmci,0.0062973828991485,0.0062973828991485,MOCK_S29_speaking_right_eyelid,4.0,900.0,f744b3d17e46558b5bb91b191466253f8d2139388d4e0be83d3f46786a5400c4,displacement_mean_euclidean_error,evaluable,,240.0,3.0,24.0,True,MOCK DATA / NOT A SCIENTIFIC RESULT,displacement-report-draft-v1,
MOCK_S29,MOCK_G15,4,speaking,left_cheek,persistence,0.0066538797679148,,MOCK_S29_speaking_left_cheek,2.0,900.0,f744b3d17e46558b5bb91b191466253f8d2139388d4e0be83d3f46786a5400c4,displacement_mean_euclidean_error,evaluable,,120.0,0.0,0.0,True,MOCK DATA / NOT A SCIENTIFIC RESULT,displacement-report-draft-v1,
MOCK_S29,MOCK_G15,4,speaking,left_cheek,self,0.0072812717364923,0.0072812717364923,MOCK_S29_speaking_left_cheek,2.0,900.0,f744b3d17e46558b5bb91b191466253f8d2139388d4e0be83d3f46786a5400c4,displacement_mean_euclidean_error,evaluable,,120.0,0.0,0.0,True,MOCK DATA / NOT A SCIENTIFIC RESULT,displacement-report-draft-v1,
MOCK_S29,MOCK_G15,4,speaking,left_cheek,full,0.0075671874471618,0.0075671874471618,MOCK_S29_speaking_left_cheek,2.0,900.0,f744b3d17e46558b5bb91b191466253f8d2139388d4e0be83d3f46786a5400c4,displacement_mean_euclidean_error,evaluable,,120.0,90.0,750.0,True,MOCK DATA / NOT A SCIENTIFIC RESULT,displacement-report-draft-v1,
MOCK_S29,MOCK_G15,4,speaking,left_cheek,pcmci,0.0073925409384998,0.0073925409384998,MOCK_S29_speaking_left_cheek,2.0,900.0,f744b3d17e46558b5bb91b191466253f8d2139388d4e0be83d3f46786a5400c4,displacement_mean_euclidean_error,evaluable,,120.0,1.0,6.0,True,MOCK DATA / NOT A SCIENTIFIC RESULT,displacement-report-draft-v1,
MOCK_S29,MOCK_G15,4,speaking,mouth,persistence,0.0066489348049617,,MOCK_S29_speaking_mouth,8.0,900.0,f744b3d17e46558b5bb91b191466253f8d2139388d4e0be83d3f46786a5400c4,displacement_mean_euclidean_error,evaluable,,480.0,0.0,0.0,True,MOCK DATA / NOT A SCIENTIFIC RESULT,displacement-report-draft-v1,
MOCK_S29,MOCK_G15,4,speaking,mouth,self,0.0078812717364923,0.0078812717364923,MOCK_S29_speaking_mouth,8.0,900.0,f744b3d17e46558b5bb91b191466253f8d2139388d4e0be83d3f46786a5400c4,displacement_mean_euclidean_error,evaluable,,480.0,0.0,0.0,True,MOCK DATA / NOT A SCIENTIFIC RESULT,displacement-report-draft-v1,
MOCK_S29,MOCK_G15,4,speaking,mouth,full,0.0066801264560525,0.0066801264560525,MOCK_S29_speaking_mouth,8.0,900.0,f744b3d17e46558b5bb91b191466253f8d2139388d4e0be83d3f46786a5400c4,displacement_mean_euclidean_error,evaluable,,480.0,90.0,570.0,True,MOCK DATA / NOT A SCIENTIFIC RESULT,displacement-report-draft-v1,
MOCK_S29,MOCK_G15,4,speaking,mouth,pcmci,0.0077781414890337,0.0077781414890337,MOCK_S29_speaking_mouth,8.0,900.0,f744b3d17e46558b5bb91b191466253f8d2139388d4e0be83d3f46786a5400c4,displacement_mean_euclidean_error,evaluable,,480.0,3.0,18.0,True,MOCK DATA / NOT A SCIENTIFIC RESULT,displacement-report-draft-v1,
MOCK_S29,MOCK_G15,4,speaking,jaw,persistence,0.00671694596259,,MOCK_S29_speaking_jaw,3.0,900.0,f744b3d17e46558b5bb91b191466253f8d2139388d4e0be83d3f46786a5400c4,displacement_mean_euclidean_error,evaluable,,180.0,0.0,0.0,True,MOCK DATA / NOT A SCIENTIFIC RESULT,displacement-report-draft-v1,
MOCK_S29,MOCK_G15,4,speaking,jaw,self,0.0081812717364923,0.0081812717364923,MOCK_S29_speaking_jaw,3.0,900.0,f744b3d17e46558b5bb91b191466253f8d2139388d4e0be83d3f46786a5400c4,displacement_mean_euclidean_error,evaluable,,180.0,0.0,0.0,True,MOCK DATA / NOT A SCIENTIFIC RESULT,displacement-report-draft-v1,
MOCK_S29,MOCK_G15,4,speaking,jaw,full,0.0067566531353228,0.0067566531353228,MOCK_S29_speaking_jaw,3.0,900.0,f744b3d17e46558b5bb91b191466253f8d2139388d4e0be83d3f46786a5400c4,displacement_mean_euclidean_error,evaluable,,180.0,90.0,720.0,True,MOCK DATA / NOT A SCIENTIFIC RESULT,displacement-report-draft-v1,
MOCK_S29,MOCK_G15,4,speaking,jaw,pcmci,0.0072657018653017,0.0072657018653017,MOCK_S29_speaking_jaw,3.0,900.0,f744b3d17e46558b5bb91b191466253f8d2139388d4e0be83d3f46786a5400c4,displacement_mean_euclidean_error,evaluable,,180.0,3.0,20.0,True,MOCK DATA / NOT A SCIENTIFIC RESULT,displacement-report-draft-v1,
MOCK_S29,MOCK_G15,4,non_speaking,left_brow,persistence,0.0064238346114764,,MOCK_S29_non_speaking_left_brow,3.0,900.0,d806eb3f7c815c72839cfe1b82056ee8ea4f270cc0b6ba0f733a70223b62c3dc,displacement_mean_euclidean_error,evaluable,,180.0,0.0,0.0,True,MOCK DATA / NOT A SCIENTIFIC RESULT,displacement-report-draft-v1,
MOCK_S29,MOCK_G15,4,non_speaking,left_brow,self,0.0064812717364923,0.0064812717364923,MOCK_S29_non_speaking_left_brow,3.0,900.0,d806eb3f7c815c72839cfe1b82056ee8ea4f270cc0b6ba0f733a70223b62c3dc,displacement_mean_euclidean_error,evaluable,,180.0,0.0,0.0,True,MOCK DATA / NOT A SCIENTIFIC RESULT,displacement-report-draft-v1,
MOCK_S29,MOCK_G15,4,non_speaking,left_brow,full,0.005132461406269,0.005132461406269,MOCK_S29_non_speaking_left_brow,3.0,900.0,d806eb3f7c815c72839cfe1b82056ee8ea4f270cc0b6ba0f733a70223b62c3dc,displacement_mean_euclidean_error,evaluable,,180.0,90.0,720.0,True,MOCK DATA / NOT A SCIENTIFIC RESULT,displacement-report-draft-v1,
MOCK_S29,MOCK_G15,4,non_speaking,left_brow,pcmci,0.0053855370105623,0.0053855370105623,MOCK_S29_non_speaking_left_brow,3.0,900.0,d806eb3f7c815c72839cfe1b82056ee8ea4f270cc0b6ba0f733a70223b62c3dc,displacement_mean_euclidean_error,evaluable,,180.0,3.0,20.0,True,MOCK DATA / NOT A SCIENTIFIC RESULT,displacement-report-draft-v1,
MOCK_S29,MOCK_G15,4,non_speaking,right_brow,persistence,0.0064003539579223,,MOCK_S29_non_speaking_right_brow,3.0,900.0,d806eb3f7c815c72839cfe1b82056ee8ea4f270cc0b6ba0f733a70223b62c3dc,displacement_mean_euclidean_error,evaluable,,180.0,0.0,0.0,True,MOCK DATA / NOT A SCIENTIFIC RESULT,displacement-report-draft-v1,
MOCK_S29,MOCK_G15,4,non_speaking,right_brow,self,0.0067812717364923,0.0067812717364923,MOCK_S29_non_speaking_right_brow,3.0,900.0,d806eb3f7c815c72839cfe1b82056ee8ea4f270cc0b6ba0f733a70223b62c3dc,displacement_mean_euclidean_error,evaluable,,180.0,0.0,0.0,True,MOCK DATA / NOT A SCIENTIFIC RESULT,displacement-report-draft-v1,
MOCK_S29,MOCK_G15,4,non_speaking,right_brow,full,0.0054507897749553,0.0054507897749553,MOCK_S29_non_speaking_right_brow,3.0,900.0,d806eb3f7c815c72839cfe1b82056ee8ea4f270cc0b6ba0f733a70223b62c3dc,displacement_mean_euclidean_error,evaluable,,180.0,90.0,720.0,True,MOCK DATA / NOT A SCIENTIFIC RESULT,displacement-report-draft-v1,
MOCK_S29,MOCK_G15,4,non_speaking,right_brow,pcmci,0.0055172611782174,0.0055172611782174,MOCK_S29_non_speaking_right_brow,3.0,900.0,d806eb3f7c815c72839cfe1b82056ee8ea4f270cc0b6ba0f733a70223b62c3dc,displacement_mean_euclidean_error,evaluable,,180.0,3.0,20.0,True,MOCK DATA / NOT A SCIENTIFIC RESULT,displacement-report-draft-v1,
MOCK_S29,MOCK_G15,4,non_speaking,left_eyelid,persistence,0.0064581740304674,,MOCK_S29_non_speaking_left_eyelid,4.0,900.0,d806eb3f7c815c72839cfe1b82056ee8ea4f270cc0b6ba0f733a70223b62c3dc,displacement_mean_euclidean_error,evaluable,,240.0,0.0,0.0,True,MOCK DATA / NOT A SCIENTIFIC RESULT,displacement-report-draft-v1,
MOCK_S29,MOCK_G15,4,non_speaking,left_eyelid,self,0.0070812717364923,0.0070812717364923,MOCK_S29_non_speaking_left_eyelid,4.0,900.0,d806eb3f7c815c72839cfe1b82056ee8ea4f270cc0b6ba0f733a70223b62c3dc,displacement_mean_euclidean_error,evaluable,,240.0,0.0,0.0,True,MOCK DATA / NOT A SCIENTIFIC RESULT,displacement-report-draft-v1,
MOCK_S29,MOCK_G15,4,non_speaking,left_eyelid,full,0.0064866896597018,0.0064866896597018,MOCK_S29_non_speaking_left_eyelid,4.0,900.0,d806eb3f7c815c72839cfe1b82056ee8ea4f270cc0b6ba0f733a70223b62c3dc,displacement_mean_euclidean_error,evaluable,,240.0,90.0,690.0,True,MOCK DATA / NOT A SCIENTIFIC RESULT,displacement-report-draft-v1,
MOCK_S29,MOCK_G15,4,non_speaking,left_eyelid,pcmci,0.0063973828991485,0.0063973828991485,MOCK_S29_non_speaking_left_eyelid,4.0,900.0,d806eb3f7c815c72839cfe1b82056ee8ea4f270cc0b6ba0f733a70223b62c3dc,displacement_mean_euclidean_error,evaluable,,240.0,2.0,16.0,True,MOCK DATA / NOT A SCIENTIFIC RESULT,displacement-report-draft-v1,
MOCK_S29,MOCK_G15,4,non_speaking,right_eyelid,persistence,0.0065549306341434,,MOCK_S29_non_speaking_right_eyelid,4.0,900.0,d806eb3f7c815c72839cfe1b82056ee8ea4f270cc0b6ba0f733a70223b62c3dc,displacement_mean_euclidean_error,evaluable,,240.0,0.0,0.0,True,MOCK DATA / NOT A SCIENTIFIC RESULT,displacement-report-draft-v1,
MOCK_S29,MOCK_G15,4,non_speaking,right_eyelid,self,0.0073812717364923,0.0073812717364923,MOCK_S29_non_speaking_right_eyelid,4.0,900.0,d806eb3f7c815c72839cfe1b82056ee8ea4f270cc0b6ba0f733a70223b62c3dc,displacement_mean_euclidean_error,evaluable,,240.0,0.0,0.0,True,MOCK DATA / NOT A SCIENTIFIC RESULT,displacement-report-draft-v1,
MOCK_S29,MOCK_G15,4,non_speaking,right_eyelid,full,0.0075635781002487,0.0075635781002487,MOCK_S29_non_speaking_right_eyelid,4.0,900.0,d806eb3f7c815c72839cfe1b82056ee8ea4f270cc0b6ba0f733a70223b62c3dc,displacement_mean_euclidean_error,evaluable,,240.0,90.0,690.0,True,MOCK DATA / NOT A SCIENTIFIC RESULT,displacement-report-draft-v1,
MOCK_S29,MOCK_G15,4,non_speaking,right_eyelid,pcmci,0.0074925409384998,0.0074925409384998,MOCK_S29_non_speaking_right_eyelid,4.0,900.0,d806eb3f7c815c72839cfe1b82056ee8ea4f270cc0b6ba0f733a70223b62c3dc,displacement_mean_euclidean_error,evaluable,,240.0,3.0,24.0,True,MOCK DATA / NOT A SCIENTIFIC RESULT,displacement-report-draft-v1,
MOCK_S29,MOCK_G15,4,non_speaking,left_cheek,persistence,0.0066963771499489,,MOCK_S29_non_speaking_left_cheek,2.0,900.0,d806eb3f7c815c72839cfe1b82056ee8ea4f270cc0b6ba0f733a70223b62c3dc,displacement_mean_euclidean_error,evaluable,,120.0,0.0,0.0,True,MOCK DATA / NOT A SCIENTIFIC RESULT,displacement-report-draft-v1,
MOCK_S29,MOCK_G15,4,non_speaking,left_cheek,self,0.0076812717364923,0.0076812717364923,MOCK_S29_non_speaking_left_cheek,2.0,900.0,d806eb3f7c815c72839cfe1b82056ee8ea4f270cc0b6ba0f733a70223b62c3dc,displacement_mean_euclidean_error,evaluable,,120.0,0.0,0.0,True,MOCK DATA / NOT A SCIENTIFIC RESULT,displacement-report-draft-v1,
MOCK_S29,MOCK_G15,4,non_speaking,left_cheek,full,0.0079671874471618,0.0079671874471618,MOCK_S29_non_speaking_left_cheek,2.0,900.0,d806eb3f7c815c72839cfe1b82056ee8ea4f270cc0b6ba0f733a70223b62c3dc,displacement_mean_euclidean_error,evaluable,,120.0,90.0,750.0,True,MOCK DATA / NOT A SCIENTIFIC RESULT,displacement-report-draft-v1,
MOCK_S29,MOCK_G15,4,non_speaking,left_cheek,pcmci,0.008071670661951,0.008071670661951,MOCK_S29_non_speaking_left_cheek,2.0,900.0,d806eb3f7c815c72839cfe1b82056ee8ea4f270cc0b6ba0f733a70223b62c3dc,displacement_mean_euclidean_error,evaluable,,120.0,1.0,6.0,True,MOCK DATA / NOT A SCIENTIFIC RESULT,displacement-report-draft-v1,
MOCK_S29,MOCK_G15,4,non_speaking,mouth,persistence,0.0066383382205261,,MOCK_S29_non_speaking_mouth,8.0,900.0,d806eb3f7c815c72839cfe1b82056ee8ea4f270cc0b6ba0f733a70223b62c3dc,displacement_mean_euclidean_error,evaluable,,480.0,0.0,0.0,True,MOCK DATA / NOT A SCIENTIFIC RESULT,displacement-report-draft-v1,
MOCK_S29,MOCK_G15,4,non_speaking,mouth,self,0.0082812717364923,0.0082812717364923,MOCK_S29_non_speaking_mouth,8.0,900.0,d806eb3f7c815c72839cfe1b82056ee8ea4f270cc0b6ba0f733a70223b62c3dc,displacement_mean_euclidean_error,evaluable,,480.0,0.0,0.0,True,MOCK DATA / NOT A SCIENTIFIC RESULT,displacement-report-draft-v1,
MOCK_S29,MOCK_G15,4,non_speaking,mouth,full,0.0070801264560525,0.0070801264560525,MOCK_S29_non_speaking_mouth,8.0,900.0,d806eb3f7c815c72839cfe1b82056ee8ea4f270cc0b6ba0f733a70223b62c3dc,displacement_mean_euclidean_error,evaluable,,480.0,90.0,570.0,True,MOCK DATA / NOT A SCIENTIFIC RESULT,displacement-report-draft-v1,
MOCK_S29,MOCK_G15,4,non_speaking,mouth,pcmci,0.0073657018653017,0.0073657018653017,MOCK_S29_non_speaking_mouth,8.0,900.0,d806eb3f7c815c72839cfe1b82056ee8ea4f270cc0b6ba0f733a70223b62c3dc,displacement_mean_euclidean_error,evaluable,,480.0,3.0,18.0,True,MOCK DATA / NOT A SCIENTIFIC RESULT,displacement-report-draft-v1,
MOCK_S29,MOCK_G15,4,non_speaking,jaw,persistence,0.0067765402420316,,MOCK_S29_non_speaking_jaw,3.0,900.0,d806eb3f7c815c72839cfe1b82056ee8ea4f270cc0b6ba0f733a70223b62c3dc,displacement_mean_euclidean_error,evaluable,,180.0,0.0,0.0,True,MOCK DATA / NOT A SCIENTIFIC RESULT,displacement-report-draft-v1,
MOCK_S29,MOCK_G15,4,non_speaking,jaw,self,0.0085812717364923,0.0085812717364923,MOCK_S29_non_speaking_jaw,3.0,900.0,d806eb3f7c815c72839cfe1b82056ee8ea4f270cc0b6ba0f733a70223b62c3dc,displacement_mean_euclidean_error,evaluable,,180.0,0.0,0.0,True,MOCK DATA / NOT A SCIENTIFIC RESULT,displacement-report-draft-v1,
MOCK_S29,MOCK_G15,4,non_speaking,jaw,full,0.0071566531353228,0.0071566531353228,MOCK_S29_non_speaking_jaw,3.0,900.0,d806eb3f7c815c72839cfe1b82056ee8ea4f270cc0b6ba0f733a70223b62c3dc,displacement_mean_euclidean_error,evaluable,,180.0,90.0,720.0,True,MOCK DATA / NOT A SCIENTIFIC RESULT,displacement-report-draft-v1,
MOCK_S29,MOCK_G15,4,non_speaking,jaw,pcmci,0.0072813050340569,0.0072813050340569,MOCK_S29_non_speaking_jaw,3.0,900.0,d806eb3f7c815c72839cfe1b82056ee8ea4f270cc0b6ba0f733a70223b62c3dc,displacement_mean_euclidean_error,evaluable,,180.0,3.0,20.0,True,MOCK DATA / NOT A SCIENTIFIC RESULT,displacement-report-draft-v1,
MOCK_S30,MOCK_G15,4,speaking,left_brow,persistence,0.0063116270920611,,MOCK_S30_speaking_left_brow,3.0,900.0,7a754e11af8078c936599e60c1f5473437622c8dba445a22adf9535fbf531f58,displacement_mean_euclidean_error,evaluable,,180.0,0.0,0.0,True,MOCK DATA / NOT A SCIENTIFIC RESULT,displacement-report-draft-v1,
MOCK_S30,MOCK_G15,4,speaking,left_brow,self,0.0058009098347361,0.0058009098347361,MOCK_S30_speaking_left_brow,3.0,900.0,7a754e11af8078c936599e60c1f5473437622c8dba445a22adf9535fbf531f58,displacement_mean_euclidean_error,evaluable,,180.0,0.0,0.0,True,MOCK DATA / NOT A SCIENTIFIC RESULT,displacement-report-draft-v1,
MOCK_S30,MOCK_G15,4,speaking,left_brow,full,0.0043575163923125,0.0043575163923125,MOCK_S30_speaking_left_brow,3.0,900.0,7a754e11af8078c936599e60c1f5473437622c8dba445a22adf9535fbf531f58,displacement_mean_euclidean_error,evaluable,,180.0,90.0,720.0,True,MOCK DATA / NOT A SCIENTIFIC RESULT,displacement-report-draft-v1,
MOCK_S30,MOCK_G15,4,speaking,left_brow,pcmci,0.0050492242079657,0.0050492242079657,MOCK_S30_speaking_left_brow,3.0,900.0,7a754e11af8078c936599e60c1f5473437622c8dba445a22adf9535fbf531f58,displacement_mean_euclidean_error,evaluable,,180.0,3.0,20.0,True,MOCK DATA / NOT A SCIENTIFIC RESULT,displacement-report-draft-v1,
MOCK_S30,MOCK_G15,4,speaking,right_brow,persistence,0.0064352800051947,,MOCK_S30_speaking_right_brow,3.0,900.0,7a754e11af8078c936599e60c1f5473437622c8dba445a22adf9535fbf531f58,displacement_mean_euclidean_error,evaluable,,180.0,0.0,0.0,True,MOCK DATA / NOT A SCIENTIFIC RESULT,displacement-report-draft-v1,
MOCK_S30,MOCK_G15,4,speaking,right_brow,self,0.0061009098347361,0.0061009098347361,MOCK_S30_speaking_right_brow,3.0,900.0,7a754e11af8078c936599e60c1f5473437622c8dba445a22adf9535fbf531f58,displacement_mean_euclidean_error,evaluable,,180.0,0.0,0.0,True,MOCK DATA / NOT A SCIENTIFIC RESULT,displacement-report-draft-v1,
MOCK_S30,MOCK_G15,4,speaking,right_brow,full,0.0051598007748714,0.0051598007748714,MOCK_S30_speaking_right_brow,3.0,900.0,7a754e11af8078c936599e60c1f5473437622c8dba445a22adf9535fbf531f58,displacement_mean_euclidean_error,evaluable,,180.0,90.0,720.0,True,MOCK DATA / NOT A SCIENTIFIC RESULT,displacement-report-draft-v1,
MOCK_S30,MOCK_G15,4,speaking,right_brow,pcmci,0.00481922439134,0.00481922439134,MOCK_S30_speaking_right_brow,3.0,900.0,7a754e11af8078c936599e60c1f5473437622c8dba445a22adf9535fbf531f58,displacement_mean_euclidean_error,evaluable,,180.0,3.0,20.0,True,MOCK DATA / NOT A SCIENTIFIC RESULT,displacement-report-draft-v1,
MOCK_S30,MOCK_G15,4,speaking,left_eyelid,persistence,0.0065194536600846,,MOCK_S30_speaking_left_eyelid,4.0,900.0,7a754e11af8078c936599e60c1f5473437622c8dba445a22adf9535fbf531f58,displacement_mean_euclidean_error,evaluable,,240.0,0.0,0.0,True,MOCK DATA / NOT A SCIENTIFIC RESULT,displacement-report-draft-v1,
MOCK_S30,MOCK_G15,4,speaking,left_eyelid,self,0.0064009098347361,0.0064009098347361,MOCK_S30_speaking_left_eyelid,4.0,900.0,7a754e11af8078c936599e60c1f5473437622c8dba445a22adf9535fbf531f58,displacement_mean_euclidean_error,evaluable,,240.0,0.0,0.0,True,MOCK DATA / NOT A SCIENTIFIC RESULT,displacement-report-draft-v1,
MOCK_S30,MOCK_G15,4,speaking,left_eyelid,full,0.006321669023378,0.006321669023378,MOCK_S30_speaking_left_eyelid,4.0,900.0,7a754e11af8078c936599e60c1f5473437622c8dba445a22adf9535fbf531f58,displacement_mean_euclidean_error,evaluable,,240.0,90.0,690.0,True,MOCK DATA / NOT A SCIENTIFIC RESULT,displacement-report-draft-v1,
MOCK_S30,MOCK_G15,4,speaking,left_eyelid,pcmci,0.0053538723358588,0.0053538723358588,MOCK_S30_speaking_left_eyelid,4.0,900.0,7a754e11af8078c936599e60c1f5473437622c8dba445a22adf9535fbf531f58,displacement_mean_euclidean_error,evaluable,,240.0,2.0,16.0,True,MOCK DATA / NOT A SCIENTIFIC RESULT,displacement-report-draft-v1,
MOCK_S30,MOCK_G15,4,speaking,right_eyelid,persistence,0.006501731567823,,MOCK_S30_speaking_right_eyelid,4.0,900.0,7a754e11af8078c936599e60c1f5473437622c8dba445a22adf9535fbf531f58,displacement_mean_euclidean_error,evaluable,,240.0,0.0,0.0,True,MOCK DATA / NOT A SCIENTIFIC RESULT,displacement-report-draft-v1,
MOCK_S30,MOCK_G15,4,speaking,right_eyelid,self,0.0067009098347361,0.0067009098347361,MOCK_S30_speaking_right_eyelid,4.0,900.0,7a754e11af8078c936599e60c1f5473437622c8dba445a22adf9535fbf531f58,displacement_mean_euclidean_error,evaluable,,240.0,0.0,0.0,True,MOCK DATA / NOT A SCIENTIFIC RESULT,displacement-report-draft-v1,
MOCK_S30,MOCK_G15,4,speaking,right_eyelid,full,0.0070507234448645,0.0070507234448645,MOCK_S30_speaking_right_eyelid,4.0,900.0,7a754e11af8078c936599e60c1f5473437622c8dba445a22adf9535fbf531f58,displacement_mean_euclidean_error,evaluable,,240.0,90.0,690.0,True,MOCK DATA / NOT A SCIENTIFIC RESULT,displacement-report-draft-v1,
MOCK_S30,MOCK_G15,4,speaking,right_eyelid,pcmci,0.0064374338034658,0.0064374338034658,MOCK_S30_speaking_right_eyelid,4.0,900.0,7a754e11af8078c936599e60c1f5473437622c8dba445a22adf9535fbf531f58,displacement_mean_euclidean_error,evaluable,,240.0,3.0,24.0,True,MOCK DATA / NOT A SCIENTIFIC RESULT,displacement-report-draft-v1,
MOCK_S30,MOCK_G15,4,speaking,left_cheek,persistence,0.0065647492678534,,MOCK_S30_speaking_left_cheek,2.0,900.0,7a754e11af8078c936599e60c1f5473437622c8dba445a22adf9535fbf531f58,displacement_mean_euclidean_error,evaluable,,120.0,0.0,0.0,True,MOCK DATA / NOT A SCIENTIFIC RESULT,displacement-report-draft-v1,
MOCK_S30,MOCK_G15,4,speaking,left_cheek,self,0.0070009098347361,0.0070009098347361,MOCK_S30_speaking_left_cheek,2.0,900.0,7a754e11af8078c936599e60c1f5473437622c8dba445a22adf9535fbf531f58,displacement_mean_euclidean_error,evaluable,,120.0,0.0,0.0,True,MOCK DATA / NOT A SCIENTIFIC RESULT,displacement-report-draft-v1,
MOCK_S30,MOCK_G15,4,speaking,left_cheek,full,0.006952493382902,0.006952493382902,MOCK_S30_speaking_left_cheek,2.0,900.0,7a754e11af8078c936599e60c1f5473437622c8dba445a22adf9535fbf531f58,displacement_mean_euclidean_error,evaluable,,120.0,90.0,750.0,True,MOCK DATA / NOT A SCIENTIFIC RESULT,displacement-report-draft-v1,
MOCK_S30,MOCK_G15,4,speaking,left_cheek,pcmci,0.0073495059944221,0.0073495059944221,MOCK_S30_speaking_left_cheek,2.0,900.0,7a754e11af8078c936599e60c1f5473437622c8dba445a22adf9535fbf531f58,displacement_mean_euclidean_error,evaluable,,120.0,1.0,6.0,True,MOCK DATA / NOT A SCIENTIFIC RESULT,displacement-report-draft-v1,
MOCK_S30,MOCK_G15,4,speaking,mouth,persistence,0.0067379013957997,,MOCK_S30_speaking_mouth,8.0,900.0,7a754e11af8078c936599e60c1f5473437622c8dba445a22adf9535fbf531f58,displacement_mean_euclidean_error,evaluable,,480.0,0.0,0.0,True,MOCK DATA / NOT A SCIENTIFIC RESULT,displacement-report-draft-v1,
MOCK_S30,MOCK_G15,4,speaking,mouth,self,0.0076009098347361,0.0076009098347361,MOCK_S30_speaking_mouth,8.0,900.0,7a754e11af8078c936599e60c1f5473437622c8dba445a22adf9535fbf531f58,displacement_mean_euclidean_error,evaluable,,480.0,0.0,0.0,True,MOCK DATA / NOT A SCIENTIFIC RESULT,displacement-report-draft-v1,
MOCK_S30,MOCK_G15,4,speaking,mouth,full,0.0061626858324275,0.0061626858324275,MOCK_S30_speaking_mouth,8.0,900.0,7a754e11af8078c936599e60c1f5473437622c8dba445a22adf9535fbf531f58,displacement_mean_euclidean_error,evaluable,,480.0,90.0,570.0,True,MOCK DATA / NOT A SCIENTIFIC RESULT,displacement-report-draft-v1,
MOCK_S30,MOCK_G15,4,speaking,mouth,pcmci,0.0070832808025493,0.0070832808025493,MOCK_S30_speaking_mouth,8.0,900.0,7a754e11af8078c936599e60c1f5473437622c8dba445a22adf9535fbf531f58,displacement_mean_euclidean_error,evaluable,,480.0,3.0,18.0,True,MOCK DATA / NOT A SCIENTIFIC RESULT,displacement-report-draft-v1,
MOCK_S30,MOCK_G15,4,speaking,jaw,persistence,0.006924202462414,,MOCK_S30_speaking_jaw,3.0,900.0,7a754e11af8078c936599e60c1f5473437622c8dba445a22adf9535fbf531f58,displacement_mean_euclidean_error,evaluable,,180.0,0.0,0.0,True,MOCK DATA / NOT A SCIENTIFIC RESULT,displacement-report-draft-v1,
MOCK_S30,MOCK_G15,4,speaking,jaw,self,0.0079009098347361,0.0079009098347361,MOCK_S30_speaking_jaw,3.0,900.0,7a754e11af8078c936599e60c1f5473437622c8dba445a22adf9535fbf531f58,displacement_mean_euclidean_error,evaluable,,180.0,0.0,0.0,True,MOCK DATA / NOT A SCIENTIFIC RESULT,displacement-report-draft-v1,
MOCK_S30,MOCK_G15,4,speaking,jaw,full,0.0067488909963958,0.0067488909963958,MOCK_S30_speaking_jaw,3.0,900.0,7a754e11af8078c936599e60c1f5473437622c8dba445a22adf9535fbf531f58,displacement_mean_euclidean_error,evaluable,,180.0,90.0,720.0,True,MOCK DATA / NOT A SCIENTIFIC RESULT,displacement-report-draft-v1,
MOCK_S30,MOCK_G15,4,speaking,jaw,pcmci,0.0067013868663259,0.0067013868663259,MOCK_S30_speaking_jaw,3.0,900.0,7a754e11af8078c936599e60c1f5473437622c8dba445a22adf9535fbf531f58,displacement_mean_euclidean_error,evaluable,,180.0,3.0,20.0,True,MOCK DATA / NOT A SCIENTIFIC RESULT,displacement-report-draft-v1,
MOCK_S30,MOCK_G15,4,non_speaking,left_brow,persistence,0.0062963906816569,,MOCK_S30_non_speaking_left_brow,3.0,900.0,41ecfa49b9b5a070787055228827054d259ac9409a6ebb9ee1ec451ea4c60eac,displacement_mean_euclidean_error,evaluable,,180.0,0.0,0.0,True,MOCK DATA / NOT A SCIENTIFIC RESULT,displacement-report-draft-v1,
MOCK_S30,MOCK_G15,4,non_speaking,left_brow,self,0.0062009098347361,0.0062009098347361,MOCK_S30_non_speaking_left_brow,3.0,900.0,41ecfa49b9b5a070787055228827054d259ac9409a6ebb9ee1ec451ea4c60eac,displacement_mean_euclidean_error,evaluable,,180.0,0.0,0.0,True,MOCK DATA / NOT A SCIENTIFIC RESULT,displacement-report-draft-v1,
MOCK_S30,MOCK_G15,4,non_speaking,left_brow,full,0.0047575163923125,0.0047575163923125,MOCK_S30_non_speaking_left_brow,3.0,900.0,41ecfa49b9b5a070787055228827054d259ac9409a6ebb9ee1ec451ea4c60eac,displacement_mean_euclidean_error,evaluable,,180.0,90.0,720.0,True,MOCK DATA / NOT A SCIENTIFIC RESULT,displacement-report-draft-v1,
MOCK_S30,MOCK_G15,4,non_speaking,left_brow,pcmci,0.00491922439134,0.00491922439134,MOCK_S30_non_speaking_left_brow,3.0,900.0,41ecfa49b9b5a070787055228827054d259ac9409a6ebb9ee1ec451ea4c60eac,displacement_mean_euclidean_error,evaluable,,180.0,3.0,20.0,True,MOCK DATA / NOT A SCIENTIFIC RESULT,displacement-report-draft-v1,
MOCK_S30,MOCK_G15,4,non_speaking,right_brow,persistence,0.0065040370610601,,MOCK_S30_non_speaking_right_brow,3.0,900.0,41ecfa49b9b5a070787055228827054d259ac9409a6ebb9ee1ec451ea4c60eac,displacement_mean_euclidean_error,evaluable,,180.0,0.0,0.0,True,MOCK DATA / NOT A SCIENTIFIC RESULT,displacement-report-draft-v1,
MOCK_S30,MOCK_G15,4,non_speaking,right_brow,self,0.0065009098347361,0.0065009098347361,MOCK_S30_non_speaking_right_brow,3.0,900.0,41ecfa49b9b5a070787055228827054d259ac9409a6ebb9ee1ec451ea4c60eac,displacement_mean_euclidean_error,evaluable,,180.0,0.0,0.0,True,MOCK DATA / NOT A SCIENTIFIC RESULT,displacement-report-draft-v1,
MOCK_S30,MOCK_G15,4,non_speaking,right_brow,full,0.0055598007748714,0.0055598007748714,MOCK_S30_non_speaking_right_brow,3.0,900.0,41ecfa49b9b5a070787055228827054d259ac9409a6ebb9ee1ec451ea4c60eac,displacement_mean_euclidean_error,evaluable,,180.0,90.0,720.0,True,MOCK DATA / NOT A SCIENTIFIC RESULT,displacement-report-draft-v1,
MOCK_S30,MOCK_G15,4,non_speaking,right_brow,pcmci,0.0054538723358588,0.0054538723358588,MOCK_S30_non_speaking_right_brow,3.0,900.0,41ecfa49b9b5a070787055228827054d259ac9409a6ebb9ee1ec451ea4c60eac,displacement_mean_euclidean_error,evaluable,,180.0,3.0,20.0,True,MOCK DATA / NOT A SCIENTIFIC RESULT,displacement-report-draft-v1,
MOCK_S30,MOCK_G15,4,non_speaking,left_eyelid,persistence,0.0065037233026451,,MOCK_S30_non_speaking_left_eyelid,4.0,900.0,41ecfa49b9b5a070787055228827054d259ac9409a6ebb9ee1ec451ea4c60eac,displacement_mean_euclidean_error,evaluable,,240.0,0.0,0.0,True,MOCK DATA / NOT A SCIENTIFIC RESULT,displacement-report-draft-v1,
MOCK_S30,MOCK_G15,4,non_speaking,left_eyelid,self,0.0068009098347361,0.0068009098347361,MOCK_S30_non_speaking_left_eyelid,4.0,900.0,41ecfa49b9b5a070787055228827054d259ac9409a6ebb9ee1ec451ea4c60eac,displacement_mean_euclidean_error,evaluable,,240.0,0.0,0.0,True,MOCK DATA / NOT A SCIENTIFIC RESULT,displacement-report-draft-v1,
MOCK_S30,MOCK_G15,4,non_speaking,left_eyelid,full,0.006721669023378,0.006721669023378,MOCK_S30_non_speaking_left_eyelid,4.0,900.0,41ecfa49b9b5a070787055228827054d259ac9409a6ebb9ee1ec451ea4c60eac,displacement_mean_euclidean_error,evaluable,,240.0,90.0,690.0,True,MOCK DATA / NOT A SCIENTIFIC RESULT,displacement-report-draft-v1,
MOCK_S30,MOCK_G15,4,non_speaking,left_eyelid,pcmci,0.0065374338034658,0.0065374338034658,MOCK_S30_non_speaking_left_eyelid,4.0,900.0,41ecfa49b9b5a070787055228827054d259ac9409a6ebb9ee1ec451ea4c60eac,displacement_mean_euclidean_error,evaluable,,240.0,2.0,16.0,True,MOCK DATA / NOT A SCIENTIFIC RESULT,displacement-report-draft-v1,
MOCK_S30,MOCK_G15,4,non_speaking,right_eyelid,persistence,0.0066217197856043,,MOCK_S30_non_speaking_right_eyelid,4.0,900.0,41ecfa49b9b5a070787055228827054d259ac9409a6ebb9ee1ec451ea4c60eac,displacement_mean_euclidean_error,evaluable,,240.0,0.0,0.0,True,MOCK DATA / NOT A SCIENTIFIC RESULT,displacement-report-draft-v1,
MOCK_S30,MOCK_G15,4,non_speaking,right_eyelid,self,0.0071009098347361,0.0071009098347361,MOCK_S30_non_speaking_right_eyelid,4.0,900.0,41ecfa49b9b5a070787055228827054d259ac9409a6ebb9ee1ec451ea4c60eac,displacement_mean_euclidean_error,evaluable,,240.0,0.0,0.0,True,MOCK DATA / NOT A SCIENTIFIC RESULT,displacement-report-draft-v1,
MOCK_S30,MOCK_G15,4,non_speaking,right_eyelid,full,0.0074507234448645,0.0074507234448645,MOCK_S30_non_speaking_right_eyelid,4.0,900.0,41ecfa49b9b5a070787055228827054d259ac9409a6ebb9ee1ec451ea4c60eac,displacement_mean_euclidean_error,evaluable,,240.0,90.0,690.0,True,MOCK DATA / NOT A SCIENTIFIC RESULT,displacement-report-draft-v1,
MOCK_S30,MOCK_G15,4,non_speaking,right_eyelid,pcmci,0.0074495059944221,0.0074495059944221,MOCK_S30_non_speaking_right_eyelid,4.0,900.0,41ecfa49b9b5a070787055228827054d259ac9409a6ebb9ee1ec451ea4c60eac,displacement_mean_euclidean_error,evaluable,,240.0,3.0,24.0,True,MOCK DATA / NOT A SCIENTIFIC RESULT,displacement-report-draft-v1,
MOCK_S30,MOCK_G15,4,non_speaking,left_cheek,persistence,0.0065822051831298,,MOCK_S30_non_speaking_left_cheek,2.0,900.0,41ecfa49b9b5a070787055228827054d259ac9409a6ebb9ee1ec451ea4c60eac,displacement_mean_euclidean_error,evaluable,,120.0,0.0,0.0,True,MOCK DATA / NOT A SCIENTIFIC RESULT,displacement-report-draft-v1,
MOCK_S30,MOCK_G15,4,non_speaking,left_cheek,self,0.0074009098347361,0.0074009098347361,MOCK_S30_non_speaking_left_cheek,2.0,900.0,41ecfa49b9b5a070787055228827054d259ac9409a6ebb9ee1ec451ea4c60eac,displacement_mean_euclidean_error,evaluable,,120.0,0.0,0.0,True,MOCK DATA / NOT A SCIENTIFIC RESULT,displacement-report-draft-v1,
MOCK_S30,MOCK_G15,4,non_speaking,left_cheek,full,0.007352493382902,0.007352493382902,MOCK_S30_non_speaking_left_cheek,2.0,900.0,41ecfa49b9b5a070787055228827054d259ac9409a6ebb9ee1ec451ea4c60eac,displacement_mean_euclidean_error,evaluable,,120.0,90.0,750.0,True,MOCK DATA / NOT A SCIENTIFIC RESULT,displacement-report-draft-v1,
MOCK_S30,MOCK_G15,4,non_speaking,left_cheek,pcmci,0.0076273525590779,0.0076273525590779,MOCK_S30_non_speaking_left_cheek,2.0,900.0,41ecfa49b9b5a070787055228827054d259ac9409a6ebb9ee1ec451ea4c60eac,displacement_mean_euclidean_error,evaluable,,120.0,1.0,6.0,True,MOCK DATA / NOT A SCIENTIFIC RESULT,displacement-report-draft-v1,
MOCK_S30,MOCK_G15,4,non_speaking,mouth,persistence,0.0066094638593684,,MOCK_S30_non_speaking_mouth,8.0,900.0,41ecfa49b9b5a070787055228827054d259ac9409a6ebb9ee1ec451ea4c60eac,displacement_mean_euclidean_error,evaluable,,480.0,0.0,0.0,True,MOCK DATA / NOT A SCIENTIFIC RESULT,displacement-report-draft-v1,
MOCK_S30,MOCK_G15,4,non_speaking,mouth,self,0.0080009098347361,0.0080009098347361,MOCK_S30_non_speaking_mouth,8.0,900.0,41ecfa49b9b5a070787055228827054d259ac9409a6ebb9ee1ec451ea4c60eac,displacement_mean_euclidean_error,evaluable,,480.0,0.0,0.0,True,MOCK DATA / NOT A SCIENTIFIC RESULT,displacement-report-draft-v1,
MOCK_S30,MOCK_G15,4,non_speaking,mouth,full,0.0065626858324275,0.0065626858324275,MOCK_S30_non_speaking_mouth,8.0,900.0,41ecfa49b9b5a070787055228827054d259ac9409a6ebb9ee1ec451ea4c60eac,displacement_mean_euclidean_error,evaluable,,480.0,90.0,570.0,True,MOCK DATA / NOT A SCIENTIFIC RESULT,displacement-report-draft-v1,
MOCK_S30,MOCK_G15,4,non_speaking,mouth,pcmci,0.0068013868663259,0.0068013868663259,MOCK_S30_non_speaking_mouth,8.0,900.0,41ecfa49b9b5a070787055228827054d259ac9409a6ebb9ee1ec451ea4c60eac,displacement_mean_euclidean_error,evaluable,,480.0,3.0,18.0,True,MOCK DATA / NOT A SCIENTIFIC RESULT,displacement-report-draft-v1,
MOCK_S30,MOCK_G15,4,non_speaking,jaw,persistence,0.0067431323287679,,MOCK_S30_non_speaking_jaw,3.0,900.0,41ecfa49b9b5a070787055228827054d259ac9409a6ebb9ee1ec451ea4c60eac,displacement_mean_euclidean_error,evaluable,,180.0,0.0,0.0,True,MOCK DATA / NOT A SCIENTIFIC RESULT,displacement-report-draft-v1,
MOCK_S30,MOCK_G15,4,non_speaking,jaw,self,0.0083009098347361,0.0083009098347361,MOCK_S30_non_speaking_jaw,3.0,900.0,41ecfa49b9b5a070787055228827054d259ac9409a6ebb9ee1ec451ea4c60eac,displacement_mean_euclidean_error,evaluable,,180.0,0.0,0.0,True,MOCK DATA / NOT A SCIENTIFIC RESULT,displacement-report-draft-v1,
MOCK_S30,MOCK_G15,4,non_speaking,jaw,full,0.0071488909963958,0.0071488909963958,MOCK_S30_non_speaking_jaw,3.0,900.0,41ecfa49b9b5a070787055228827054d259ac9409a6ebb9ee1ec451ea4c60eac,displacement_mean_euclidean_error,evaluable,,180.0,90.0,720.0,True,MOCK DATA / NOT A SCIENTIFIC RESULT,displacement-report-draft-v1,
MOCK_S30,MOCK_G15,4,non_speaking,jaw,pcmci,0.0071086008906566,0.0071086008906566,MOCK_S30_non_speaking_jaw,3.0,900.0,41ecfa49b9b5a070787055228827054d259ac9409a6ebb9ee1ec451ea4c60eac,displacement_mean_euclidean_error,evaluable,,180.0,3.0,20.0,True,MOCK DATA / NOT A SCIENTIFIC RESULT,displacement-report-draft-v1,
MOCK_S01,MOCK_G01,0,non_speaking,whole_face,full,0.0069622949344022005,,,,,,,,,,,,True,MOCK DATA / NOT A SCIENTIFIC RESULT,displacement-report-draft-v1,8.0
MOCK_S01,MOCK_G01,0,non_speaking,whole_face,pcmci,0.0070353551172286505,,,,,,,,,,,,True,MOCK DATA / NOT A SCIENTIFIC RESULT,displacement-report-draft-v1,8.0
MOCK_S01,MOCK_G01,0,non_speaking,whole_face,persistence,0.006572497815189625,,,,,,,,,,,,True,MOCK DATA / NOT A SCIENTIFIC RESULT,displacement-report-draft-v1,8.0
MOCK_S01,MOCK_G01,0,non_speaking,whole_face,self,0.00744999999999995,,,,,,,,,,,,True,MOCK DATA / NOT A SCIENTIFIC RESULT,displacement-report-draft-v1,8.0
MOCK_S02,MOCK_G01,0,non_speaking,whole_face,full,0.007297757590330087,,,,,,,,,,,,True,MOCK DATA / NOT A SCIENTIFIC RESULT,displacement-report-draft-v1,8.0
MOCK_S02,MOCK_G01,0,non_speaking,whole_face,pcmci,0.007204864873865237,,,,,,,,,,,,True,MOCK DATA / NOT A SCIENTIFIC RESULT,displacement-report-draft-v1,8.0
MOCK_S02,MOCK_G01,0,non_speaking,whole_face,persistence,0.006605647101256437,,,,,,,,,,,,True,MOCK DATA / NOT A SCIENTIFIC RESULT,displacement-report-draft-v1,8.0
MOCK_S02,MOCK_G01,0,non_speaking,whole_face,self,0.0077024412954423,,,,,,,,,,,,True,MOCK DATA / NOT A SCIENTIFIC RESULT,displacement-report-draft-v1,8.0
MOCK_S03,MOCK_G02,0,non_speaking,whole_face,full,0.00735036372084055,,,,,,,,,,,,True,MOCK DATA / NOT A SCIENTIFIC RESULT,displacement-report-draft-v1,8.0
MOCK_S03,MOCK_G02,0,non_speaking,whole_face,pcmci,0.007153929634952612,,,,,,,,,,,,True,MOCK DATA / NOT A SCIENTIFIC RESULT,displacement-report-draft-v1,8.0
MOCK_S03,MOCK_G02,0,non_speaking,whole_face,persistence,0.006606652135854737,,,,,,,,,,,,True,MOCK DATA / NOT A SCIENTIFIC RESULT,displacement-report-draft-v1,8.0
MOCK_S03,MOCK_G02,0,non_speaking,whole_face,self,0.0077227892280476995,,,,,,,,,,,,True,MOCK DATA / NOT A SCIENTIFIC RESULT,displacement-report-draft-v1,8.0
MOCK_S04,MOCK_G02,0,non_speaking,whole_face,full,0.007090136813933188,,,,,,,,,,,,True,MOCK DATA / NOT A SCIENTIFIC RESULT,displacement-report-draft-v1,8.0
MOCK_S04,MOCK_G02,0,non_speaking,whole_face,pcmci,0.006881294211567763,,,,,,,,,,,,True,MOCK DATA / NOT A SCIENTIFIC RESULT,displacement-report-draft-v1,8.0
MOCK_S04,MOCK_G02,0,non_speaking,whole_face,persistence,0.00661321853429525,,,,,,,,,,,,True,MOCK DATA / NOT A SCIENTIFIC RESULT,displacement-report-draft-v1,8.0
MOCK_S04,MOCK_G02,0,non_speaking,whole_face,self,0.0074923360024179,,,,,,,,,,,,True,MOCK DATA / NOT A SCIENTIFIC RESULT,displacement-report-draft-v1,8.0
MOCK_S05,MOCK_G03,0,non_speaking,whole_face,full,0.00673935530592685,,,,,,,,,,,,True,MOCK DATA / NOT A SCIENTIFIC RESULT,displacement-report-draft-v1,8.0
MOCK_S05,MOCK_G03,0,non_speaking,whole_face,pcmci,0.006609163909731287,,,,,,,,,,,,True,MOCK DATA / NOT A SCIENTIFIC RESULT,displacement-report-draft-v1,8.0
MOCK_S05,MOCK_G03,0,non_speaking,whole_face,persistence,0.006588271607744362,,,,,,,,,,,,True,MOCK DATA / NOT A SCIENTIFIC RESULT,displacement-report-draft-v1,8.0
MOCK_S05,MOCK_G03,0,non_speaking,whole_face,self,0.0072229592514076,,,,,,,,,,,,True,MOCK DATA / NOT A SCIENTIFIC RESULT,displacement-report-draft-v1,8.0
MOCK_S06,MOCK_G03,0,non_speaking,whole_face,full,0.006574119963054275,,,,,,,,,,,,True,MOCK DATA / NOT A SCIENTIFIC RESULT,displacement-report-draft-v1,8.0
MOCK_S06,MOCK_G03,0,non_speaking,whole_face,pcmci,0.00658587663730315,,,,,,,,,,,,True,MOCK DATA / NOT A SCIENTIFIC RESULT,displacement-report-draft-v1,8.0
MOCK_S06,MOCK_G03,0,non_speaking,whole_face,persistence,0.00655656550063545,,,,,,,,,,,,True,MOCK DATA / NOT A SCIENTIFIC RESULT,displacement-report-draft-v1,8.0
MOCK_S06,MOCK_G03,0,non_speaking,whole_face,self,0.007162322717601,,,,,,,,,,,,True,MOCK DATA / NOT A SCIENTIFIC RESULT,displacement-report-draft-v1,8.0
MOCK_S07,MOCK_G04,1,non_speaking,whole_face,full,0.006686719108190813,,,,,,,,,,,,True,MOCK DATA / NOT A SCIENTIFIC RESULT,displacement-report-draft-v1,8.0
MOCK_S07,MOCK_G04,1,non_speaking,whole_face,pcmci,0.006983736576755775,,,,,,,,,,,,True,MOCK DATA / NOT A SCIENTIFIC RESULT,displacement-report-draft-v1,8.0
MOCK_S07,MOCK_G04,1,non_speaking,whole_face,persistence,0.006579360828611476,,,,,,,,,,,,True,MOCK DATA / NOT A SCIENTIFIC RESULT,displacement-report-draft-v1,8.0
MOCK_S07,MOCK_G04,1,non_speaking,whole_face,self,0.0073661753505403,,,,,,,,,,,,True,MOCK DATA / NOT A SCIENTIFIC RESULT,displacement-report-draft-v1,8.0
MOCK_S08,MOCK_G04,1,non_speaking,whole_face,full,0.00692160903939555,,,,,,,,,,,,True,MOCK DATA / NOT A SCIENTIFIC RESULT,displacement-report-draft-v1,8.0
MOCK_S08,MOCK_G04,1,non_speaking,whole_face,pcmci,0.0073001466066494256,,,,,,,,,,,,True,MOCK DATA / NOT A SCIENTIFIC RESULT,displacement-report-draft-v1,8.0
MOCK_S08,MOCK_G04,1,non_speaking,whole_face,persistence,0.006549166675974375,,,,,,,,,,,,True,MOCK DATA / NOT A SCIENTIFIC RESULT,displacement-report-draft-v1,8.0
MOCK_S08,MOCK_G04,1,non_speaking,whole_face,self,0.0076470959796156,,,,,,,,,,,,True,MOCK DATA / NOT A SCIENTIFIC RESULT,displacement-report-draft-v1,8.0
MOCK_S09,MOCK_G05,1,non_speaking,whole_face,full,0.007036592472906188,,,,,,,,,,,,True,MOCK DATA / NOT A SCIENTIFIC RESULT,displacement-report-draft-v1,8.0
MOCK_S09,MOCK_G05,1,non_speaking,whole_face,pcmci,0.007423889076112325,,,,,,,,,,,,True,MOCK DATA / NOT A SCIENTIFIC RESULT,displacement-report-draft-v1,8.0
MOCK_S09,MOCK_G05,1,non_speaking,whole_face,persistence,0.0066219507479353375,,,,,,,,,,,,True,MOCK DATA / NOT A SCIENTIFIC RESULT,displacement-report-draft-v1,8.0
MOCK_S09,MOCK_G05,1,non_speaking,whole_face,self,0.0077468074739869995,,,,,,,,,,,,True,MOCK DATA / NOT A SCIENTIFIC RESULT,displacement-report-draft-v1,8.0
MOCK_S10,MOCK_G05,1,non_speaking,whole_face,full,0.006934660192923,,,,,,,,,,,,True,MOCK DATA / NOT A SCIENTIFIC RESULT,displacement-report-draft-v1,8.0
MOCK_S10,MOCK_G05,1,non_speaking,whole_face,pcmci,0.0072574060762505875,,,,,,,,,,,,True,MOCK DATA / NOT A SCIENTIFIC RESULT,displacement-report-draft-v1,8.0
MOCK_S10,MOCK_G05,1,non_speaking,whole_face,persistence,0.006643154893166675,,,,,,,,,,,,True,MOCK DATA / NOT A SCIENTIFIC RESULT,displacement-report-draft-v1,8.0
MOCK_S10,MOCK_G05,1,non_speaking,whole_face,self,0.0075736355455725,,,,,,,,,,,,True,MOCK DATA / NOT A SCIENTIFIC RESULT,displacement-report-draft-v1,8.0
MOCK_S11,MOCK_G06,1,non_speaking,whole_face,full,0.006750139613032375,,,,,,,,,,,,True,MOCK DATA / NOT A SCIENTIFIC RESULT,displacement-report-draft-v1,8.0
MOCK_S11,MOCK_G06,1,non_speaking,whole_face,pcmci,0.006958273396430975,,,,,,,,,,,,True,MOCK DATA / NOT A SCIENTIFIC RESULT,displacement-report-draft-v1,8.0
MOCK_S11,MOCK_G06,1,non_speaking,whole_face,persistence,0.00659214893316425,,,,,,,,,,,,True,MOCK DATA / NOT A SCIENTIFIC RESULT,displacement-report-draft-v1,8.0
MOCK_S11,MOCK_G06,1,non_speaking,whole_face,self,0.0072867936667331,,,,,,,,,,,,True,MOCK DATA / NOT A SCIENTIFIC RESULT,displacement-report-draft-v1,8.0
MOCK_S12,MOCK_G06,1,non_speaking,whole_face,full,0.006711008060275112,,,,,,,,,,,,True,MOCK DATA / NOT A SCIENTIFIC RESULT,displacement-report-draft-v1,8.0
MOCK_S12,MOCK_G06,1,non_speaking,whole_face,pcmci,0.0067932213539558875,,,,,,,,,,,,True,MOCK DATA / NOT A SCIENTIFIC RESULT,displacement-report-draft-v1,8.0
MOCK_S12,MOCK_G06,1,non_speaking,whole_face,persistence,0.0065840161690738875,,,,,,,,,,,,True,MOCK DATA / NOT A SCIENTIFIC RESULT,displacement-report-draft-v1,8.0
MOCK_S12,MOCK_G06,1,non_speaking,whole_face,self,0.0071500029380347,,,,,,,,,,,,True,MOCK DATA / NOT A SCIENTIFIC RESULT,displacement-report-draft-v1,8.0
MOCK_S13,MOCK_G07,2,non_speaking,whole_face,full,0.0069089151399453,,,,,,,,,,,,True,MOCK DATA / NOT A SCIENTIFIC RESULT,displacement-report-draft-v1,8.0
MOCK_S13,MOCK_G07,2,non_speaking,whole_face,pcmci,0.006918786183732225,,,,,,,,,,,,True,MOCK DATA / NOT A SCIENTIFIC RESULT,displacement-report-draft-v1,8.0
MOCK_S13,MOCK_G07,2,non_speaking,whole_face,persistence,0.0065716039974886625,,,,,,,,,,,,True,MOCK DATA / NOT A SCIENTIFIC RESULT,displacement-report-draft-v1,8.0
MOCK_S13,MOCK_G07,2,non_speaking,whole_face,self,0.0072890281245998,,,,,,,,,,,,True,MOCK DATA / NOT A SCIENTIFIC RESULT,displacement-report-draft-v1,8.0
MOCK_S14,MOCK_G07,2,non_speaking,whole_face,full,0.00719547259735825,,,,,,,,,,,,True,MOCK DATA / NOT A SCIENTIFIC RESULT,displacement-report-draft-v1,8.0
MOCK_S14,MOCK_G07,2,non_speaking,whole_face,pcmci,0.007125307823622787,,,,,,,,,,,,True,MOCK DATA / NOT A SCIENTIFIC RESULT,displacement-report-draft-v1,8.0
MOCK_S14,MOCK_G07,2,non_speaking,whole_face,persistence,0.0065646084877364,,,,,,,,,,,,True,MOCK DATA / NOT A SCIENTIFIC RESULT,displacement-report-draft-v1,8.0
MOCK_S14,MOCK_G07,2,non_speaking,whole_face,self,0.0075760501110479,,,,,,,,,,,,True,MOCK DATA / NOT A SCIENTIFIC RESULT,displacement-report-draft-v1,8.0
MOCK_S15,MOCK_G08,2,non_speaking,whole_face,full,0.007306956015199825,,,,,,,,,,,,True,MOCK DATA / NOT A SCIENTIFIC RESULT,displacement-report-draft-v1,8.0
MOCK_S15,MOCK_G08,2,non_speaking,whole_face,pcmci,0.0072161213105756,,,,,,,,,,,,True,MOCK DATA / NOT A SCIENTIFIC RESULT,displacement-report-draft-v1,8.0
MOCK_S15,MOCK_G08,2,non_speaking,whole_face,persistence,0.0066003667315923,,,,,,,,,,,,True,MOCK DATA / NOT A SCIENTIFIC RESULT,displacement-report-draft-v1,8.0
MOCK_S15,MOCK_G08,2,non_speaking,whole_face,self,0.0077471822067083996,,,,,,,,,,,,True,MOCK DATA / NOT A SCIENTIFIC RESULT,displacement-report-draft-v1,8.0
MOCK_S16,MOCK_G08,2,non_speaking,whole_face,full,0.007106864333201275,,,,,,,,,,,,True,MOCK DATA / NOT A SCIENTIFIC RESULT,displacement-report-draft-v1,8.0
MOCK_S16,MOCK_G08,2,non_speaking,whole_face,pcmci,0.007053553381677487,,,,,,,,,,,,True,MOCK DATA / NOT A SCIENTIFIC RESULT,displacement-report-draft-v1,8.0
MOCK_S16,MOCK_G08,2,non_speaking,whole_face,persistence,0.006611402088247062,,,,,,,,,,,,True,MOCK DATA / NOT A SCIENTIFIC RESULT,displacement-report-draft-v1,8.0
MOCK_S16,MOCK_G08,2,non_speaking,whole_face,self,0.0076450863520470995,,,,,,,,,,,,True,MOCK DATA / NOT A SCIENTIFIC RESULT,displacement-report-draft-v1,8.0
MOCK_S17,MOCK_G09,2,non_speaking,whole_face,full,0.00672329677114555,,,,,,,,,,,,True,MOCK DATA / NOT A SCIENTIFIC RESULT,displacement-report-draft-v1,8.0
MOCK_S17,MOCK_G09,2,non_speaking,whole_face,pcmci,0.006746276167675438,,,,,,,,,,,,True,MOCK DATA / NOT A SCIENTIFIC RESULT,displacement-report-draft-v1,8.0
MOCK_S17,MOCK_G09,2,non_speaking,whole_face,persistence,0.00660830551648335,,,,,,,,,,,,True,MOCK DATA / NOT A SCIENTIFIC RESULT,displacement-report-draft-v1,8.0
MOCK_S17,MOCK_G09,2,non_speaking,whole_face,self,0.0073636290050004,,,,,,,,,,,,True,MOCK DATA / NOT A SCIENTIFIC RESULT,displacement-report-draft-v1,8.0
MOCK_S18,MOCK_G09,2,non_speaking,whole_face,full,0.0064506939517323374,,,,,,,,,,,,True,MOCK DATA / NOT A SCIENTIFIC RESULT,displacement-report-draft-v1,8.0
MOCK_S18,MOCK_G09,2,non_speaking,whole_face,pcmci,0.0065593818593670875,,,,,,,,,,,,True,MOCK DATA / NOT A SCIENTIFIC RESULT,displacement-report-draft-v1,8.0
MOCK_S18,MOCK_G09,2,non_speaking,whole_face,persistence,0.006599772719166713,,,,,,,,,,,,True,MOCK DATA / NOT A SCIENTIFIC RESULT,displacement-report-draft-v1,8.0
MOCK_S18,MOCK_G09,2,non_speaking,whole_face,self,0.0071615807524361,,,,,,,,,,,,True,MOCK DATA / NOT A SCIENTIFIC RESULT,displacement-report-draft-v1,8.0
MOCK_S19,MOCK_G10,3,non_speaking,whole_face,full,0.006499464846643962,,,,,,,,,,,,True,MOCK DATA / NOT A SCIENTIFIC RESULT,displacement-report-draft-v1,8.0
MOCK_S19,MOCK_G10,3,non_speaking,whole_face,pcmci,0.006674922474300712,,,,,,,,,,,,True,MOCK DATA / NOT A SCIENTIFIC RESULT,displacement-report-draft-v1,8.0
MOCK_S19,MOCK_G10,3,non_speaking,whole_face,persistence,0.00656893024572055,,,,,,,,,,,,True,MOCK DATA / NOT A SCIENTIFIC RESULT,displacement-report-draft-v1,8.0
MOCK_S19,MOCK_G10,3,non_speaking,whole_face,self,0.0072247038259684,,,,,,,,,,,,True,MOCK DATA / NOT A SCIENTIFIC RESULT,displacement-report-draft-v1,8.0
MOCK_S20,MOCK_G10,3,non_speaking,whole_face,full,0.0068165880220887876,,,,,,,,,,,,True,MOCK DATA / NOT A SCIENTIFIC RESULT,displacement-report-draft-v1,8.0
MOCK_S20,MOCK_G10,3,non_speaking,whole_face,pcmci,0.0070220293075169,,,,,,,,,,,,True,MOCK DATA / NOT A SCIENTIFIC RESULT,displacement-report-draft-v1,8.0
MOCK_S20,MOCK_G10,3,non_speaking,whole_face,persistence,0.006554570666844837,,,,,,,,,,,,True,MOCK DATA / NOT A SCIENTIFIC RESULT,displacement-report-draft-v1,8.0
MOCK_S20,MOCK_G10,3,non_speaking,whole_face,self,0.0074949631628988,,,,,,,,,,,,True,MOCK DATA / NOT A SCIENTIFIC RESULT,displacement-report-draft-v1,8.0
MOCK_S21,MOCK_G11,3,non_speaking,whole_face,full,0.007137217402983512,,,,,,,,,,,,True,MOCK DATA / NOT A SCIENTIFIC RESULT,displacement-report-draft-v1,8.0
MOCK_S21,MOCK_G11,3,non_speaking,whole_face,pcmci,0.007333412223765812,,,,,,,,,,,,True,MOCK DATA / NOT A SCIENTIFIC RESULT,displacement-report-draft-v1,8.0
MOCK_S21,MOCK_G11,3,non_speaking,whole_face,persistence,0.006556760651755937,,,,,,,,,,,,True,MOCK DATA / NOT A SCIENTIFIC RESULT,displacement-report-draft-v1,8.0
MOCK_S21,MOCK_G11,3,non_speaking,whole_face,self,0.007723883575218199,,,,,,,,,,,,True,MOCK DATA / NOT A SCIENTIFIC RESULT,displacement-report-draft-v1,8.0
MOCK_S22,MOCK_G11,3,non_speaking,whole_face,full,0.0072188480367554,,,,,,,,,,,,True,MOCK DATA / NOT A SCIENTIFIC RESULT,displacement-report-draft-v1,8.0
MOCK_S22,MOCK_G11,3,non_speaking,whole_face,pcmci,0.007378413154739187,,,,,,,,,,,,True,MOCK DATA / NOT A SCIENTIFIC RESULT,displacement-report-draft-v1,8.0
MOCK_S22,MOCK_G11,3,non_speaking,whole_face,persistence,0.006588077497452587,,,,,,,,,,,,True,MOCK DATA / NOT A SCIENTIFIC RESULT,displacement-report-draft-v1,8.0
MOCK_S22,MOCK_G11,3,non_speaking,whole_face,self,0.0077009966915608,,,,,,,,,,,,True,MOCK DATA / NOT A SCIENTIFIC RESULT,displacement-report-draft-v1,8.0
MOCK_S23,MOCK_G12,3,non_speaking,whole_face,full,0.007046011042864838,,,,,,,,,,,,True,MOCK DATA / NOT A SCIENTIFIC RESULT,displacement-report-draft-v1,8.0
MOCK_S23,MOCK_G12,3,non_speaking,whole_face,pcmci,0.0071614528910315,,,,,,,,,,,,True,MOCK DATA / NOT A SCIENTIFIC RESULT,displacement-report-draft-v1,8.0
MOCK_S23,MOCK_G12,3,non_speaking,whole_face,persistence,0.006565521254651175,,,,,,,,,,,,True,MOCK DATA / NOT A SCIENTIFIC RESULT,displacement-report-draft-v1,8.0
MOCK_S23,MOCK_G12,3,non_speaking,whole_face,self,0.0074473446072128,,,,,,,,,,,,True,MOCK DATA / NOT A SCIENTIFIC RESULT,displacement-report-draft-v1,8.0
MOCK_S24,MOCK_G12,3,non_speaking,whole_face,full,0.00682368194172335,,,,,,,,,,,,True,MOCK DATA / NOT A SCIENTIFIC RESULT,displacement-report-draft-v1,8.0
MOCK_S24,MOCK_G12,3,non_speaking,whole_face,pcmci,0.006906754551851013,,,,,,,,,,,,True,MOCK DATA / NOT A SCIENTIFIC RESULT,displacement-report-draft-v1,8.0
MOCK_S24,MOCK_G12,3,non_speaking,whole_face,persistence,0.0065891634480561,,,,,,,,,,,,True,MOCK DATA / NOT A SCIENTIFIC RESULT,displacement-report-draft-v1,8.0
MOCK_S24,MOCK_G12,3,non_speaking,whole_face,self,0.0071961338787474,,,,,,,,,,,,True,MOCK DATA / NOT A SCIENTIFIC RESULT,displacement-report-draft-v1,8.0
MOCK_S01,MOCK_G01,0,speaking,whole_face,full,0.0065622949344022125,,,,,,,,,,,,True,MOCK DATA / NOT A SCIENTIFIC RESULT,displacement-report-draft-v1,8.0
MOCK_S01,MOCK_G01,0,speaking,whole_face,pcmci,0.006757064495820825,,,,,,,,,,,,True,MOCK DATA / NOT A SCIENTIFIC RESULT,displacement-report-draft-v1,8.0
MOCK_S01,MOCK_G01,0,speaking,whole_face,persistence,0.006592404647797288,,,,,,,,,,,,True,MOCK DATA / NOT A SCIENTIFIC RESULT,displacement-report-draft-v1,8.0
MOCK_S01,MOCK_G01,0,speaking,whole_face,self,0.0070499999999999625,,,,,,,,,,,,True,MOCK DATA / NOT A SCIENTIFIC RESULT,displacement-report-draft-v1,8.0
MOCK_S02,MOCK_G01,0,speaking,whole_face,full,0.006897757590330088,,,,,,,,,,,,True,MOCK DATA / NOT A SCIENTIFIC RESULT,displacement-report-draft-v1,8.0
MOCK_S02,MOCK_G01,0,speaking,whole_face,pcmci,0.0069620717857263505,,,,,,,,,,,,True,MOCK DATA / NOT A SCIENTIFIC RESULT,displacement-report-draft-v1,8.0
MOCK_S02,MOCK_G01,0,speaking,whole_face,persistence,0.006583592976545287,,,,,,,,,,,,True,MOCK DATA / NOT A SCIENTIFIC RESULT,displacement-report-draft-v1,8.0
MOCK_S02,MOCK_G01,0,speaking,whole_face,self,0.0073024412954423,,,,,,,,,,,,True,MOCK DATA / NOT A SCIENTIFIC RESULT,displacement-report-draft-v1,8.0
MOCK_S03,MOCK_G02,0,speaking,whole_face,full,0.006950363720840563,,,,,,,,,,,,True,MOCK DATA / NOT A SCIENTIFIC RESULT,displacement-report-draft-v1,8.0
MOCK_S03,MOCK_G02,0,speaking,whole_face,pcmci,0.006908144345276351,,,,,,,,,,,,True,MOCK DATA / NOT A SCIENTIFIC RESULT,displacement-report-draft-v1,8.0
MOCK_S03,MOCK_G02,0,speaking,whole_face,persistence,0.006547412689985188,,,,,,,,,,,,True,MOCK DATA / NOT A SCIENTIFIC RESULT,displacement-report-draft-v1,8.0
MOCK_S03,MOCK_G02,0,speaking,whole_face,self,0.0073227892280477,,,,,,,,,,,,True,MOCK DATA / NOT A SCIENTIFIC RESULT,displacement-report-draft-v1,8.0
MOCK_S04,MOCK_G02,0,speaking,whole_face,full,0.0066901368139331875,,,,,,,,,,,,True,MOCK DATA / NOT A SCIENTIFIC RESULT,displacement-report-draft-v1,8.0
MOCK_S04,MOCK_G02,0,speaking,whole_face,pcmci,0.006594759580840825,,,,,,,,,,,,True,MOCK DATA / NOT A SCIENTIFIC RESULT,displacement-report-draft-v1,8.0
MOCK_S04,MOCK_G02,0,speaking,whole_face,persistence,0.006561907134626175,,,,,,,,,,,,True,MOCK DATA / NOT A SCIENTIFIC RESULT,displacement-report-draft-v1,8.0
MOCK_S04,MOCK_G02,0,speaking,whole_face,self,0.0070923360024179,,,,,,,,,,,,True,MOCK DATA / NOT A SCIENTIFIC RESULT,displacement-report-draft-v1,8.0
MOCK_S05,MOCK_G03,0,speaking,whole_face,full,0.0063393553059268495,,,,,,,,,,,,True,MOCK DATA / NOT A SCIENTIFIC RESULT,displacement-report-draft-v1,8.0
MOCK_S05,MOCK_G03,0,speaking,whole_face,pcmci,0.006254099658312512,,,,,,,,,,,,True,MOCK DATA / NOT A SCIENTIFIC RESULT,displacement-report-draft-v1,8.0
MOCK_S05,MOCK_G03,0,speaking,whole_face,persistence,0.006543107751799363,,,,,,,,,,,,True,MOCK DATA / NOT A SCIENTIFIC RESULT,displacement-report-draft-v1,8.0
MOCK_S05,MOCK_G03,0,speaking,whole_face,self,0.0068229592514076,,,,,,,,,,,,True,MOCK DATA / NOT A SCIENTIFIC RESULT,displacement-report-draft-v1,8.0
MOCK_S06,MOCK_G03,0,speaking,whole_face,full,0.006174119963054275,,,,,,,,,,,,True,MOCK DATA / NOT A SCIENTIFIC RESULT,displacement-report-draft-v1,8.0
MOCK_S06,MOCK_G03,0,speaking,whole_face,pcmci,0.006151280926750862,,,,,,,,,,,,True,MOCK DATA / NOT A SCIENTIFIC RESULT,displacement-report-draft-v1,8.0
MOCK_S06,MOCK_G03,0,speaking,whole_face,persistence,0.00659664212293885,,,,,,,,,,,,True,MOCK DATA / NOT A SCIENTIFIC RESULT,displacement-report-draft-v1,8.0
MOCK_S06,MOCK_G03,0,speaking,whole_face,self,0.006762322717601,,,,,,,,,,,,True,MOCK DATA / NOT A SCIENTIFIC RESULT,displacement-report-draft-v1,8.0
MOCK_S07,MOCK_G04,1,speaking,whole_face,full,0.006286719108190813,,,,,,,,,,,,True,MOCK DATA / NOT A SCIENTIFIC RESULT,displacement-report-draft-v1,8.0
MOCK_S07,MOCK_G04,1,speaking,whole_face,pcmci,0.006352380008863987,,,,,,,,,,,,True,MOCK DATA / NOT A SCIENTIFIC RESULT,displacement-report-draft-v1,8.0
MOCK_S07,MOCK_G04,1,speaking,whole_face,persistence,0.006562734932791438,,,,,,,,,,,,True,MOCK DATA / NOT A SCIENTIFIC RESULT,displacement-report-draft-v1,8.0
MOCK_S07,MOCK_G04,1,speaking,whole_face,self,0.0069661753505403,,,,,,,,,,,,True,MOCK DATA / NOT A SCIENTIFIC RESULT,displacement-report-draft-v1,8.0
MOCK_S08,MOCK_G04,1,speaking,whole_face,full,0.0065216090393955505,,,,,,,,,,,,True,MOCK DATA / NOT A SCIENTIFIC RESULT,displacement-report-draft-v1,8.0
MOCK_S08,MOCK_G04,1,speaking,whole_face,pcmci,0.0066706498993177495,,,,,,,,,,,,True,MOCK DATA / NOT A SCIENTIFIC RESULT,displacement-report-draft-v1,8.0
MOCK_S08,MOCK_G04,1,speaking,whole_face,persistence,0.00654994712589415,,,,,,,,,,,,True,MOCK DATA / NOT A SCIENTIFIC RESULT,displacement-report-draft-v1,8.0
MOCK_S08,MOCK_G04,1,speaking,whole_face,self,0.0072470959796156,,,,,,,,,,,,True,MOCK DATA / NOT A SCIENTIFIC RESULT,displacement-report-draft-v1,8.0
MOCK_S09,MOCK_G05,1,speaking,whole_face,full,0.0066365924729062,,,,,,,,,,,,True,MOCK DATA / NOT A SCIENTIFIC RESULT,displacement-report-draft-v1,8.0
MOCK_S09,MOCK_G05,1,speaking,whole_face,pcmci,0.0068386690654857,,,,,,,,,,,,True,MOCK DATA / NOT A SCIENTIFIC RESULT,displacement-report-draft-v1,8.0
MOCK_S09,MOCK_G05,1,speaking,whole_face,persistence,0.006668827633626175,,,,,,,,,,,,True,MOCK DATA / NOT A SCIENTIFIC RESULT,displacement-report-draft-v1,8.0
MOCK_S09,MOCK_G05,1,speaking,whole_face,self,0.007346807473987,,,,,,,,,,,,True,MOCK DATA / NOT A SCIENTIFIC RESULT,displacement-report-draft-v1,8.0
MOCK_S10,MOCK_G05,1,speaking,whole_face,full,0.006534660192923,,,,,,,,,,,,True,MOCK DATA / NOT A SCIENTIFIC RESULT,displacement-report-draft-v1,8.0
MOCK_S10,MOCK_G05,1,speaking,whole_face,pcmci,0.006748039118916775,,,,,,,,,,,,True,MOCK DATA / NOT A SCIENTIFIC RESULT,displacement-report-draft-v1,8.0
MOCK_S10,MOCK_G05,1,speaking,whole_face,persistence,0.00657687884227595,,,,,,,,,,,,True,MOCK DATA / NOT A SCIENTIFIC RESULT,displacement-report-draft-v1,8.0
MOCK_S10,MOCK_G05,1,speaking,whole_face,self,0.0071736355455725,,,,,,,,,,,,True,MOCK DATA / NOT A SCIENTIFIC RESULT,displacement-report-draft-v1,8.0
MOCK_S11,MOCK_G06,1,speaking,whole_face,full,0.006350139613032375,,,,,,,,,,,,True,MOCK DATA / NOT A SCIENTIFIC RESULT,displacement-report-draft-v1,8.0
MOCK_S11,MOCK_G06,1,speaking,whole_face,pcmci,0.006537764376063975,,,,,,,,,,,,True,MOCK DATA / NOT A SCIENTIFIC RESULT,displacement-report-draft-v1,8.0
MOCK_S11,MOCK_G06,1,speaking,whole_face,persistence,0.006612043735061612,,,,,,,,,,,,True,MOCK DATA / NOT A SCIENTIFIC RESULT,displacement-report-draft-v1,8.0
MOCK_S11,MOCK_G06,1,speaking,whole_face,self,0.0068867936667331,,,,,,,,,,,,True,MOCK DATA / NOT A SCIENTIFIC RESULT,displacement-report-draft-v1,8.0
MOCK_S12,MOCK_G06,1,speaking,whole_face,full,0.006311008060275113,,,,,,,,,,,,True,MOCK DATA / NOT A SCIENTIFIC RESULT,displacement-report-draft-v1,8.0
MOCK_S12,MOCK_G06,1,speaking,whole_face,pcmci,0.0064528196322312745,,,,,,,,,,,,True,MOCK DATA / NOT A SCIENTIFIC RESULT,displacement-report-draft-v1,8.0
MOCK_S12,MOCK_G06,1,speaking,whole_face,persistence,0.006546151373983988,,,,,,,,,,,,True,MOCK DATA / NOT A SCIENTIFIC RESULT,displacement-report-draft-v1,8.0
MOCK_S12,MOCK_G06,1,speaking,whole_face,self,0.0067500029380347,,,,,,,,,,,,True,MOCK DATA / NOT A SCIENTIFIC RESULT,displacement-report-draft-v1,8.0
MOCK_S13,MOCK_G07,2,speaking,whole_face,full,0.0065089151399453,,,,,,,,,,,,True,MOCK DATA / NOT A SCIENTIFIC RESULT,displacement-report-draft-v1,8.0
MOCK_S13,MOCK_G07,2,speaking,whole_face,pcmci,0.006606275947254237,,,,,,,,,,,,True,MOCK DATA / NOT A SCIENTIFIC RESULT,displacement-report-draft-v1,8.0
MOCK_S13,MOCK_G07,2,speaking,whole_face,persistence,0.006592572372567375,,,,,,,,,,,,True,MOCK DATA / NOT A SCIENTIFIC RESULT,displacement-report-draft-v1,8.0
MOCK_S13,MOCK_G07,2,speaking,whole_face,self,0.0068890281245998,,,,,,,,,,,,True,MOCK DATA / NOT A SCIENTIFIC RESULT,displacement-report-draft-v1,8.0
MOCK_S14,MOCK_G07,2,speaking,whole_face,full,0.00679547259735825,,,,,,,,,,,,True,MOCK DATA / NOT A SCIENTIFIC RESULT,displacement-report-draft-v1,8.0
MOCK_S14,MOCK_G07,2,speaking,whole_face,pcmci,0.006866780962202713,,,,,,,,,,,,True,MOCK DATA / NOT A SCIENTIFIC RESULT,displacement-report-draft-v1,8.0
MOCK_S14,MOCK_G07,2,speaking,whole_face,persistence,0.006594653634493662,,,,,,,,,,,,True,MOCK DATA / NOT A SCIENTIFIC RESULT,displacement-report-draft-v1,8.0
MOCK_S14,MOCK_G07,2,speaking,whole_face,self,0.0071760501110479,,,,,,,,,,,,True,MOCK DATA / NOT A SCIENTIFIC RESULT,displacement-report-draft-v1,8.0
MOCK_S15,MOCK_G08,2,speaking,whole_face,full,0.006906956015199825,,,,,,,,,,,,True,MOCK DATA / NOT A SCIENTIFIC RESULT,displacement-report-draft-v1,8.0
MOCK_S15,MOCK_G08,2,speaking,whole_face,pcmci,0.006976940265840825,,,,,,,,,,,,True,MOCK DATA / NOT A SCIENTIFIC RESULT,displacement-report-draft-v1,8.0
MOCK_S15,MOCK_G08,2,speaking,whole_face,persistence,0.006592135992333625,,,,,,,,,,,,True,MOCK DATA / NOT A SCIENTIFIC RESULT,displacement-report-draft-v1,8.0
MOCK_S15,MOCK_G08,2,speaking,whole_face,self,0.0073471822067084,,,,,,,,,,,,True,MOCK DATA / NOT A SCIENTIFIC RESULT,displacement-report-draft-v1,8.0
MOCK_S16,MOCK_G08,2,speaking,whole_face,full,0.006706864333201275,,,,,,,,,,,,True,MOCK DATA / NOT A SCIENTIFIC RESULT,displacement-report-draft-v1,8.0
MOCK_S16,MOCK_G08,2,speaking,whole_face,pcmci,0.006794344064621975,,,,,,,,,,,,True,MOCK DATA / NOT A SCIENTIFIC RESULT,displacement-report-draft-v1,8.0
MOCK_S16,MOCK_G08,2,speaking,whole_face,persistence,0.006574996453905925,,,,,,,,,,,,True,MOCK DATA / NOT A SCIENTIFIC RESULT,displacement-report-draft-v1,8.0
MOCK_S16,MOCK_G08,2,speaking,whole_face,self,0.0072450863520471,,,,,,,,,,,,True,MOCK DATA / NOT A SCIENTIFIC RESULT,displacement-report-draft-v1,8.0
MOCK_S17,MOCK_G09,2,speaking,whole_face,full,0.00632329677114555,,,,,,,,,,,,True,MOCK DATA / NOT A SCIENTIFIC RESULT,displacement-report-draft-v1,8.0
MOCK_S17,MOCK_G09,2,speaking,whole_face,pcmci,0.0064325681088676125,,,,,,,,,,,,True,MOCK DATA / NOT A SCIENTIFIC RESULT,displacement-report-draft-v1,8.0
MOCK_S17,MOCK_G09,2,speaking,whole_face,persistence,0.006529114401985313,,,,,,,,,,,,True,MOCK DATA / NOT A SCIENTIFIC RESULT,displacement-report-draft-v1,8.0
MOCK_S17,MOCK_G09,2,speaking,whole_face,self,0.0069636290050004,,,,,,,,,,,,True,MOCK DATA / NOT A SCIENTIFIC RESULT,displacement-report-draft-v1,8.0
MOCK_S18,MOCK_G09,2,speaking,whole_face,full,0.006050693951732337,,,,,,,,,,,,True,MOCK DATA / NOT A SCIENTIFIC RESULT,displacement-report-draft-v1,8.0
MOCK_S18,MOCK_G09,2,speaking,whole_face,pcmci,0.006170047782066488,,,,,,,,,,,,True,MOCK DATA / NOT A SCIENTIFIC RESULT,displacement-report-draft-v1,8.0
MOCK_S18,MOCK_G09,2,speaking,whole_face,persistence,0.006594238201698388,,,,,,,,,,,,True,MOCK DATA / NOT A SCIENTIFIC RESULT,displacement-report-draft-v1,8.0
MOCK_S18,MOCK_G09,2,speaking,whole_face,self,0.0067615807524361,,,,,,,,,,,,True,MOCK DATA / NOT A SCIENTIFIC RESULT,displacement-report-draft-v1,8.0
MOCK_S19,MOCK_G10,3,speaking,whole_face,full,0.006099464846643962,,,,,,,,,,,,True,MOCK DATA / NOT A SCIENTIFIC RESULT,displacement-report-draft-v1,8.0
MOCK_S19,MOCK_G10,3,speaking,whole_face,pcmci,0.006207350988643463,,,,,,,,,,,,True,MOCK DATA / NOT A SCIENTIFIC RESULT,displacement-report-draft-v1,8.0
MOCK_S19,MOCK_G10,3,speaking,whole_face,persistence,0.006592603503068913,,,,,,,,,,,,True,MOCK DATA / NOT A SCIENTIFIC RESULT,displacement-report-draft-v1,8.0
MOCK_S19,MOCK_G10,3,speaking,whole_face,self,0.0068247038259684,,,,,,,,,,,,True,MOCK DATA / NOT A SCIENTIFIC RESULT,displacement-report-draft-v1,8.0
MOCK_S20,MOCK_G10,3,speaking,whole_face,full,0.006416588022088787,,,,,,,,,,,,True,MOCK DATA / NOT A SCIENTIFIC RESULT,displacement-report-draft-v1,8.0
MOCK_S20,MOCK_G10,3,speaking,whole_face,pcmci,0.006492764269829813,,,,,,,,,,,,True,MOCK DATA / NOT A SCIENTIFIC RESULT,displacement-report-draft-v1,8.0
MOCK_S20,MOCK_G10,3,speaking,whole_face,persistence,0.006581904203218125,,,,,,,,,,,,True,MOCK DATA / NOT A SCIENTIFIC RESULT,displacement-report-draft-v1,8.0
MOCK_S20,MOCK_G10,3,speaking,whole_face,self,0.0070949631628988,,,,,,,,,,,,True,MOCK DATA / NOT A SCIENTIFIC RESULT,displacement-report-draft-v1,8.0
MOCK_S21,MOCK_G11,3,speaking,whole_face,full,0.006737217402983513,,,,,,,,,,,,True,MOCK DATA / NOT A SCIENTIFIC RESULT,displacement-report-draft-v1,8.0
MOCK_S21,MOCK_G11,3,speaking,whole_face,pcmci,0.006774102223550512,,,,,,,,,,,,True,MOCK DATA / NOT A SCIENTIFIC RESULT,displacement-report-draft-v1,8.0
MOCK_S21,MOCK_G11,3,speaking,whole_face,persistence,0.0065010642899894,,,,,,,,,,,,True,MOCK DATA / NOT A SCIENTIFIC RESULT,displacement-report-draft-v1,8.0
MOCK_S21,MOCK_G11,3,speaking,whole_face,self,0.0073238835752182,,,,,,,,,,,,True,MOCK DATA / NOT A SCIENTIFIC RESULT,displacement-report-draft-v1,8.0
MOCK_S22,MOCK_G11,3,speaking,whole_face,full,0.0068188480367554,,,,,,,,,,,,True,MOCK DATA / NOT A SCIENTIFIC RESULT,displacement-report-draft-v1,8.0
MOCK_S22,MOCK_G11,3,speaking,whole_face,pcmci,0.0068280628361788625,,,,,,,,,,,,True,MOCK DATA / NOT A SCIENTIFIC RESULT,displacement-report-draft-v1,8.0
MOCK_S22,MOCK_G11,3,speaking,whole_face,persistence,0.006567693354795587,,,,,,,,,,,,True,MOCK DATA / NOT A SCIENTIFIC RESULT,displacement-report-draft-v1,8.0
MOCK_S22,MOCK_G11,3,speaking,whole_face,self,0.0073009966915608,,,,,,,,,,,,True,MOCK DATA / NOT A SCIENTIFIC RESULT,displacement-report-draft-v1,8.0
MOCK_S23,MOCK_G12,3,speaking,whole_face,full,0.00664601104286485,,,,,,,,,,,,True,MOCK DATA / NOT A SCIENTIFIC RESULT,displacement-report-draft-v1,8.0
MOCK_S23,MOCK_G12,3,speaking,whole_face,pcmci,0.0066568732557604,,,,,,,,,,,,True,MOCK DATA / NOT A SCIENTIFIC RESULT,displacement-report-draft-v1,8.0
MOCK_S23,MOCK_G12,3,speaking,whole_face,persistence,0.006559991429242912,,,,,,,,,,,,True,MOCK DATA / NOT A SCIENTIFIC RESULT,displacement-report-draft-v1,8.0
MOCK_S23,MOCK_G12,3,speaking,whole_face,self,0.0070473446072128,,,,,,,,,,,,True,MOCK DATA / NOT A SCIENTIFIC RESULT,displacement-report-draft-v1,8.0
MOCK_S24,MOCK_G12,3,speaking,whole_face,full,0.00642368194172335,,,,,,,,,,,,True,MOCK DATA / NOT A SCIENTIFIC RESULT,displacement-report-draft-v1,8.0
MOCK_S24,MOCK_G12,3,speaking,whole_face,pcmci,0.0064735503419258,,,,,,,,,,,,True,MOCK DATA / NOT A SCIENTIFIC RESULT,displacement-report-draft-v1,8.0
MOCK_S24,MOCK_G12,3,speaking,whole_face,persistence,0.00660226373585365,,,,,,,,,,,,True,MOCK DATA / NOT A SCIENTIFIC RESULT,displacement-report-draft-v1,8.0
MOCK_S24,MOCK_G12,3,speaking,whole_face,self,0.0067961338787474,,,,,,,,,,,,True,MOCK DATA / NOT A SCIENTIFIC RESULT,displacement-report-draft-v1,8.0
