subject_id,group_id,outer_fold,condition,target,model,error,residual_scale,coordinates_key,n_points,n_valid,support_sha256,metric_name,status,reason,self_scalar_count,added_blocks,added_scalar_count,is_synthetic,synthetic_notice,protocol_id
MOCK_S01,MOCK_G01,0,speaking,left_brow,persistence,0.006316821306581562,,MOCK_S01_speaking_left_brow,3,900,047b3e189ba903ae23b99980ceb550decad5e53bcbddf8e02301da3031b8ecc7,displacement_mean_euclidean_error,evaluable,,180,0,0,True,MOCK DATA / NOT A SCIENTIFIC RESULT,displacement-report-draft-v1
MOCK_S01,MOCK_G01,0,speaking,left_brow,self,0.006000000000000001,0.006,MOCK_S01_speaking_left_brow,3,900,047b3e189ba903ae23b99980ceb550decad5e53bcbddf8e02301da3031b8ecc7,displacement_mean_euclidean_error,evaluable,,180,0,0,True,MOCK DATA / NOT A SCIENTIFIC RESULT,displacement-report-draft-v1
MOCK_S01,MOCK_G01,0,speaking,left_brow,full,0.005450000000000001,0.00545,MOCK_S01_speaking_left_brow,3,900,047b3e189ba903ae23b99980ceb550decad5e53bcbddf8e02301da3031b8ecc7,displacement_mean_euclidean_error,evaluable,,180,105,780,True,MOCK DATA / NOT A SCIENTIFIC RESULT,displacement-report-draft-v1
MOCK_S01,MOCK_G01,0,speaking,left_brow,pcmci,0.0064,0.0064,MOCK_S01_speaking_left_brow,3,900,047b3e189ba903ae23b99980ceb550decad5e53bcbddf8e02301da3031b8ecc7,displacement_mean_euclidean_error,evaluable,,180,3,20,True,MOCK DATA / NOT A SCIENTIFIC RESULT,displacement-report-draft-v1
MOCK_S01,MOCK_G01,0,speaking,right_brow,persistence,0.006486841201344573,,MOCK_S01_speaking_right_brow,3,900,047b3e189ba903ae23b99980ceb550decad5e53bcbddf8e02301da3031b8ecc7,displacement_mean_euclidean_error,evaluable,,180,0,0,True,MOCK DATA / NOT A SCIENTIFIC RESULT,displacement-report-draft-v1
MOCK_S01,MOCK_G01,0,speaking,right_brow,self,0.006300000000000001,0.0063,MOCK_S01_speaking_right_brow,3,900,047b3e189ba903ae23b99980ceb550decad5e53bcbddf8e02301da3031b8ecc7,displacement_mean_euclidean_error,evaluable,,180,0,0,True,MOCK DATA / NOT A SCIENTIFIC RESULT,displacement-report-draft-v1
MOCK_S01,MOCK_G01,0,speaking,right_brow,full,0.006507323886327108,0.006507323886327107,MOCK_S01_speaking_right_brow,3,900,047b3e189ba903ae23b99980ceb550decad5e53bcbddf8e02301da3031b8ecc7,displacement_mean_euclidean_error,evaluable,,180,105,780,True,MOCK DATA / NOT A SCIENTIFIC RESULT,displacement-report-draft-v1
MOCK_S01,MOCK_G01,0,speaking,right_brow,pcmci,0.00630925695998792,0.006309256959987919,MOCK_S01_speaking_right_brow,3,900,047b3e189ba903ae23b99980ceb550decad5e53bcbddf8e02301da3031b8ecc7,displacement_mean_euclidean_error,evaluable,,180,3,20,True,MOCK DATA / NOT A SCIENTIFIC RESULT,displacement-report-draft-v1
MOCK_S01,MOCK_G01,0,speaking,left_eyelid,persistence,0.006491829819818326,,MOCK_S01_speaking_left_eyelid,4,900,047b3e189ba903ae23b99980ceb550decad5e53bcbddf8e02301da3031b8ecc7,displacement_mean_euclidean_error,evaluable,,240,0,0,True,MOCK DATA / NOT A SCIENTIFIC RESULT,displacement-report-draft-v1
MOCK_S01,MOCK_G01,0,speaking,left_eyelid,self,0.006599999999999999,0.0066,MOCK_S01_speaking_left_eyelid,4,900,047b3e189ba903ae23b99980ceb550decad5e53bcbddf8e02301da3031b8ecc7,displacement_mean_euclidean_error,evaluable,,240,0,0,True,MOCK DATA / NOT A SCIENTIFIC RESULT,displacement-report-draft-v1
MOCK_S01,MOCK_G01,0,speaking,left_eyelid,full,0.006868367684143113,0.006868367684143113,MOCK_S01_speaking_left_eyelid,4,900,047b3e189ba903ae23b99980ceb550decad5e53bcbddf8e02301da3031b8ecc7,displacement_mean_euclidean_error,evaluable,,240,105,750,True,MOCK DATA / NOT A SCIENTIFIC RESULT,displacement-report-draft-v1
MOCK_S01,MOCK_G01,0,speaking,left_eyelid,pcmci,0.0057962751889349285,0.005796275188934929,MOCK_S01_speaking_left_eyelid,4,900,047b3e189ba903ae23b99980ceb550decad5e53bcbddf8e02301da3031b8ecc7,displacement_mean_euclidean_error,evaluable,,240,3,20,True,MOCK DATA / NOT A SCIENTIFIC RESULT,displacement-report-draft-v1
MOCK_S01,MOCK_G01,0,speaking,right_eyelid,persistence,0.006552977335335576,,MOCK_S01_speaking_right_eyelid,4,900,047b3e189ba903ae23b99980ceb550decad5e53bcbddf8e02301da3031b8ecc7,displacement_mean_euclidean_error,evaluable,,240,0,0,True,MOCK DATA / NOT A SCIENTIFIC RESULT,displacement-report-draft-v1
MOCK_S01,MOCK_G01,0,speaking,right_eyelid,self,0.006899999999999999,0.0069,MOCK_S01_speaking_right_eyelid,4,900,047b3e189ba903ae23b99980ceb550decad5e53bcbddf8e02301da3031b8ecc7,displacement_mean_euclidean_error,evaluable,,240,0,0,True,MOCK DATA / NOT A SCIENTIFIC RESULT,displacement-report-draft-v1
MOCK_S01,MOCK_G01,0,speaking,right_eyelid,full,0.00647700800725388,0.00647700800725388,MOCK_S01_speaking_right_eyelid,4,900,047b3e189ba903ae23b99980ceb550decad5e53bcbddf8e02301da3031b8ecc7,displacement_mean_euclidean_error,evaluable,,240,105,750,True,MOCK DATA / NOT A SCIENTIFIC RESULT,displacement-report-draft-v1
MOCK_S01,MOCK_G01,0,speaking,right_eyelid,pcmci,0.005608506377889621,0.005608506377889622,MOCK_S01_speaking_right_eyelid,4,900,047b3e189ba903ae23b99980ceb550decad5e53bcbddf8e02301da3031b8ecc7,displacement_mean_euclidean_error,evaluable,,240,3,24,True,MOCK DATA / NOT A SCIENTIFIC RESULT,displacement-report-draft-v1
MOCK_S01,MOCK_G01,0,speaking,left_cheek,persistence,0.006636046986628625,,MOCK_S01_speaking_left_cheek,2,900,047b3e189ba903ae23b99980ceb550decad5e53bcbddf8e02301da3031b8ecc7,displacement_mean_euclidean_error,evaluable,,120,0,0,True,MOCK DATA / NOT A SCIENTIFIC RESULT,displacement-report-draft-v1
MOCK_S01,MOCK_G01,0,speaking,left_cheek,self,0.007200000000000001,0.0072,MOCK_S01_speaking_left_cheek,2,900,047b3e189ba903ae23b99980ceb550decad5e53bcbddf8e02301da3031b8ecc7,displacement_mean_euclidean_error,evaluable,,120,0,0,True,MOCK DATA / NOT A SCIENTIFIC RESULT,displacement-report-draft-v1
MOCK_S01,MOCK_G01,0,speaking,left_cheek,full,0.005968877754222864,0.005968877754222864,MOCK_S01_speaking_left_cheek,2,900,047b3e189ba903ae23b99980ceb550decad5e53bcbddf8e02301da3031b8ecc7,displacement_mean_euclidean_error,evaluable,,120,105,810,True,MOCK DATA / NOT A SCIENTIFIC RESULT,displacement-report-draft-v1
MOCK_S01,MOCK_G01,0,speaking,left_cheek,pcmci,0.00619440292226593,0.00619440292226593,MOCK_S01_speaking_left_cheek,2,900,047b3e189ba903ae23b99980ceb550decad5e53bcbddf8e02301da3031b8ecc7,displacement_mean_euclidean_error,evaluable,,120,3,14,True,MOCK DATA / NOT A SCIENTIFIC RESULT,displacement-report-draft-v1
MOCK_S01,MOCK_G01,0,speaking,right_cheek,persistence,0.006700205103723646,,MOCK_S01_speaking_right_cheek,2,900,047b3e189ba903ae23b99980ceb550decad5e53bcbddf8e02301da3031b8ecc7,displacement_mean_euclidean_error,evaluable,,120,0,0,True,MOCK DATA / NOT A SCIENTIFIC RESULT,displacement-report-draft-v1
MOCK_S01,MOCK_G01,0,speaking,right_cheek,self,0.007499999999999999,0.0075,MOCK_S01_speaking_right_cheek,2,900,047b3e189ba903ae23b99980ceb550decad5e53bcbddf8e02301da3031b8ecc7,displacement_mean_euclidean_error,evaluable,,120,0,0,True,MOCK DATA / NOT A SCIENTIFIC RESULT,displacement-report-draft-v1
MOCK_S01,MOCK_G01,0,speaking,right_cheek,full,0.0060869681528031745,0.0060869681528031745,MOCK_S01_speaking_right_cheek,2,900,047b3e189ba903ae23b99980ceb550decad5e53bcbddf8e02301da3031b8ecc7,displacement_mean_euclidean_error,evaluable,,120,105,810,True,MOCK DATA / NOT A SCIENTIFIC RESULT,displacement-report-draft-v1
MOCK_S01,MOCK_G01,0,speaking,right_cheek,pcmci,0.007291112857643741,0.007291112857643742,MOCK_S01_speaking_right_cheek,2,900,047b3e189ba903ae23b99980ceb550decad5e53bcbddf8e02301da3031b8ecc7,displacement_mean_euclidean_error,evaluable,,120,3,38,True,MOCK DATA / NOT A SCIENTIFIC RESULT,displacement-report-draft-v1
MOCK_S01,MOCK_G01,0,speaking,mouth,persistence,0.006783238324933436,,MOCK_S01_speaking_mouth,8,900,047b3e189ba903ae23b99980ceb550decad5e53bcbddf8e02301da3031b8ecc7,displacement_mean_euclidean_error,evaluable,,480,0,0,True,MOCK DATA / NOT A SCIENTIFIC RESULT,displacement-report-draft-v1
MOCK_S01,MOCK_G01,0,speaking,mouth,self,0.0078,0.0078,MOCK_S01_speaking_mouth,8,900,047b3e189ba903ae23b99980ceb550decad5e53bcbddf8e02301da3031b8ecc7,displacement_mean_euclidean_error,evaluable,,480,0,0,True,MOCK DATA / NOT A SCIENTIFIC RESULT,displacement-report-draft-v1
MOCK_S01,MOCK_G01,0,speaking,mouth,full,0.006998526051620966,0.006998526051620966,MOCK_S01_speaking_mouth,8,900,047b3e189ba903ae23b99980ceb550decad5e53bcbddf8e02301da3031b8ecc7,displacement_mean_euclidean_error,evaluable,,480,105,630,True,MOCK DATA / NOT A SCIENTIFIC RESULT,displacement-report-draft-v1
MOCK_S01,MOCK_G01,0,speaking,mouth,pcmci,0.008166144743652811,0.008166144743652811,MOCK_S01_speaking_mouth,8,900,047b3e189ba903ae23b99980ceb550decad5e53bcbddf8e02301da3031b8ecc7,displacement_mean_euclidean_error,evaluable,,480,3,18,True,MOCK DATA / NOT A SCIENTIFIC RESULT,displacement-report-draft-v1
MOCK_S01,MOCK_G01,0,speaking,jaw,persistence,0.0067712771040129,,MOCK_S01_speaking_jaw,3,900,047b3e189ba903ae23b99980ceb550decad5e53bcbddf8e02301da3031b8ecc7,displacement_mean_euclidean_error,evaluable,,180,0,0,True,MOCK DATA / NOT A SCIENTIFIC RESULT,displacement-report-draft-v1
MOCK_S01,MOCK_G01,0,speaking,jaw,self,0.0081,0.0081,MOCK_S01_speaking_jaw,3,900,047b3e189ba903ae23b99980ceb550decad5e53bcbddf8e02301da3031b8ecc7,displacement_mean_euclidean_error,evaluable,,180,0,0,True,MOCK DATA / NOT A SCIENTIFIC RESULT,displacement-report-draft-v1
MOCK_S01,MOCK_G01,0,speaking,jaw,full,0.00814128793884691,0.00814128793884691,MOCK_S01_speaking_jaw,3,900,047b3e189ba903ae23b99980ceb550decad5e53bcbddf8e02301da3031b8ecc7,displacement_mean_euclidean_error,evaluable,,180,105,780,True,MOCK DATA / NOT A SCIENTIFIC RESULT,displacement-report-draft-v1
MOCK_S01,MOCK_G01,0,speaking,jaw,pcmci,0.00829081691619181,0.00829081691619181,MOCK_S01_speaking_jaw,3,900,047b3e189ba903ae23b99980ceb550decad5e53bcbddf8e02301da3031b8ecc7,displacement_mean_euclidean_error,evaluable,,180,3,20,True,MOCK DATA / NOT A SCIENTIFIC RESULT,displacement-report-draft-v1
MOCK_S01,MOCK_G01,0,non_speaking,left_brow,persistence,0.006373419691932771,,MOCK_S01_non_speaking_left_brow,3,900,d82d4dd61fdebcd36329339ad9f7cd3ac6d8ae6de7b34fda6274be20911ab84e,displacement_mean_euclidean_error,evaluable,,180,0,0,True,MOCK DATA / NOT A SCIENTIFIC RESULT,displacement-report-draft-v1
MOCK_S01,MOCK_G01,0,non_speaking,left_brow,self,0.0064,0.0064,MOCK_S01_non_speaking_left_brow,3,900,d82d4dd61fdebcd36329339ad9f7cd3ac6d8ae6de7b34fda6274be20911ab84e,displacement_mean_euclidean_error,evaluable,,180,0,0,True,MOCK DATA / NOT A SCIENTIFIC RESULT,displacement-report-draft-v1
MOCK_S01,MOCK_G01,0,non_speaking,left_brow,full,0.005849999999999999,0.00585,MOCK_S01_non_speaking_left_brow,3,900,d82d4dd61fdebcd36329339ad9f7cd3ac6d8ae6de7b34fda6274be20911ab84e,displacement_mean_euclidean_error,evaluable,,180,105,780,True,MOCK DATA / NOT A SCIENTIFIC RESULT,displacement-report-draft-v1
MOCK_S01,MOCK_G01,0,non_speaking,left_brow,pcmci,0.0064092569599879185,0.006409256959987919,MOCK_S01_non_speaking_left_brow,3,900,d82d4dd61fdebcd36329339ad9f7cd3ac6d8ae6de7b34fda6274be20911ab84e,displacement_mean_euclidean_error,evaluable,,180,3,20,True,MOCK DATA / NOT A SCIENTIFIC RESULT,displacement-report-draft-v1
MOCK_S01,MOCK_G01,0,non_speaking,right_brow,persistence,0.006559856716098519,,MOCK_S01_non_speaking_right_brow,3,900,d82d4dd61fdebcd36329339ad9f7cd3ac6d8ae6de7b34fda6274be20911ab84e,displacement_mean_euclidean_error,evaluable,,180,0,0,True,MOCK DATA / NOT A SCIENTIFIC RESULT,displacement-report-draft-v1
MOCK_S01,MOCK_G01,0,non_speaking,right_brow,self,0.0067,0.0067,MOCK_S01_non_speaking_right_brow,3,900,d82d4dd61fdebcd36329339ad9f7cd3ac6d8ae6de7b34fda6274be20911ab84e,displacement_mean_euclidean_error,evaluable,,180,0,0,True,MOCK DATA / NOT A SCIENTIFIC RESULT,displacement-report-draft-v1
MOCK_S01,MOCK_G01,0,non_speaking,right_brow,full,0.006907323886327107,0.006907323886327107,MOCK_S01_non_speaking_right_brow,3,900,d82d4dd61fdebcd36329339ad9f7cd3ac6d8ae6de7b34fda6274be20911ab84e,displacement_mean_euclidean_error,evaluable,,180,105,780,True,MOCK DATA / NOT A SCIENTIFIC RESULT,displacement-report-draft-v1
MOCK_S01,MOCK_G01,0,non_speaking,right_brow,pcmci,0.00589627518893493,0.00589627518893493,MOCK_S01_non_speaking_right_brow,3,900,d82d4dd61fdebcd36329339ad9f7cd3ac6d8ae6de7b34fda6274be20911ab84e,displacement_mean_euclidean_error,evaluable,,180,3,20,True,MOCK DATA / NOT A SCIENTIFIC RESULT,displacement-report-draft-v1
MOCK_S01,MOCK_G01,0,non_speaking,left_eyelid,persistence,0.006452336927640455,,MOCK_S01_non_speaking_left_eyelid,4,900,d82d4dd61fdebcd36329339ad9f7cd3ac6d8ae6de7b34fda6274be20911ab84e,displacement_mean_euclidean_error,evaluable,,240,0,0,True,MOCK DATA / NOT A SCIENTIFIC RESULT,displacement-report-draft-v1
MOCK_S01,MOCK_G01,0,non_speaking,left_eyelid,self,0.007000000000000001,0.007,MOCK_S01_non_speaking_left_eyelid,4,900,d82d4dd61fdebcd36329339ad9f7cd3ac6d8ae6de7b34fda6274be20911ab84e,displacement_mean_euclidean_error,evaluable,,240,0,0,True,MOCK DATA / NOT A SCIENTIFIC RESULT,displacement-report-draft-v1
MOCK_S01,MOCK_G01,0,non_speaking,left_eyelid,full,0.007268367684143114,0.007268367684143113,MOCK_S01_non_speaking_left_eyelid,4,900,d82d4dd61fdebcd36329339ad9f7cd3ac6d8ae6de7b34fda6274be20911ab84e,displacement_mean_euclidean_error,evaluable,,240,105,750,True,MOCK DATA / NOT A SCIENTIFIC RESULT,displacement-report-draft-v1
MOCK_S01,MOCK_G01,0,non_speaking,left_eyelid,pcmci,0.005708506377889623,0.005708506377889622,MOCK_S01_non_speaking_left_eyelid,4,900,d82d4dd61fdebcd36329339ad9f7cd3ac6d8ae6de7b34fda6274be20911ab84e,displacement_mean_euclidean_error,evaluable,,240,3,20,True,MOCK DATA / NOT A SCIENTIFIC RESULT,displacement-report-draft-v1
MOCK_S01,MOCK_G01,0,non_speaking,right_eyelid,persistence,0.0065598990703812,,MOCK_S01_non_speaking_right_eyelid,4,900,d82d4dd61fdebcd36329339ad9f7cd3ac6d8ae6de7b34fda6274be20911ab84e,displacement_mean_euclidean_error,evaluable,,240,0,0,True,MOCK DATA / NOT A SCIENTIFIC RESULT,displacement-report-draft-v1
MOCK_S01,MOCK_G01,0,non_speaking,right_eyelid,self,0.0073,0.0073,MOCK_S01_non_speaking_right_eyelid,4,900,d82d4dd61fdebcd36329339ad9f7cd3ac6d8ae6de7b34fda6274be20911ab84e,displacement_mean_euclidean_error,evaluable,,240,0,0,True,MOCK DATA / NOT A SCIENTIFIC RESULT,displacement-report-draft-v1
MOCK_S01,MOCK_G01,0,non_speaking,right_eyelid,full,0.006877008007253881,0.00687700800725388,MOCK_S01_non_speaking_right_eyelid,4,900,d82d4dd61fdebcd36329339ad9f7cd3ac6d8ae6de7b34fda6274be20911ab84e,displacement_mean_euclidean_error,evaluable,,240,105,750,True,MOCK DATA / NOT A SCIENTIFIC RESULT,displacement-report-draft-v1
MOCK_S01,MOCK_G01,0,non_speaking,right_eyelid,pcmci,0.0062944029222659304,0.00629440292226593,MOCK_S01_non_speaking_right_eyelid,4,900,d82d4dd61fdebcd36329339ad9f7cd3ac6d8ae6de7b34fda6274be20911ab84e,displacement_mean_euclidean_error,evaluable,,240,3,24,True,MOCK DATA / NOT A SCIENTIFIC RESULT,displacement-report-draft-v1
MOCK_S01,MOCK_G01,0,non_speaking,left_cheek,persistence,0.006519025297121471,,MOCK_S01_non_speaking_left_cheek,2,900,d82d4dd61fdebcd36329339ad9f7cd3ac6d8ae6de7b34fda6274be20911ab84e,displacement_mean_euclidean_error,evaluable,,120,0,0,True,MOCK DATA / NOT A SCIENTIFIC RESULT,displacement-report-draft-v1
MOCK_S01,MOCK_G01,0,non_speaking,left_cheek,self,0.007599999999999998,0.0076,MOCK_S01_non_speaking_left_cheek,2,900,d82d4dd61fdebcd36329339ad9f7cd3ac6d8ae6de7b34fda6274be20911ab84e,displacement_mean_euclidean_error,evaluable,,120,0,0,True,MOCK DATA / NOT A SCIENTIFIC RESULT,displacement-report-draft-v1
MOCK_S01,MOCK_G01,0,non_speaking,left_cheek,full,0.006368877754222863,0.006368877754222865,MOCK_S01_non_speaking_left_cheek,2,900,d82d4dd61fdebcd36329339ad9f7cd3ac6d8ae6de7b34fda6274be20911ab84e,displacement_mean_euclidean_error,evaluable,,120,105,810,True,MOCK DATA / NOT A SCIENTIFIC RESULT,displacement-report-draft-v1
MOCK_S01,MOCK_G01,0,non_speaking,left_cheek,pcmci,0.007391112857643742,0.0073911128576437425,MOCK_S01_non_speaking_left_cheek,2,900,d82d4dd61fdebcd36329339ad9f7cd3ac6d8ae6de7b34fda6274be20911ab84e,displacement_mean_euclidean_error,evaluable,,120,3,14,True,MOCK DATA / NOT A SCIENTIFIC RESULT,displacement-report-draft-v1
MOCK_S01,MOCK_G01,0,non_speaking,right_cheek,persistence,0.006700975557130345,,MOCK_S01_non_speaking_right_cheek,2,900,d82d4dd61fdebcd36329339ad9f7cd3ac6d8ae6de7b34fda6274be20911ab84e,displacement_mean_euclidean_error,evaluable,,120,0,0,True,MOCK DATA / NOT A SCIENTIFIC RESULT,displacement-report-draft-v1
MOCK_S01,MOCK_G01,0,non_speaking,right_cheek,self,0.007899999999999999,0.007899999999999999,MOCK_S01_non_speaking_right_cheek,2,900,d82d4dd61fdebcd36329339ad9f7cd3ac6d8ae6de7b34fda6274be20911ab84e,displacement_mean_euclidean_error,evaluable,,120,0,0,True,MOCK DATA / NOT A SCIENTIFIC RESULT,displacement-report-draft-v1
MOCK_S01,MOCK_G01,0,non_speaking,right_cheek,full,0.006486968152803174,0.006486968152803174,MOCK_S01_non_speaking_right_cheek,2,900,d82d4dd61fdebcd36329339ad9f7cd3ac6d8ae6de7b34fda6274be20911ab84e,displacement_mean_euclidean_error,evaluable,,120,105,810,True,MOCK DATA / NOT A SCIENTIFIC RESULT,displacement-report-draft-v1
MOCK_S01,MOCK_G01,0,non_speaking,right_cheek,pcmci,0.00826614474365281,0.00826614474365281,MOCK_S01_non_speaking_right_cheek,2,900,d82d4dd61fdebcd36329339ad9f7cd3ac6d8ae6de7b34fda6274be20911ab84e,displacement_mean_euclidean_error,evaluable,,120,3,38,True,MOCK DATA / NOT A SCIENTIFIC RESULT,displacement-report-draft-v1
MOCK_S01,MOCK_G01,0,non_speaking,mouth,persistence,0.0066740255050750695,,MOCK_S01_non_speaking_mouth,8,900,d82d4dd61fdebcd36329339ad9f7cd3ac6d8ae6de7b34fda6274be20911ab84e,displacement_mean_euclidean_error,evaluable,,480,0,0,True,MOCK DATA / NOT A SCIENTIFIC RESULT,displacement-report-draft-v1
MOCK_S01,MOCK_G01,0,non_speaking,mouth,self,0.008199999999999999,0.008199999999999999,MOCK_S01_non_speaking_mouth,8,900,d82d4dd61fdebcd36329339ad9f7cd3ac6d8ae6de7b34fda6274be20911ab84e,displacement_mean_euclidean_error,evaluable,,480,0,0,True,MOCK DATA / NOT A SCIENTIFIC RESULT,displacement-report-draft-v1
MOCK_S01,MOCK_G01,0,non_speaking,mouth,full,0.007398526051620966,0.007398526051620965,MOCK_S01_non_speaking_mouth,8,900,d82d4dd61fdebcd36329339ad9f7cd3ac6d8ae6de7b34fda6274be20911ab84e,displacement_mean_euclidean_error,evaluable,,480,105,630,True,MOCK DATA / NOT A SCIENTIFIC RESULT,displacement-report-draft-v1
MOCK_S01,MOCK_G01,0,non_speaking,mouth,pcmci,0.00839081691619181,0.008390816916191809,MOCK_S01_non_speaking_mouth,8,900,d82d4dd61fdebcd36329339ad9f7cd3ac6d8ae6de7b34fda6274be20911ab84e,displacement_mean_euclidean_error,evaluable,,480,3,18,True,MOCK DATA / NOT A SCIENTIFIC RESULT,displacement-report-draft-v1
MOCK_S01,MOCK_G01,0,non_speaking,jaw,persistence,0.006740443756137522,,MOCK_S01_non_speaking_jaw,3,900,d82d4dd61fdebcd36329339ad9f7cd3ac6d8ae6de7b34fda6274be20911ab84e,displacement_mean_euclidean_error,evaluable,,180,0,0,True,MOCK DATA / NOT A SCIENTIFIC RESULT,displacement-report-draft-v1
MOCK_S01,MOCK_G01,0,non_speaking,jaw,self,0.008499999999999999,0.008499999999999999,MOCK_S01_non_speaking_jaw,3,900,d82d4dd61fdebcd36329339ad9f7cd3ac6d8ae6de7b34fda6274be20911ab84e,displacement_mean_euclidean_error,evaluable,,180,0,0,True,MOCK DATA / NOT A SCIENTIFIC RESULT,displacement-report-draft-v1
MOCK_S01,MOCK_G01,0,non_speaking,jaw,full,0.008541287938846906,0.008541287938846908,MOCK_S01_non_speaking_jaw,3,900,d82d4dd61fdebcd36329339ad9f7cd3ac6d8ae6de7b34fda6274be20911ab84e,displacement_mean_euclidean_error,evaluable,,180,105,780,True,MOCK DATA / NOT A SCIENTIFIC RESULT,displacement-report-draft-v1
MOCK_S01,MOCK_G01,0,non_speaking,jaw,pcmci,0.007926324971262676,0.007926324971262676,MOCK_S01_non_speaking_jaw,3,900,d82d4dd61fdebcd36329339ad9f7cd3ac6d8ae6de7b34fda6274be20911ab84e,displacement_mean_euclidean_error,evaluable,,180,3,20,True,MOCK DATA / NOT A SCIENTIFIC RESULT,displacement-report-draft-v1
MOCK_S02,MOCK_G01,0,speaking,left_brow,persistence,0.00650913027783693,,MOCK_S02_speaking_left_brow,3,900,099881c2612ad5c4d865ff3443cf621535cb1c9064270bcf7308773ea1ff93e7,displacement_mean_euclidean_error,evaluable,,180,0,0,True,MOCK DATA / NOT A SCIENTIFIC RESULT,displacement-report-draft-v1
MOCK_S02,MOCK_G01,0,speaking,left_brow,self,0.006252441295442371,0.006252441295442369,MOCK_S02_speaking_left_brow,3,900,099881c2612ad5c4d865ff3443cf621535cb1c9064270bcf7308773ea1ff93e7,displacement_mean_euclidean_error,evaluable,,180,0,0,True,MOCK DATA / NOT A SCIENTIFIC RESULT,displacement-report-draft-v1
MOCK_S02,MOCK_G01,0,speaking,left_brow,full,0.006210619521497902,0.006210619521497901,MOCK_S02_speaking_left_brow,3,900,099881c2612ad5c4d865ff3443cf621535cb1c9064270bcf7308773ea1ff93e7,displacement_mean_euclidean_error,evaluable,,180,105,780,True,MOCK DATA / NOT A SCIENTIFIC RESULT,displacement-report-draft-v1
MOCK_S02,MOCK_G01,0,speaking,left_brow,pcmci,0.006548386473049186,0.006548386473049186,MOCK_S02_speaking_left_brow,3,900,099881c2612ad5c4d865ff3443cf621535cb1c9064270bcf7308773ea1ff93e7,displacement_mean_euclidean_error,evaluable,,180,3,20,True,MOCK DATA / NOT A SCIENTIFIC RESULT,displacement-report-draft-v1
MOCK_S02,MOCK_G01,0,speaking,right_brow,persistence,0.006470149508075654,,MOCK_S02_speaking_right_brow,3,900,099881c2612ad5c4d865ff3443cf621535cb1c9064270bcf7308773ea1ff93e7,displacement_mean_euclidean_error,evaluable,,180,0,0,True,MOCK DATA / NOT A SCIENTIFIC RESULT,displacement-report-draft-v1
MOCK_S02,MOCK_G01,0,speaking,right_brow,self,0.00655244129544237,0.006552441295442369,MOCK_S02_speaking_right_brow,3,900,099881c2612ad5c4d865ff3443cf621535cb1c9064270bcf7308773ea1ff93e7,displacement_mean_euclidean_error,evaluable,,180,0,0,True,MOCK DATA / NOT A SCIENTIFIC RESULT,displacement-report-draft-v1
MOCK_S02,MOCK_G01,0,speaking,right_brow,full,0.006902057538179724,0.0069020575381797235,MOCK_S02_speaking_right_brow,3,900,099881c2612ad5c4d865ff3443cf621535cb1c9064270bcf7308773ea1ff93e7,displacement_mean_euclidean_error,evaluable,,180,105,780,True,MOCK DATA / NOT A SCIENTIFIC RESULT,displacement-report-draft-v1
MOCK_S02,MOCK_G01,0,speaking,right_brow,pcmci,0.006162567916859919,0.006162567916859917,MOCK_S02_speaking_right_brow,3,900,099881c2612ad5c4d865ff3443cf621535cb1c9064270bcf7308773ea1ff93e7,displacement_mean_euclidean_error,evaluable,,180,3,20,True,MOCK DATA / NOT A SCIENTIFIC RESULT,displacement-report-draft-v1
MOCK_S02,MOCK_G01,0,speaking,left_eyelid,persistence,0.006432529072671159,,MOCK_S02_speaking_left_eyelid,4,900,099881c2612ad5c4d865ff3443cf621535cb1c9064270bcf7308773ea1ff93e7,displacement_mean_euclidean_error,evaluable,,240,0,0,True,MOCK DATA / NOT A SCIENTIFIC RESULT,displacement-report-draft-v1
MOCK_S02,MOCK_G01,0,speaking,left_eyelid,self,0.006852441295442369,0.006852441295442369,MOCK_S02_speaking_left_eyelid,4,900,099881c2612ad5c4d865ff3443cf621535cb1c9064270bcf7308773ea1ff93e7,displacement_mean_euclidean_error,evaluable,,240,0,0,True,MOCK DATA / NOT A SCIENTIFIC RESULT,displacement-report-draft-v1
MOCK_S02,MOCK_G01,0,speaking,left_eyelid,full,0.006766392530081686,0.006766392530081686,MOCK_S02_speaking_left_eyelid,4,900,099881c2612ad5c4d865ff3443cf621535cb1c9064270bcf7308773ea1ff93e7,displacement_mean_euclidean_error,evaluable,,240,105,750,True,MOCK DATA / NOT A SCIENTIFIC RESULT,displacement-report-draft-v1
MOCK_S02,MOCK_G01,0,speaking,left_eyelid,pcmci,0.005721469222227476,0.005721469222227476,MOCK_S02_speaking_left_eyelid,4,900,099881c2612ad5c4d865ff3443cf621535cb1c9064270bcf7308773ea1ff93e7,displacement_mean_euclidean_error,evaluable,,240,3,20,True,MOCK DATA / NOT A SCIENTIFIC RESULT,displacement-report-draft-v1
MOCK_S02,MOCK_G01,0,speaking,right_eyelid,persistence,0.0065764598191140385,,MOCK_S02_speaking_right_eyelid,4,900,099881c2612ad5c4d865ff3443cf621535cb1c9064270bcf7308773ea1ff93e7,displacement_mean_euclidean_error,evaluable,,240,0,0,True,MOCK DATA / NOT A SCIENTIFIC RESULT,displacement-report-draft-v1
MOCK_S02,MOCK_G01,0,speaking,right_eyelid,self,0.007152441295442371,0.007152441295442369,MOCK_S02_speaking_right_eyelid,4,900,099881c2612ad5c4d865ff3443cf621535cb1c9064270bcf7308773ea1ff93e7,displacement_mean_euclidean_error,evaluable,,240,0,0,True,MOCK DATA / NOT A SCIENTIFIC RESULT,displacement-report-draft-v1
MOCK_S02,MOCK_G01,0,speaking,right_eyelid,full,0.006204172896477004,0.006204172896477002,MOCK_S02_speaking_right_eyelid,4,900,099881c2612ad5c4d865ff3443cf621535cb1c9064270bcf7308773ea1ff93e7,displacement_mean_euclidean_error,evaluable,,240,105,750,True,MOCK DATA / NOT A SCIENTIFIC RESULT,displacement-report-draft-v1
MOCK_S02,MOCK_G01,0,speaking,right_eyelid,pcmci,0.005906453111245194,0.005906453111245193,MOCK_S02_speaking_right_eyelid,4,900,099881c2612ad5c4d865ff3443cf621535cb1c9064270bcf7308773ea1ff93e7,displacement_mean_euclidean_error,evaluable,,240,3,24,True,MOCK DATA / NOT A SCIENTIFIC RESULT,displacement-report-draft-v1
MOCK_S02,MOCK_G01,0,speaking,left_cheek,persistence,0.0065700910197716254,,MOCK_S02_speaking_left_cheek,2,900,099881c2612ad5c4d865ff3443cf621535cb1c9064270bcf7308773ea1ff93e7,displacement_mean_euclidean_error,evaluable,,120,0,0,True,MOCK DATA / NOT A SCIENTIFIC RESULT,displacement-report-draft-v1
MOCK_S02,MOCK_G01,0,speaking,left_cheek,self,0.007452441295442368,0.007452441295442369,MOCK_S02_speaking_left_cheek,2,900,099881c2612ad5c4d865ff3443cf621535cb1c9064270bcf7308773ea1ff93e7,displacement_mean_euclidean_error,evaluable,,120,0,0,True,MOCK DATA / NOT A SCIENTIFIC RESULT,displacement-report-draft-v1
MOCK_S02,MOCK_G01,0,speaking,left_cheek,full,0.00600811939217225,0.0060081193921722505,MOCK_S02_speaking_left_cheek,2,900,099881c2612ad5c4d865ff3443cf621535cb1c9064270bcf7308773ea1ff93e7,displacement_mean_euclidean_error,evaluable,,120,105,810,True,MOCK DATA / NOT A SCIENTIFIC RESULT,displacement-report-draft-v1
MOCK_S02,MOCK_G01,0,speaking,left_cheek,pcmci,0.006823264865926206,0.0068232648659262065,MOCK_S02_speaking_left_cheek,2,900,099881c2612ad5c4d865ff3443cf621535cb1c9064270bcf7308773ea1ff93e7,displacement_mean_euclidean_error,evaluable,,120,3,14,True,MOCK DATA / NOT A SCIENTIFIC RESULT,displacement-report-draft-v1
MOCK_S02,MOCK_G01,0,speaking,right_cheek,persistence,0.00666371036907405,,MOCK_S02_speaking_right_cheek,2,900,099881c2612ad5c4d865ff3443cf621535cb1c9064270bcf7308773ea1ff93e7,displacement_mean_euclidean_error,evaluable,,120,0,0,True,MOCK DATA / NOT A SCIENTIFIC RESULT,displacement-report-draft-v1
MOCK_S02,MOCK_G01,0,speaking,right_cheek,self,0.00775244129544237,0.007752441295442369,MOCK_S02_speaking_right_cheek,2,900,099881c2612ad5c4d865ff3443cf621535cb1c9064270bcf7308773ea1ff93e7,displacement_mean_euclidean_error,evaluable,,120,0,0,True,MOCK DATA / NOT A SCIENTIFIC RESULT,displacement-report-draft-v1
MOCK_S02,MOCK_G01,0,speaking,right_cheek,full,0.006634301321357281,0.00663430132135728,MOCK_S02_speaking_right_cheek,2,900,099881c2612ad5c4d865ff3443cf621535cb1c9064270bcf7308773ea1ff93e7,displacement_mean_euclidean_error,evaluable,,120,105,810,True,MOCK DATA / NOT A SCIENTIFIC RESULT,displacement-report-draft-v1
MOCK_S02,MOCK_G01,0,speaking,right_cheek,pcmci,0.007904810603589942,0.00790481060358994,MOCK_S02_speaking_right_cheek,2,900,099881c2612ad5c4d865ff3443cf621535cb1c9064270bcf7308773ea1ff93e7,displacement_mean_euclidean_error,evaluable,,120,3,38,True,MOCK DATA / NOT A SCIENTIFIC RESULT,displacement-report-draft-v1
MOCK_S02,MOCK_G01,0,speaking,mouth,persistence,0.006734068453326725,,MOCK_S02_speaking_mouth,8,900,099881c2612ad5c4d865ff3443cf621535cb1c9064270bcf7308773ea1ff93e7,displacement_mean_euclidean_error,evaluable,,480,0,0,True,MOCK DATA / NOT A SCIENTIFIC RESULT,displacement-report-draft-v1
MOCK_S02,MOCK_G01,0,speaking,mouth,self,0.008052441295442367,0.008052441295442369,MOCK_S02_speaking_mouth,8,900,099881c2612ad5c4d865ff3443cf621535cb1c9064270bcf7308773ea1ff93e7,displacement_mean_euclidean_error,evaluable,,480,0,0,True,MOCK DATA / NOT A SCIENTIFIC RESULT,displacement-report-draft-v1
MOCK_S02,MOCK_G01,0,speaking,mouth,full,0.007782828522604408,0.007782828522604409,MOCK_S02_speaking_mouth,8,900,099881c2612ad5c4d865ff3443cf621535cb1c9064270bcf7308773ea1ff93e7,displacement_mean_euclidean_error,evaluable,,480,105,630,True,MOCK DATA / NOT A SCIENTIFIC RESULT,displacement-report-draft-v1
MOCK_S02,MOCK_G01,0,speaking,mouth,pcmci,0.008432540777311188,0.00843254077731119,MOCK_S02_speaking_mouth,8,900,099881c2612ad5c4d865ff3443cf621535cb1c9064270bcf7308773ea1ff93e7,displacement_mean_euclidean_error,evaluable,,480,3,18,True,MOCK DATA / NOT A SCIENTIFIC RESULT,displacement-report-draft-v1
MOCK_S02,MOCK_G01,0,speaking,jaw,persistence,0.006712605292492426,,MOCK_S02_speaking_jaw,3,900,099881c2612ad5c4d865ff3443cf621535cb1c9064270bcf7308773ea1ff93e7,displacement_mean_euclidean_error,evaluable,,180,0,0,True,MOCK DATA / NOT A SCIENTIFIC RESULT,displacement-report-draft-v1
MOCK_S02,MOCK_G01,0,speaking,jaw,self,0.008352441295442369,0.008352441295442369,MOCK_S02_speaking_jaw,3,900,099881c2612ad5c4d865ff3443cf621535cb1c9064270bcf7308773ea1ff93e7,displacement_mean_euclidean_error,evaluable,,180,0,0,True,MOCK DATA / NOT A SCIENTIFIC RESULT,displacement-report-draft-v1
MOCK_S02,MOCK_G01,0,speaking,jaw,full,0.008673569000270706,0.008673569000270706,MOCK_S02_speaking_jaw,3,900,099881c2612ad5c4d865ff3443cf621535cb1c9064270bcf7308773ea1ff93e7,displacement_mean_euclidean_error,evaluable,,180,105,780,True,MOCK DATA / NOT A SCIENTIFIC RESULT,displacement-report-draft-v1
MOCK_S02,MOCK_G01,0,speaking,jaw,pcmci,0.00819708131560214,0.00819708131560214,MOCK_S02_speaking_jaw,3,900,099881c2612ad5c4d865ff3443cf621535cb1c9064270bcf7308773ea1ff93e7,displacement_mean_euclidean_error,evaluable,,180,3,20,True,MOCK DATA / NOT A SCIENTIFIC RESULT,displacement-report-draft-v1
MOCK_S02,MOCK_G01,0,non_speaking,left_brow,persistence,0.006378952195282113,,MOCK_S02_non_speaking_left_brow,3,900,c87c2d5876bbe76dc41b8bcab8ab2d1898bfaef4ec24a4e8c32e09eb0bc7de71,displacement_mean_euclidean_error,evaluable,,180,0,0,True,MOCK DATA / NOT A SCIENTIFIC RESULT,displacement-report-draft-v1
MOCK_S02,MOCK_G01,0,non_speaking,left_brow,self,0.0066524412954423705,0.00665244129544237,MOCK_S02_non_speaking_left_brow,3,900,c87c2d5876bbe76dc41b8bcab8ab2d1898bfaef4ec24a4e8c32e09eb0bc7de71,displacement_mean_euclidean_error,evaluable,,180,0,0,True,MOCK DATA / NOT A SCIENTIFIC RESULT,displacement-report-draft-v1
MOCK_S02,MOCK_G01,0,non_speaking,left_brow,full,0.006610619521497902,0.006610619521497901,MOCK_S02_non_speaking_left_brow,3,900,c87c2d5876bbe76dc41b8bcab8ab2d1898bfaef4ec24a4e8c32e09eb0bc7de71,displacement_mean_euclidean_error,evaluable,,180,105,780,True,MOCK DATA / NOT A SCIENTIFIC RESULT,displacement-report-draft-v1
MOCK_S02,MOCK_G01,0,non_speaking,left_brow,pcmci,0.006262567916859917,0.006262567916859917,MOCK_S02_non_speaking_left_brow,3,900,c87c2d5876bbe76dc41b8bcab8ab2d1898bfaef4ec24a4e8c32e09eb0bc7de71,displacement_mean_euclidean_error,evaluable,,180,3,20,True,MOCK DATA / NOT A SCIENTIFIC RESULT,displacement-report-draft-v1
MOCK_S02,MOCK_G01,0,non_speaking,right_brow,persistence,0.006514051085423589,,MOCK_S02_non_speaking_right_brow,3,900,c87c2d5876bbe76dc41b8bcab8ab2d1898bfaef4ec24a4e8c32e09eb0bc7de71,displacement_mean_euclidean_error,evaluable,,180,0,0,True,MOCK DATA / NOT A SCIENTIFIC RESULT,displacement-report-draft-v1
MOCK_S02,MOCK_G01,0,non_speaking,right_brow,self,0.006952441295442369,0.0069524412954423695,MOCK_S02_non_speaking_right_brow,3,900,c87c2d5876bbe76dc41b8bcab8ab2d1898bfaef4ec24a4e8c32e09eb0bc7de71,displacement_mean_euclidean_error,evaluable,,180,0,0,True,MOCK DATA / NOT A SCIENTIFIC RESULT,displacement-report-draft-v1
MOCK_S02,MOCK_G01,0,non_speaking,right_brow,full,0.007302057538179724,0.007302057538179724,MOCK_S02_non_speaking_right_brow,3,900,c87c2d5876bbe76dc41b8bcab8ab2d1898bfaef4ec24a4e8c32e09eb0bc7de71,displacement_mean_euclidean_error,evaluable,,180,105,780,True,MOCK DATA / NOT A SCIENTIFIC RESULT,displacement-report-draft-v1
MOCK_S02,MOCK_G01,0,non_speaking,right_brow,pcmci,0.005821469222227476,0.005821469222227476,MOCK_S02_non_speaking_right_brow,3,900,c87c2d5876bbe76dc41b8bcab8ab2d1898bfaef4ec24a4e8c32e09eb0bc7de71,displacement_mean_euclidean_error,evaluable,,180,3,20,True,MOCK DATA / NOT A SCIENTIFIC RESULT,displacement-report-draft-v1
MOCK_S02,MOCK_G01,0,non_speaking,left_eyelid,persistence,0.0065034628085047595,,MOCK_S02_non_speaking_left_eyelid,4,900,c87c2d5876bbe76dc41b8bcab8ab2d1898bfaef4ec24a4e8c32e09eb0bc7de71,displacement_mean_euclidean_error,evaluable,,240,0,0,True,MOCK DATA / NOT A SCIENTIFIC RESULT,displacement-report-draft-v1
MOCK_S02,MOCK_G01,0,non_speaking,left_eyelid,self,0.0072524412954423694,0.0072524412954423694,MOCK_S02_non_speaking_left_eyelid,4,900,c87c2d5876bbe76dc41b8bcab8ab2d1898bfaef4ec24a4e8c32e09eb0bc7de71,displacement_mean_euclidean_error,evaluable,,240,0,0,True,MOCK DATA / NOT A SCIENTIFIC RESULT,displacement-report-draft-v1
MOCK_S02,MOCK_G01,0,non_speaking,left_eyelid,full,0.0071663925300816875,0.0071663925300816875,MOCK_S02_non_speaking_left_eyelid,4,900,c87c2d5876bbe76dc41b8bcab8ab2d1898bfaef4ec24a4e8c32e09eb0bc7de71,displacement_mean_euclidean_error,evaluable,,240,105,750,True,MOCK DATA / NOT A SCIENTIFIC RESULT,displacement-report-draft-v1
MOCK_S02,MOCK_G01,0,non_speaking,left_eyelid,pcmci,0.006006453111245193,0.006006453111245193,MOCK_S02_non_speaking_left_eyelid,4,900,c87c2d5876bbe76dc41b8bcab8ab2d1898bfaef4ec24a4e8c32e09eb0bc7de71,displacement_mean_euclidean_error,evaluable,,240,3,20,True,MOCK DATA / NOT A SCIENTIFIC RESULT,displacement-report-draft-v1
MOCK_S02,MOCK_G01,0,non_speaking,right_eyelid,persistence,0.006552118327073898,,MOCK_S02_non_speaking_right_eyelid,4,900,c87c2d5876bbe76dc41b8bcab8ab2d1898bfaef4ec24a4e8c32e09eb0bc7de71,displacement_mean_euclidean_error,evaluable,,240,0,0,True,MOCK DATA / NOT A SCIENTIFIC RESULT,displacement-report-draft-v1
MOCK_S02,MOCK_G01,0,non_speaking,right_eyelid,self,0.00755244129544237,0.007552441295442369,MOCK_S02_non_speaking_right_eyelid,4,900,c87c2d5876bbe76dc41b8bcab8ab2d1898bfaef4ec24a4e8c32e09eb0bc7de71,displacement_mean_euclidean_error,evaluable,,240,0,0,True,MOCK DATA / NOT A SCIENTIFIC RESULT,displacement-report-draft-v1
MOCK_S02,MOCK_G01,0,non_speaking,right_eyelid,full,0.006604172896477003,0.006604172896477002,MOCK_S02_non_speaking_right_eyelid,4,900,c87c2d5876bbe76dc41b8bcab8ab2d1898bfaef4ec24a4e8c32e09eb0bc7de71,displacement_mean_euclidean_error,evaluable,,240,105,750,True,MOCK DATA / NOT A SCIENTIFIC RESULT,displacement-report-draft-v1
MOCK_S02,MOCK_G01,0,non_speaking,right_eyelid,pcmci,0.006923264865926208,0.006923264865926207,MOCK_S02_non_speaking_right_eyelid,4,900,c87c2d5876bbe76dc41b8bcab8ab2d1898bfaef4ec24a4e8c32e09eb0bc7de71,displacement_mean_euclidean_error,evaluable,,240,3,24,True,MOCK DATA / NOT A SCIENTIFIC RESULT,displacement-report-draft-v1
MOCK_S02,MOCK_G01,0,non_speaking,left_cheek,persistence,0.006740011082572962,,MOCK_S02_non_speaking_left_cheek,2,900,c87c2d5876bbe76dc41b8bcab8ab2d1898bfaef4ec24a4e8c32e09eb0bc7de71,displacement_mean_euclidean_error,evaluable,,120,0,0,True,MOCK DATA / NOT A SCIENTIFIC RESULT,displacement-report-draft-v1
MOCK_S02,MOCK_G01,0,non_speaking,left_cheek,self,0.007852441295442368,0.007852441295442368,MOCK_S02_non_speaking_left_cheek,2,900,c87c2d5876bbe76dc41b8bcab8ab2d1898bfaef4ec24a4e8c32e09eb0bc7de71,displacement_mean_euclidean_error,evaluable,,120,0,0,True,MOCK DATA / NOT A SCIENTIFIC RESULT,displacement-report-draft-v1
MOCK_S02,MOCK_G01,0,non_speaking,left_cheek,full,0.006408119392172249,0.00640811939217225,MOCK_S02_non_speaking_left_cheek,2,900,c87c2d5876bbe76dc41b8bcab8ab2d1898bfaef4ec24a4e8c32e09eb0bc7de71,displacement_mean_euclidean_error,evaluable,,120,105,810,True,MOCK DATA / NOT A SCIENTIFIC RESULT,displacement-report-draft-v1
MOCK_S02,MOCK_G01,0,non_speaking,left_cheek,pcmci,0.008004810603589938,0.00800481060358994,MOCK_S02_non_speaking_left_cheek,2,900,c87c2d5876bbe76dc41b8bcab8ab2d1898bfaef4ec24a4e8c32e09eb0bc7de71,displacement_mean_euclidean_error,evaluable,,120,3,14,True,MOCK DATA / NOT A SCIENTIFIC RESULT,displacement-report-draft-v1
MOCK_S02,MOCK_G01,0,non_speaking,right_cheek,persistence,0.006710194187334454,,MOCK_S02_non_speaking_right_cheek,2,900,c87c2d5876bbe76dc41b8bcab8ab2d1898bfaef4ec24a4e8c32e09eb0bc7de71,displacement_mean_euclidean_error,evaluable,,120,0,0,True,MOCK DATA / NOT A SCIENTIFIC RESULT,displacement-report-draft-v1
MOCK_S02,MOCK_G01,0,non_speaking,right_cheek,self,0.008152441295442367,0.008152441295442368,MOCK_S02_non_speaking_right_cheek,2,900,c87c2d5876bbe76dc41b8bcab8ab2d1898bfaef4ec24a4e8c32e09eb0bc7de71,displacement_mean_euclidean_error,evaluable,,120,0,0,True,MOCK DATA / NOT A SCIENTIFIC RESULT,displacement-report-draft-v1
MOCK_S02,MOCK_G01,0,non_speaking,right_cheek,full,0.007034301321357279,0.007034301321357279,MOCK_S02_non_speaking_right_cheek,2,900,c87c2d5876bbe76dc41b8bcab8ab2d1898bfaef4ec24a4e8c32e09eb0bc7de71,displacement_mean_euclidean_error,evaluable,,120,105,810,True,MOCK DATA / NOT A SCIENTIFIC RESULT,displacement-report-draft-v1
MOCK_S02,MOCK_G01,0,non_speaking,right_cheek,pcmci,0.00853254077731119,0.00853254077731119,MOCK_S02_non_speaking_right_cheek,2,900,c87c2d5876bbe76dc41b8bcab8ab2d1898bfaef4ec24a4e8c32e09eb0bc7de71,displacement_mean_euclidean_error,evaluable,,120,3,38,True,MOCK DATA / NOT A SCIENTIFIC RESULT,displacement-report-draft-v1
MOCK_S02,MOCK_G01,0,non_speaking,mouth,persistence,0.006751514580510774,,MOCK_S02_non_speaking_mouth,8,900,c87c2d5876bbe76dc41b8bcab8ab2d1898bfaef4ec24a4e8c32e09eb0bc7de71,displacement_mean_euclidean_error,evaluable,,480,0,0,True,MOCK DATA / NOT A SCIENTIFIC RESULT,displacement-report-draft-v1
MOCK_S02,MOCK_G01,0,non_speaking,mouth,self,0.008452441295442367,0.008452441295442368,MOCK_S02_non_speaking_mouth,8,900,c87c2d5876bbe76dc41b8bcab8ab2d1898bfaef4ec24a4e8c32e09eb0bc7de71,displacement_mean_euclidean_error,evaluable,,480,0,0,True,MOCK DATA / NOT A SCIENTIFIC RESULT,displacement-report-draft-v1
MOCK_S02,MOCK_G01,0,non_speaking,mouth,full,0.008182828522604407,0.008182828522604407,MOCK_S02_non_speaking_mouth,8,900,c87c2d5876bbe76dc41b8bcab8ab2d1898bfaef4ec24a4e8c32e09eb0bc7de71,displacement_mean_euclidean_error,evaluable,,480,105,630,True,MOCK DATA / NOT A SCIENTIFIC RESULT,displacement-report-draft-v1
MOCK_S02,MOCK_G01,0,non_speaking,mouth,pcmci,0.00829708131560214,0.00829708131560214,MOCK_S02_non_speaking_mouth,8,900,c87c2d5876bbe76dc41b8bcab8ab2d1898bfaef4ec24a4e8c32e09eb0bc7de71,displacement_mean_euclidean_error,evaluable,,480,3,18,True,MOCK DATA / NOT A SCIENTIFIC RESULT,displacement-report-draft-v1
MOCK_S02,MOCK_G01,0,non_speaking,jaw,persistence,0.00669487254334946,,MOCK_S02_non_speaking_jaw,3,900,c87c2d5876bbe76dc41b8bcab8ab2d1898bfaef4ec24a4e8c32e09eb0bc7de71,displacement_mean_euclidean_error,evaluable,,180,0,0,True,MOCK DATA / NOT A SCIENTIFIC RESULT,displacement-report-draft-v1
MOCK_S02,MOCK_G01,0,non_speaking,jaw,self,0.008752441295442366,0.008752441295442368,MOCK_S02_non_speaking_jaw,3,900,c87c2d5876bbe76dc41b8bcab8ab2d1898bfaef4ec24a4e8c32e09eb0bc7de71,displacement_mean_euclidean_error,evaluable,,180,0,0,True,MOCK DATA / NOT A SCIENTIFIC RESULT,displacement-report-draft-v1
MOCK_S02,MOCK_G01,0,non_speaking,jaw,full,0.009073569000270704,0.009073569000270705,MOCK_S02_non_speaking_jaw,3,900,c87c2d5876bbe76dc41b8bcab8ab2d1898bfaef4ec24a4e8c32e09eb0bc7de71,displacement_mean_euclidean_error,evaluable,,180,105,780,True,MOCK DATA / NOT A SCIENTIFIC RESULT,displacement-report-draft-v1
MOCK_S02,MOCK_G01,0,non_speaking,jaw,pcmci,0.0077907311781602664,0.007790731178160267,MOCK_S02_non_speaking_jaw,3,900,c87c2d5876bbe76dc41b8bcab8ab2d1898bfaef4ec24a4e8c32e09eb0bc7de71,displacement_mean_euclidean_error,evaluable,,180,3,20,True,MOCK DATA / NOT A SCIENTIFIC RESULT,displacement-report-draft-v1
MOCK_S03,MOCK_G02,0,speaking,left_brow,persistence,0.006390114355776496,,MOCK_S03_speaking_left_brow,3,900,f8b1a5e55064f63cfba2623fe9afbae3cd4160b61f92caa7c58218d53a6ba043,displacement_mean_euclidean_error,evaluable,,180,0,0,True,MOCK DATA / NOT A SCIENTIFIC RESULT,displacement-report-draft-v1
MOCK_S03,MOCK_G02,0,speaking,left_brow,self,0.006272789228047705,0.006272789228047705,MOCK_S03_speaking_left_brow,3,900,f8b1a5e55064f63cfba2623fe9afbae3cd4160b61f92caa7c58218d53a6ba043,displacement_mean_euclidean_error,evaluable,,180,0,0,True,MOCK DATA / NOT A SCIENTIFIC RESULT,displacement-report-draft-v1
MOCK_S03,MOCK_G02,0,speaking,left_brow,full,0.006561624405418208,0.006561624405418208,MOCK_S03_speaking_left_brow,3,900,f8b1a5e55064f63cfba2623fe9afbae3cd4160b61f92caa7c58218d53a6ba043,displacement_mean_euclidean_error,evaluable,,180,105,780,True,MOCK DATA / NOT A SCIENTIFIC RESULT,displacement-report-draft-v1
MOCK_S03,MOCK_G02,0,speaking,left_brow,pcmci,0.006282046188035624,0.006282046188035624,MOCK_S03_speaking_left_brow,3,900,f8b1a5e55064f63cfba2623fe9afbae3cd4160b61f92caa7c58218d53a6ba043,displacement_mean_euclidean_error,evaluable,,180,3,20,True,MOCK DATA / NOT A SCIENTIFIC RESULT,displacement-report-draft-v1
MOCK_S03,MOCK_G02,0,speaking,right_brow,persistence,0.006514632917812203,,MOCK_S03_speaking_right_brow,3,900,f8b1a5e55064f63cfba2623fe9afbae3cd4160b61f92caa7c58218d53a6ba043,displacement_mean_euclidean_error,evaluable,,180,0,0,True,MOCK DATA / NOT A SCIENTIFIC RESULT,displacement-report-draft-v1
MOCK_S03,MOCK_G02,0,speaking,right_brow,self,0.006572789228047706,0.006572789228047705,MOCK_S03_speaking_right_brow,3,900,f8b1a5e55064f63cfba2623fe9afbae3cd4160b61f92caa7c58218d53a6ba043,displacement_mean_euclidean_error,evaluable,,180,0,0,True,MOCK DATA / NOT A SCIENTIFIC RESULT,displacement-report-draft-v1
MOCK_S03,MOCK_G02,0,speaking,right_brow,full,0.006750435991485336,0.006750435991485336,MOCK_S03_speaking_right_brow,3,900,f8b1a5e55064f63cfba2623fe9afbae3cd4160b61f92caa7c58218d53a6ba043,displacement_mean_euclidean_error,evaluable,,180,105,780,True,MOCK DATA / NOT A SCIENTIFIC RESULT,displacement-report-draft-v1
MOCK_S03,MOCK_G02,0,speaking,right_brow,pcmci,0.005769064416982634,0.005769064416982634,MOCK_S03_speaking_right_brow,3,900,f8b1a5e55064f63cfba2623fe9afbae3cd4160b61f92caa7c58218d53a6ba043,displacement_mean_euclidean_error,evaluable,,180,3,20,True,MOCK DATA / NOT A SCIENTIFIC RESULT,displacement-report-draft-v1
MOCK_S03,MOCK_G02,0,speaking,left_eyelid,persistence,0.006415628985303656,,MOCK_S03_speaking_left_eyelid,4,900,f8b1a5e55064f63cfba2623fe9afbae3cd4160b61f92caa7c58218d53a6ba043,displacement_mean_euclidean_error,evaluable,,240,0,0,True,MOCK DATA / NOT A SCIENTIFIC RESULT,displacement-report-draft-v1
MOCK_S03,MOCK_G02,0,speaking,left_eyelid,self,0.006872789228047706,0.006872789228047705,MOCK_S03_speaking_left_eyelid,4,900,f8b1a5e55064f63cfba2623fe9afbae3cd4160b61f92caa7c58218d53a6ba043,displacement_mean_euclidean_error,evaluable,,240,0,0,True,MOCK DATA / NOT A SCIENTIFIC RESULT,displacement-report-draft-v1
MOCK_S03,MOCK_G02,0,speaking,left_eyelid,full,0.006270252498962884,0.006270252498962883,MOCK_S03_speaking_left_eyelid,4,900,f8b1a5e55064f63cfba2623fe9afbae3cd4160b61f92caa7c58218d53a6ba043,displacement_mean_euclidean_error,evaluable,,240,105,750,True,MOCK DATA / NOT A SCIENTIFIC RESULT,displacement-report-draft-v1
MOCK_S03,MOCK_G02,0,speaking,left_eyelid,pcmci,0.005581295605937328,0.005581295605937326,MOCK_S03_speaking_left_eyelid,4,900,f8b1a5e55064f63cfba2623fe9afbae3cd4160b61f92caa7c58218d53a6ba043,displacement_mean_euclidean_error,evaluable,,240,3,20,True,MOCK DATA / NOT A SCIENTIFIC RESULT,displacement-report-draft-v1
MOCK_S03,MOCK_G02,0,speaking,right_eyelid,persistence,0.006523991830753436,,MOCK_S03_speaking_right_eyelid,4,900,f8b1a5e55064f63cfba2623fe9afbae3cd4160b61f92caa7c58218d53a6ba043,displacement_mean_euclidean_error,evaluable,,240,0,0,True,MOCK DATA / NOT A SCIENTIFIC RESULT,displacement-report-draft-v1
MOCK_S03,MOCK_G02,0,speaking,right_eyelid,self,0.0071727892280477054,0.007172789228047705,MOCK_S03_speaking_right_eyelid,4,900,f8b1a5e55064f63cfba2623fe9afbae3cd4160b61f92caa7c58218d53a6ba043,displacement_mean_euclidean_error,evaluable,,240,0,0,True,MOCK DATA / NOT A SCIENTIFIC RESULT,displacement-report-draft-v1
MOCK_S03,MOCK_G02,0,speaking,right_eyelid,full,0.005838371032875476,0.005838371032875475,MOCK_S03_speaking_right_eyelid,4,900,f8b1a5e55064f63cfba2623fe9afbae3cd4160b61f92caa7c58218d53a6ba043,displacement_mean_euclidean_error,evaluable,,240,105,750,True,MOCK DATA / NOT A SCIENTIFIC RESULT,displacement-report-draft-v1
MOCK_S03,MOCK_G02,0,speaking,right_eyelid,pcmci,0.006167192150313636,0.006167192150313635,MOCK_S03_speaking_right_eyelid,4,900,f8b1a5e55064f63cfba2623fe9afbae3cd4160b61f92caa7c58218d53a6ba043,displacement_mean_euclidean_error,evaluable,,240,3,24,True,MOCK DATA / NOT A SCIENTIFIC RESULT,displacement-report-draft-v1
MOCK_S03,MOCK_G02,0,speaking,left_cheek,persistence,0.006560055348281857,,MOCK_S03_speaking_left_cheek,2,900,f8b1a5e55064f63cfba2623fe9afbae3cd4160b61f92caa7c58218d53a6ba043,displacement_mean_euclidean_error,evaluable,,120,0,0,True,MOCK DATA / NOT A SCIENTIFIC RESULT,displacement-report-draft-v1
MOCK_S03,MOCK_G02,0,speaking,left_cheek,self,0.007472789228047704,0.0074727892280477045,MOCK_S03_speaking_left_cheek,2,900,f8b1a5e55064f63cfba2623fe9afbae3cd4160b61f92caa7c58218d53a6ba043,displacement_mean_euclidean_error,evaluable,,120,0,0,True,MOCK DATA / NOT A SCIENTIFIC RESULT,displacement-report-draft-v1
MOCK_S03,MOCK_G02,0,speaking,left_cheek,full,0.006127680037899565,0.006127680037899566,MOCK_S03_speaking_left_cheek,2,900,f8b1a5e55064f63cfba2623fe9afbae3cd4160b61f92caa7c58218d53a6ba043,displacement_mean_euclidean_error,evaluable,,120,105,810,True,MOCK DATA / NOT A SCIENTIFIC RESULT,displacement-report-draft-v1
MOCK_S03,MOCK_G02,0,speaking,left_cheek,pcmci,0.007263902085691446,0.007263902085691447,MOCK_S03_speaking_left_cheek,2,900,f8b1a5e55064f63cfba2623fe9afbae3cd4160b61f92caa7c58218d53a6ba043,displacement_mean_euclidean_error,evaluable,,120,3,14,True,MOCK DATA / NOT A SCIENTIFIC RESULT,displacement-report-draft-v1
MOCK_S03,MOCK_G02,0,speaking,right_cheek,persistence,0.0065549052044024956,,MOCK_S03_speaking_right_cheek,2,900,f8b1a5e55064f63cfba2623fe9afbae3cd4160b61f92caa7c58218d53a6ba043,displacement_mean_euclidean_error,evaluable,,120,0,0,True,MOCK DATA / NOT A SCIENTIFIC RESULT,displacement-report-draft-v1
MOCK_S03,MOCK_G02,0,speaking,right_cheek,self,0.007772789228047705,0.007772789228047704,MOCK_S03_speaking_right_cheek,2,900,f8b1a5e55064f63cfba2623fe9afbae3cd4160b61f92caa7c58218d53a6ba043,displacement_mean_euclidean_error,evaluable,,120,0,0,True,MOCK DATA / NOT A SCIENTIFIC RESULT,displacement-report-draft-v1
MOCK_S03,MOCK_G02,0,speaking,right_cheek,full,0.007148008765511958,0.007148008765511958,MOCK_S03_speaking_right_cheek,2,900,f8b1a5e55064f63cfba2623fe9afbae3cd4160b61f92caa7c58218d53a6ba043,displacement_mean_euclidean_error,evaluable,,120,105,810,True,MOCK DATA / NOT A SCIENTIFIC RESULT,displacement-report-draft-v1
MOCK_S03,MOCK_G02,0,speaking,right_cheek,pcmci,0.008138933971700518,0.008138933971700516,MOCK_S03_speaking_right_cheek,2,900,f8b1a5e55064f63cfba2623fe9afbae3cd4160b61f92caa7c58218d53a6ba043,displacement_mean_euclidean_error,evaluable,,120,3,38,True,MOCK DATA / NOT A SCIENTIFIC RESULT,displacement-report-draft-v1
MOCK_S03,MOCK_G02,0,speaking,mouth,persistence,0.00671621525972765,,MOCK_S03_speaking_mouth,8,900,f8b1a5e55064f63cfba2623fe9afbae3cd4160b61f92caa7c58218d53a6ba043,displacement_mean_euclidean_error,evaluable,,480,0,0,True,MOCK DATA / NOT A SCIENTIFIC RESULT,displacement-report-draft-v1
MOCK_S03,MOCK_G02,0,speaking,mouth,self,0.008072789228047706,0.008072789228047704,MOCK_S03_speaking_mouth,8,900,f8b1a5e55064f63cfba2623fe9afbae3cd4160b61f92caa7c58218d53a6ba043,displacement_mean_euclidean_error,evaluable,,480,0,0,True,MOCK DATA / NOT A SCIENTIFIC RESULT,displacement-report-draft-v1
MOCK_S03,MOCK_G02,0,speaking,mouth,full,0.008237090305511941,0.008237090305511941,MOCK_S03_speaking_mouth,8,900,f8b1a5e55064f63cfba2623fe9afbae3cd4160b61f92caa7c58218d53a6ba043,displacement_mean_euclidean_error,evaluable,,480,105,630,True,MOCK DATA / NOT A SCIENTIFIC RESULT,displacement-report-draft-v1
MOCK_S03,MOCK_G02,0,speaking,mouth,pcmci,0.008263606144239514,0.008263606144239512,MOCK_S03_speaking_mouth,8,900,f8b1a5e55064f63cfba2623fe9afbae3cd4160b61f92caa7c58218d53a6ba043,displacement_mean_euclidean_error,evaluable,,480,3,18,True,MOCK DATA / NOT A SCIENTIFIC RESULT,displacement-report-draft-v1
MOCK_S03,MOCK_G02,0,speaking,jaw,persistence,0.006703757617824179,,MOCK_S03_speaking_jaw,3,900,f8b1a5e55064f63cfba2623fe9afbae3cd4160b61f92caa7c58218d53a6ba043,displacement_mean_euclidean_error,evaluable,,180,0,0,True,MOCK DATA / NOT A SCIENTIFIC RESULT,displacement-report-draft-v1
MOCK_S03,MOCK_G02,0,speaking,jaw,self,0.008372789228047706,0.008372789228047704,MOCK_S03_speaking_jaw,3,900,f8b1a5e55064f63cfba2623fe9afbae3cd4160b61f92caa7c58218d53a6ba043,displacement_mean_euclidean_error,evaluable,,180,0,0,True,MOCK DATA / NOT A SCIENTIFIC RESULT,displacement-report-draft-v1
MOCK_S03,MOCK_G02,0,speaking,jaw,full,0.008669446729059501,0.0086694467290595,MOCK_S03_speaking_jaw,3,900,f8b1a5e55064f63cfba2623fe9afbae3cd4160b61f92caa7c58218d53a6ba043,displacement_mean_euclidean_error,evaluable,,180,105,780,True,MOCK DATA / NOT A SCIENTIFIC RESULT,displacement-report-draft-v1
MOCK_S03,MOCK_G02,0,speaking,jaw,pcmci,0.0077991141993103835,0.007799114199310382,MOCK_S03_speaking_jaw,3,900,f8b1a5e55064f63cfba2623fe9afbae3cd4160b61f92caa7c58218d53a6ba043,displacement_mean_euclidean_error,evaluable,,180,3,20,True,MOCK DATA / NOT A SCIENTIFIC RESULT,displacement-report-draft-v1
MOCK_S03,MOCK_G02,0,non_speaking,left_brow,persistence,0.006370776644571967,,MOCK_S03_non_speaking_left_brow,3,900,fbefdf81dc949c4d5bd8efb75f5a6e2a699a76c3414834547b23e270bf621e1a,displacement_mean_euclidean_error,evaluable,,180,0,0,True,MOCK DATA / NOT A SCIENTIFIC RESULT,displacement-report-draft-v1
MOCK_S03,MOCK_G02,0,non_speaking,left_brow,self,0.006672789228047705,0.006672789228047705,MOCK_S03_non_speaking_left_brow,3,900,fbefdf81dc949c4d5bd8efb75f5a6e2a699a76c3414834547b23e270bf621e1a,displacement_mean_euclidean_error,evaluable,,180,0,0,True,MOCK DATA / NOT A SCIENTIFIC RESULT,displacement-report-draft-v1
MOCK_S03,MOCK_G02,0,non_speaking,left_brow,full,0.006961624405418208,0.006961624405418208,MOCK_S03_non_speaking_left_brow,3,900,fbefdf81dc949c4d5bd8efb75f5a6e2a699a76c3414834547b23e270bf621e1a,displacement_mean_euclidean_error,evaluable,,180,105,780,True,MOCK DATA / NOT A SCIENTIFIC RESULT,displacement-report-draft-v1
MOCK_S03,MOCK_G02,0,non_speaking,left_brow,pcmci,0.005869064416982634,0.005869064416982634,MOCK_S03_non_speaking_left_brow,3,900,fbefdf81dc949c4d5bd8efb75f5a6e2a699a76c3414834547b23e270bf621e1a,displacement_mean_euclidean_error,evaluable,,180,3,20,True,MOCK DATA / NOT A SCIENTIFIC RESULT,displacement-report-draft-v1
MOCK_S03,MOCK_G02,0,non_speaking,right_brow,persistence,0.00651520336208956,,MOCK_S03_non_speaking_right_brow,3,900,fbefdf81dc949c4d5bd8efb75f5a6e2a699a76c3414834547b23e270bf621e1a,displacement_mean_euclidean_error,evaluable,,180,0,0,True,MOCK DATA / NOT A SCIENTIFIC RESULT,displacement-report-draft-v1
MOCK_S03,MOCK_G02,0,non_speaking,right_brow,self,0.006972789228047705,0.006972789228047705,MOCK_S03_non_speaking_right_brow,3,900,fbefdf81dc949c4d5bd8efb75f5a6e2a699a76c3414834547b23e270bf621e1a,displacement_mean_euclidean_error,evaluable,,180,0,0,True,MOCK DATA / NOT A SCIENTIFIC RESULT,displacement-report-draft-v1
MOCK_S03,MOCK_G02,0,non_speaking,right_brow,full,0.007150435991485335,0.007150435991485336,MOCK_S03_non_speaking_right_brow,3,900,fbefdf81dc949c4d5bd8efb75f5a6e2a699a76c3414834547b23e270bf621e1a,displacement_mean_euclidean_error,evaluable,,180,105,780,True,MOCK DATA / NOT A SCIENTIFIC RESULT,displacement-report-draft-v1
MOCK_S03,MOCK_G02,0,non_speaking,right_brow,pcmci,0.005681295605937326,0.005681295605937327,MOCK_S03_non_speaking_right_brow,3,900,fbefdf81dc949c4d5bd8efb75f5a6e2a699a76c3414834547b23e270bf621e1a,displacement_mean_euclidean_error,evaluable,,180,3,20,True,MOCK DATA / NOT A SCIENTIFIC RESULT,displacement-report-draft-v1
MOCK_S03,MOCK_G02,0,non_speaking,left_eyelid,persistence,0.006514705148555873,,MOCK_S03_non_speaking_left_eyelid,4,900,fbefdf81dc949c4d5bd8efb75f5a6e2a699a76c3414834547b23e270bf621e1a,displacement_mean_euclidean_error,evaluable,,240,0,0,True,MOCK DATA / NOT A SCIENTIFIC RESULT,displacement-report-draft-v1
MOCK_S03,MOCK_G02,0,non_speaking,left_eyelid,self,0.007272789228047704,0.007272789228047705,MOCK_S03_non_speaking_left_eyelid,4,900,fbefdf81dc949c4d5bd8efb75f5a6e2a699a76c3414834547b23e270bf621e1a,displacement_mean_euclidean_error,evaluable,,240,0,0,True,MOCK DATA / NOT A SCIENTIFIC RESULT,displacement-report-draft-v1
MOCK_S03,MOCK_G02,0,non_speaking,left_eyelid,full,0.006670252498962882,0.006670252498962883,MOCK_S03_non_speaking_left_eyelid,4,900,fbefdf81dc949c4d5bd8efb75f5a6e2a699a76c3414834547b23e270bf621e1a,displacement_mean_euclidean_error,evaluable,,240,105,750,True,MOCK DATA / NOT A SCIENTIFIC RESULT,displacement-report-draft-v1
MOCK_S03,MOCK_G02,0,non_speaking,left_eyelid,pcmci,0.0062671921503136335,0.006267192150313634,MOCK_S03_non_speaking_left_eyelid,4,900,fbefdf81dc949c4d5bd8efb75f5a6e2a699a76c3414834547b23e270bf621e1a,displacement_mean_euclidean_error,evaluable,,240,3,20,True,MOCK DATA / NOT A SCIENTIFIC RESULT,displacement-report-draft-v1
MOCK_S03,MOCK_G02,0,non_speaking,right_eyelid,persistence,0.006624033906618723,,MOCK_S03_non_speaking_right_eyelid,4,900,fbefdf81dc949c4d5bd8efb75f5a6e2a699a76c3414834547b23e270bf621e1a,displacement_mean_euclidean_error,evaluable,,240,0,0,True,MOCK DATA / NOT A SCIENTIFIC RESULT,displacement-report-draft-v1
MOCK_S03,MOCK_G02,0,non_speaking,right_eyelid,self,0.007572789228047705,0.007572789228047705,MOCK_S03_non_speaking_right_eyelid,4,900,fbefdf81dc949c4d5bd8efb75f5a6e2a699a76c3414834547b23e270bf621e1a,displacement_mean_euclidean_error,evaluable,,240,0,0,True,MOCK DATA / NOT A SCIENTIFIC RESULT,displacement-report-draft-v1
MOCK_S03,MOCK_G02,0,non_speaking,right_eyelid,full,0.006238371032875476,0.006238371032875475,MOCK_S03_non_speaking_right_eyelid,4,900,fbefdf81dc949c4d5bd8efb75f5a6e2a699a76c3414834547b23e270bf621e1a,displacement_mean_euclidean_error,evaluable,,240,105,750,True,MOCK DATA / NOT A SCIENTIFIC RESULT,displacement-report-draft-v1
MOCK_S03,MOCK_G02,0,non_speaking,right_eyelid,pcmci,0.007363902085691446,0.007363902085691447,MOCK_S03_non_speaking_right_eyelid,4,900,fbefdf81dc949c4d5bd8efb75f5a6e2a699a76c3414834547b23e270bf621e1a,displacement_mean_euclidean_error,evaluable,,240,3,24,True,MOCK DATA / NOT A SCIENTIFIC RESULT,displacement-report-draft-v1
MOCK_S03,MOCK_G02,0,non_speaking,left_cheek,persistence,0.00664518933750565,,MOCK_S03_non_speaking_left_cheek,2,900,fbefdf81dc949c4d5bd8efb75f5a6e2a699a76c3414834547b23e270bf621e1a,displacement_mean_euclidean_error,evaluable,,120,0,0,True,MOCK DATA / NOT A SCIENTIFIC RESULT,displacement-report-draft-v1
MOCK_S03,MOCK_G02,0,non_speaking,left_cheek,self,0.007872789228047706,0.007872789228047704,MOCK_S03_non_speaking_left_cheek,2,900,fbefdf81dc949c4d5bd8efb75f5a6e2a699a76c3414834547b23e270bf621e1a,displacement_mean_euclidean_error,evaluable,,120,0,0,True,MOCK DATA / NOT A SCIENTIFIC RESULT,displacement-report-draft-v1
MOCK_S03,MOCK_G02,0,non_speaking,left_cheek,full,0.006527680037899566,0.0065276800378995655,MOCK_S03_non_speaking_left_cheek,2,900,fbefdf81dc949c4d5bd8efb75f5a6e2a699a76c3414834547b23e270bf621e1a,displacement_mean_euclidean_error,evaluable,,120,105,810,True,MOCK DATA / NOT A SCIENTIFIC RESULT,displacement-report-draft-v1
MOCK_S03,MOCK_G02,0,non_speaking,left_cheek,pcmci,0.008238933971700517,0.008238933971700516,MOCK_S03_non_speaking_left_cheek,2,900,fbefdf81dc949c4d5bd8efb75f5a6e2a699a76c3414834547b23e270bf621e1a,displacement_mean_euclidean_error,evaluable,,120,3,14,True,MOCK DATA / NOT A SCIENTIFIC RESULT,displacement-report-draft-v1
MOCK_S03,MOCK_G02,0,non_speaking,right_cheek,persistence,0.0067062382427953895,,MOCK_S03_non_speaking_right_cheek,2,900,fbefdf81dc949c4d5bd8efb75f5a6e2a699a76c3414834547b23e270bf621e1a,displacement_mean_euclidean_error,evaluable,,120,0,0,True,MOCK DATA / NOT A SCIENTIFIC RESULT,displacement-report-draft-v1
MOCK_S03,MOCK_G02,0,non_speaking,right_cheek,self,0.008172789228047704,0.008172789228047704,MOCK_S03_non_speaking_right_cheek,2,900,fbefdf81dc949c4d5bd8efb75f5a6e2a699a76c3414834547b23e270bf621e1a,displacement_mean_euclidean_error,evaluable,,120,0,0,True,MOCK DATA / NOT A SCIENTIFIC RESULT,displacement-report-draft-v1
MOCK_S03,MOCK_G02,0,non_speaking,right_cheek,full,0.007548008765511958,0.007548008765511957,MOCK_S03_non_speaking_right_cheek,2,900,fbefdf81dc949c4d5bd8efb75f5a6e2a699a76c3414834547b23e270bf621e1a,displacement_mean_euclidean_error,evaluable,,120,105,810,True,MOCK DATA / NOT A SCIENTIFIC RESULT,displacement-report-draft-v1
MOCK_S03,MOCK_G02,0,non_speaking,right_cheek,pcmci,0.008363606144239512,0.008363606144239512,MOCK_S03_non_speaking_right_cheek,2,900,fbefdf81dc949c4d5bd8efb75f5a6e2a699a76c3414834547b23e270bf621e1a,displacement_mean_euclidean_error,evaluable,,120,3,38,True,MOCK DATA / NOT A SCIENTIFIC RESULT,displacement-report-draft-v1
MOCK_S03,MOCK_G02,0,non_speaking,mouth,persistence,0.006688811449402967,,MOCK_S03_non_speaking_mouth,8,900,fbefdf81dc949c4d5bd8efb75f5a6e2a699a76c3414834547b23e270bf621e1a,displacement_mean_euclidean_error,evaluable,,480,0,0,True,MOCK DATA / NOT A SCIENTIFIC RESULT,displacement-report-draft-v1
MOCK_S03,MOCK_G02,0,non_speaking,mouth,self,0.008472789228047704,0.008472789228047704,MOCK_S03_non_speaking_mouth,8,900,fbefdf81dc949c4d5bd8efb75f5a6e2a699a76c3414834547b23e270bf621e1a,displacement_mean_euclidean_error,evaluable,,480,0,0,True,MOCK DATA / NOT A SCIENTIFIC RESULT,displacement-report-draft-v1
MOCK_S03,MOCK_G02,0,non_speaking,mouth,full,0.008637090305511942,0.008637090305511942,MOCK_S03_non_speaking_mouth,8,900,fbefdf81dc949c4d5bd8efb75f5a6e2a699a76c3414834547b23e270bf621e1a,displacement_mean_euclidean_error,evaluable,,480,105,630,True,MOCK DATA / NOT A SCIENTIFIC RESULT,displacement-report-draft-v1
MOCK_S03,MOCK_G02,0,non_speaking,mouth,pcmci,0.007899114199310381,0.007899114199310381,MOCK_S03_non_speaking_mouth,8,900,fbefdf81dc949c4d5bd8efb75f5a6e2a699a76c3414834547b23e270bf621e1a,displacement_mean_euclidean_error,evaluable,,480,3,18,True,MOCK DATA / NOT A SCIENTIFIC RESULT,displacement-report-draft-v1
MOCK_S03,MOCK_G02,0,non_speaking,jaw,persistence,0.006788258995298266,,MOCK_S03_non_speaking_jaw,3,900,fbefdf81dc949c4d5bd8efb75f5a6e2a699a76c3414834547b23e270bf621e1a,displacement_mean_euclidean_error,evaluable,,180,0,0,True,MOCK DATA / NOT A SCIENTIFIC RESULT,displacement-report-draft-v1
MOCK_S03,MOCK_G02,0,non_speaking,jaw,self,0.008772789228047704,0.008772789228047704,MOCK_S03_non_speaking_jaw,3,900,fbefdf81dc949c4d5bd8efb75f5a6e2a699a76c3414834547b23e270bf621e1a,displacement_mean_euclidean_error,evaluable,,180,0,0,True,MOCK DATA / NOT A SCIENTIFIC RESULT,displacement-report-draft-v1
MOCK_S03,MOCK_G02,0,non_speaking,jaw,full,0.009069446729059499,0.009069446729059499,MOCK_S03_non_speaking_jaw,3,900,fbefdf81dc949c4d5bd8efb75f5a6e2a699a76c3414834547b23e270bf621e1a,displacement_mean_euclidean_error,evaluable,,180,105,780,True,MOCK DATA / NOT A SCIENTIFIC RESULT,displacement-report-draft-v1
MOCK_S03,MOCK_G02,0,non_speaking,jaw,pcmci,0.007548328505445728,0.007548328505445728,MOCK_S03_non_speaking_jaw,3,900,fbefdf81dc949c4d5bd8efb75f5a6e2a699a76c3414834547b23e270bf621e1a,displacement_mean_euclidean_error,evaluable,,180,3,20,True,MOCK DATA / NOT A SCIENTIFIC RESULT,displacement-report-draft-v1
MOCK_S04,MOCK_G02,0,speaking,left_brow,persistence,0.006343473178045589,,MOCK_S04_speaking_left_brow,3,900,23d74b700c8f702f8ca873513c591264229fe585cac59e4fdea79a519c900fa6,displacement_mean_euclidean_error,evaluable,,180,0,0,True,MOCK DATA / NOT A SCIENTIFIC RESULT,displacement-report-draft-v1
MOCK_S04,MOCK_G02,0,speaking,left_brow,self,0.0060423360024179605,0.0060423360024179605,MOCK_S04_speaking_left_brow,3,900,23d74b700c8f702f8ca873513c591264229fe585cac59e4fdea79a519c900fa6,displacement_mean_euclidean_error,evaluable,,180,0,0,True,MOCK DATA / NOT A SCIENTIFIC RESULT,displacement-report-draft-v1
MOCK_S04,MOCK_G02,0,speaking,left_brow,full,0.006368798870208336,0.006368798870208336,MOCK_S04_speaking_left_brow,3,900,23d74b700c8f702f8ca873513c591264229fe585cac59e4fdea79a519c900fa6,displacement_mean_euclidean_error,evaluable,,180,105,780,True,MOCK DATA / NOT A SCIENTIFIC RESULT,displacement-report-draft-v1
MOCK_S04,MOCK_G02,0,speaking,left_brow,pcmci,0.005652462623835508,0.005652462623835508,MOCK_S04_speaking_left_brow,3,900,23d74b700c8f702f8ca873513c591264229fe585cac59e4fdea79a519c900fa6,displacement_mean_euclidean_error,evaluable,,180,3,20,True,MOCK DATA / NOT A SCIENTIFIC RESULT,displacement-report-draft-v1
MOCK_S04,MOCK_G02,0,speaking,right_brow,persistence,0.006505709549383635,,MOCK_S04_speaking_right_brow,3,900,23d74b700c8f702f8ca873513c591264229fe585cac59e4fdea79a519c900fa6,displacement_mean_euclidean_error,evaluable,,180,0,0,True,MOCK DATA / NOT A SCIENTIFIC RESULT,displacement-report-draft-v1
MOCK_S04,MOCK_G02,0,speaking,right_brow,self,0.00634233600241796,0.00634233600241796,MOCK_S04_speaking_right_brow,3,900,23d74b700c8f702f8ca873513c591264229fe585cac59e4fdea79a519c900fa6,displacement_mean_euclidean_error,evaluable,,180,0,0,True,MOCK DATA / NOT A SCIENTIFIC RESULT,displacement-report-draft-v1
MOCK_S04,MOCK_G02,0,speaking,right_brow,full,0.0060938253375582745,0.0060938253375582745,MOCK_S04_speaking_right_brow,3,900,23d74b700c8f702f8ca873513c591264229fe585cac59e4fdea79a519c900fa6,displacement_mean_euclidean_error,evaluable,,180,105,780,True,MOCK DATA / NOT A SCIENTIFIC RESULT,displacement-report-draft-v1
MOCK_S04,MOCK_G02,0,speaking,right_brow,pcmci,0.005211363929203067,0.005211363929203067,MOCK_S04_speaking_right_brow,3,900,23d74b700c8f702f8ca873513c591264229fe585cac59e4fdea79a519c900fa6,displacement_mean_euclidean_error,evaluable,,180,3,20,True,MOCK DATA / NOT A SCIENTIFIC RESULT,displacement-report-draft-v1
MOCK_S04,MOCK_G02,0,speaking,left_eyelid,persistence,0.006534657349305873,,MOCK_S04_speaking_left_eyelid,4,900,23d74b700c8f702f8ca873513c591264229fe585cac59e4fdea79a519c900fa6,displacement_mean_euclidean_error,evaluable,,240,0,0,True,MOCK DATA / NOT A SCIENTIFIC RESULT,displacement-report-draft-v1
MOCK_S04,MOCK_G02,0,speaking,left_eyelid,self,0.00664233600241796,0.00664233600241796,MOCK_S04_speaking_left_eyelid,4,900,23d74b700c8f702f8ca873513c591264229fe585cac59e4fdea79a519c900fa6,displacement_mean_euclidean_error,evaluable,,240,0,0,True,MOCK DATA / NOT A SCIENTIFIC RESULT,displacement-report-draft-v1
MOCK_S04,MOCK_G02,0,speaking,left_eyelid,full,0.005541663900569513,0.0055416639005695136,MOCK_S04_speaking_left_eyelid,4,900,23d74b700c8f702f8ca873513c591264229fe585cac59e4fdea79a519c900fa6,displacement_mean_euclidean_error,evaluable,,240,105,750,True,MOCK DATA / NOT A SCIENTIFIC RESULT,displacement-report-draft-v1
MOCK_S04,MOCK_G02,0,speaking,left_eyelid,pcmci,0.005396347818220783,0.005396347818220784,MOCK_S04_speaking_left_eyelid,4,900,23d74b700c8f702f8ca873513c591264229fe585cac59e4fdea79a519c900fa6,displacement_mean_euclidean_error,evaluable,,240,3,20,True,MOCK DATA / NOT A SCIENTIFIC RESULT,displacement-report-draft-v1
MOCK_S04,MOCK_G02,0,speaking,right_eyelid,persistence,0.006543596466734748,,MOCK_S04_speaking_right_eyelid,4,900,23d74b700c8f702f8ca873513c591264229fe585cac59e4fdea79a519c900fa6,displacement_mean_euclidean_error,evaluable,,240,0,0,True,MOCK DATA / NOT A SCIENTIFIC RESULT,displacement-report-draft-v1
MOCK_S04,MOCK_G02,0,speaking,right_eyelid,self,0.006942336002417962,0.00694233600241796,MOCK_S04_speaking_right_eyelid,4,900,23d74b700c8f702f8ca873513c591264229fe585cac59e4fdea79a519c900fa6,displacement_mean_euclidean_error,evaluable,,240,0,0,True,MOCK DATA / NOT A SCIENTIFIC RESULT,displacement-report-draft-v1
MOCK_S04,MOCK_G02,0,speaking,right_eyelid,full,0.005495787854465703,0.005495787854465703,MOCK_S04_speaking_right_eyelid,4,900,23d74b700c8f702f8ca873513c591264229fe585cac59e4fdea79a519c900fa6,displacement_mean_euclidean_error,evaluable,,240,105,750,True,MOCK DATA / NOT A SCIENTIFIC RESULT,displacement-report-draft-v1
MOCK_S04,MOCK_G02,0,speaking,right_eyelid,pcmci,0.006313159572901799,0.006313159572901798,MOCK_S04_speaking_right_eyelid,4,900,23d74b700c8f702f8ca873513c591264229fe585cac59e4fdea79a519c900fa6,displacement_mean_euclidean_error,evaluable,,240,3,24,True,MOCK DATA / NOT A SCIENTIFIC RESULT,displacement-report-draft-v1
MOCK_S04,MOCK_G02,0,speaking,left_cheek,persistence,0.006503658890244189,,MOCK_S04_speaking_left_cheek,2,900,23d74b700c8f702f8ca873513c591264229fe585cac59e4fdea79a519c900fa6,displacement_mean_euclidean_error,evaluable,,120,0,0,True,MOCK DATA / NOT A SCIENTIFIC RESULT,displacement-report-draft-v1
MOCK_S04,MOCK_G02,0,speaking,left_cheek,self,0.00724233600241796,0.00724233600241796,MOCK_S04_speaking_left_cheek,2,900,23d74b700c8f702f8ca873513c591264229fe585cac59e4fdea79a519c900fa6,displacement_mean_euclidean_error,evaluable,,120,0,0,True,MOCK DATA / NOT A SCIENTIFIC RESULT,displacement-report-draft-v1
MOCK_S04,MOCK_G02,0,speaking,left_cheek,full,0.006274194040945578,0.006274194040945579,MOCK_S04_speaking_left_cheek,2,900,23d74b700c8f702f8ca873513c591264229fe585cac59e4fdea79a519c900fa6,displacement_mean_euclidean_error,evaluable,,120,105,810,True,MOCK DATA / NOT A SCIENTIFIC RESULT,displacement-report-draft-v1
MOCK_S04,MOCK_G02,0,speaking,left_cheek,pcmci,0.0073947053105655304,0.007394705310565531,MOCK_S04_speaking_left_cheek,2,900,23d74b700c8f702f8ca873513c591264229fe585cac59e4fdea79a519c900fa6,displacement_mean_euclidean_error,evaluable,,120,3,14,True,MOCK DATA / NOT A SCIENTIFIC RESULT,displacement-report-draft-v1
MOCK_S04,MOCK_G02,0,speaking,right_cheek,persistence,0.006648171488753349,,MOCK_S04_speaking_right_cheek,2,900,23d74b700c8f702f8ca873513c591264229fe585cac59e4fdea79a519c900fa6,displacement_mean_euclidean_error,evaluable,,120,0,0,True,MOCK DATA / NOT A SCIENTIFIC RESULT,displacement-report-draft-v1
MOCK_S04,MOCK_G02,0,speaking,right_cheek,self,0.007542336002417961,0.00754233600241796,MOCK_S04_speaking_right_cheek,2,900,23d74b700c8f702f8ca873513c591264229fe585cac59e4fdea79a519c900fa6,displacement_mean_euclidean_error,evaluable,,120,0,0,True,MOCK DATA / NOT A SCIENTIFIC RESULT,displacement-report-draft-v1
MOCK_S04,MOCK_G02,0,speaking,right_cheek,full,0.007437038018442708,0.007437038018442707,MOCK_S04_speaking_right_cheek,2,900,23d74b700c8f702f8ca873513c591264229fe585cac59e4fdea79a519c900fa6,displacement_mean_euclidean_error,evaluable,,120,105,810,True,MOCK DATA / NOT A SCIENTIFIC RESULT,displacement-report-draft-v1
MOCK_S04,MOCK_G02,0,speaking,right_cheek,pcmci,0.007922435484286781,0.00792243548428678,MOCK_S04_speaking_right_cheek,2,900,23d74b700c8f702f8ca873513c591264229fe585cac59e4fdea79a519c900fa6,displacement_mean_euclidean_error,evaluable,,120,3,38,True,MOCK DATA / NOT A SCIENTIFIC RESULT,displacement-report-draft-v1
MOCK_S04,MOCK_G02,0,speaking,mouth,persistence,0.006656892436669669,,MOCK_S04_speaking_mouth,8,900,23d74b700c8f702f8ca873513c591264229fe585cac59e4fdea79a519c900fa6,displacement_mean_euclidean_error,evaluable,,480,0,0,True,MOCK DATA / NOT A SCIENTIFIC RESULT,displacement-report-draft-v1
MOCK_S04,MOCK_G02,0,speaking,mouth,self,0.00784233600241796,0.00784233600241796,MOCK_S04_speaking_mouth,8,900,23d74b700c8f702f8ca873513c591264229fe585cac59e4fdea79a519c900fa6,displacement_mean_euclidean_error,evaluable,,480,0,0,True,MOCK DATA / NOT A SCIENTIFIC RESULT,displacement-report-draft-v1
MOCK_S04,MOCK_G02,0,speaking,mouth,full,0.008191025013255105,0.008191025013255105,MOCK_S04_speaking_mouth,8,900,23d74b700c8f702f8ca873513c591264229fe585cac59e4fdea79a519c900fa6,displacement_mean_euclidean_error,evaluable,,480,105,630,True,MOCK DATA / NOT A SCIENTIFIC RESULT,displacement-report-draft-v1
MOCK_S04,MOCK_G02,0,speaking,mouth,pcmci,0.007686976022577731,0.007686976022577732,MOCK_S04_speaking_mouth,8,900,23d74b700c8f702f8ca873513c591264229fe585cac59e4fdea79a519c900fa6,displacement_mean_euclidean_error,evaluable,,480,3,18,True,MOCK DATA / NOT A SCIENTIFIC RESULT,displacement-report-draft-v1
MOCK_S04,MOCK_G02,0,speaking,jaw,persistence,0.006759097717872856,,MOCK_S04_speaking_jaw,3,900,23d74b700c8f702f8ca873513c591264229fe585cac59e4fdea79a519c900fa6,displacement_mean_euclidean_error,evaluable,,180,0,0,True,MOCK DATA / NOT A SCIENTIFIC RESULT,displacement-report-draft-v1
MOCK_S04,MOCK_G02,0,speaking,jaw,self,0.008142336002417958,0.00814233600241796,MOCK_S04_speaking_jaw,3,900,23d74b700c8f702f8ca873513c591264229fe585cac59e4fdea79a519c900fa6,displacement_mean_euclidean_error,evaluable,,180,0,0,True,MOCK DATA / NOT A SCIENTIFIC RESULT,displacement-report-draft-v1
MOCK_S04,MOCK_G02,0,speaking,jaw,full,0.008118761476020543,0.008118761476020545,MOCK_S04_speaking_jaw,3,900,23d74b700c8f702f8ca873513c591264229fe585cac59e4fdea79a519c900fa6,displacement_mean_euclidean_error,evaluable,,180,105,780,True,MOCK DATA / NOT A SCIENTIFIC RESULT,displacement-report-draft-v1
MOCK_S04,MOCK_G02,0,speaking,jaw,pcmci,0.007180625885135859,0.00718062588513586,MOCK_S04_speaking_jaw,3,900,23d74b700c8f702f8ca873513c591264229fe585cac59e4fdea79a519c900fa6,displacement_mean_euclidean_error,evaluable,,180,3,20,True,MOCK DATA / NOT A SCIENTIFIC RESULT,displacement-report-draft-v1
MOCK_S04,MOCK_G02,0,non_speaking,left_brow,persistence,0.0063767917814970205,,MOCK_S04_non_speaking_left_brow,3,900,625b9a78b8694b3b32bf7582f0f39fbe44098c736c6d5e9b64873e89be21cab6,displacement_mean_euclidean_error,evaluable,,180,0,0,True,MOCK DATA / NOT A SCIENTIFIC RESULT,displacement-report-draft-v1
MOCK_S04,MOCK_G02,0,non_speaking,left_brow,self,0.0064423360024179616,0.006442336002417961,MOCK_S04_non_speaking_left_brow,3,900,625b9a78b8694b3b32bf7582f0f39fbe44098c736c6d5e9b64873e89be21cab6,displacement_mean_euclidean_error,evaluable,,180,0,0,True,MOCK DATA / NOT A SCIENTIFIC RESULT,displacement-report-draft-v1
MOCK_S04,MOCK_G02,0,non_speaking,left_brow,full,0.006768798870208335,0.006768798870208336,MOCK_S04_non_speaking_left_brow,3,900,625b9a78b8694b3b32bf7582f0f39fbe44098c736c6d5e9b64873e89be21cab6,displacement_mean_euclidean_error,evaluable,,180,105,780,True,MOCK DATA / NOT A SCIENTIFIC RESULT,displacement-report-draft-v1
MOCK_S04,MOCK_G02,0,non_speaking,left_brow,pcmci,0.005311363929203066,0.005311363929203067,MOCK_S04_non_speaking_left_brow,3,900,625b9a78b8694b3b32bf7582f0f39fbe44098c736c6d5e9b64873e89be21cab6,displacement_mean_euclidean_error,evaluable,,180,3,20,True,MOCK DATA / NOT A SCIENTIFIC RESULT,displacement-report-draft-v1
MOCK_S04,MOCK_G02,0,non_speaking,right_brow,persistence,0.006576285124526125,,MOCK_S04_non_speaking_right_brow,3,900,625b9a78b8694b3b32bf7582f0f39fbe44098c736c6d5e9b64873e89be21cab6,displacement_mean_euclidean_error,evaluable,,180,0,0,True,MOCK DATA / NOT A SCIENTIFIC RESULT,displacement-report-draft-v1
MOCK_S04,MOCK_G02,0,non_speaking,right_brow,self,0.006742336002417962,0.006742336002417961,MOCK_S04_non_speaking_right_brow,3,900,625b9a78b8694b3b32bf7582f0f39fbe44098c736c6d5e9b64873e89be21cab6,displacement_mean_euclidean_error,evaluable,,180,0,0,True,MOCK DATA / NOT A SCIENTIFIC RESULT,displacement-report-draft-v1
MOCK_S04,MOCK_G02,0,non_speaking,right_brow,full,0.006493825337558276,0.006493825337558275,MOCK_S04_non_speaking_right_brow,3,900,625b9a78b8694b3b32bf7582f0f39fbe44098c736c6d5e9b64873e89be21cab6,displacement_mean_euclidean_error,evaluable,,180,105,780,True,MOCK DATA / NOT A SCIENTIFIC RESULT,displacement-report-draft-v1
MOCK_S04,MOCK_G02,0,non_speaking,right_brow,pcmci,0.005496347818220785,0.005496347818220784,MOCK_S04_non_speaking_right_brow,3,900,625b9a78b8694b3b32bf7582f0f39fbe44098c736c6d5e9b64873e89be21cab6,displacement_mean_euclidean_error,evaluable,,180,3,20,True,MOCK DATA / NOT A SCIENTIFIC RESULT,displacement-report-draft-v1
MOCK_S04,MOCK_G02,0,non_speaking,left_eyelid,persistence,0.006512826827195888,,MOCK_S04_non_speaking_left_eyelid,4,900,625b9a78b8694b3b32bf7582f0f39fbe44098c736c6d5e9b64873e89be21cab6,displacement_mean_euclidean_error,evaluable,,240,0,0,True,MOCK DATA / NOT A SCIENTIFIC RESULT,displacement-report-draft-v1
MOCK_S04,MOCK_G02,0,non_speaking,left_eyelid,self,0.00704233600241796,0.0070423360024179605,MOCK_S04_non_speaking_left_eyelid,4,900,625b9a78b8694b3b32bf7582f0f39fbe44098c736c6d5e9b64873e89be21cab6,displacement_mean_euclidean_error,evaluable,,240,0,0,True,MOCK DATA / NOT A SCIENTIFIC RESULT,displacement-report-draft-v1
MOCK_S04,MOCK_G02,0,non_speaking,left_eyelid,full,0.005941663900569513,0.005941663900569514,MOCK_S04_non_speaking_left_eyelid,4,900,625b9a78b8694b3b32bf7582f0f39fbe44098c736c6d5e9b64873e89be21cab6,displacement_mean_euclidean_error,evaluable,,240,105,750,True,MOCK DATA / NOT A SCIENTIFIC RESULT,displacement-report-draft-v1
MOCK_S04,MOCK_G02,0,non_speaking,left_eyelid,pcmci,0.006413159572901797,0.006413159572901798,MOCK_S04_non_speaking_left_eyelid,4,900,625b9a78b8694b3b32bf7582f0f39fbe44098c736c6d5e9b64873e89be21cab6,displacement_mean_euclidean_error,evaluable,,240,3,20,True,MOCK DATA / NOT A SCIENTIFIC RESULT,displacement-report-draft-v1
MOCK_S04,MOCK_G02,0,non_speaking,right_eyelid,persistence,0.006666241069702084,,MOCK_S04_non_speaking_right_eyelid,4,900,625b9a78b8694b3b32bf7582f0f39fbe44098c736c6d5e9b64873e89be21cab6,displacement_mean_euclidean_error,evaluable,,240,0,0,True,MOCK DATA / NOT A SCIENTIFIC RESULT,displacement-report-draft-v1
MOCK_S04,MOCK_G02,0,non_speaking,right_eyelid,self,0.0073423360024179605,0.0073423360024179605,MOCK_S04_non_speaking_right_eyelid,4,900,625b9a78b8694b3b32bf7582f0f39fbe44098c736c6d5e9b64873e89be21cab6,displacement_mean_euclidean_error,evaluable,,240,0,0,True,MOCK DATA / NOT A SCIENTIFIC RESULT,displacement-report-draft-v1
MOCK_S04,MOCK_G02,0,non_speaking,right_eyelid,full,0.005895787854465703,0.0058957878544657035,MOCK_S04_non_speaking_right_eyelid,4,900,625b9a78b8694b3b32bf7582f0f39fbe44098c736c6d5e9b64873e89be21cab6,displacement_mean_euclidean_error,evaluable,,240,105,750,True,MOCK DATA / NOT A SCIENTIFIC RESULT,displacement-report-draft-v1
MOCK_S04,MOCK_G02,0,non_speaking,right_eyelid,pcmci,0.007494705310565532,0.007494705310565532,MOCK_S04_non_speaking_right_eyelid,4,900,625b9a78b8694b3b32bf7582f0f39fbe44098c736c6d5e9b64873e89be21cab6,displacement_mean_euclidean_error,evaluable,,240,3,24,True,MOCK DATA / NOT A SCIENTIFIC RESULT,displacement-report-draft-v1
MOCK_S04,MOCK_G02,0,non_speaking,left_cheek,persistence,0.00661695136471593,,MOCK_S04_non_speaking_left_cheek,2,900,625b9a78b8694b3b32bf7582f0f39fbe44098c736c6d5e9b64873e89be21cab6,displacement_mean_euclidean_error,evaluable,,120,0,0,True,MOCK DATA / NOT A SCIENTIFIC RESULT,displacement-report-draft-v1
MOCK_S04,MOCK_G02,0,non_speaking,left_cheek,self,0.007642336002417959,0.00764233600241796,MOCK_S04_non_speaking_left_cheek,2,900,625b9a78b8694b3b32bf7582f0f39fbe44098c736c6d5e9b64873e89be21cab6,displacement_mean_euclidean_error,evaluable,,120,0,0,True,MOCK DATA / NOT A SCIENTIFIC RESULT,displacement-report-draft-v1
MOCK_S04,MOCK_G02,0,non_speaking,left_cheek,full,0.006674194040945578,0.006674194040945579,MOCK_S04_non_speaking_left_cheek,2,900,625b9a78b8694b3b32bf7582f0f39fbe44098c736c6d5e9b64873e89be21cab6,displacement_mean_euclidean_error,evaluable,,120,105,810,True,MOCK DATA / NOT A SCIENTIFIC RESULT,displacement-report-draft-v1
MOCK_S04,MOCK_G02,0,non_speaking,left_cheek,pcmci,0.008022435484286779,0.00802243548428678,MOCK_S04_non_speaking_left_cheek,2,900,625b9a78b8694b3b32bf7582f0f39fbe44098c736c6d5e9b64873e89be21cab6,displacement_mean_euclidean_error,evaluable,,120,3,14,True,MOCK DATA / NOT A SCIENTIFIC RESULT,displacement-report-draft-v1
MOCK_S04,MOCK_G02,0,non_speaking,right_cheek,persistence,0.006656267285782534,,MOCK_S04_non_speaking_right_cheek,2,900,625b9a78b8694b3b32bf7582f0f39fbe44098c736c6d5e9b64873e89be21cab6,displacement_mean_euclidean_error,evaluable,,120,0,0,True,MOCK DATA / NOT A SCIENTIFIC RESULT,displacement-report-draft-v1
MOCK_S04,MOCK_G02,0,non_speaking,right_cheek,self,0.00794233600241796,0.00794233600241796,MOCK_S04_non_speaking_right_cheek,2,900,625b9a78b8694b3b32bf7582f0f39fbe44098c736c6d5e9b64873e89be21cab6,displacement_mean_euclidean_error,evaluable,,120,0,0,True,MOCK DATA / NOT A SCIENTIFIC RESULT,displacement-report-draft-v1
MOCK_S04,MOCK_G02,0,non_speaking,right_cheek,full,0.007837038018442707,0.007837038018442707,MOCK_S04_non_speaking_right_cheek,2,900,625b9a78b8694b3b32bf7582f0f39fbe44098c736c6d5e9b64873e89be21cab6,displacement_mean_euclidean_error,evaluable,,120,105,810,True,MOCK DATA / NOT A SCIENTIFIC RESULT,displacement-report-draft-v1
MOCK_S04,MOCK_G02,0,non_speaking,right_cheek,pcmci,0.0077869760225777315,0.0077869760225777315,MOCK_S04_non_speaking_right_cheek,2,900,625b9a78b8694b3b32bf7582f0f39fbe44098c736c6d5e9b64873e89be21cab6,displacement_mean_euclidean_error,evaluable,,120,3,38,True,MOCK DATA / NOT A SCIENTIFIC RESULT,displacement-report-draft-v1
MOCK_S04,MOCK_G02,0,non_speaking,mouth,persistence,0.006718599892739659,,MOCK_S04_non_speaking_mouth,8,900,625b9a78b8694b3b32bf7582f0f39fbe44098c736c6d5e9b64873e89be21cab6,displacement_mean_euclidean_error,evaluable,,480,0,0,True,MOCK DATA / NOT A SCIENTIFIC RESULT,displacement-report-draft-v1
MOCK_S04,MOCK_G02,0,non_speaking,mouth,self,0.008242336002417958,0.00824233600241796,MOCK_S04_non_speaking_mouth,8,900,625b9a78b8694b3b32bf7582f0f39fbe44098c736c6d5e9b64873e89be21cab6,displacement_mean_euclidean_error,evaluable,,480,0,0,True,MOCK DATA / NOT A SCIENTIFIC RESULT,displacement-report-draft-v1
MOCK_S04,MOCK_G02,0,non_speaking,mouth,full,0.008591025013255102,0.008591025013255104,MOCK_S04_non_speaking_mouth,8,900,625b9a78b8694b3b32bf7582f0f39fbe44098c736c6d5e9b64873e89be21cab6,displacement_mean_euclidean_error,evaluable,,480,105,630,True,MOCK DATA / NOT A SCIENTIFIC RESULT,displacement-report-draft-v1
MOCK_S04,MOCK_G02,0,non_speaking,mouth,pcmci,0.007280625885135858,0.007280625885135859,MOCK_S04_non_speaking_mouth,8,900,625b9a78b8694b3b32bf7582f0f39fbe44098c736c6d5e9b64873e89be21cab6,displacement_mean_euclidean_error,evaluable,,480,3,18,True,MOCK DATA / NOT A SCIENTIFIC RESULT,displacement-report-draft-v1
MOCK_S04,MOCK_G02,0,non_speaking,jaw,persistence,0.006781784928203161,,MOCK_S04_non_speaking_jaw,3,900,625b9a78b8694b3b32bf7582f0f39fbe44098c736c6d5e9b64873e89be21cab6,displacement_mean_euclidean_error,evaluable,,180,0,0,True,MOCK DATA / NOT A SCIENTIFIC RESULT,displacement-report-draft-v1
MOCK_S04,MOCK_G02,0,non_speaking,jaw,self,0.00854233600241796,0.00854233600241796,MOCK_S04_non_speaking_jaw,3,900,625b9a78b8694b3b32bf7582f0f39fbe44098c736c6d5e9b64873e89be21cab6,displacement_mean_euclidean_error,evaluable,,180,0,0,True,MOCK DATA / NOT A SCIENTIFIC RESULT,displacement-report-draft-v1
MOCK_S04,MOCK_G02,0,non_speaking,jaw,full,0.008518761476020544,0.008518761476020544,MOCK_S04_non_speaking_jaw,3,900,625b9a78b8694b3b32bf7582f0f39fbe44098c736c6d5e9b64873e89be21cab6,displacement_mean_euclidean_error,evaluable,,180,105,780,True,MOCK DATA / NOT A SCIENTIFIC RESULT,displacement-report-draft-v1
MOCK_S04,MOCK_G02,0,non_speaking,jaw,pcmci,0.007244739669651036,0.007244739669651037,MOCK_S04_non_speaking_jaw,3,900,625b9a78b8694b3b32bf7582f0f39fbe44098c736c6d5e9b64873e89be21cab6,displacement_mean_euclidean_error,evaluable,,180,3,20,True,MOCK DATA / NOT A SCIENTIFIC RESULT,displacement-report-draft-v1
MOCK_S05,MOCK_G03,0,speaking,left_brow,persistence,0.006298833777593036,,MOCK_S05_speaking_left_brow,3,900,3685c9a3a93901d8c345296f9467a07f8e817033df86a2f121d5f3ab73f2071c,displacement_mean_euclidean_error,evaluable,,180,0,0,True,MOCK DATA / NOT A SCIENTIFIC RESULT,displacement-report-draft-v1
MOCK_S05,MOCK_G03,0,speaking,left_brow,self,0.0057729592514076215,0.0057729592514076215,MOCK_S05_speaking_left_brow,3,900,3685c9a3a93901d8c345296f9467a07f8e817033df86a2f121d5f3ab73f2071c,displacement_mean_euclidean_error,evaluable,,180,0,0,True,MOCK DATA / NOT A SCIENTIFIC RESULT,displacement-report-draft-v1
MOCK_S05,MOCK_G03,0,speaking,left_brow,full,0.005830876113903657,0.005830876113903657,MOCK_S05_speaking_left_brow,3,900,3685c9a3a93901d8c345296f9467a07f8e817033df86a2f121d5f3ab73f2071c,displacement_mean_euclidean_error,evaluable,,180,105,780,True,MOCK DATA / NOT A SCIENTIFIC RESULT,displacement-report-draft-v1
MOCK_S05,MOCK_G03,0,speaking,left_brow,pcmci,0.004969234440342551,0.004969234440342551,MOCK_S05_speaking_left_brow,3,900,3685c9a3a93901d8c345296f9467a07f8e817033df86a2f121d5f3ab73f2071c,displacement_mean_euclidean_error,evaluable,,180,3,20,True,MOCK DATA / NOT A SCIENTIFIC RESULT,displacement-report-draft-v1
MOCK_S05,MOCK_G03,0,speaking,right_brow,persistence,0.006495549692400165,,MOCK_S05_speaking_right_brow,3,900,3685c9a3a93901d8c345296f9467a07f8e817033df86a2f121d5f3ab73f2071c,displacement_mean_euclidean_error,evaluable,,180,0,0,True,MOCK DATA / NOT A SCIENTIFIC RESULT,displacement-report-draft-v1
MOCK_S05,MOCK_G03,0,speaking,right_brow,self,0.006072959251407621,0.0060729592514076215,MOCK_S05_speaking_right_brow,3,900,3685c9a3a93901d8c345296f9467a07f8e817033df86a2f121d5f3ab73f2071c,displacement_mean_euclidean_error,evaluable,,180,0,0,True,MOCK DATA / NOT A SCIENTIFIC RESULT,displacement-report-draft-v1
MOCK_S05,MOCK_G03,0,speaking,right_brow,full,0.005292972259583473,0.005292972259583474,MOCK_S05_speaking_right_brow,3,900,3685c9a3a93901d8c345296f9467a07f8e817033df86a2f121d5f3ab73f2071c,displacement_mean_euclidean_error,evaluable,,180,105,780,True,MOCK DATA / NOT A SCIENTIFIC RESULT,displacement-report-draft-v1
MOCK_S05,MOCK_G03,0,speaking,right_brow,pcmci,0.004781465629297242,0.004781465629297243,MOCK_S05_speaking_right_brow,3,900,3685c9a3a93901d8c345296f9467a07f8e817033df86a2f121d5f3ab73f2071c,displacement_mean_euclidean_error,evaluable,,180,3,20,True,MOCK DATA / NOT A SCIENTIFIC RESULT,displacement-report-draft-v1
MOCK_S05,MOCK_G03,0,speaking,left_eyelid,persistence,0.006506316651648179,,MOCK_S05_speaking_left_eyelid,4,900,3685c9a3a93901d8c345296f9467a07f8e817033df86a2f121d5f3ab73f2071c,displacement_mean_euclidean_error,evaluable,,240,0,0,True,MOCK DATA / NOT A SCIENTIFIC RESULT,displacement-report-draft-v1
MOCK_S05,MOCK_G03,0,speaking,left_eyelid,self,0.006372959251407621,0.006372959251407621,MOCK_S05_speaking_left_eyelid,4,900,3685c9a3a93901d8c345296f9467a07f8e817033df86a2f121d5f3ab73f2071c,displacement_mean_euclidean_error,evaluable,,240,0,0,True,MOCK DATA / NOT A SCIENTIFIC RESULT,displacement-report-draft-v1
MOCK_S05,MOCK_G03,0,speaking,left_eyelid,full,0.004966517384907058,0.004966517384907057,MOCK_S05_speaking_left_eyelid,4,900,3685c9a3a93901d8c345296f9467a07f8e817033df86a2f121d5f3ab73f2071c,displacement_mean_euclidean_error,evaluable,,240,105,750,True,MOCK DATA / NOT A SCIENTIFIC RESULT,displacement-report-draft-v1
MOCK_S05,MOCK_G03,0,speaking,left_eyelid,pcmci,0.005367362173673552,0.005367362173673552,MOCK_S05_speaking_left_eyelid,4,900,3685c9a3a93901d8c345296f9467a07f8e817033df86a2f121d5f3ab73f2071c,displacement_mean_euclidean_error,evaluable,,240,3,20,True,MOCK DATA / NOT A SCIENTIFIC RESULT,displacement-report-draft-v1
MOCK_S05,MOCK_G03,0,speaking,right_eyelid,persistence,0.006534255557803807,,MOCK_S05_speaking_right_eyelid,4,900,3685c9a3a93901d8c345296f9467a07f8e817033df86a2f121d5f3ab73f2071c,displacement_mean_euclidean_error,evaluable,,240,0,0,True,MOCK DATA / NOT A SCIENTIFIC RESULT,displacement-report-draft-v1
MOCK_S05,MOCK_G03,0,speaking,right_eyelid,self,0.006672959251407621,0.006672959251407621,MOCK_S05_speaking_right_eyelid,4,900,3685c9a3a93901d8c345296f9467a07f8e817033df86a2f121d5f3ab73f2071c,displacement_mean_euclidean_error,evaluable,,240,0,0,True,MOCK DATA / NOT A SCIENTIFIC RESULT,displacement-report-draft-v1
MOCK_S05,MOCK_G03,0,speaking,right_eyelid,full,0.005427471212607233,0.005427471212607233,MOCK_S05_speaking_right_eyelid,4,900,3685c9a3a93901d8c345296f9467a07f8e817033df86a2f121d5f3ab73f2071c,displacement_mean_euclidean_error,evaluable,,240,105,750,True,MOCK DATA / NOT A SCIENTIFIC RESULT,displacement-report-draft-v1
MOCK_S05,MOCK_G03,0,speaking,right_eyelid,pcmci,0.006464072109051364,0.006464072109051364,MOCK_S05_speaking_right_eyelid,4,900,3685c9a3a93901d8c345296f9467a07f8e817033df86a2f121d5f3ab73f2071c,displacement_mean_euclidean_error,evaluable,,240,3,24,True,MOCK DATA / NOT A SCIENTIFIC RESULT,displacement-report-draft-v1
MOCK_S05,MOCK_G03,0,speaking,left_cheek,persistence,0.0064918841618988475,,MOCK_S05_speaking_left_cheek,2,900,3685c9a3a93901d8c345296f9467a07f8e817033df86a2f121d5f3ab73f2071c,displacement_mean_euclidean_error,evaluable,,120,0,0,True,MOCK DATA / NOT A SCIENTIFIC RESULT,displacement-report-draft-v1
MOCK_S05,MOCK_G03,0,speaking,left_cheek,self,0.00697295925140762,0.006972959251407621,MOCK_S05_speaking_left_cheek,2,900,3685c9a3a93901d8c345296f9467a07f8e817033df86a2f121d5f3ab73f2071c,displacement_mean_euclidean_error,evaluable,,120,0,0,True,MOCK DATA / NOT A SCIENTIFIC RESULT,displacement-report-draft-v1
MOCK_S05,MOCK_G03,0,speaking,left_cheek,full,0.006527853535773064,0.006527853535773065,MOCK_S05_speaking_left_cheek,2,900,3685c9a3a93901d8c345296f9467a07f8e817033df86a2f121d5f3ab73f2071c,displacement_mean_euclidean_error,evaluable,,120,105,810,True,MOCK DATA / NOT A SCIENTIFIC RESULT,displacement-report-draft-v1
MOCK_S05,MOCK_G03,0,speaking,left_cheek,pcmci,0.007339103995060431,0.007339103995060432,MOCK_S05_speaking_left_cheek,2,900,3685c9a3a93901d8c345296f9467a07f8e817033df86a2f121d5f3ab73f2071c,displacement_mean_euclidean_error,evaluable,,120,3,14,True,MOCK DATA / NOT A SCIENTIFIC RESULT,displacement-report-draft-v1
MOCK_S05,MOCK_G03,0,speaking,right_cheek,persistence,0.006618227829448352,,MOCK_S05_speaking_right_cheek,2,900,3685c9a3a93901d8c345296f9467a07f8e817033df86a2f121d5f3ab73f2071c,displacement_mean_euclidean_error,evaluable,,120,0,0,True,MOCK DATA / NOT A SCIENTIFIC RESULT,displacement-report-draft-v1
MOCK_S05,MOCK_G03,0,speaking,right_cheek,self,0.00727295925140762,0.007272959251407621,MOCK_S05_speaking_right_cheek,2,900,3685c9a3a93901d8c345296f9467a07f8e817033df86a2f121d5f3ab73f2071c,displacement_mean_euclidean_error,evaluable,,120,0,0,True,MOCK DATA / NOT A SCIENTIFIC RESULT,displacement-report-draft-v1
MOCK_S05,MOCK_G03,0,speaking,right_cheek,full,0.007531796537638084,0.007531796537638085,MOCK_S05_speaking_right_cheek,2,900,3685c9a3a93901d8c345296f9467a07f8e817033df86a2f121d5f3ab73f2071c,displacement_mean_euclidean_error,evaluable,,120,105,810,True,MOCK DATA / NOT A SCIENTIFIC RESULT,displacement-report-draft-v1
MOCK_S05,MOCK_G03,0,speaking,right_cheek,pcmci,0.007463776167599429,0.00746377616759943,MOCK_S05_speaking_right_cheek,2,900,3685c9a3a93901d8c345296f9467a07f8e817033df86a2f121d5f3ab73f2071c,displacement_mean_euclidean_error,evaluable,,120,3,38,True,MOCK DATA / NOT A SCIENTIFIC RESULT,displacement-report-draft-v1
MOCK_S05,MOCK_G03,0,speaking,mouth,persistence,0.006681041222747762,,MOCK_S05_speaking_mouth,8,900,3685c9a3a93901d8c345296f9467a07f8e817033df86a2f121d5f3ab73f2071c,displacement_mean_euclidean_error,evaluable,,480,0,0,True,MOCK DATA / NOT A SCIENTIFIC RESULT,displacement-report-draft-v1
MOCK_S05,MOCK_G03,0,speaking,mouth,self,0.00757295925140762,0.007572959251407621,MOCK_S05_speaking_mouth,8,900,3685c9a3a93901d8c345296f9467a07f8e817033df86a2f121d5f3ab73f2071c,displacement_mean_euclidean_error,evaluable,,480,0,0,True,MOCK DATA / NOT A SCIENTIFIC RESULT,displacement-report-draft-v1
MOCK_S05,MOCK_G03,0,speaking,mouth,full,0.007792098268687072,0.007792098268687073,MOCK_S05_speaking_mouth,8,900,3685c9a3a93901d8c345296f9467a07f8e817033df86a2f121d5f3ab73f2071c,displacement_mean_euclidean_error,evaluable,,480,105,630,True,MOCK DATA / NOT A SCIENTIFIC RESULT,displacement-report-draft-v1
MOCK_S05,MOCK_G03,0,speaking,mouth,pcmci,0.006999284222670299,0.0069992842226702994,MOCK_S05_speaking_mouth,8,900,3685c9a3a93901d8c345296f9467a07f8e817033df86a2f121d5f3ab73f2071c,displacement_mean_euclidean_error,evaluable,,480,3,18,True,MOCK DATA / NOT A SCIENTIFIC RESULT,displacement-report-draft-v1
MOCK_S05,MOCK_G03,0,speaking,jaw,persistence,0.006718753120855112,,MOCK_S05_speaking_jaw,3,900,3685c9a3a93901d8c345296f9467a07f8e817033df86a2f121d5f3ab73f2071c,displacement_mean_euclidean_error,evaluable,,180,0,0,True,MOCK DATA / NOT A SCIENTIFIC RESULT,displacement-report-draft-v1
MOCK_S05,MOCK_G03,0,speaking,jaw,self,0.007872959251407621,0.007872959251407621,MOCK_S05_speaking_jaw,3,900,3685c9a3a93901d8c345296f9467a07f8e817033df86a2f121d5f3ab73f2071c,displacement_mean_euclidean_error,evaluable,,180,0,0,True,MOCK DATA / NOT A SCIENTIFIC RESULT,displacement-report-draft-v1
MOCK_S05,MOCK_G03,0,speaking,jaw,full,0.007345257134315644,0.007345257134315643,MOCK_S05_speaking_jaw,3,900,3685c9a3a93901d8c345296f9467a07f8e817033df86a2f121d5f3ab73f2071c,displacement_mean_euclidean_error,evaluable,,180,105,780,True,MOCK DATA / NOT A SCIENTIFIC RESULT,displacement-report-draft-v1
MOCK_S05,MOCK_G03,0,speaking,jaw,pcmci,0.006648498528805648,0.006648498528805646,MOCK_S05_speaking_jaw,3,900,3685c9a3a93901d8c345296f9467a07f8e817033df86a2f121d5f3ab73f2071c,displacement_mean_euclidean_error,evaluable,,180,3,20,True,MOCK DATA / NOT A SCIENTIFIC RESULT,displacement-report-draft-v1
MOCK_S05,MOCK_G03,0,non_speaking,left_brow,persistence,0.006486441074651913,,MOCK_S05_non_speaking_left_brow,3,900,39cab7433b5e0e20975951853e71fe90409028348b932114795ec16482344cb7,displacement_mean_euclidean_error,evaluable,,180,0,0,True,MOCK DATA / NOT A SCIENTIFIC RESULT,displacement-report-draft-v1
MOCK_S05,MOCK_G03,0,non_speaking,left_brow,self,0.006172959251407621,0.006172959251407622,MOCK_S05_non_speaking_left_brow,3,900,39cab7433b5e0e20975951853e71fe90409028348b932114795ec16482344cb7,displacement_mean_euclidean_error,evaluable,,180,0,0,True,MOCK DATA / NOT A SCIENTIFIC RESULT,displacement-report-draft-v1
MOCK_S05,MOCK_G03,0,non_speaking,left_brow,full,0.006230876113903658,0.006230876113903657,MOCK_S05_non_speaking_left_brow,3,900,39cab7433b5e0e20975951853e71fe90409028348b932114795ec16482344cb7,displacement_mean_euclidean_error,evaluable,,180,105,780,True,MOCK DATA / NOT A SCIENTIFIC RESULT,displacement-report-draft-v1
MOCK_S05,MOCK_G03,0,non_speaking,left_brow,pcmci,0.004881465629297243,0.004881465629297243,MOCK_S05_non_speaking_left_brow,3,900,39cab7433b5e0e20975951853e71fe90409028348b932114795ec16482344cb7,displacement_mean_euclidean_error,evaluable,,180,3,20,True,MOCK DATA / NOT A SCIENTIFIC RESULT,displacement-report-draft-v1
MOCK_S05,MOCK_G03,0,non_speaking,right_brow,persistence,0.006571755809541028,,MOCK_S05_non_speaking_right_brow,3,900,39cab7433b5e0e20975951853e71fe90409028348b932114795ec16482344cb7,displacement_mean_euclidean_error,evaluable,,180,0,0,True,MOCK DATA / NOT A SCIENTIFIC RESULT,displacement-report-draft-v1
MOCK_S05,MOCK_G03,0,non_speaking,right_brow,self,0.0064729592514076225,0.006472959251407622,MOCK_S05_non_speaking_right_brow,3,900,39cab7433b5e0e20975951853e71fe90409028348b932114795ec16482344cb7,displacement_mean_euclidean_error,evaluable,,180,0,0,True,MOCK DATA / NOT A SCIENTIFIC RESULT,displacement-report-draft-v1
MOCK_S05,MOCK_G03,0,non_speaking,right_brow,full,0.005692972259583474,0.005692972259583474,MOCK_S05_non_speaking_right_brow,3,900,39cab7433b5e0e20975951853e71fe90409028348b932114795ec16482344cb7,displacement_mean_euclidean_error,evaluable,,180,105,780,True,MOCK DATA / NOT A SCIENTIFIC RESULT,displacement-report-draft-v1
MOCK_S05,MOCK_G03,0,non_speaking,right_brow,pcmci,0.005467362173673551,0.005467362173673551,MOCK_S05_non_speaking_right_brow,3,900,39cab7433b5e0e20975951853e71fe90409028348b932114795ec16482344cb7,displacement_mean_euclidean_error,evaluable,,180,3,20,True,MOCK DATA / NOT A SCIENTIFIC RESULT,displacement-report-draft-v1
MOCK_S05,MOCK_G03,0,non_speaking,left_eyelid,persistence,0.006493459775589261,,MOCK_S05_non_speaking_left_eyelid,4,900,39cab7433b5e0e20975951853e71fe90409028348b932114795ec16482344cb7,displacement_mean_euclidean_error,evaluable,,240,0,0,True,MOCK DATA / NOT A SCIENTIFIC RESULT,displacement-report-draft-v1
MOCK_S05,MOCK_G03,0,non_speaking,left_eyelid,self,0.006772959251407622,0.0067729592514076216,MOCK_S05_non_speaking_left_eyelid,4,900,39cab7433b5e0e20975951853e71fe90409028348b932114795ec16482344cb7,displacement_mean_euclidean_error,evaluable,,240,0,0,True,MOCK DATA / NOT A SCIENTIFIC RESULT,displacement-report-draft-v1
MOCK_S05,MOCK_G03,0,non_speaking,left_eyelid,full,0.005366517384907057,0.005366517384907057,MOCK_S05_non_speaking_left_eyelid,4,900,39cab7433b5e0e20975951853e71fe90409028348b932114795ec16482344cb7,displacement_mean_euclidean_error,evaluable,,240,105,750,True,MOCK DATA / NOT A SCIENTIFIC RESULT,displacement-report-draft-v1
MOCK_S05,MOCK_G03,0,non_speaking,left_eyelid,pcmci,0.006564072109051365,0.006564072109051364,MOCK_S05_non_speaking_left_eyelid,4,900,39cab7433b5e0e20975951853e71fe90409028348b932114795ec16482344cb7,displacement_mean_euclidean_error,evaluable,,240,3,20,True,MOCK DATA / NOT A SCIENTIFIC RESULT,displacement-report-draft-v1
MOCK_S05,MOCK_G03,0,non_speaking,right_eyelid,persistence,0.0065454680059080445,,MOCK_S05_non_speaking_right_eyelid,4,900,39cab7433b5e0e20975951853e71fe90409028348b932114795ec16482344cb7,displacement_mean_euclidean_error,evaluable,,240,0,0,True,MOCK DATA / NOT A SCIENTIFIC RESULT,displacement-report-draft-v1
MOCK_S05,MOCK_G03,0,non_speaking,right_eyelid,self,0.007072959251407622,0.0070729592514076215,MOCK_S05_non_speaking_right_eyelid,4,900,39cab7433b5e0e20975951853e71fe90409028348b932114795ec16482344cb7,displacement_mean_euclidean_error,evaluable,,240,0,0,True,MOCK DATA / NOT A SCIENTIFIC RESULT,displacement-report-draft-v1
MOCK_S05,MOCK_G03,0,non_speaking,right_eyelid,full,0.005827471212607233,0.005827471212607233,MOCK_S05_non_speaking_right_eyelid,4,900,39cab7433b5e0e20975951853e71fe90409028348b932114795ec16482344cb7,displacement_mean_euclidean_error,evaluable,,240,105,750,True,MOCK DATA / NOT A SCIENTIFIC RESULT,displacement-report-draft-v1
MOCK_S05,MOCK_G03,0,non_speaking,right_eyelid,pcmci,0.007439103995060433,0.007439103995060432,MOCK_S05_non_speaking_right_eyelid,4,900,39cab7433b5e0e20975951853e71fe90409028348b932114795ec16482344cb7,displacement_mean_euclidean_error,evaluable,,240,3,24,True,MOCK DATA / NOT A SCIENTIFIC RESULT,displacement-report-draft-v1
MOCK_S05,MOCK_G03,0,non_speaking,left_cheek,persistence,0.006418723805925127,,MOCK_S05_non_speaking_left_cheek,2,900,39cab7433b5e0e20975951853e71fe90409028348b932114795ec16482344cb7,displacement_mean_euclidean_error,evaluable,,120,0,0,True,MOCK DATA / NOT A SCIENTIFIC RESULT,displacement-report-draft-v1
MOCK_S05,MOCK_G03,0,non_speaking,left_cheek,self,0.007372959251407621,0.007372959251407621,MOCK_S05_non_speaking_left_cheek,2,900,39cab7433b5e0e20975951853e71fe90409028348b932114795ec16482344cb7,displacement_mean_euclidean_error,evaluable,,120,0,0,True,MOCK DATA / NOT A SCIENTIFIC RESULT,displacement-report-draft-v1
MOCK_S05,MOCK_G03,0,non_speaking,left_cheek,full,0.006927853535773064,0.006927853535773065,MOCK_S05_non_speaking_left_cheek,2,900,39cab7433b5e0e20975951853e71fe90409028348b932114795ec16482344cb7,displacement_mean_euclidean_error,evaluable,,120,105,810,True,MOCK DATA / NOT A SCIENTIFIC RESULT,displacement-report-draft-v1
MOCK_S05,MOCK_G03,0,non_speaking,left_cheek,pcmci,0.00756377616759943,0.00756377616759943,MOCK_S05_non_speaking_left_cheek,2,900,39cab7433b5e0e20975951853e71fe90409028348b932114795ec16482344cb7,displacement_mean_euclidean_error,evaluable,,120,3,14,True,MOCK DATA / NOT A SCIENTIFIC RESULT,displacement-report-draft-v1
MOCK_S05,MOCK_G03,0,non_speaking,right_cheek,persistence,0.006749642179300042,,MOCK_S05_non_speaking_right_cheek,2,900,39cab7433b5e0e20975951853e71fe90409028348b932114795ec16482344cb7,displacement_mean_euclidean_error,evaluable,,120,0,0,True,MOCK DATA / NOT A SCIENTIFIC RESULT,displacement-report-draft-v1
MOCK_S05,MOCK_G03,0,non_speaking,right_cheek,self,0.007672959251407621,0.0076729592514076204,MOCK_S05_non_speaking_right_cheek,2,900,39cab7433b5e0e20975951853e71fe90409028348b932114795ec16482344cb7,displacement_mean_euclidean_error,evaluable,,120,0,0,True,MOCK DATA / NOT A SCIENTIFIC RESULT,displacement-report-draft-v1
MOCK_S05,MOCK_G03,0,non_speaking,right_cheek,full,0.007931796537638086,0.007931796537638085,MOCK_S05_non_speaking_right_cheek,2,900,39cab7433b5e0e20975951853e71fe90409028348b932114795ec16482344cb7,displacement_mean_euclidean_error,evaluable,,120,105,810,True,MOCK DATA / NOT A SCIENTIFIC RESULT,displacement-report-draft-v1
MOCK_S05,MOCK_G03,0,non_speaking,right_cheek,pcmci,0.007099284222670301,0.007099284222670299,MOCK_S05_non_speaking_right_cheek,2,900,39cab7433b5e0e20975951853e71fe90409028348b932114795ec16482344cb7,displacement_mean_euclidean_error,evaluable,,120,3,38,True,MOCK DATA / NOT A SCIENTIFIC RESULT,displacement-report-draft-v1
MOCK_S05,MOCK_G03,0,non_speaking,mouth,persistence,0.006712728865975707,,MOCK_S05_non_speaking_mouth,8,900,39cab7433b5e0e20975951853e71fe90409028348b932114795ec16482344cb7,displacement_mean_euclidean_error,evaluable,,480,0,0,True,MOCK DATA / NOT A SCIENTIFIC RESULT,displacement-report-draft-v1
MOCK_S05,MOCK_G03,0,non_speaking,mouth,self,0.00797295925140762,0.00797295925140762,MOCK_S05_non_speaking_mouth,8,900,39cab7433b5e0e20975951853e71fe90409028348b932114795ec16482344cb7,displacement_mean_euclidean_error,evaluable,,480,0,0,True,MOCK DATA / NOT A SCIENTIFIC RESULT,displacement-report-draft-v1
MOCK_S05,MOCK_G03,0,non_speaking,mouth,full,0.008192098268687073,0.008192098268687073,MOCK_S05_non_speaking_mouth,8,900,39cab7433b5e0e20975951853e71fe90409028348b932114795ec16482344cb7,displacement_mean_euclidean_error,evaluable,,480,105,630,True,MOCK DATA / NOT A SCIENTIFIC RESULT,displacement-report-draft-v1
MOCK_S05,MOCK_G03,0,non_speaking,mouth,pcmci,0.006748498528805645,0.0067484985288056454,MOCK_S05_non_speaking_mouth,8,900,39cab7433b5e0e20975951853e71fe90409028348b932114795ec16482344cb7,displacement_mean_euclidean_error,evaluable,,480,3,18,True,MOCK DATA / NOT A SCIENTIFIC RESULT,displacement-report-draft-v1
MOCK_S05,MOCK_G03,0,non_speaking,jaw,persistence,0.006727953345064093,,MOCK_S05_non_speaking_jaw,3,900,39cab7433b5e0e20975951853e71fe90409028348b932114795ec16482344cb7,displacement_mean_euclidean_error,evaluable,,180,0,0,True,MOCK DATA / NOT A SCIENTIFIC RESULT,displacement-report-draft-v1
MOCK_S05,MOCK_G03,0,non_speaking,jaw,self,0.00827295925140762,0.00827295925140762,MOCK_S05_non_speaking_jaw,3,900,39cab7433b5e0e20975951853e71fe90409028348b932114795ec16482344cb7,displacement_mean_euclidean_error,evaluable,,180,0,0,True,MOCK DATA / NOT A SCIENTIFIC RESULT,displacement-report-draft-v1
MOCK_S05,MOCK_G03,0,non_speaking,jaw,full,0.007745257134315643,0.007745257134315642,MOCK_S05_non_speaking_jaw,3,900,39cab7433b5e0e20975951853e71fe90409028348b932114795ec16482344cb7,displacement_mean_euclidean_error,evaluable,,180,105,780,True,MOCK DATA / NOT A SCIENTIFIC RESULT,displacement-report-draft-v1
MOCK_S05,MOCK_G03,0,non_speaking,jaw,pcmci,0.007109748451692636,0.0071097484516926355,MOCK_S05_non_speaking_jaw,3,900,39cab7433b5e0e20975951853e71fe90409028348b932114795ec16482344cb7,displacement_mean_euclidean_error,evaluable,,180,3,20,True,MOCK DATA / NOT A SCIENTIFIC RESULT,displacement-report-draft-v1
MOCK_S06,MOCK_G03,0,speaking,left_brow,persistence,0.006511617653169468,,MOCK_S06_speaking_left_brow,3,900,63fc5646e832f1d5f1883878083a7451cbc704f18f295c1c6cbed23c6d5e7688,displacement_mean_euclidean_error,evaluable,,180,0,0,True,MOCK DATA / NOT A SCIENTIFIC RESULT,displacement-report-draft-v1
MOCK_S06,MOCK_G03,0,speaking,left_brow,self,0.005712322717601059,0.005712322717601059,MOCK_S06_speaking_left_brow,3,900,63fc5646e832f1d5f1883878083a7451cbc704f18f295c1c6cbed23c6d5e7688,displacement_mean_euclidean_error,evaluable,,180,0,0,True,MOCK DATA / NOT A SCIENTIFIC RESULT,displacement-report-draft-v1
MOCK_S06,MOCK_G03,0,speaking,left_brow,full,0.005289330724854939,0.005289330724854939,MOCK_S06_speaking_left_brow,3,900,63fc5646e832f1d5f1883878083a7451cbc704f18f295c1c6cbed23c6d5e7688,displacement_mean_euclidean_error,evaluable,,180,105,780,True,MOCK DATA / NOT A SCIENTIFIC RESULT,displacement-report-draft-v1
MOCK_S06,MOCK_G03,0,speaking,left_brow,pcmci,0.004581350644386166,0.004581350644386166,MOCK_S06_speaking_left_brow,3,900,63fc5646e832f1d5f1883878083a7451cbc704f18f295c1c6cbed23c6d5e7688,displacement_mean_euclidean_error,evaluable,,180,3,20,True,MOCK DATA / NOT A SCIENTIFIC RESULT,displacement-report-draft-v1
MOCK_S06,MOCK_G03,0,speaking,right_brow,persistence,0.0062850250006342735,,MOCK_S06_speaking_right_brow,3,900,63fc5646e832f1d5f1883878083a7451cbc704f18f295c1c6cbed23c6d5e7688,displacement_mean_euclidean_error,evaluable,,180,0,0,True,MOCK DATA / NOT A SCIENTIFIC RESULT,displacement-report-draft-v1
MOCK_S06,MOCK_G03,0,speaking,right_brow,self,0.006012322717601058,0.006012322717601059,MOCK_S06_speaking_right_brow,3,900,63fc5646e832f1d5f1883878083a7451cbc704f18f295c1c6cbed23c6d5e7688,displacement_mean_euclidean_error,evaluable,,180,0,0,True,MOCK DATA / NOT A SCIENTIFIC RESULT,displacement-report-draft-v1
MOCK_S06,MOCK_G03,0,speaking,right_brow,full,0.004781200471823923,0.004781200471823923,MOCK_S06_speaking_right_brow,3,900,63fc5646e832f1d5f1883878083a7451cbc704f18f295c1c6cbed23c6d5e7688,displacement_mean_euclidean_error,evaluable,,180,105,780,True,MOCK DATA / NOT A SCIENTIFIC RESULT,displacement-report-draft-v1
MOCK_S06,MOCK_G03,0,speaking,right_brow,pcmci,0.004766334533403882,0.004766334533403882,MOCK_S06_speaking_right_brow,3,900,63fc5646e832f1d5f1883878083a7451cbc704f18f295c1c6cbed23c6d5e7688,displacement_mean_euclidean_error,evaluable,,180,3,20,True,MOCK DATA / NOT A SCIENTIFIC RESULT,displacement-report-draft-v1
MOCK_S06,MOCK_G03,0,speaking,left_eyelid,persistence,0.006607422269282718,,MOCK_S06_speaking_left_eyelid,4,900,63fc5646e832f1d5f1883878083a7451cbc704f18f295c1c6cbed23c6d5e7688,displacement_mean_euclidean_error,evaluable,,240,0,0,True,MOCK DATA / NOT A SCIENTIFIC RESULT,displacement-report-draft-v1
MOCK_S06,MOCK_G03,0,speaking,left_eyelid,self,0.006312322717601059,0.006312322717601059,MOCK_S06_speaking_left_eyelid,4,900,63fc5646e832f1d5f1883878083a7451cbc704f18f295c1c6cbed23c6d5e7688,displacement_mean_euclidean_error,evaluable,,240,0,0,True,MOCK DATA / NOT A SCIENTIFIC RESULT,displacement-report-draft-v1
MOCK_S06,MOCK_G03,0,speaking,left_eyelid,full,0.004899290870404234,0.004899290870404234,MOCK_S06_speaking_left_eyelid,4,900,63fc5646e832f1d5f1883878083a7451cbc704f18f295c1c6cbed23c6d5e7688,displacement_mean_euclidean_error,evaluable,,240,105,750,True,MOCK DATA / NOT A SCIENTIFIC RESULT,displacement-report-draft-v1
MOCK_S06,MOCK_G03,0,speaking,left_eyelid,pcmci,0.005683146288084896,0.005683146288084896,MOCK_S06_speaking_left_eyelid,4,900,63fc5646e832f1d5f1883878083a7451cbc704f18f295c1c6cbed23c6d5e7688,displacement_mean_euclidean_error,evaluable,,240,3,20,True,MOCK DATA / NOT A SCIENTIFIC RESULT,displacement-report-draft-v1
MOCK_S06,MOCK_G03,0,speaking,right_eyelid,persistence,0.006546525842466675,,MOCK_S06_speaking_right_eyelid,4,900,63fc5646e832f1d5f1883878083a7451cbc704f18f295c1c6cbed23c6d5e7688,displacement_mean_euclidean_error,evaluable,,240,0,0,True,MOCK DATA / NOT A SCIENTIFIC RESULT,displacement-report-draft-v1
MOCK_S06,MOCK_G03,0,speaking,right_eyelid,self,0.0066123227176010605,0.006612322717601059,MOCK_S06_speaking_right_eyelid,4,900,63fc5646e832f1d5f1883878083a7451cbc704f18f295c1c6cbed23c6d5e7688,displacement_mean_euclidean_error,evaluable,,240,0,0,True,MOCK DATA / NOT A SCIENTIFIC RESULT,displacement-report-draft-v1
MOCK_S06,MOCK_G03,0,speaking,right_eyelid,full,0.005810848769222026,0.005810848769222025,MOCK_S06_speaking_right_eyelid,4,900,63fc5646e832f1d5f1883878083a7451cbc704f18f295c1c6cbed23c6d5e7688,displacement_mean_euclidean_error,evaluable,,240,105,750,True,MOCK DATA / NOT A SCIENTIFIC RESULT,displacement-report-draft-v1
MOCK_S06,MOCK_G03,0,speaking,right_eyelid,pcmci,0.006764692025748631,0.00676469202574863,MOCK_S06_speaking_right_eyelid,4,900,63fc5646e832f1d5f1883878083a7451cbc704f18f295c1c6cbed23c6d5e7688,displacement_mean_euclidean_error,evaluable,,240,3,24,True,MOCK DATA / NOT A SCIENTIFIC RESULT,displacement-report-draft-v1
MOCK_S06,MOCK_G03,0,speaking,left_cheek,persistence,0.006700716701297547,,MOCK_S06_speaking_left_cheek,2,900,63fc5646e832f1d5f1883878083a7451cbc704f18f295c1c6cbed23c6d5e7688,displacement_mean_euclidean_error,evaluable,,120,0,0,True,MOCK DATA / NOT A SCIENTIFIC RESULT,displacement-report-draft-v1
MOCK_S06,MOCK_G03,0,speaking,left_cheek,self,0.0069123227176010596,0.006912322717601059,MOCK_S06_speaking_left_cheek,2,900,63fc5646e832f1d5f1883878083a7451cbc704f18f295c1c6cbed23c6d5e7688,displacement_mean_euclidean_error,evaluable,,120,0,0,True,MOCK DATA / NOT A SCIENTIFIC RESULT,displacement-report-draft-v1
MOCK_S06,MOCK_G03,0,speaking,left_cheek,full,0.00695361065644797,0.006953610656447969,MOCK_S06_speaking_left_cheek,2,900,63fc5646e832f1d5f1883878083a7451cbc704f18f295c1c6cbed23c6d5e7688,displacement_mean_euclidean_error,evaluable,,120,105,810,True,MOCK DATA / NOT A SCIENTIFIC RESULT,displacement-report-draft-v1
MOCK_S06,MOCK_G03,0,speaking,left_cheek,pcmci,0.007292422199469879,0.007292422199469879,MOCK_S06_speaking_left_cheek,2,900,63fc5646e832f1d5f1883878083a7451cbc704f18f295c1c6cbed23c6d5e7688,displacement_mean_euclidean_error,evaluable,,120,3,14,True,MOCK DATA / NOT A SCIENTIFIC RESULT,displacement-report-draft-v1
MOCK_S06,MOCK_G03,0,speaking,right_cheek,persistence,0.006709246325598648,,MOCK_S06_speaking_right_cheek,2,900,63fc5646e832f1d5f1883878083a7451cbc704f18f295c1c6cbed23c6d5e7688,displacement_mean_euclidean_error,evaluable,,120,0,0,True,MOCK DATA / NOT A SCIENTIFIC RESULT,displacement-report-draft-v1
MOCK_S06,MOCK_G03,0,speaking,right_cheek,self,0.0072123227176010595,0.007212322717601059,MOCK_S06_speaking_right_cheek,2,900,63fc5646e832f1d5f1883878083a7451cbc704f18f295c1c6cbed23c6d5e7688,displacement_mean_euclidean_error,evaluable,,120,0,0,True,MOCK DATA / NOT A SCIENTIFIC RESULT,displacement-report-draft-v1
MOCK_S06,MOCK_G03,0,speaking,right_cheek,full,0.007552745139562104,0.007552745139562102,MOCK_S06_speaking_right_cheek,2,900,63fc5646e832f1d5f1883878083a7451cbc704f18f295c1c6cbed23c6d5e7688,displacement_mean_euclidean_error,evaluable,,120,105,810,True,MOCK DATA / NOT A SCIENTIFIC RESULT,displacement-report-draft-v1
MOCK_S06,MOCK_G03,0,speaking,right_cheek,pcmci,0.0070569627377608315,0.007056962737760831,MOCK_S06_speaking_right_cheek,2,900,63fc5646e832f1d5f1883878083a7451cbc704f18f295c1c6cbed23c6d5e7688,displacement_mean_euclidean_error,evaluable,,120,3,38,True,MOCK DATA / NOT A SCIENTIFIC RESULT,displacement-report-draft-v1
MOCK_S06,MOCK_G03,0,speaking,mouth,persistence,0.006682601642519771,,MOCK_S06_speaking_mouth,8,900,63fc5646e832f1d5f1883878083a7451cbc704f18f295c1c6cbed23c6d5e7688,displacement_mean_euclidean_error,evaluable,,480,0,0,True,MOCK DATA / NOT A SCIENTIFIC RESULT,displacement-report-draft-v1
MOCK_S06,MOCK_G03,0,speaking,mouth,self,0.0075123227176010585,0.0075123227176010585,MOCK_S06_speaking_mouth,8,900,63fc5646e832f1d5f1883878083a7451cbc704f18f295c1c6cbed23c6d5e7688,displacement_mean_euclidean_error,evaluable,,480,0,0,True,MOCK DATA / NOT A SCIENTIFIC RESULT,displacement-report-draft-v1
MOCK_S06,MOCK_G03,0,speaking,mouth,full,0.007333229354318639,0.00733322935431864,MOCK_S06_speaking_mouth,8,900,63fc5646e832f1d5f1883878083a7451cbc704f18f295c1c6cbed23c6d5e7688,displacement_mean_euclidean_error,evaluable,,480,105,630,True,MOCK DATA / NOT A SCIENTIFIC RESULT,displacement-report-draft-v1
MOCK_S06,MOCK_G03,0,speaking,mouth,pcmci,0.0065506126003189585,0.0065506126003189585,MOCK_S06_speaking_mouth,8,900,63fc5646e832f1d5f1883878083a7451cbc704f18f295c1c6cbed23c6d5e7688,displacement_mean_euclidean_error,evaluable,,480,3,18,True,MOCK DATA / NOT A SCIENTIFIC RESULT,displacement-report-draft-v1
MOCK_S06,MOCK_G03,0,speaking,jaw,persistence,0.006729981548542196,,MOCK_S06_speaking_jaw,3,900,63fc5646e832f1d5f1883878083a7451cbc704f18f295c1c6cbed23c6d5e7688,displacement_mean_euclidean_error,evaluable,,180,0,0,True,MOCK DATA / NOT A SCIENTIFIC RESULT,displacement-report-draft-v1
MOCK_S06,MOCK_G03,0,speaking,jaw,self,0.0078123227176010585,0.0078123227176010585,MOCK_S06_speaking_jaw,3,900,63fc5646e832f1d5f1883878083a7451cbc704f18f295c1c6cbed23c6d5e7688,displacement_mean_euclidean_error,evaluable,,180,0,0,True,MOCK DATA / NOT A SCIENTIFIC RESULT,displacement-report-draft-v1
MOCK_S06,MOCK_G03,0,speaking,jaw,full,0.006772703717800626,0.006772703717800626,MOCK_S06_speaking_jaw,3,900,63fc5646e832f1d5f1883878083a7451cbc704f18f295c1c6cbed23c6d5e7688,displacement_mean_euclidean_error,evaluable,,180,105,780,True,MOCK DATA / NOT A SCIENTIFIC RESULT,displacement-report-draft-v1
MOCK_S06,MOCK_G03,0,speaking,jaw,pcmci,0.006514726384834138,0.006514726384834137,MOCK_S06_speaking_jaw,3,900,63fc5646e832f1d5f1883878083a7451cbc704f18f295c1c6cbed23c6d5e7688,displacement_mean_euclidean_error,evaluable,,180,3,20,True,MOCK DATA / NOT A SCIENTIFIC RESULT,displacement-report-draft-v1
MOCK_S06,MOCK_G03,0,non_speaking,left_brow,persistence,0.006330203075405799,,MOCK_S06_non_speaking_left_brow,3,900,26511b32225d784b47c8ae6573d5554006264b85095ecdddf1cbc2aea552e3cd,displacement_mean_euclidean_error,evaluable,,180,0,0,True,MOCK DATA / NOT A SCIENTIFIC RESULT,displacement-report-draft-v1
MOCK_S06,MOCK_G03,0,non_speaking,left_brow,self,0.00611232271760106,0.006112322717601059,MOCK_S06_non_speaking_left_brow,3,900,26511b32225d784b47c8ae6573d5554006264b85095ecdddf1cbc2aea552e3cd,displacement_mean_euclidean_error,evaluable,,180,0,0,True,MOCK DATA / NOT A SCIENTIFIC RESULT,displacement-report-draft-v1
MOCK_S06,MOCK_G03,0,non_speaking,left_brow,full,0.005689330724854939,0.005689330724854939,MOCK_S06_non_speaking_left_brow,3,900,26511b32225d784b47c8ae6573d5554006264b85095ecdddf1cbc2aea552e3cd,displacement_mean_euclidean_error,evaluable,,180,105,780,True,MOCK DATA / NOT A SCIENTIFIC RESULT,displacement-report-draft-v1
MOCK_S06,MOCK_G03,0,non_speaking,left_brow,pcmci,0.0048663345334038835,0.004866334533403883,MOCK_S06_non_speaking_left_brow,3,900,26511b32225d784b47c8ae6573d5554006264b85095ecdddf1cbc2aea552e3cd,displacement_mean_euclidean_error,evaluable,,180,3,20,True,MOCK DATA / NOT A SCIENTIFIC RESULT,displacement-report-draft-v1
MOCK_S06,MOCK_G03,0,non_speaking,right_brow,persistence,0.006499947881104678,,MOCK_S06_non_speaking_right_brow,3,900,26511b32225d784b47c8ae6573d5554006264b85095ecdddf1cbc2aea552e3cd,displacement_mean_euclidean_error,evaluable,,180,0,0,True,MOCK DATA / NOT A SCIENTIFIC RESULT,displacement-report-draft-v1
MOCK_S06,MOCK_G03,0,non_speaking,right_brow,self,0.006412322717601059,0.006412322717601059,MOCK_S06_non_speaking_right_brow,3,900,26511b32225d784b47c8ae6573d5554006264b85095ecdddf1cbc2aea552e3cd,displacement_mean_euclidean_error,evaluable,,180,0,0,True,MOCK DATA / NOT A SCIENTIFIC RESULT,displacement-report-draft-v1
MOCK_S06,MOCK_G03,0,non_speaking,right_brow,full,0.005181200471823924,0.005181200471823924,MOCK_S06_non_speaking_right_brow,3,900,26511b32225d784b47c8ae6573d5554006264b85095ecdddf1cbc2aea552e3cd,displacement_mean_euclidean_error,evaluable,,180,105,780,True,MOCK DATA / NOT A SCIENTIFIC RESULT,displacement-report-draft-v1
MOCK_S06,MOCK_G03,0,non_speaking,right_brow,pcmci,0.0057831462880848965,0.0057831462880848965,MOCK_S06_non_speaking_right_brow,3,900,26511b32225d784b47c8ae6573d5554006264b85095ecdddf1cbc2aea552e3cd,displacement_mean_euclidean_error,evaluable,,180,3,20,True,MOCK DATA / NOT A SCIENTIFIC RESULT,displacement-report-draft-v1
MOCK_S06,MOCK_G03,0,non_speaking,left_eyelid,persistence,0.006581628693715689,,MOCK_S06_non_speaking_left_eyelid,4,900,26511b32225d784b47c8ae6573d5554006264b85095ecdddf1cbc2aea552e3cd,displacement_mean_euclidean_error,evaluable,,240,0,0,True,MOCK DATA / NOT A SCIENTIFIC RESULT,displacement-report-draft-v1
MOCK_S06,MOCK_G03,0,non_speaking,left_eyelid,self,0.006712322717601058,0.006712322717601059,MOCK_S06_non_speaking_left_eyelid,4,900,26511b32225d784b47c8ae6573d5554006264b85095ecdddf1cbc2aea552e3cd,displacement_mean_euclidean_error,evaluable,,240,0,0,True,MOCK DATA / NOT A SCIENTIFIC RESULT,displacement-report-draft-v1
MOCK_S06,MOCK_G03,0,non_speaking,left_eyelid,full,0.005299290870404235,0.005299290870404235,MOCK_S06_non_speaking_left_eyelid,4,900,26511b32225d784b47c8ae6573d5554006264b85095ecdddf1cbc2aea552e3cd,displacement_mean_euclidean_error,evaluable,,240,105,750,True,MOCK DATA / NOT A SCIENTIFIC RESULT,displacement-report-draft-v1
MOCK_S06,MOCK_G03,0,non_speaking,left_eyelid,pcmci,0.006864692025748629,0.00686469202574863,MOCK_S06_non_speaking_left_eyelid,4,900,26511b32225d784b47c8ae6573d5554006264b85095ecdddf1cbc2aea552e3cd,displacement_mean_euclidean_error,evaluable,,240,3,20,True,MOCK DATA / NOT A SCIENTIFIC RESULT,displacement-report-draft-v1
MOCK_S06,MOCK_G03,0,non_speaking,right_eyelid,persistence,0.006468549518881966,,MOCK_S06_non_speaking_right_eyelid,4,900,26511b32225d784b47c8ae6573d5554006264b85095ecdddf1cbc2aea552e3cd,displacement_mean_euclidean_error,evaluable,,240,0,0,True,MOCK DATA / NOT A SCIENTIFIC RESULT,displacement-report-draft-v1
MOCK_S06,MOCK_G03,0,non_speaking,right_eyelid,self,0.00701232271760106,0.007012322717601059,MOCK_S06_non_speaking_right_eyelid,4,900,26511b32225d784b47c8ae6573d5554006264b85095ecdddf1cbc2aea552e3cd,displacement_mean_euclidean_error,evaluable,,240,0,0,True,MOCK DATA / NOT A SCIENTIFIC RESULT,displacement-report-draft-v1
MOCK_S06,MOCK_G03,0,non_speaking,right_eyelid,full,0.006210848769222025,0.006210848769222025,MOCK_S06_non_speaking_right_eyelid,4,900,26511b32225d784b47c8ae6573d5554006264b85095ecdddf1cbc2aea552e3cd,displacement_mean_euclidean_error,evaluable,,240,105,750,True,MOCK DATA / NOT A SCIENTIFIC RESULT,displacement-report-draft-v1
MOCK_S06,MOCK_G03,0,non_speaking,right_eyelid,pcmci,0.007392422199469879,0.007392422199469879,MOCK_S06_non_speaking_right_eyelid,4,900,26511b32225d784b47c8ae6573d5554006264b85095ecdddf1cbc2aea552e3cd,displacement_mean_euclidean_error,evaluable,,240,3,24,True,MOCK DATA / NOT A SCIENTIFIC RESULT,displacement-report-draft-v1
MOCK_S06,MOCK_G03,0,non_speaking,left_cheek,persistence,0.00656591007654569,,MOCK_S06_non_speaking_left_cheek,2,900,26511b32225d784b47c8ae6573d5554006264b85095ecdddf1cbc2aea552e3cd,displacement_mean_euclidean_error,evaluable,,120,0,0,True,MOCK DATA / NOT A SCIENTIFIC RESULT,displacement-report-draft-v1
MOCK_S06,MOCK_G03,0,non_speaking,left_cheek,self,0.007312322717601059,0.007312322717601059,MOCK_S06_non_speaking_left_cheek,2,900,26511b32225d784b47c8ae6573d5554006264b85095ecdddf1cbc2aea552e3cd,displacement_mean_euclidean_error,evaluable,,120,0,0,True,MOCK DATA / NOT A SCIENTIFIC RESULT,displacement-report-draft-v1
MOCK_S06,MOCK_G03,0,non_speaking,left_cheek,full,0.007353610656447969,0.007353610656447969,MOCK_S06_non_speaking_left_cheek,2,900,26511b32225d784b47c8ae6573d5554006264b85095ecdddf1cbc2aea552e3cd,displacement_mean_euclidean_error,evaluable,,120,105,810,True,MOCK DATA / NOT A SCIENTIFIC RESULT,displacement-report-draft-v1
MOCK_S06,MOCK_G03,0,non_speaking,left_cheek,pcmci,0.007156962737760831,0.007156962737760831,MOCK_S06_non_speaking_left_cheek,2,900,26511b32225d784b47c8ae6573d5554006264b85095ecdddf1cbc2aea552e3cd,displacement_mean_euclidean_error,evaluable,,120,3,14,True,MOCK DATA / NOT A SCIENTIFIC RESULT,displacement-report-draft-v1
MOCK_S06,MOCK_G03,0,non_speaking,right_cheek,persistence,0.006511080776291595,,MOCK_S06_non_speaking_right_cheek,2,900,26511b32225d784b47c8ae6573d5554006264b85095ecdddf1cbc2aea552e3cd,displacement_mean_euclidean_error,evaluable,,120,0,0,True,MOCK DATA / NOT A SCIENTIFIC RESULT,displacement-report-draft-v1
MOCK_S06,MOCK_G03,0,non_speaking,right_cheek,self,0.007612322717601056,0.007612322717601058,MOCK_S06_non_speaking_right_cheek,2,900,26511b32225d784b47c8ae6573d5554006264b85095ecdddf1cbc2aea552e3cd,displacement_mean_euclidean_error,evaluable,,120,0,0,True,MOCK DATA / NOT A SCIENTIFIC RESULT,displacement-report-draft-v1
MOCK_S06,MOCK_G03,0,non_speaking,right_cheek,full,0.007952745139562102,0.007952745139562102,MOCK_S06_non_speaking_right_cheek,2,900,26511b32225d784b47c8ae6573d5554006264b85095ecdddf1cbc2aea552e3cd,displacement_mean_euclidean_error,evaluable,,120,105,810,True,MOCK DATA / NOT A SCIENTIFIC RESULT,displacement-report-draft-v1
MOCK_S06,MOCK_G03,0,non_speaking,right_cheek,pcmci,0.006650612600318957,0.006650612600318958,MOCK_S06_non_speaking_right_cheek,2,900,26511b32225d784b47c8ae6573d5554006264b85095ecdddf1cbc2aea552e3cd,displacement_mean_euclidean_error,evaluable,,120,3,38,True,MOCK DATA / NOT A SCIENTIFIC RESULT,displacement-report-draft-v1
MOCK_S06,MOCK_G03,0,non_speaking,mouth,persistence,0.006706878752153179,,MOCK_S06_non_speaking_mouth,8,900,26511b32225d784b47c8ae6573d5554006264b85095ecdddf1cbc2aea552e3cd,displacement_mean_euclidean_error,evaluable,,480,0,0,True,MOCK DATA / NOT A SCIENTIFIC RESULT,displacement-report-draft-v1
MOCK_S06,MOCK_G03,0,non_speaking,mouth,self,0.007912322717601058,0.007912322717601058,MOCK_S06_non_speaking_mouth,8,900,26511b32225d784b47c8ae6573d5554006264b85095ecdddf1cbc2aea552e3cd,displacement_mean_euclidean_error,evaluable,,480,0,0,True,MOCK DATA / NOT A SCIENTIFIC RESULT,displacement-report-draft-v1
MOCK_S06,MOCK_G03,0,non_speaking,mouth,full,0.007733229354318639,0.007733229354318639,MOCK_S06_non_speaking_mouth,8,900,26511b32225d784b47c8ae6573d5554006264b85095ecdddf1cbc2aea552e3cd,displacement_mean_euclidean_error,evaluable,,480,105,630,True,MOCK DATA / NOT A SCIENTIFIC RESULT,displacement-report-draft-v1
MOCK_S06,MOCK_G03,0,non_speaking,mouth,pcmci,0.006614726384834136,0.006614726384834136,MOCK_S06_non_speaking_mouth,8,900,26511b32225d784b47c8ae6573d5554006264b85095ecdddf1cbc2aea552e3cd,displacement_mean_euclidean_error,evaluable,,480,3,18,True,MOCK DATA / NOT A SCIENTIFIC RESULT,displacement-report-draft-v1
MOCK_S06,MOCK_G03,0,non_speaking,jaw,persistence,0.006788325230985661,,MOCK_S06_non_speaking_jaw,3,900,26511b32225d784b47c8ae6573d5554006264b85095ecdddf1cbc2aea552e3cd,displacement_mean_euclidean_error,evaluable,,180,0,0,True,MOCK DATA / NOT A SCIENTIFIC RESULT,displacement-report-draft-v1
MOCK_S06,MOCK_G03,0,non_speaking,jaw,self,0.008212322717601058,0.008212322717601058,MOCK_S06_non_speaking_jaw,3,900,26511b32225d784b47c8ae6573d5554006264b85095ecdddf1cbc2aea552e3cd,displacement_mean_euclidean_error,evaluable,,180,0,0,True,MOCK DATA / NOT A SCIENTIFIC RESULT,displacement-report-draft-v1
MOCK_S06,MOCK_G03,0,non_speaking,jaw,full,0.007172703717800625,0.007172703717800625,MOCK_S06_non_speaking_jaw,3,900,26511b32225d784b47c8ae6573d5554006264b85095ecdddf1cbc2aea552e3cd,displacement_mean_euclidean_error,evaluable,,180,105,780,True,MOCK DATA / NOT A SCIENTIFIC RESULT,displacement-report-draft-v1
MOCK_S06,MOCK_G03,0,non_speaking,jaw,pcmci,0.007358116328804465,0.007358116328804464,MOCK_S06_non_speaking_jaw,3,900,26511b32225d784b47c8ae6573d5554006264b85095ecdddf1cbc2aea552e3cd,displacement_mean_euclidean_error,evaluable,,180,3,20,True,MOCK DATA / NOT A SCIENTIFIC RESULT,displacement-report-draft-v1
MOCK_S07,MOCK_G04,1,speaking,left_brow,persistence,0.006380051188263533,,MOCK_S07_speaking_left_brow,3,900,92269ddcd8c3718dd9a1c1dcad9678bcd2a8844331314fd152c296837562f2db,displacement_mean_euclidean_error,evaluable,,180,0,0,True,MOCK DATA / NOT A SCIENTIFIC RESULT,displacement-report-draft-v1
MOCK_S07,MOCK_G04,1,speaking,left_brow,self,0.0059161753505403225,0.0059161753505403225,MOCK_S07_speaking_left_brow,3,900,92269ddcd8c3718dd9a1c1dcad9678bcd2a8844331314fd152c296837562f2db,displacement_mean_euclidean_error,evaluable,,180,0,0,True,MOCK DATA / NOT A SCIENTIFIC RESULT,displacement-report-draft-v1
MOCK_S07,MOCK_G04,1,speaking,left_brow,full,0.004967906951574955,0.004967906951574955,MOCK_S07_speaking_left_brow,3,900,92269ddcd8c3718dd9a1c1dcad9678bcd2a8844331314fd152c296837562f2db,displacement_mean_euclidean_error,evaluable,,180,105,780,True,MOCK DATA / NOT A SCIENTIFIC RESULT,displacement-report-draft-v1
MOCK_S07,MOCK_G04,1,speaking,left_brow,pcmci,0.004624681728429944,0.004624681728429944,MOCK_S07_speaking_left_brow,3,900,92269ddcd8c3718dd9a1c1dcad9678bcd2a8844331314fd152c296837562f2db,displacement_mean_euclidean_error,evaluable,,180,3,20,True,MOCK DATA / NOT A SCIENTIFIC RESULT,displacement-report-draft-v1
MOCK_S07,MOCK_G04,1,speaking,right_brow,persistence,0.0065625768928657,,MOCK_S07_speaking_right_brow,3,900,92269ddcd8c3718dd9a1c1dcad9678bcd2a8844331314fd152c296837562f2db,displacement_mean_euclidean_error,evaluable,,180,0,0,True,MOCK DATA / NOT A SCIENTIFIC RESULT,displacement-report-draft-v1
MOCK_S07,MOCK_G04,1,speaking,right_brow,self,0.0062161753505403225,0.0062161753505403225,MOCK_S07_speaking_right_brow,3,900,92269ddcd8c3718dd9a1c1dcad9678bcd2a8844331314fd152c296837562f2db,displacement_mean_euclidean_error,evaluable,,180,0,0,True,MOCK DATA / NOT A SCIENTIFIC RESULT,displacement-report-draft-v1
MOCK_S07,MOCK_G04,1,speaking,right_brow,full,0.004771853447270205,0.004771853447270205,MOCK_S07_speaking_right_brow,3,900,92269ddcd8c3718dd9a1c1dcad9678bcd2a8844331314fd152c296837562f2db,displacement_mean_euclidean_error,evaluable,,180,105,780,True,MOCK DATA / NOT A SCIENTIFIC RESULT,displacement-report-draft-v1
MOCK_S07,MOCK_G04,1,speaking,right_brow,pcmci,0.005210578272806252,0.005210578272806252,MOCK_S07_speaking_right_brow,3,900,92269ddcd8c3718dd9a1c1dcad9678bcd2a8844331314fd152c296837562f2db,displacement_mean_euclidean_error,evaluable,,180,3,20,True,MOCK DATA / NOT A SCIENTIFIC RESULT,displacement-report-draft-v1
MOCK_S07,MOCK_G04,1,speaking,left_eyelid,persistence,0.006515072121521938,,MOCK_S07_speaking_left_eyelid,4,900,92269ddcd8c3718dd9a1c1dcad9678bcd2a8844331314fd152c296837562f2db,displacement_mean_euclidean_error,evaluable,,240,0,0,True,MOCK DATA / NOT A SCIENTIFIC RESULT,displacement-report-draft-v1
MOCK_S07,MOCK_G04,1,speaking,left_eyelid,self,0.0065161753505403215,0.006516175350540322,MOCK_S07_speaking_left_eyelid,4,900,92269ddcd8c3718dd9a1c1dcad9678bcd2a8844331314fd152c296837562f2db,displacement_mean_euclidean_error,evaluable,,240,0,0,True,MOCK DATA / NOT A SCIENTIFIC RESULT,displacement-report-draft-v1
MOCK_S07,MOCK_G04,1,speaking,left_eyelid,full,0.005398035376455233,0.005398035376455233,MOCK_S07_speaking_left_eyelid,4,900,92269ddcd8c3718dd9a1c1dcad9678bcd2a8844331314fd152c296837562f2db,displacement_mean_euclidean_error,evaluable,,240,105,750,True,MOCK DATA / NOT A SCIENTIFIC RESULT,displacement-report-draft-v1
MOCK_S07,MOCK_G04,1,speaking,left_eyelid,pcmci,0.006307288208184064,0.006307288208184065,MOCK_S07_speaking_left_eyelid,4,900,92269ddcd8c3718dd9a1c1dcad9678bcd2a8844331314fd152c296837562f2db,displacement_mean_euclidean_error,evaluable,,240,3,20,True,MOCK DATA / NOT A SCIENTIFIC RESULT,displacement-report-draft-v1
MOCK_S07,MOCK_G04,1,speaking,right_eyelid,persistence,0.0065609592517973684,,MOCK_S07_speaking_right_eyelid,4,900,92269ddcd8c3718dd9a1c1dcad9678bcd2a8844331314fd152c296837562f2db,displacement_mean_euclidean_error,evaluable,,240,0,0,True,MOCK DATA / NOT A SCIENTIFIC RESULT,displacement-report-draft-v1
MOCK_S07,MOCK_G04,1,speaking,right_eyelid,self,0.0068161753505403214,0.006816175350540322,MOCK_S07_speaking_right_eyelid,4,900,92269ddcd8c3718dd9a1c1dcad9678bcd2a8844331314fd152c296837562f2db,displacement_mean_euclidean_error,evaluable,,240,0,0,True,MOCK DATA / NOT A SCIENTIFIC RESULT,displacement-report-draft-v1
MOCK_S07,MOCK_G04,1,speaking,right_eyelid,full,0.006546562577702362,0.006546562577702362,MOCK_S07_speaking_right_eyelid,4,900,92269ddcd8c3718dd9a1c1dcad9678bcd2a8844331314fd152c296837562f2db,displacement_mean_euclidean_error,evaluable,,240,105,750,True,MOCK DATA / NOT A SCIENTIFIC RESULT,displacement-report-draft-v1
MOCK_S07,MOCK_G04,1,speaking,right_eyelid,pcmci,0.0071823200941931314,0.007182320094193133,MOCK_S07_speaking_right_eyelid,4,900,92269ddcd8c3718dd9a1c1dcad9678bcd2a8844331314fd152c296837562f2db,displacement_mean_euclidean_error,evaluable,,240,3,24,True,MOCK DATA / NOT A SCIENTIFIC RESULT,displacement-report-draft-v1
MOCK_S07,MOCK_G04,1,speaking,left_cheek,persistence,0.006539780481218321,,MOCK_S07_speaking_left_cheek,2,900,92269ddcd8c3718dd9a1c1dcad9678bcd2a8844331314fd152c296837562f2db,displacement_mean_euclidean_error,evaluable,,120,0,0,True,MOCK DATA / NOT A SCIENTIFIC RESULT,displacement-report-draft-v1
MOCK_S07,MOCK_G04,1,speaking,left_cheek,self,0.007116175350540323,0.007116175350540322,MOCK_S07_speaking_left_cheek,2,900,92269ddcd8c3718dd9a1c1dcad9678bcd2a8844331314fd152c296837562f2db,displacement_mean_euclidean_error,evaluable,,120,0,0,True,MOCK DATA / NOT A SCIENTIFIC RESULT,displacement-report-draft-v1
MOCK_S07,MOCK_G04,1,speaking,left_cheek,full,0.00743730305536866,0.0074373030553686595,MOCK_S07_speaking_left_cheek,2,900,92269ddcd8c3718dd9a1c1dcad9678bcd2a8844331314fd152c296837562f2db,displacement_mean_euclidean_error,evaluable,,120,105,810,True,MOCK DATA / NOT A SCIENTIFIC RESULT,displacement-report-draft-v1
MOCK_S07,MOCK_G04,1,speaking,left_cheek,pcmci,0.007306992266732133,0.007306992266732131,MOCK_S07_speaking_left_cheek,2,900,92269ddcd8c3718dd9a1c1dcad9678bcd2a8844331314fd152c296837562f2db,displacement_mean_euclidean_error,evaluable,,120,3,14,True,MOCK DATA / NOT A SCIENTIFIC RESULT,displacement-report-draft-v1
MOCK_S07,MOCK_G04,1,speaking,right_cheek,persistence,0.00650974333397279,,MOCK_S07_speaking_right_cheek,2,900,92269ddcd8c3718dd9a1c1dcad9678bcd2a8844331314fd152c296837562f2db,displacement_mean_euclidean_error,evaluable,,120,0,0,True,MOCK DATA / NOT A SCIENTIFIC RESULT,displacement-report-draft-v1
MOCK_S07,MOCK_G04,1,speaking,right_cheek,self,0.007416175350540322,0.007416175350540322,MOCK_S07_speaking_right_cheek,2,900,92269ddcd8c3718dd9a1c1dcad9678bcd2a8844331314fd152c296837562f2db,displacement_mean_euclidean_error,evaluable,,120,0,0,True,MOCK DATA / NOT A SCIENTIFIC RESULT,displacement-report-draft-v1
MOCK_S07,MOCK_G04,1,speaking,right_cheek,full,0.007527132738627024,0.007527132738627024,MOCK_S07_speaking_right_cheek,2,900,92269ddcd8c3718dd9a1c1dcad9678bcd2a8844331314fd152c296837562f2db,displacement_mean_euclidean_error,evaluable,,120,105,810,True,MOCK DATA / NOT A SCIENTIFIC RESULT,displacement-report-draft-v1
MOCK_S07,MOCK_G04,1,speaking,right_cheek,pcmci,0.0068425003218030005,0.0068425003218030005,MOCK_S07_speaking_right_cheek,2,900,92269ddcd8c3718dd9a1c1dcad9678bcd2a8844331314fd152c296837562f2db,displacement_mean_euclidean_error,evaluable,,120,3,38,True,MOCK DATA / NOT A SCIENTIFIC RESULT,displacement-report-draft-v1
MOCK_S07,MOCK_G04,1,speaking,mouth,persistence,0.0066648443035476805,,MOCK_S07_speaking_mouth,8,900,92269ddcd8c3718dd9a1c1dcad9678bcd2a8844331314fd152c296837562f2db,displacement_mean_euclidean_error,evaluable,,480,0,0,True,MOCK DATA / NOT A SCIENTIFIC RESULT,displacement-report-draft-v1
MOCK_S07,MOCK_G04,1,speaking,mouth,self,0.007716175350540322,0.007716175350540322,MOCK_S07_speaking_mouth,8,900,92269ddcd8c3718dd9a1c1dcad9678bcd2a8844331314fd152c296837562f2db,displacement_mean_euclidean_error,evaluable,,480,0,0,True,MOCK DATA / NOT A SCIENTIFIC RESULT,displacement-report-draft-v1
MOCK_S07,MOCK_G04,1,speaking,mouth,full,0.00700928124743964,0.00700928124743964,MOCK_S07_speaking_mouth,8,900,92269ddcd8c3718dd9a1c1dcad9678bcd2a8844331314fd152c296837562f2db,displacement_mean_euclidean_error,evaluable,,480,105,630,True,MOCK DATA / NOT A SCIENTIFIC RESULT,displacement-report-draft-v1
MOCK_S07,MOCK_G04,1,speaking,mouth,pcmci,0.006491714627938347,0.006491714627938347,MOCK_S07_speaking_mouth,8,900,92269ddcd8c3718dd9a1c1dcad9678bcd2a8844331314fd152c296837562f2db,displacement_mean_euclidean_error,evaluable,,480,3,18,True,MOCK DATA / NOT A SCIENTIFIC RESULT,displacement-report-draft-v1
MOCK_S07,MOCK_G04,1,speaking,jaw,persistence,0.006768851889144592,,MOCK_S07_speaking_jaw,3,900,92269ddcd8c3718dd9a1c1dcad9678bcd2a8844331314fd152c296837562f2db,displacement_mean_euclidean_error,evaluable,,180,0,0,True,MOCK DATA / NOT A SCIENTIFIC RESULT,displacement-report-draft-v1
MOCK_S07,MOCK_G04,1,speaking,jaw,self,0.008016175350540323,0.008016175350540321,MOCK_S07_speaking_jaw,3,900,92269ddcd8c3718dd9a1c1dcad9678bcd2a8844331314fd152c296837562f2db,displacement_mean_euclidean_error,evaluable,,180,0,0,True,MOCK DATA / NOT A SCIENTIFIC RESULT,displacement-report-draft-v1
MOCK_S07,MOCK_G04,1,speaking,jaw,full,0.006635677471088797,0.006635677471088795,MOCK_S07_speaking_jaw,3,900,92269ddcd8c3718dd9a1c1dcad9678bcd2a8844331314fd152c296837562f2db,displacement_mean_euclidean_error,evaluable,,180,105,780,True,MOCK DATA / NOT A SCIENTIFIC RESULT,displacement-report-draft-v1
MOCK_S07,MOCK_G04,1,speaking,jaw,pcmci,0.006852964550825339,0.006852964550825336,MOCK_S07_speaking_jaw,3,900,92269ddcd8c3718dd9a1c1dcad9678bcd2a8844331314fd152c296837562f2db,displacement_mean_euclidean_error,evaluable,,180,3,20,True,MOCK DATA / NOT A SCIENTIFIC RESULT,displacement-report-draft-v1
MOCK_S07,MOCK_G04,1,non_speaking,left_brow,persistence,0.006422922548399607,,MOCK_S07_non_speaking_left_brow,3,900,0596154b7781205cdd064ad50d8cfb890f8f00362fb8e28f706b9c4c2e1b49ab,displacement_mean_euclidean_error,evaluable,,180,0,0,True,MOCK DATA / NOT A SCIENTIFIC RESULT,displacement-report-draft-v1
MOCK_S07,MOCK_G04,1,non_speaking,left_brow,self,0.006316175350540324,0.006316175350540323,MOCK_S07_non_speaking_left_brow,3,900,0596154b7781205cdd064ad50d8cfb890f8f00362fb8e28f706b9c4c2e1b49ab,displacement_mean_euclidean_error,evaluable,,180,0,0,True,MOCK DATA / NOT A SCIENTIFIC RESULT,displacement-report-draft-v1
MOCK_S07,MOCK_G04,1,non_speaking,left_brow,full,0.0053679069515749555,0.0053679069515749555,MOCK_S07_non_speaking_left_brow,3,900,0596154b7781205cdd064ad50d8cfb890f8f00362fb8e28f706b9c4c2e1b49ab,displacement_mean_euclidean_error,evaluable,,180,105,780,True,MOCK DATA / NOT A SCIENTIFIC RESULT,displacement-report-draft-v1
MOCK_S07,MOCK_G04,1,non_speaking,left_brow,pcmci,0.006316175350540324,0.006316175350540323,MOCK_S07_non_speaking_left_brow,3,900,0596154b7781205cdd064ad50d8cfb890f8f00362fb8e28f706b9c4c2e1b49ab,displacement_mean_euclidean_error,evaluable,,180,0,0,True,MOCK DATA / NOT A SCIENTIFIC RESULT,displacement-report-draft-v1
MOCK_S07,MOCK_G04,1,non_speaking,right_brow,persistence,0.006498695781918459,,MOCK_S07_non_speaking_right_brow,3,900,0596154b7781205cdd064ad50d8cfb890f8f00362fb8e28f706b9c4c2e1b49ab,displacement_mean_euclidean_error,evaluable,,180,0,0,True,MOCK DATA / NOT A SCIENTIFIC RESULT,displacement-report-draft-v1
MOCK_S07,MOCK_G04,1,non_speaking,right_brow,self,0.006616175350540322,0.006616175350540323,MOCK_S07_non_speaking_right_brow,3,900,0596154b7781205cdd064ad50d8cfb890f8f00362fb8e28f706b9c4c2e1b49ab,displacement_mean_euclidean_error,evaluable,,180,0,0,True,MOCK DATA / NOT A SCIENTIFIC RESULT,displacement-report-draft-v1
MOCK_S07,MOCK_G04,1,non_speaking,right_brow,full,0.005171853447270203,0.005171853447270204,MOCK_S07_non_speaking_right_brow,3,900,0596154b7781205cdd064ad50d8cfb890f8f00362fb8e28f706b9c4c2e1b49ab,displacement_mean_euclidean_error,evaluable,,180,105,780,True,MOCK DATA / NOT A SCIENTIFIC RESULT,displacement-report-draft-v1
MOCK_S07,MOCK_G04,1,non_speaking,right_brow,pcmci,0.006407288208184066,0.006407288208184065,MOCK_S07_non_speaking_right_brow,3,900,0596154b7781205cdd064ad50d8cfb890f8f00362fb8e28f706b9c4c2e1b49ab,displacement_mean_euclidean_error,evaluable,,180,3,20,True,MOCK DATA / NOT A SCIENTIFIC RESULT,displacement-report-draft-v1
MOCK_S07,MOCK_G04,1,non_speaking,left_eyelid,persistence,0.006441854778379954,,MOCK_S07_non_speaking_left_eyelid,4,900,0596154b7781205cdd064ad50d8cfb890f8f00362fb8e28f706b9c4c2e1b49ab,displacement_mean_euclidean_error,evaluable,,240,0,0,True,MOCK DATA / NOT A SCIENTIFIC RESULT,displacement-report-draft-v1
MOCK_S07,MOCK_G04,1,non_speaking,left_eyelid,self,0.006916175350540323,0.0069161753505403226,MOCK_S07_non_speaking_left_eyelid,4,900,0596154b7781205cdd064ad50d8cfb890f8f00362fb8e28f706b9c4c2e1b49ab,displacement_mean_euclidean_error,evaluable,,240,0,0,True,MOCK DATA / NOT A SCIENTIFIC RESULT,displacement-report-draft-v1
MOCK_S07,MOCK_G04,1,non_speaking,left_eyelid,full,0.005798035376455234,0.005798035376455233,MOCK_S07_non_speaking_left_eyelid,4,900,0596154b7781205cdd064ad50d8cfb890f8f00362fb8e28f706b9c4c2e1b49ab,displacement_mean_euclidean_error,evaluable,,240,105,750,True,MOCK DATA / NOT A SCIENTIFIC RESULT,displacement-report-draft-v1
MOCK_S07,MOCK_G04,1,non_speaking,left_eyelid,pcmci,0.0072823200941931334,0.0072823200941931334,MOCK_S07_non_speaking_left_eyelid,4,900,0596154b7781205cdd064ad50d8cfb890f8f00362fb8e28f706b9c4c2e1b49ab,displacement_mean_euclidean_error,evaluable,,240,3,20,True,MOCK DATA / NOT A SCIENTIFIC RESULT,displacement-report-draft-v1
MOCK_S07,MOCK_G04,1,non_speaking,right_eyelid,persistence,0.0065896522009554325,,MOCK_S07_non_speaking_right_eyelid,4,900,0596154b7781205cdd064ad50d8cfb890f8f00362fb8e28f706b9c4c2e1b49ab,displacement_mean_euclidean_error,evaluable,,240,0,0,True,MOCK DATA / NOT A SCIENTIFIC RESULT,displacement-report-draft-v1
MOCK_S07,MOCK_G04,1,non_speaking,right_eyelid,self,0.0072161753505403225,0.0072161753505403225,MOCK_S07_non_speaking_right_eyelid,4,900,0596154b7781205cdd064ad50d8cfb890f8f00362fb8e28f706b9c4c2e1b49ab,displacement_mean_euclidean_error,evaluable,,240,0,0,True,MOCK DATA / NOT A SCIENTIFIC RESULT,displacement-report-draft-v1
MOCK_S07,MOCK_G04,1,non_speaking,right_eyelid,full,0.0069465625777023615,0.006946562577702362,MOCK_S07_non_speaking_right_eyelid,4,900,0596154b7781205cdd064ad50d8cfb890f8f00362fb8e28f706b9c4c2e1b49ab,displacement_mean_euclidean_error,evaluable,,240,105,750,True,MOCK DATA / NOT A SCIENTIFIC RESULT,displacement-report-draft-v1
MOCK_S07,MOCK_G04,1,non_speaking,right_eyelid,pcmci,0.007406992266732131,0.0074069922667321314,MOCK_S07_non_speaking_right_eyelid,4,900,0596154b7781205cdd064ad50d8cfb890f8f00362fb8e28f706b9c4c2e1b49ab,displacement_mean_euclidean_error,evaluable,,240,3,24,True,MOCK DATA / NOT A SCIENTIFIC RESULT,displacement-report-draft-v1
MOCK_S07,MOCK_G04,1,non_speaking,left_cheek,persistence,0.0066731315841090785,,MOCK_S07_non_speaking_left_cheek,2,900,0596154b7781205cdd064ad50d8cfb890f8f00362fb8e28f706b9c4c2e1b49ab,displacement_mean_euclidean_error,evaluable,,120,0,0,True,MOCK DATA / NOT A SCIENTIFIC RESULT,displacement-report-draft-v1
MOCK_S07,MOCK_G04,1,non_speaking,left_cheek,self,0.007516175350540322,0.007516175350540322,MOCK_S07_non_speaking_left_cheek,2,900,0596154b7781205cdd064ad50d8cfb890f8f00362fb8e28f706b9c4c2e1b49ab,displacement_mean_euclidean_error,evaluable,,120,0,0,True,MOCK DATA / NOT A SCIENTIFIC RESULT,displacement-report-draft-v1
MOCK_S07,MOCK_G04,1,non_speaking,left_cheek,full,0.00783730305536866,0.00783730305536866,MOCK_S07_non_speaking_left_cheek,2,900,0596154b7781205cdd064ad50d8cfb890f8f00362fb8e28f706b9c4c2e1b49ab,displacement_mean_euclidean_error,evaluable,,120,105,810,True,MOCK DATA / NOT A SCIENTIFIC RESULT,displacement-report-draft-v1
MOCK_S07,MOCK_G04,1,non_speaking,left_cheek,pcmci,0.006942500321803,0.006942500321803001,MOCK_S07_non_speaking_left_cheek,2,900,0596154b7781205cdd064ad50d8cfb890f8f00362fb8e28f706b9c4c2e1b49ab,displacement_mean_euclidean_error,evaluable,,120,3,14,True,MOCK DATA / NOT A SCIENTIFIC RESULT,displacement-report-draft-v1
MOCK_S07,MOCK_G04,1,non_speaking,right_cheek,persistence,0.006570614960276755,,MOCK_S07_non_speaking_right_cheek,2,900,0596154b7781205cdd064ad50d8cfb890f8f00362fb8e28f706b9c4c2e1b49ab,displacement_mean_euclidean_error,evaluable,,120,0,0,True,MOCK DATA / NOT A SCIENTIFIC RESULT,displacement-report-draft-v1
MOCK_S07,MOCK_G04,1,non_speaking,right_cheek,self,0.00781617535054032,0.00781617535054032,MOCK_S07_non_speaking_right_cheek,2,900,0596154b7781205cdd064ad50d8cfb890f8f00362fb8e28f706b9c4c2e1b49ab,displacement_mean_euclidean_error,evaluable,,120,0,0,True,MOCK DATA / NOT A SCIENTIFIC RESULT,displacement-report-draft-v1
MOCK_S07,MOCK_G04,1,non_speaking,right_cheek,full,0.007927132738627022,0.007927132738627022,MOCK_S07_non_speaking_right_cheek,2,900,0596154b7781205cdd064ad50d8cfb890f8f00362fb8e28f706b9c4c2e1b49ab,displacement_mean_euclidean_error,evaluable,,120,105,810,True,MOCK DATA / NOT A SCIENTIFIC RESULT,displacement-report-draft-v1
MOCK_S07,MOCK_G04,1,non_speaking,right_cheek,pcmci,0.006591714627938345,0.006591714627938346,MOCK_S07_non_speaking_right_cheek,2,900,0596154b7781205cdd064ad50d8cfb890f8f00362fb8e28f706b9c4c2e1b49ab,displacement_mean_euclidean_error,evaluable,,120,3,38,True,MOCK DATA / NOT A SCIENTIFIC RESULT,displacement-report-draft-v1
MOCK_S07,MOCK_G04,1,non_speaking,mouth,persistence,0.006686455556816427,,MOCK_S07_non_speaking_mouth,8,900,0596154b7781205cdd064ad50d8cfb890f8f00362fb8e28f706b9c4c2e1b49ab,displacement_mean_euclidean_error,evaluable,,480,0,0,True,MOCK DATA / NOT A SCIENTIFIC RESULT,displacement-report-draft-v1
MOCK_S07,MOCK_G04,1,non_speaking,mouth,self,0.00811617535054032,0.00811617535054032,MOCK_S07_non_speaking_mouth,8,900,0596154b7781205cdd064ad50d8cfb890f8f00362fb8e28f706b9c4c2e1b49ab,displacement_mean_euclidean_error,evaluable,,480,0,0,True,MOCK DATA / NOT A SCIENTIFIC RESULT,displacement-report-draft-v1
MOCK_S07,MOCK_G04,1,non_speaking,mouth,full,0.007409281247439639,0.007409281247439638,MOCK_S07_non_speaking_mouth,8,900,0596154b7781205cdd064ad50d8cfb890f8f00362fb8e28f706b9c4c2e1b49ab,displacement_mean_euclidean_error,evaluable,,480,105,630,True,MOCK DATA / NOT A SCIENTIFIC RESULT,displacement-report-draft-v1
MOCK_S07,MOCK_G04,1,non_speaking,mouth,pcmci,0.006952964550825337,0.006952964550825336,MOCK_S07_non_speaking_mouth,8,900,0596154b7781205cdd064ad50d8cfb890f8f00362fb8e28f706b9c4c2e1b49ab,displacement_mean_euclidean_error,evaluable,,480,3,18,True,MOCK DATA / NOT A SCIENTIFIC RESULT,displacement-report-draft-v1
MOCK_S07,MOCK_G04,1,non_speaking,jaw,persistence,0.006751559218036474,,MOCK_S07_non_speaking_jaw,3,900,0596154b7781205cdd064ad50d8cfb890f8f00362fb8e28f706b9c4c2e1b49ab,displacement_mean_euclidean_error,evaluable,,180,0,0,True,MOCK DATA / NOT A SCIENTIFIC RESULT,displacement-report-draft-v1
MOCK_S07,MOCK_G04,1,non_speaking,jaw,self,0.008416175350540319,0.00841617535054032,MOCK_S07_non_speaking_jaw,3,900,0596154b7781205cdd064ad50d8cfb890f8f00362fb8e28f706b9c4c2e1b49ab,displacement_mean_euclidean_error,evaluable,,180,0,0,True,MOCK DATA / NOT A SCIENTIFIC RESULT,displacement-report-draft-v1
MOCK_S07,MOCK_G04,1,non_speaking,jaw,full,0.007035677471088794,0.0070356774710887944,MOCK_S07_non_speaking_jaw,3,900,0596154b7781205cdd064ad50d8cfb890f8f00362fb8e28f706b9c4c2e1b49ab,displacement_mean_euclidean_error,evaluable,,180,105,780,True,MOCK DATA / NOT A SCIENTIFIC RESULT,displacement-report-draft-v1
MOCK_S07,MOCK_G04,1,non_speaking,jaw,pcmci,0.00796993719383016,0.007969937193830164,MOCK_S07_non_speaking_jaw,3,900,0596154b7781205cdd064ad50d8cfb890f8f00362fb8e28f706b9c4c2e1b49ab,displacement_mean_euclidean_error,evaluable,,180,3,20,True,MOCK DATA / NOT A SCIENTIFIC RESULT,displacement-report-draft-v1
MOCK_S08,MOCK_G04,1,speaking,left_brow,persistence,0.006385653464831521,,MOCK_S08_speaking_left_brow,3,900,0ec3f2aa82a7846fd50b3bac73e34998036903ddff647a58115df55cd8be10de,displacement_mean_euclidean_error,evaluable,,180,0,0,True,MOCK DATA / NOT A SCIENTIFIC RESULT,displacement-report-draft-v1
MOCK_S08,MOCK_G04,1,speaking,left_brow,self,0.0061970959796156366,0.0061970959796156366,MOCK_S08_speaking_left_brow,3,900,0ec3f2aa82a7846fd50b3bac73e34998036903ddff647a58115df55cd8be10de,displacement_mean_euclidean_error,evaluable,,180,0,0,True,MOCK DATA / NOT A SCIENTIFIC RESULT,displacement-report-draft-v1
MOCK_S08,MOCK_G04,1,speaking,left_brow,full,0.004862677784443407,0.004862677784443407,MOCK_S08_speaking_left_brow,3,900,0ec3f2aa82a7846fd50b3bac73e34998036903ddff647a58115df55cd8be10de,displacement_mean_euclidean_error,evaluable,,180,105,780,True,MOCK DATA / NOT A SCIENTIFIC RESULT,displacement-report-draft-v1
MOCK_S08,MOCK_G04,1,speaking,left_brow,pcmci,0.004951107795418459,0.00495110779541846,MOCK_S08_speaking_left_brow,3,900,0ec3f2aa82a7846fd50b3bac73e34998036903ddff647a58115df55cd8be10de,displacement_mean_euclidean_error,evaluable,,180,3,20,True,MOCK DATA / NOT A SCIENTIFIC RESULT,displacement-report-draft-v1
MOCK_S08,MOCK_G04,1,speaking,right_brow,persistence,0.006340667900241766,,MOCK_S08_speaking_right_brow,3,900,0ec3f2aa82a7846fd50b3bac73e34998036903ddff647a58115df55cd8be10de,displacement_mean_euclidean_error,evaluable,,180,0,0,True,MOCK DATA / NOT A SCIENTIFIC RESULT,displacement-report-draft-v1
MOCK_S08,MOCK_G04,1,speaking,right_brow,self,0.006497095979615637,0.0064970959796156365,MOCK_S08_speaking_right_brow,3,900,0ec3f2aa82a7846fd50b3bac73e34998036903ddff647a58115df55cd8be10de,displacement_mean_euclidean_error,evaluable,,180,0,0,True,MOCK DATA / NOT A SCIENTIFIC RESULT,displacement-report-draft-v1
MOCK_S08,MOCK_G04,1,speaking,right_brow,full,0.005151986789467497,0.005151986789467498,MOCK_S08_speaking_right_brow,3,900,0ec3f2aa82a7846fd50b3bac73e34998036903ddff647a58115df55cd8be10de,displacement_mean_euclidean_error,evaluable,,180,105,780,True,MOCK DATA / NOT A SCIENTIFIC RESULT,displacement-report-draft-v1
MOCK_S08,MOCK_G04,1,speaking,right_brow,pcmci,0.005867919550099474,0.005867919550099474,MOCK_S08_speaking_right_brow,3,900,0ec3f2aa82a7846fd50b3bac73e34998036903ddff647a58115df55cd8be10de,displacement_mean_euclidean_error,evaluable,,180,3,20,True,MOCK DATA / NOT A SCIENTIFIC RESULT,displacement-report-draft-v1
MOCK_S08,MOCK_G04,1,speaking,left_eyelid,persistence,0.006524939395086129,,MOCK_S08_speaking_left_eyelid,4,900,0ec3f2aa82a7846fd50b3bac73e34998036903ddff647a58115df55cd8be10de,displacement_mean_euclidean_error,evaluable,,240,0,0,True,MOCK DATA / NOT A SCIENTIFIC RESULT,displacement-report-draft-v1
MOCK_S08,MOCK_G04,1,speaking,left_eyelid,self,0.006797095979615636,0.006797095979615636,MOCK_S08_speaking_left_eyelid,4,900,0ec3f2aa82a7846fd50b3bac73e34998036903ddff647a58115df55cd8be10de,displacement_mean_euclidean_error,evaluable,,240,0,0,True,MOCK DATA / NOT A SCIENTIFIC RESULT,displacement-report-draft-v1
MOCK_S08,MOCK_G04,1,speaking,left_eyelid,full,0.0061723155170798905,0.00617231551707989,MOCK_S08_speaking_left_eyelid,4,900,0ec3f2aa82a7846fd50b3bac73e34998036903ddff647a58115df55cd8be10de,displacement_mean_euclidean_error,evaluable,,240,105,750,True,MOCK DATA / NOT A SCIENTIFIC RESULT,displacement-report-draft-v1
MOCK_S08,MOCK_G04,1,speaking,left_eyelid,pcmci,0.0069494652877632075,0.0069494652877632075,MOCK_S08_speaking_left_eyelid,4,900,0ec3f2aa82a7846fd50b3bac73e34998036903ddff647a58115df55cd8be10de,displacement_mean_euclidean_error,evaluable,,240,3,20,True,MOCK DATA / NOT A SCIENTIFIC RESULT,displacement-report-draft-v1
MOCK_S08,MOCK_G04,1,speaking,right_eyelid,persistence,0.006404004411921049,,MOCK_S08_speaking_right_eyelid,4,900,0ec3f2aa82a7846fd50b3bac73e34998036903ddff647a58115df55cd8be10de,displacement_mean_euclidean_error,evaluable,,240,0,0,True,MOCK DATA / NOT A SCIENTIFIC RESULT,displacement-report-draft-v1
MOCK_S08,MOCK_G04,1,speaking,right_eyelid,self,0.007097095979615636,0.007097095979615636,MOCK_S08_speaking_right_eyelid,4,900,0ec3f2aa82a7846fd50b3bac73e34998036903ddff647a58115df55cd8be10de,displacement_mean_euclidean_error,evaluable,,240,0,0,True,MOCK DATA / NOT A SCIENTIFIC RESULT,displacement-report-draft-v1
MOCK_S08,MOCK_G04,1,speaking,right_eyelid,full,0.007261397057079875,0.007261397057079874,MOCK_S08_speaking_right_eyelid,4,900,0ec3f2aa82a7846fd50b3bac73e34998036903ddff647a58115df55cd8be10de,displacement_mean_euclidean_error,evaluable,,240,105,750,True,MOCK DATA / NOT A SCIENTIFIC RESULT,displacement-report-draft-v1
MOCK_S08,MOCK_G04,1,speaking,right_eyelid,pcmci,0.007477195461484457,0.007477195461484456,MOCK_S08_speaking_right_eyelid,4,900,0ec3f2aa82a7846fd50b3bac73e34998036903ddff647a58115df55cd8be10de,displacement_mean_euclidean_error,evaluable,,240,3,24,True,MOCK DATA / NOT A SCIENTIFIC RESULT,displacement-report-draft-v1
MOCK_S08,MOCK_G04,1,speaking,left_cheek,persistence,0.006600170835294902,,MOCK_S08_speaking_left_cheek,2,900,0ec3f2aa82a7846fd50b3bac73e34998036903ddff647a58115df55cd8be10de,displacement_mean_euclidean_error,evaluable,,120,0,0,True,MOCK DATA / NOT A SCIENTIFIC RESULT,displacement-report-draft-v1
MOCK_S08,MOCK_G04,1,speaking,left_cheek,self,0.007397095979615636,0.007397095979615636,MOCK_S08_speaking_left_cheek,2,900,0ec3f2aa82a7846fd50b3bac73e34998036903ddff647a58115df55cd8be10de,displacement_mean_euclidean_error,evaluable,,120,0,0,True,MOCK DATA / NOT A SCIENTIFIC RESULT,displacement-report-draft-v1
MOCK_S08,MOCK_G04,1,speaking,left_cheek,full,0.007693753480627433,0.007693753480627432,MOCK_S08_speaking_left_cheek,2,900,0ec3f2aa82a7846fd50b3bac73e34998036903ddff647a58115df55cd8be10de,displacement_mean_euclidean_error,evaluable,,120,105,810,True,MOCK DATA / NOT A SCIENTIFIC RESULT,displacement-report-draft-v1
MOCK_S08,MOCK_G04,1,speaking,left_cheek,pcmci,0.007241735999775408,0.007241735999775408,MOCK_S08_speaking_left_cheek,2,900,0ec3f2aa82a7846fd50b3bac73e34998036903ddff647a58115df55cd8be10de,displacement_mean_euclidean_error,evaluable,,120,3,14,True,MOCK DATA / NOT A SCIENTIFIC RESULT,displacement-report-draft-v1
MOCK_S08,MOCK_G04,1,speaking,right_cheek,persistence,0.006642728446354147,,MOCK_S08_speaking_right_cheek,2,900,0ec3f2aa82a7846fd50b3bac73e34998036903ddff647a58115df55cd8be10de,displacement_mean_euclidean_error,evaluable,,120,0,0,True,MOCK DATA / NOT A SCIENTIFIC RESULT,displacement-report-draft-v1
MOCK_S08,MOCK_G04,1,speaking,right_cheek,self,0.007697095979615638,0.007697095979615636,MOCK_S08_speaking_right_cheek,2,900,0ec3f2aa82a7846fd50b3bac73e34998036903ddff647a58115df55cd8be10de,displacement_mean_euclidean_error,evaluable,,120,0,0,True,MOCK DATA / NOT A SCIENTIFIC RESULT,displacement-report-draft-v1
MOCK_S08,MOCK_G04,1,speaking,right_cheek,full,0.00734769690230586,0.007347696902305859,MOCK_S08_speaking_right_cheek,2,900,0ec3f2aa82a7846fd50b3bac73e34998036903ddff647a58115df55cd8be10de,displacement_mean_euclidean_error,evaluable,,120,105,810,True,MOCK DATA / NOT A SCIENTIFIC RESULT,displacement-report-draft-v1
MOCK_S08,MOCK_G04,1,speaking,right_cheek,pcmci,0.006735385862333539,0.006735385862333536,MOCK_S08_speaking_right_cheek,2,900,0ec3f2aa82a7846fd50b3bac73e34998036903ddff647a58115df55cd8be10de,displacement_mean_euclidean_error,evaluable,,120,3,38,True,MOCK DATA / NOT A SCIENTIFIC RESULT,displacement-report-draft-v1
MOCK_S08,MOCK_G04,1,speaking,mouth,persistence,0.006746775241125659,,MOCK_S08_speaking_mouth,8,900,0ec3f2aa82a7846fd50b3bac73e34998036903ddff647a58115df55cd8be10de,displacement_mean_euclidean_error,evaluable,,480,0,0,True,MOCK DATA / NOT A SCIENTIFIC RESULT,displacement-report-draft-v1
MOCK_S08,MOCK_G04,1,speaking,mouth,self,0.007997095979615638,0.007997095979615636,MOCK_S08_speaking_mouth,8,900,0ec3f2aa82a7846fd50b3bac73e34998036903ddff647a58115df55cd8be10de,displacement_mean_euclidean_error,evaluable,,480,0,0,True,MOCK DATA / NOT A SCIENTIFIC RESULT,displacement-report-draft-v1
MOCK_S08,MOCK_G04,1,speaking,mouth,full,0.006817208760781449,0.006817208760781448,MOCK_S08_speaking_mouth,8,900,0ec3f2aa82a7846fd50b3bac73e34998036903ddff647a58115df55cd8be10de,displacement_mean_euclidean_error,evaluable,,480,105,630,True,MOCK DATA / NOT A SCIENTIFIC RESULT,displacement-report-draft-v1
MOCK_S08,MOCK_G04,1,speaking,mouth,pcmci,0.006699499646848716,0.006699499646848715,MOCK_S08_speaking_mouth,8,900,0ec3f2aa82a7846fd50b3bac73e34998036903ddff647a58115df55cd8be10de,displacement_mean_euclidean_error,evaluable,,480,3,18,True,MOCK DATA / NOT A SCIENTIFIC RESULT,displacement-report-draft-v1
MOCK_S08,MOCK_G04,1,speaking,jaw,persistence,0.006754637312298326,,MOCK_S08_speaking_jaw,3,900,0ec3f2aa82a7846fd50b3bac73e34998036903ddff647a58115df55cd8be10de,displacement_mean_euclidean_error,evaluable,,180,0,0,True,MOCK DATA / NOT A SCIENTIFIC RESULT,displacement-report-draft-v1
MOCK_S08,MOCK_G04,1,speaking,jaw,self,0.008297095979615636,0.008297095979615636,MOCK_S08_speaking_jaw,3,900,0ec3f2aa82a7846fd50b3bac73e34998036903ddff647a58115df55cd8be10de,displacement_mean_euclidean_error,evaluable,,180,0,0,True,MOCK DATA / NOT A SCIENTIFIC RESULT,displacement-report-draft-v1
MOCK_S08,MOCK_G04,1,speaking,jaw,full,0.006865836023379451,0.0068658360233794504,MOCK_S08_speaking_jaw,3,900,0ec3f2aa82a7846fd50b3bac73e34998036903ddff647a58115df55cd8be10de,displacement_mean_euclidean_error,evaluable,,180,105,780,True,MOCK DATA / NOT A SCIENTIFIC RESULT,displacement-report-draft-v1
MOCK_S08,MOCK_G04,1,speaking,jaw,pcmci,0.007442889590819043,0.0074428895908190415,MOCK_S08_speaking_jaw,3,900,0ec3f2aa82a7846fd50b3bac73e34998036903ddff647a58115df55cd8be10de,displacement_mean_euclidean_error,evaluable,,180,3,20,True,MOCK DATA / NOT A SCIENTIFIC RESULT,displacement-report-draft-v1
MOCK_S08,MOCK_G04,1,non_speaking,left_brow,persistence,0.006442210659858496,,MOCK_S08_non_speaking_left_brow,3,900,f6df0b1e57d3442e565022d6c2e65fde08056010a328c533252c24f44be7e3b3,displacement_mean_euclidean_error,evaluable,,180,0,0,True,MOCK DATA / NOT A SCIENTIFIC RESULT,displacement-report-draft-v1
MOCK_S08,MOCK_G04,1,non_speaking,left_brow,self,0.006597095979615637,0.006597095979615637,MOCK_S08_non_speaking_left_brow,3,900,f6df0b1e57d3442e565022d6c2e65fde08056010a328c533252c24f44be7e3b3,displacement_mean_euclidean_error,evaluable,,180,0,0,True,MOCK DATA / NOT A SCIENTIFIC RESULT,displacement-report-draft-v1
MOCK_S08,MOCK_G04,1,non_speaking,left_brow,full,0.005262677784443406,0.005262677784443407,MOCK_S08_non_speaking_left_brow,3,900,f6df0b1e57d3442e565022d6c2e65fde08056010a328c533252c24f44be7e3b3,displacement_mean_euclidean_error,evaluable,,180,105,780,True,MOCK DATA / NOT A SCIENTIFIC RESULT,displacement-report-draft-v1
MOCK_S08,MOCK_G04,1,non_speaking,left_brow,pcmci,0.006597095979615637,0.006597095979615637,MOCK_S08_non_speaking_left_brow,3,900,f6df0b1e57d3442e565022d6c2e65fde08056010a328c533252c24f44be7e3b3,displacement_mean_euclidean_error,evaluable,,180,0,0,True,MOCK DATA / NOT A SCIENTIFIC RESULT,displacement-report-draft-v1
MOCK_S08,MOCK_G04,1,non_speaking,right_brow,persistence,0.006430395625737806,,MOCK_S08_non_speaking_right_brow,3,900,f6df0b1e57d3442e565022d6c2e65fde08056010a328c533252c24f44be7e3b3,displacement_mean_euclidean_error,evaluable,,180,0,0,True,MOCK DATA / NOT A SCIENTIFIC RESULT,displacement-report-draft-v1
MOCK_S08,MOCK_G04,1,non_speaking,right_brow,self,0.0068970959796156375,0.006897095979615637,MOCK_S08_non_speaking_right_brow,3,900,f6df0b1e57d3442e565022d6c2e65fde08056010a328c533252c24f44be7e3b3,displacement_mean_euclidean_error,evaluable,,180,0,0,True,MOCK DATA / NOT A SCIENTIFIC RESULT,displacement-report-draft-v1
MOCK_S08,MOCK_G04,1,non_speaking,right_brow,full,0.005551986789467499,0.005551986789467498,MOCK_S08_non_speaking_right_brow,3,900,f6df0b1e57d3442e565022d6c2e65fde08056010a328c533252c24f44be7e3b3,displacement_mean_euclidean_error,evaluable,,180,105,780,True,MOCK DATA / NOT A SCIENTIFIC RESULT,displacement-report-draft-v1
MOCK_S08,MOCK_G04,1,non_speaking,right_brow,pcmci,0.007049465287763209,0.007049465287763208,MOCK_S08_non_speaking_right_brow,3,900,f6df0b1e57d3442e565022d6c2e65fde08056010a328c533252c24f44be7e3b3,displacement_mean_euclidean_error,evaluable,,180,3,20,True,MOCK DATA / NOT A SCIENTIFIC RESULT,displacement-report-draft-v1
MOCK_S08,MOCK_G04,1,non_speaking,left_eyelid,persistence,0.006390632758910292,,MOCK_S08_non_speaking_left_eyelid,4,900,f6df0b1e57d3442e565022d6c2e65fde08056010a328c533252c24f44be7e3b3,displacement_mean_euclidean_error,evaluable,,240,0,0,True,MOCK DATA / NOT A SCIENTIFIC RESULT,displacement-report-draft-v1
MOCK_S08,MOCK_G04,1,non_speaking,left_eyelid,self,0.0071970959796156374,0.007197095979615637,MOCK_S08_non_speaking_left_eyelid,4,900,f6df0b1e57d3442e565022d6c2e65fde08056010a328c533252c24f44be7e3b3,displacement_mean_euclidean_error,evaluable,,240,0,0,True,MOCK DATA / NOT A SCIENTIFIC RESULT,displacement-report-draft-v1
MOCK_S08,MOCK_G04,1,non_speaking,left_eyelid,full,0.0065723155170798915,0.00657231551707989,MOCK_S08_non_speaking_left_eyelid,4,900,f6df0b1e57d3442e565022d6c2e65fde08056010a328c533252c24f44be7e3b3,displacement_mean_euclidean_error,evaluable,,240,105,750,True,MOCK DATA / NOT A SCIENTIFIC RESULT,displacement-report-draft-v1
MOCK_S08,MOCK_G04,1,non_speaking,left_eyelid,pcmci,0.0075771954614844575,0.007577195461484457,MOCK_S08_non_speaking_left_eyelid,4,900,f6df0b1e57d3442e565022d6c2e65fde08056010a328c533252c24f44be7e3b3,displacement_mean_euclidean_error,evaluable,,240,3,20,True,MOCK DATA / NOT A SCIENTIFIC RESULT,displacement-report-draft-v1
MOCK_S08,MOCK_G04,1,non_speaking,right_eyelid,persistence,0.006547382546839998,,MOCK_S08_non_speaking_right_eyelid,4,900,f6df0b1e57d3442e565022d6c2e65fde08056010a328c533252c24f44be7e3b3,displacement_mean_euclidean_error,evaluable,,240,0,0,True,MOCK DATA / NOT A SCIENTIFIC RESULT,displacement-report-draft-v1
MOCK_S08,MOCK_G04,1,non_speaking,right_eyelid,self,0.007497095979615638,0.0074970959796156365,MOCK_S08_non_speaking_right_eyelid,4,900,f6df0b1e57d3442e565022d6c2e65fde08056010a328c533252c24f44be7e3b3,displacement_mean_euclidean_error,evaluable,,240,0,0,True,MOCK DATA / NOT A SCIENTIFIC RESULT,displacement-report-draft-v1
MOCK_S08,MOCK_G04,1,non_speaking,right_eyelid,full,0.007661397057079874,0.007661397057079874,MOCK_S08_non_speaking_right_eyelid,4,900,f6df0b1e57d3442e565022d6c2e65fde08056010a328c533252c24f44be7e3b3,displacement_mean_euclidean_error,evaluable,,240,105,750,True,MOCK DATA / NOT A SCIENTIFIC RESULT,displacement-report-draft-v1
MOCK_S08,MOCK_G04,1,non_speaking,right_eyelid,pcmci,0.0073417359997754094,0.007341735999775409,MOCK_S08_non_speaking_right_eyelid,4,900,f6df0b1e57d3442e565022d6c2e65fde08056010a328c533252c24f44be7e3b3,displacement_mean_euclidean_error,evaluable,,240,3,24,True,MOCK DATA / NOT A SCIENTIFIC RESULT,displacement-report-draft-v1
MOCK_S08,MOCK_G04,1,non_speaking,left_cheek,persistence,0.006596528247713332,,MOCK_S08_non_speaking_left_cheek,2,900,f6df0b1e57d3442e565022d6c2e65fde08056010a328c533252c24f44be7e3b3,displacement_mean_euclidean_error,evaluable,,120,0,0,True,MOCK DATA / NOT A SCIENTIFIC RESULT,displacement-report-draft-v1
MOCK_S08,MOCK_G04,1,non_speaking,left_cheek,self,0.0077970959796156356,0.007797095979615636,MOCK_S08_non_speaking_left_cheek,2,900,f6df0b1e57d3442e565022d6c2e65fde08056010a328c533252c24f44be7e3b3,displacement_mean_euclidean_error,evaluable,,120,0,0,True,MOCK DATA / NOT A SCIENTIFIC RESULT,displacement-report-draft-v1
MOCK_S08,MOCK_G04,1,non_speaking,left_cheek,full,0.008093753480627432,0.008093753480627432,MOCK_S08_non_speaking_left_cheek,2,900,f6df0b1e57d3442e565022d6c2e65fde08056010a328c533252c24f44be7e3b3,displacement_mean_euclidean_error,evaluable,,120,105,810,True,MOCK DATA / NOT A SCIENTIFIC RESULT,displacement-report-draft-v1
MOCK_S08,MOCK_G04,1,non_speaking,left_cheek,pcmci,0.006835385862333536,0.006835385862333536,MOCK_S08_non_speaking_left_cheek,2,900,f6df0b1e57d3442e565022d6c2e65fde08056010a328c533252c24f44be7e3b3,displacement_mean_euclidean_error,evaluable,,120,3,14,True,MOCK DATA / NOT A SCIENTIFIC RESULT,displacement-report-draft-v1
MOCK_S08,MOCK_G04,1,non_speaking,right_cheek,persistence,0.006477635811620157,,MOCK_S08_non_speaking_right_cheek,2,900,f6df0b1e57d3442e565022d6c2e65fde08056010a328c533252c24f44be7e3b3,displacement_mean_euclidean_error,evaluable,,120,0,0,True,MOCK DATA / NOT A SCIENTIFIC RESULT,displacement-report-draft-v1
MOCK_S08,MOCK_G04,1,non_speaking,right_cheek,self,0.008097095979615635,0.008097095979615635,MOCK_S08_non_speaking_right_cheek,2,900,f6df0b1e57d3442e565022d6c2e65fde08056010a328c533252c24f44be7e3b3,displacement_mean_euclidean_error,evaluable,,120,0,0,True,MOCK DATA / NOT A SCIENTIFIC RESULT,displacement-report-draft-v1
MOCK_S08,MOCK_G04,1,non_speaking,right_cheek,full,0.0077476969023058595,0.007747696902305859,MOCK_S08_non_speaking_right_cheek,2,900,f6df0b1e57d3442e565022d6c2e65fde08056010a328c533252c24f44be7e3b3,displacement_mean_euclidean_error,evaluable,,120,105,810,True,MOCK DATA / NOT A SCIENTIFIC RESULT,displacement-report-draft-v1
MOCK_S08,MOCK_G04,1,non_speaking,right_cheek,pcmci,0.006799499646848714,0.006799499646848714,MOCK_S08_non_speaking_right_cheek,2,900,f6df0b1e57d3442e565022d6c2e65fde08056010a328c533252c24f44be7e3b3,displacement_mean_euclidean_error,evaluable,,120,3,38,True,MOCK DATA / NOT A SCIENTIFIC RESULT,displacement-report-draft-v1
MOCK_S08,MOCK_G04,1,non_speaking,mouth,persistence,0.006810416689983523,,MOCK_S08_non_speaking_mouth,8,900,f6df0b1e57d3442e565022d6c2e65fde08056010a328c533252c24f44be7e3b3,displacement_mean_euclidean_error,evaluable,,480,0,0,True,MOCK DATA / NOT A SCIENTIFIC RESULT,displacement-report-draft-v1
MOCK_S08,MOCK_G04,1,non_speaking,mouth,self,0.008397095979615634,0.008397095979615635,MOCK_S08_non_speaking_mouth,8,900,f6df0b1e57d3442e565022d6c2e65fde08056010a328c533252c24f44be7e3b3,displacement_mean_euclidean_error,evaluable,,480,0,0,True,MOCK DATA / NOT A SCIENTIFIC RESULT,displacement-report-draft-v1
MOCK_S08,MOCK_G04,1,non_speaking,mouth,full,0.007217208760781446,0.0072172087607814475,MOCK_S08_non_speaking_mouth,8,900,f6df0b1e57d3442e565022d6c2e65fde08056010a328c533252c24f44be7e3b3,displacement_mean_euclidean_error,evaluable,,480,105,630,True,MOCK DATA / NOT A SCIENTIFIC RESULT,displacement-report-draft-v1
MOCK_S08,MOCK_G04,1,non_speaking,mouth,pcmci,0.00754288959081904,0.007542889590819041,MOCK_S08_non_speaking_mouth,8,900,f6df0b1e57d3442e565022d6c2e65fde08056010a328c533252c24f44be7e3b3,displacement_mean_euclidean_error,evaluable,,480,3,18,True,MOCK DATA / NOT A SCIENTIFIC RESULT,displacement-report-draft-v1
MOCK_S08,MOCK_G04,1,non_speaking,jaw,persistence,0.00669813106713183,,MOCK_S08_non_speaking_jaw,3,900,f6df0b1e57d3442e565022d6c2e65fde08056010a328c533252c24f44be7e3b3,displacement_mean_euclidean_error,evaluable,,180,0,0,True,MOCK DATA / NOT A SCIENTIFIC RESULT,displacement-report-draft-v1
MOCK_S08,MOCK_G04,1,non_speaking,jaw,self,0.008697095979615634,0.008697095979615635,MOCK_S08_non_speaking_jaw,3,900,f6df0b1e57d3442e565022d6c2e65fde08056010a328c533252c24f44be7e3b3,displacement_mean_euclidean_error,evaluable,,180,0,0,True,MOCK DATA / NOT A SCIENTIFIC RESULT,displacement-report-draft-v1
MOCK_S08,MOCK_G04,1,non_speaking,jaw,full,0.00726583602337945,0.00726583602337945,MOCK_S08_non_speaking_jaw,3,900,f6df0b1e57d3442e565022d6c2e65fde08056010a328c533252c24f44be7e3b3,displacement_mean_euclidean_error,evaluable,,180,105,780,True,MOCK DATA / NOT A SCIENTIFIC RESULT,displacement-report-draft-v1
MOCK_S08,MOCK_G04,1,non_speaking,jaw,pcmci,0.00865790502455569,0.00865790502455569,MOCK_S08_non_speaking_jaw,3,900,f6df0b1e57d3442e565022d6c2e65fde08056010a328c533252c24f44be7e3b3,displacement_mean_euclidean_error,evaluable,,180,3,20,True,MOCK DATA / NOT A SCIENTIFIC RESULT,displacement-report-draft-v1
MOCK_S09,MOCK_G05,1,speaking,left_brow,persistence,0.006503133155348593,,MOCK_S09_speaking_left_brow,3,900,2c6eae23a6b41b4c7232e74751e07c7c391c1b798576a7bd89495d40248ea8f6,displacement_mean_euclidean_error,evaluable,,180,0,0,True,MOCK DATA / NOT A SCIENTIFIC RESULT,displacement-report-draft-v1
MOCK_S09,MOCK_G05,1,speaking,left_brow,self,0.0062968074739870135,0.006296807473987014,MOCK_S09_speaking_left_brow,3,900,2c6eae23a6b41b4c7232e74751e07c7c391c1b798576a7bd89495d40248ea8f6,displacement_mean_euclidean_error,evaluable,,180,0,0,True,MOCK DATA / NOT A SCIENTIFIC RESULT,displacement-report-draft-v1
MOCK_S09,MOCK_G05,1,speaking,left_brow,full,0.0048502593260347565,0.004850259326034757,MOCK_S09_speaking_left_brow,3,900,2c6eae23a6b41b4c7232e74751e07c7c391c1b798576a7bd89495d40248ea8f6,displacement_mean_euclidean_error,evaluable,,180,105,780,True,MOCK DATA / NOT A SCIENTIFIC RESULT,displacement-report-draft-v1
MOCK_S09,MOCK_G05,1,speaking,left_brow,pcmci,0.005291210396252944,0.005291210396252945,MOCK_S09_speaking_left_brow,3,900,2c6eae23a6b41b4c7232e74751e07c7c391c1b798576a7bd89495d40248ea8f6,displacement_mean_euclidean_error,evaluable,,180,3,20,True,MOCK DATA / NOT A SCIENTIFIC RESULT,displacement-report-draft-v1
MOCK_S09,MOCK_G05,1,speaking,right_brow,persistence,0.006584085022520956,,MOCK_S09_speaking_right_brow,3,900,2c6eae23a6b41b4c7232e74751e07c7c391c1b798576a7bd89495d40248ea8f6,displacement_mean_euclidean_error,evaluable,,180,0,0,True,MOCK DATA / NOT A SCIENTIFIC RESULT,displacement-report-draft-v1
MOCK_S09,MOCK_G05,1,speaking,right_brow,self,0.006596807473987014,0.006596807473987014,MOCK_S09_speaking_right_brow,3,900,2c6eae23a6b41b4c7232e74751e07c7c391c1b798576a7bd89495d40248ea8f6,displacement_mean_euclidean_error,evaluable,,180,0,0,True,MOCK DATA / NOT A SCIENTIFIC RESULT,displacement-report-draft-v1
MOCK_S09,MOCK_G05,1,speaking,right_brow,full,0.005628665512514633,0.005628665512514633,MOCK_S09_speaking_right_brow,3,900,2c6eae23a6b41b4c7232e74751e07c7c391c1b798576a7bd89495d40248ea8f6,displacement_mean_euclidean_error,evaluable,,180,105,780,True,MOCK DATA / NOT A SCIENTIFIC RESULT,displacement-report-draft-v1
MOCK_S09,MOCK_G05,1,speaking,right_brow,pcmci,0.006387920331630757,0.006387920331630757,MOCK_S09_speaking_right_brow,3,900,2c6eae23a6b41b4c7232e74751e07c7c391c1b798576a7bd89495d40248ea8f6,displacement_mean_euclidean_error,evaluable,,180,3,20,True,MOCK DATA / NOT A SCIENTIFIC RESULT,displacement-report-draft-v1
MOCK_S09,MOCK_G05,1,speaking,left_eyelid,persistence,0.006584345077514492,,MOCK_S09_speaking_left_eyelid,4,900,2c6eae23a6b41b4c7232e74751e07c7c391c1b798576a7bd89495d40248ea8f6,displacement_mean_euclidean_error,evaluable,,240,0,0,True,MOCK DATA / NOT A SCIENTIFIC RESULT,displacement-report-draft-v1
MOCK_S09,MOCK_G05,1,speaking,left_eyelid,self,0.006896807473987015,0.006896807473987014,MOCK_S09_speaking_left_eyelid,4,900,2c6eae23a6b41b4c7232e74751e07c7c391c1b798576a7bd89495d40248ea8f6,displacement_mean_euclidean_error,evaluable,,240,0,0,True,MOCK DATA / NOT A SCIENTIFIC RESULT,displacement-report-draft-v1
MOCK_S09,MOCK_G05,1,speaking,left_eyelid,full,0.0067915094900117615,0.0067915094900117615,MOCK_S09_speaking_left_eyelid,4,900,2c6eae23a6b41b4c7232e74751e07c7c391c1b798576a7bd89495d40248ea8f6,displacement_mean_euclidean_error,evaluable,,240,105,750,True,MOCK DATA / NOT A SCIENTIFIC RESULT,displacement-report-draft-v1
MOCK_S09,MOCK_G05,1,speaking,left_eyelid,pcmci,0.007262952217639826,0.007262952217639825,MOCK_S09_speaking_left_eyelid,4,900,2c6eae23a6b41b4c7232e74751e07c7c391c1b798576a7bd89495d40248ea8f6,displacement_mean_euclidean_error,evaluable,,240,3,20,True,MOCK DATA / NOT A SCIENTIFIC RESULT,displacement-report-draft-v1
MOCK_S09,MOCK_G05,1,speaking,right_eyelid,persistence,0.006690498157983595,,MOCK_S09_speaking_right_eyelid,4,900,2c6eae23a6b41b4c7232e74751e07c7c391c1b798576a7bd89495d40248ea8f6,displacement_mean_euclidean_error,evaluable,,240,0,0,True,MOCK DATA / NOT A SCIENTIFIC RESULT,displacement-report-draft-v1
MOCK_S09,MOCK_G05,1,speaking,right_eyelid,self,0.007196807473987012,0.007196807473987014,MOCK_S09_speaking_right_eyelid,4,900,2c6eae23a6b41b4c7232e74751e07c7c391c1b798576a7bd89495d40248ea8f6,displacement_mean_euclidean_error,evaluable,,240,0,0,True,MOCK DATA / NOT A SCIENTIFIC RESULT,displacement-report-draft-v1
MOCK_S09,MOCK_G05,1,speaking,right_eyelid,full,0.007545496484824158,0.007545496484824159,MOCK_S09_speaking_right_eyelid,4,900,2c6eae23a6b41b4c7232e74751e07c7c391c1b798576a7bd89495d40248ea8f6,displacement_mean_euclidean_error,evaluable,,240,105,750,True,MOCK DATA / NOT A SCIENTIFIC RESULT,displacement-report-draft-v1
MOCK_S09,MOCK_G05,1,speaking,right_eyelid,pcmci,0.007387624390178821,0.007387624390178823,MOCK_S09_speaking_right_eyelid,4,900,2c6eae23a6b41b4c7232e74751e07c7c391c1b798576a7bd89495d40248ea8f6,displacement_mean_euclidean_error,evaluable,,240,3,24,True,MOCK DATA / NOT A SCIENTIFIC RESULT,displacement-report-draft-v1
MOCK_S09,MOCK_G05,1,speaking,left_cheek,persistence,0.0067554766850838515,,MOCK_S09_speaking_left_cheek,2,900,2c6eae23a6b41b4c7232e74751e07c7c391c1b798576a7bd89495d40248ea8f6,displacement_mean_euclidean_error,evaluable,,120,0,0,True,MOCK DATA / NOT A SCIENTIFIC RESULT,displacement-report-draft-v1
MOCK_S09,MOCK_G05,1,speaking,left_cheek,self,0.007496807473987014,0.007496807473987014,MOCK_S09_speaking_left_cheek,2,900,2c6eae23a6b41b4c7232e74751e07c7c391c1b798576a7bd89495d40248ea8f6,displacement_mean_euclidean_error,evaluable,,120,0,0,True,MOCK DATA / NOT A SCIENTIFIC RESULT,displacement-report-draft-v1
MOCK_S09,MOCK_G05,1,speaking,left_cheek,full,0.0074732329475896,0.0074732329475895995,MOCK_S09_speaking_left_cheek,2,900,2c6eae23a6b41b4c7232e74751e07c7c391c1b798576a7bd89495d40248ea8f6,displacement_mean_euclidean_error,evaluable,,120,105,810,True,MOCK DATA / NOT A SCIENTIFIC RESULT,displacement-report-draft-v1
MOCK_S09,MOCK_G05,1,speaking,left_cheek,pcmci,0.006923132445249692,0.006923132445249692,MOCK_S09_speaking_left_cheek,2,900,2c6eae23a6b41b4c7232e74751e07c7c391c1b798576a7bd89495d40248ea8f6,displacement_mean_euclidean_error,evaluable,,120,3,14,True,MOCK DATA / NOT A SCIENTIFIC RESULT,displacement-report-draft-v1
MOCK_S09,MOCK_G05,1,speaking,right_cheek,persistence,0.006704776085516649,,MOCK_S09_speaking_right_cheek,2,900,2c6eae23a6b41b4c7232e74751e07c7c391c1b798576a7bd89495d40248ea8f6,displacement_mean_euclidean_error,evaluable,,120,0,0,True,MOCK DATA / NOT A SCIENTIFIC RESULT,displacement-report-draft-v1
MOCK_S09,MOCK_G05,1,speaking,right_cheek,self,0.007796807473987012,0.007796807473987014,MOCK_S09_speaking_right_cheek,2,900,2c6eae23a6b41b4c7232e74751e07c7c391c1b798576a7bd89495d40248ea8f6,displacement_mean_euclidean_error,evaluable,,120,0,0,True,MOCK DATA / NOT A SCIENTIFIC RESULT,displacement-report-draft-v1
MOCK_S09,MOCK_G05,1,speaking,right_cheek,full,0.006916976257660278,0.0069169762576602786,MOCK_S09_speaking_right_cheek,2,900,2c6eae23a6b41b4c7232e74751e07c7c391c1b798576a7bd89495d40248ea8f6,displacement_mean_euclidean_error,evaluable,,120,105,810,True,MOCK DATA / NOT A SCIENTIFIC RESULT,displacement-report-draft-v1
MOCK_S09,MOCK_G05,1,speaking,right_cheek,pcmci,0.006572346751385037,0.006572346751385039,MOCK_S09_speaking_right_cheek,2,900,2c6eae23a6b41b4c7232e74751e07c7c391c1b798576a7bd89495d40248ea8f6,displacement_mean_euclidean_error,evaluable,,120,3,38,True,MOCK DATA / NOT A SCIENTIFIC RESULT,displacement-report-draft-v1
MOCK_S09,MOCK_G05,1,speaking,mouth,persistence,0.006753688083136375,,MOCK_S09_speaking_mouth,8,900,2c6eae23a6b41b4c7232e74751e07c7c391c1b798576a7bd89495d40248ea8f6,displacement_mean_euclidean_error,evaluable,,480,0,0,True,MOCK DATA / NOT A SCIENTIFIC RESULT,displacement-report-draft-v1
MOCK_S09,MOCK_G05,1,speaking,mouth,self,0.008096807473987014,0.008096807473987014,MOCK_S09_speaking_mouth,8,900,2c6eae23a6b41b4c7232e74751e07c7c391c1b798576a7bd89495d40248ea8f6,displacement_mean_euclidean_error,evaluable,,480,0,0,True,MOCK DATA / NOT A SCIENTIFIC RESULT,displacement-report-draft-v1
MOCK_S09,MOCK_G05,1,speaking,mouth,full,0.006663964866927172,0.006663964866927171,MOCK_S09_speaking_mouth,8,900,2c6eae23a6b41b4c7232e74751e07c7c391c1b798576a7bd89495d40248ea8f6,displacement_mean_euclidean_error,evaluable,,480,105,630,True,MOCK DATA / NOT A SCIENTIFIC RESULT,displacement-report-draft-v1
MOCK_S09,MOCK_G05,1,speaking,mouth,pcmci,0.006933596674272029,0.006933596674272029,MOCK_S09_speaking_mouth,8,900,2c6eae23a6b41b4c7232e74751e07c7c391c1b798576a7bd89495d40248ea8f6,displacement_mean_euclidean_error,evaluable,,480,3,18,True,MOCK DATA / NOT A SCIENTIFIC RESULT,displacement-report-draft-v1
MOCK_S09,MOCK_G05,1,speaking,jaw,persistence,0.0067746188019054765,,MOCK_S09_speaking_jaw,3,900,2c6eae23a6b41b4c7232e74751e07c7c391c1b798576a7bd89495d40248ea8f6,displacement_mean_euclidean_error,evaluable,,180,0,0,True,MOCK DATA / NOT A SCIENTIFIC RESULT,displacement-report-draft-v1
MOCK_S09,MOCK_G05,1,speaking,jaw,self,0.008396807473987014,0.008396807473987014,MOCK_S09_speaking_jaw,3,900,2c6eae23a6b41b4c7232e74751e07c7c391c1b798576a7bd89495d40248ea8f6,displacement_mean_euclidean_error,evaluable,,180,0,0,True,MOCK DATA / NOT A SCIENTIFIC RESULT,displacement-report-draft-v1
MOCK_S09,MOCK_G05,1,speaking,jaw,full,0.007222634897687604,0.007222634897687603,MOCK_S09_speaking_jaw,3,900,2c6eae23a6b41b4c7232e74751e07c7c391c1b798576a7bd89495d40248ea8f6,displacement_mean_euclidean_error,evaluable,,180,105,780,True,MOCK DATA / NOT A SCIENTIFIC RESULT,displacement-report-draft-v1
MOCK_S09,MOCK_G05,1,speaking,jaw,pcmci,0.007950569317276857,0.007950569317276857,MOCK_S09_speaking_jaw,3,900,2c6eae23a6b41b4c7232e74751e07c7c391c1b798576a7bd89495d40248ea8f6,displacement_mean_euclidean_error,evaluable,,180,3,20,True,MOCK DATA / NOT A SCIENTIFIC RESULT,displacement-report-draft-v1
MOCK_S09,MOCK_G05,1,non_speaking,left_brow,persistence,0.00648409616124155,,MOCK_S09_non_speaking_left_brow,3,900,4c5bf21e1b48a35baf04fa5dba0189f737aac9ac903dddf08f05c59acddda871,displacement_mean_euclidean_error,evaluable,,180,0,0,True,MOCK DATA / NOT A SCIENTIFIC RESULT,displacement-report-draft-v1
MOCK_S09,MOCK_G05,1,non_speaking,left_brow,self,0.0066968074739870145,0.0066968074739870145,MOCK_S09_non_speaking_left_brow,3,900,4c5bf21e1b48a35baf04fa5dba0189f737aac9ac903dddf08f05c59acddda871,displacement_mean_euclidean_error,evaluable,,180,0,0,True,MOCK DATA / NOT A SCIENTIFIC RESULT,displacement-report-draft-v1
MOCK_S09,MOCK_G05,1,non_speaking,left_brow,full,0.0052502593260347575,0.0052502593260347575,MOCK_S09_non_speaking_left_brow,3,900,4c5bf21e1b48a35baf04fa5dba0189f737aac9ac903dddf08f05c59acddda871,displacement_mean_euclidean_error,evaluable,,180,105,780,True,MOCK DATA / NOT A SCIENTIFIC RESULT,displacement-report-draft-v1
MOCK_S09,MOCK_G05,1,non_speaking,left_brow,pcmci,0.0066968074739870145,0.0066968074739870145,MOCK_S09_non_speaking_left_brow,3,900,4c5bf21e1b48a35baf04fa5dba0189f737aac9ac903dddf08f05c59acddda871,displacement_mean_euclidean_error,evaluable,,180,0,0,True,MOCK DATA / NOT A SCIENTIFIC RESULT,displacement-report-draft-v1
MOCK_S09,MOCK_G05,1,non_speaking,right_brow,persistence,0.00650889831731262,,MOCK_S09_non_speaking_right_brow,3,900,4c5bf21e1b48a35baf04fa5dba0189f737aac9ac903dddf08f05c59acddda871,displacement_mean_euclidean_error,evaluable,,180,0,0,True,MOCK DATA / NOT A SCIENTIFIC RESULT,displacement-report-draft-v1
MOCK_S09,MOCK_G05,1,non_speaking,right_brow,self,0.0069968074739870136,0.006996807473987014,MOCK_S09_non_speaking_right_brow,3,900,4c5bf21e1b48a35baf04fa5dba0189f737aac9ac903dddf08f05c59acddda871,displacement_mean_euclidean_error,evaluable,,180,0,0,True,MOCK DATA / NOT A SCIENTIFIC RESULT,displacement-report-draft-v1
MOCK_S09,MOCK_G05,1,non_speaking,right_brow,full,0.006028665512514632,0.006028665512514633,MOCK_S09_non_speaking_right_brow,3,900,4c5bf21e1b48a35baf04fa5dba0189f737aac9ac903dddf08f05c59acddda871,displacement_mean_euclidean_error,evaluable,,180,105,780,True,MOCK DATA / NOT A SCIENTIFIC RESULT,displacement-report-draft-v1
MOCK_S09,MOCK_G05,1,non_speaking,right_brow,pcmci,0.007362952217639826,0.007362952217639825,MOCK_S09_non_speaking_right_brow,3,900,4c5bf21e1b48a35baf04fa5dba0189f737aac9ac903dddf08f05c59acddda871,displacement_mean_euclidean_error,evaluable,,180,3,20,True,MOCK DATA / NOT A SCIENTIFIC RESULT,displacement-report-draft-v1
MOCK_S09,MOCK_G05,1,non_speaking,left_eyelid,persistence,0.006592190745851081,,MOCK_S09_non_speaking_left_eyelid,4,900,4c5bf21e1b48a35baf04fa5dba0189f737aac9ac903dddf08f05c59acddda871,displacement_mean_euclidean_error,evaluable,,240,0,0,True,MOCK DATA / NOT A SCIENTIFIC RESULT,displacement-report-draft-v1
MOCK_S09,MOCK_G05,1,non_speaking,left_eyelid,self,0.007296807473987014,0.007296807473987014,MOCK_S09_non_speaking_left_eyelid,4,900,4c5bf21e1b48a35baf04fa5dba0189f737aac9ac903dddf08f05c59acddda871,displacement_mean_euclidean_error,evaluable,,240,0,0,True,MOCK DATA / NOT A SCIENTIFIC RESULT,displacement-report-draft-v1
MOCK_S09,MOCK_G05,1,non_speaking,left_eyelid,full,0.007191509490011762,0.007191509490011762,MOCK_S09_non_speaking_left_eyelid,4,900,4c5bf21e1b48a35baf04fa5dba0189f737aac9ac903dddf08f05c59acddda871,displacement_mean_euclidean_error,evaluable,,240,105,750,True,MOCK DATA / NOT A SCIENTIFIC RESULT,displacement-report-draft-v1
MOCK_S09,MOCK_G05,1,non_speaking,left_eyelid,pcmci,0.007487624390178823,0.007487624390178823,MOCK_S09_non_speaking_left_eyelid,4,900,4c5bf21e1b48a35baf04fa5dba0189f737aac9ac903dddf08f05c59acddda871,displacement_mean_euclidean_error,evaluable,,240,3,20,True,MOCK DATA / NOT A SCIENTIFIC RESULT,displacement-report-draft-v1
MOCK_S09,MOCK_G05,1,non_speaking,right_eyelid,persistence,0.0066265281860590775,,MOCK_S09_non_speaking_right_eyelid,4,900,4c5bf21e1b48a35baf04fa5dba0189f737aac9ac903dddf08f05c59acddda871,displacement_mean_euclidean_error,evaluable,,240,0,0,True,MOCK DATA / NOT A SCIENTIFIC RESULT,displacement-report-draft-v1
MOCK_S09,MOCK_G05,1,non_speaking,right_eyelid,self,0.007596807473987015,0.007596807473987014,MOCK_S09_non_speaking_right_eyelid,4,900,4c5bf21e1b48a35baf04fa5dba0189f737aac9ac903dddf08f05c59acddda871,displacement_mean_euclidean_error,evaluable,,240,0,0,True,MOCK DATA / NOT A SCIENTIFIC RESULT,displacement-report-draft-v1
MOCK_S09,MOCK_G05,1,non_speaking,right_eyelid,full,0.007945496484824158,0.007945496484824158,MOCK_S09_non_speaking_right_eyelid,4,900,4c5bf21e1b48a35baf04fa5dba0189f737aac9ac903dddf08f05c59acddda871,displacement_mean_euclidean_error,evaluable,,240,105,750,True,MOCK DATA / NOT A SCIENTIFIC RESULT,displacement-report-draft-v1
MOCK_S09,MOCK_G05,1,non_speaking,right_eyelid,pcmci,0.0070231324452496935,0.007023132445249693,MOCK_S09_non_speaking_right_eyelid,4,900,4c5bf21e1b48a35baf04fa5dba0189f737aac9ac903dddf08f05c59acddda871,displacement_mean_euclidean_error,evaluable,,240,3,24,True,MOCK DATA / NOT A SCIENTIFIC RESULT,displacement-report-draft-v1
MOCK_S09,MOCK_G05,1,non_speaking,left_cheek,persistence,0.006547602785615803,,MOCK_S09_non_speaking_left_cheek,2,900,4c5bf21e1b48a35baf04fa5dba0189f737aac9ac903dddf08f05c59acddda871,displacement_mean_euclidean_error,evaluable,,120,0,0,True,MOCK DATA / NOT A SCIENTIFIC RESULT,displacement-report-draft-v1
MOCK_S09,MOCK_G05,1,non_speaking,left_cheek,self,0.007896807473987015,0.007896807473987015,MOCK_S09_non_speaking_left_cheek,2,900,4c5bf21e1b48a35baf04fa5dba0189f737aac9ac903dddf08f05c59acddda871,displacement_mean_euclidean_error,evaluable,,120,0,0,True,MOCK DATA / NOT A SCIENTIFIC RESULT,displacement-report-draft-v1
MOCK_S09,MOCK_G05,1,non_speaking,left_cheek,full,0.007873232947589598,0.0078732329475896,MOCK_S09_non_speaking_left_cheek,2,900,4c5bf21e1b48a35baf04fa5dba0189f737aac9ac903dddf08f05c59acddda871,displacement_mean_euclidean_error,evaluable,,120,105,810,True,MOCK DATA / NOT A SCIENTIFIC RESULT,displacement-report-draft-v1
MOCK_S09,MOCK_G05,1,non_speaking,left_cheek,pcmci,0.00667234675138504,0.00667234675138504,MOCK_S09_non_speaking_left_cheek,2,900,4c5bf21e1b48a35baf04fa5dba0189f737aac9ac903dddf08f05c59acddda871,displacement_mean_euclidean_error,evaluable,,120,3,14,True,MOCK DATA / NOT A SCIENTIFIC RESULT,displacement-report-draft-v1
MOCK_S09,MOCK_G05,1,non_speaking,right_cheek,persistence,0.006692277120902982,,MOCK_S09_non_speaking_right_cheek,2,900,4c5bf21e1b48a35baf04fa5dba0189f737aac9ac903dddf08f05c59acddda871,displacement_mean_euclidean_error,evaluable,,120,0,0,True,MOCK DATA / NOT A SCIENTIFIC RESULT,displacement-report-draft-v1
MOCK_S09,MOCK_G05,1,non_speaking,right_cheek,self,0.008196807473987013,0.008196807473987013,MOCK_S09_non_speaking_right_cheek,2,900,4c5bf21e1b48a35baf04fa5dba0189f737aac9ac903dddf08f05c59acddda871,displacement_mean_euclidean_error,evaluable,,120,0,0,True,MOCK DATA / NOT A SCIENTIFIC RESULT,displacement-report-draft-v1
MOCK_S09,MOCK_G05,1,non_speaking,right_cheek,full,0.007316976257660278,0.007316976257660278,MOCK_S09_non_speaking_right_cheek,2,900,4c5bf21e1b48a35baf04fa5dba0189f737aac9ac903dddf08f05c59acddda871,displacement_mean_euclidean_error,evaluable,,120,105,810,True,MOCK DATA / NOT A SCIENTIFIC RESULT,displacement-report-draft-v1
MOCK_S09,MOCK_G05,1,non_speaking,right_cheek,pcmci,0.007033596674272029,0.0070335966742720284,MOCK_S09_non_speaking_right_cheek,2,900,4c5bf21e1b48a35baf04fa5dba0189f737aac9ac903dddf08f05c59acddda871,displacement_mean_euclidean_error,evaluable,,120,3,38,True,MOCK DATA / NOT A SCIENTIFIC RESULT,displacement-report-draft-v1
MOCK_S09,MOCK_G05,1,non_speaking,mouth,persistence,0.006645477100815496,,MOCK_S09_non_speaking_mouth,8,900,4c5bf21e1b48a35baf04fa5dba0189f737aac9ac903dddf08f05c59acddda871,displacement_mean_euclidean_error,evaluable,,480,0,0,True,MOCK DATA / NOT A SCIENTIFIC RESULT,displacement-report-draft-v1
MOCK_S09,MOCK_G05,1,non_speaking,mouth,self,0.008496807473987013,0.008496807473987013,MOCK_S09_non_speaking_mouth,8,900,4c5bf21e1b48a35baf04fa5dba0189f737aac9ac903dddf08f05c59acddda871,displacement_mean_euclidean_error,evaluable,,480,0,0,True,MOCK DATA / NOT A SCIENTIFIC RESULT,displacement-report-draft-v1
MOCK_S09,MOCK_G05,1,non_speaking,mouth,full,0.00706396486692717,0.0070639648669271705,MOCK_S09_non_speaking_mouth,8,900,4c5bf21e1b48a35baf04fa5dba0189f737aac9ac903dddf08f05c59acddda871,displacement_mean_euclidean_error,evaluable,,480,105,630,True,MOCK DATA / NOT A SCIENTIFIC RESULT,displacement-report-draft-v1
MOCK_S09,MOCK_G05,1,non_speaking,mouth,pcmci,0.008050569317276856,0.008050569317276856,MOCK_S09_non_speaking_mouth,8,900,4c5bf21e1b48a35baf04fa5dba0189f737aac9ac903dddf08f05c59acddda871,displacement_mean_euclidean_error,evaluable,,480,3,18,True,MOCK DATA / NOT A SCIENTIFIC RESULT,displacement-report-draft-v1
MOCK_S09,MOCK_G05,1,non_speaking,jaw,persistence,0.006878535565684561,,MOCK_S09_non_speaking_jaw,3,900,4c5bf21e1b48a35baf04fa5dba0189f737aac9ac903dddf08f05c59acddda871,displacement_mean_euclidean_error,evaluable,,180,0,0,True,MOCK DATA / NOT A SCIENTIFIC RESULT,displacement-report-draft-v1
MOCK_S09,MOCK_G05,1,non_speaking,jaw,self,0.008796807473987013,0.008796807473987013,MOCK_S09_non_speaking_jaw,3,900,4c5bf21e1b48a35baf04fa5dba0189f737aac9ac903dddf08f05c59acddda871,displacement_mean_euclidean_error,evaluable,,180,0,0,True,MOCK DATA / NOT A SCIENTIFIC RESULT,displacement-report-draft-v1
MOCK_S09,MOCK_G05,1,non_speaking,jaw,full,0.007622634897687604,0.007622634897687603,MOCK_S09_non_speaking_jaw,3,900,4c5bf21e1b48a35baf04fa5dba0189f737aac9ac903dddf08f05c59acddda871,displacement_mean_euclidean_error,evaluable,,180,105,780,True,MOCK DATA / NOT A SCIENTIFIC RESULT,displacement-report-draft-v1
MOCK_S09,MOCK_G05,1,non_speaking,jaw,pcmci,0.00906408333890963,0.00906408333890963,MOCK_S09_non_speaking_jaw,3,900,4c5bf21e1b48a35baf04fa5dba0189f737aac9ac903dddf08f05c59acddda871,displacement_mean_euclidean_error,evaluable,,180,3,20,True,MOCK DATA / NOT A SCIENTIFIC RESULT,displacement-report-draft-v1
MOCK_S10,MOCK_G05,1,speaking,left_brow,persistence,0.006498494011661525,,MOCK_S10_speaking_left_brow,3,900,a3db3e9b1f4ffa50d122e9882ade5d8f496c48f431091b159483980de7b83a78,displacement_mean_euclidean_error,evaluable,,180,0,0,True,MOCK DATA / NOT A SCIENTIFIC RESULT,displacement-report-draft-v1
MOCK_S10,MOCK_G05,1,speaking,left_brow,self,0.006123635545572527,0.006123635545572527,MOCK_S10_speaking_left_brow,3,900,a3db3e9b1f4ffa50d122e9882ade5d8f496c48f431091b159483980de7b83a78,displacement_mean_euclidean_error,evaluable,,180,0,0,True,MOCK DATA / NOT A SCIENTIFIC RESULT,displacement-report-draft-v1
MOCK_S10,MOCK_G05,1,speaking,left_brow,full,0.004878147506772137,0.0048781475067721375,MOCK_S10_speaking_left_brow,3,900,a3db3e9b1f4ffa50d122e9882ade5d8f496c48f431091b159483980de7b83a78,displacement_mean_euclidean_error,evaluable,,180,105,780,True,MOCK DATA / NOT A SCIENTIFIC RESULT,displacement-report-draft-v1
MOCK_S10,MOCK_G05,1,speaking,left_brow,pcmci,0.0054944591160563635,0.005494459116056364,MOCK_S10_speaking_left_brow,3,900,a3db3e9b1f4ffa50d122e9882ade5d8f496c48f431091b159483980de7b83a78,displacement_mean_euclidean_error,evaluable,,180,3,20,True,MOCK DATA / NOT A SCIENTIFIC RESULT,displacement-report-draft-v1
MOCK_S10,MOCK_G05,1,speaking,right_brow,persistence,0.006458308464534839,,MOCK_S10_speaking_right_brow,3,900,a3db3e9b1f4ffa50d122e9882ade5d8f496c48f431091b159483980de7b83a78,displacement_mean_euclidean_error,evaluable,,180,0,0,True,MOCK DATA / NOT A SCIENTIFIC RESULT,displacement-report-draft-v1
MOCK_S10,MOCK_G05,1,speaking,right_brow,self,0.006423635545572526,0.006423635545572527,MOCK_S10_speaking_right_brow,3,900,a3db3e9b1f4ffa50d122e9882ade5d8f496c48f431091b159483980de7b83a78,displacement_mean_euclidean_error,evaluable,,180,0,0,True,MOCK DATA / NOT A SCIENTIFIC RESULT,displacement-report-draft-v1
MOCK_S10,MOCK_G05,1,speaking,right_brow,full,0.00597852982993797,0.0059785298299379706,MOCK_S10_speaking_right_brow,3,900,a3db3e9b1f4ffa50d122e9882ade5d8f496c48f431091b159483980de7b83a78,displacement_mean_euclidean_error,evaluable,,180,105,780,True,MOCK DATA / NOT A SCIENTIFIC RESULT,displacement-report-draft-v1
MOCK_S10,MOCK_G05,1,speaking,right_brow,pcmci,0.006576004853720097,0.006576004853720098,MOCK_S10_speaking_right_brow,3,900,a3db3e9b1f4ffa50d122e9882ade5d8f496c48f431091b159483980de7b83a78,displacement_mean_euclidean_error,evaluable,,180,3,20,True,MOCK DATA / NOT A SCIENTIFIC RESULT,displacement-report-draft-v1
MOCK_S10,MOCK_G05,1,speaking,left_eyelid,persistence,0.006469197445321207,,MOCK_S10_speaking_left_eyelid,4,900,a3db3e9b1f4ffa50d122e9882ade5d8f496c48f431091b159483980de7b83a78,displacement_mean_euclidean_error,evaluable,,240,0,0,True,MOCK DATA / NOT A SCIENTIFIC RESULT,displacement-report-draft-v1
MOCK_S10,MOCK_G05,1,speaking,left_eyelid,self,0.006723635545572527,0.006723635545572527,MOCK_S10_speaking_left_eyelid,4,900,a3db3e9b1f4ffa50d122e9882ade5d8f496c48f431091b159483980de7b83a78,displacement_mean_euclidean_error,evaluable,,240,0,0,True,MOCK DATA / NOT A SCIENTIFIC RESULT,displacement-report-draft-v1
MOCK_S10,MOCK_G05,1,speaking,left_eyelid,full,0.00698247283180299,0.00698247283180299,MOCK_S10_speaking_left_eyelid,4,900,a3db3e9b1f4ffa50d122e9882ade5d8f496c48f431091b159483980de7b83a78,displacement_mean_euclidean_error,evaluable,,240,105,750,True,MOCK DATA / NOT A SCIENTIFIC RESULT,displacement-report-draft-v1
MOCK_S10,MOCK_G05,1,speaking,left_eyelid,pcmci,0.007103735027441347,0.007103735027441347,MOCK_S10_speaking_left_eyelid,4,900,a3db3e9b1f4ffa50d122e9882ade5d8f496c48f431091b159483980de7b83a78,displacement_mean_euclidean_error,evaluable,,240,3,20,True,MOCK DATA / NOT A SCIENTIFIC RESULT,displacement-report-draft-v1
MOCK_S10,MOCK_G05,1,speaking,right_eyelid,persistence,0.006495499212028862,,MOCK_S10_speaking_right_eyelid,4,900,a3db3e9b1f4ffa50d122e9882ade5d8f496c48f431091b159483980de7b83a78,displacement_mean_euclidean_error,evaluable,,240,0,0,True,MOCK DATA / NOT A SCIENTIFIC RESULT,displacement-report-draft-v1
MOCK_S10,MOCK_G05,1,speaking,right_eyelid,self,0.0070236355455725276,0.007023635545572527,MOCK_S10_speaking_right_eyelid,4,900,a3db3e9b1f4ffa50d122e9882ade5d8f496c48f431091b159483980de7b83a78,displacement_mean_euclidean_error,evaluable,,240,0,0,True,MOCK DATA / NOT A SCIENTIFIC RESULT,displacement-report-draft-v1
MOCK_S10,MOCK_G05,1,speaking,right_eyelid,full,0.007242774562851978,0.00724277456285198,MOCK_S10_speaking_right_eyelid,4,900,a3db3e9b1f4ffa50d122e9882ade5d8f496c48f431091b159483980de7b83a78,displacement_mean_euclidean_error,evaluable,,240,105,750,True,MOCK DATA / NOT A SCIENTIFIC RESULT,displacement-report-draft-v1
MOCK_S10,MOCK_G05,1,speaking,right_eyelid,pcmci,0.006868275565732298,0.006868275565732299,MOCK_S10_speaking_right_eyelid,4,900,a3db3e9b1f4ffa50d122e9882ade5d8f496c48f431091b159483980de7b83a78,displacement_mean_euclidean_error,evaluable,,240,3,24,True,MOCK DATA / NOT A SCIENTIFIC RESULT,displacement-report-draft-v1
MOCK_S10,MOCK_G05,1,speaking,left_cheek,persistence,0.006520206566538715,,MOCK_S10_speaking_left_cheek,2,900,a3db3e9b1f4ffa50d122e9882ade5d8f496c48f431091b159483980de7b83a78,displacement_mean_euclidean_error,evaluable,,120,0,0,True,MOCK DATA / NOT A SCIENTIFIC RESULT,displacement-report-draft-v1
MOCK_S10,MOCK_G05,1,speaking,left_cheek,self,0.007323635545572526,0.007323635545572527,MOCK_S10_speaking_left_cheek,2,900,a3db3e9b1f4ffa50d122e9882ade5d8f496c48f431091b159483980de7b83a78,displacement_mean_euclidean_error,evaluable,,120,0,0,True,MOCK DATA / NOT A SCIENTIFIC RESULT,displacement-report-draft-v1
MOCK_S10,MOCK_G05,1,speaking,left_cheek,full,0.006795933428480551,0.00679593342848055,MOCK_S10_speaking_left_cheek,2,900,a3db3e9b1f4ffa50d122e9882ade5d8f496c48f431091b159483980de7b83a78,displacement_mean_euclidean_error,evaluable,,120,105,810,True,MOCK DATA / NOT A SCIENTIFIC RESULT,displacement-report-draft-v1
MOCK_S10,MOCK_G05,1,speaking,left_cheek,pcmci,0.006361925428290426,0.006361925428290427,MOCK_S10_speaking_left_cheek,2,900,a3db3e9b1f4ffa50d122e9882ade5d8f496c48f431091b159483980de7b83a78,displacement_mean_euclidean_error,evaluable,,120,3,14,True,MOCK DATA / NOT A SCIENTIFIC RESULT,displacement-report-draft-v1
MOCK_S10,MOCK_G05,1,speaking,right_cheek,persistence,0.006609888992426862,,MOCK_S10_speaking_right_cheek,2,900,a3db3e9b1f4ffa50d122e9882ade5d8f496c48f431091b159483980de7b83a78,displacement_mean_euclidean_error,evaluable,,120,0,0,True,MOCK DATA / NOT A SCIENTIFIC RESULT,displacement-report-draft-v1
MOCK_S10,MOCK_G05,1,speaking,right_cheek,self,0.0076236355455725265,0.0076236355455725265,MOCK_S10_speaking_right_cheek,2,900,a3db3e9b1f4ffa50d122e9882ade5d8f496c48f431091b159483980de7b83a78,displacement_mean_euclidean_error,evaluable,,120,0,0,True,MOCK DATA / NOT A SCIENTIFIC RESULT,displacement-report-draft-v1
MOCK_S10,MOCK_G05,1,speaking,right_cheek,full,0.006328591723395438,0.006328591723395439,MOCK_S10_speaking_right_cheek,2,900,a3db3e9b1f4ffa50d122e9882ade5d8f496c48f431091b159483980de7b83a78,displacement_mean_euclidean_error,evaluable,,120,105,810,True,MOCK DATA / NOT A SCIENTIFIC RESULT,displacement-report-draft-v1
MOCK_S10,MOCK_G05,1,speaking,right_cheek,pcmci,0.006326039212805606,0.006326039212805605,MOCK_S10_speaking_right_cheek,2,900,a3db3e9b1f4ffa50d122e9882ade5d8f496c48f431091b159483980de7b83a78,displacement_mean_euclidean_error,evaluable,,120,3,38,True,MOCK DATA / NOT A SCIENTIFIC RESULT,displacement-report-draft-v1
MOCK_S10,MOCK_G05,1,speaking,mouth,persistence,0.006753951838883677,,MOCK_S10_speaking_mouth,8,900,a3db3e9b1f4ffa50d122e9882ade5d8f496c48f431091b159483980de7b83a78,displacement_mean_euclidean_error,evaluable,,480,0,0,True,MOCK DATA / NOT A SCIENTIFIC RESULT,displacement-report-draft-v1
MOCK_S10,MOCK_G05,1,speaking,mouth,self,0.007923635545572526,0.007923635545572526,MOCK_S10_speaking_mouth,8,900,a3db3e9b1f4ffa50d122e9882ade5d8f496c48f431091b159483980de7b83a78,displacement_mean_euclidean_error,evaluable,,480,0,0,True,MOCK DATA / NOT A SCIENTIFIC RESULT,displacement-report-draft-v1
MOCK_S10,MOCK_G05,1,speaking,mouth,full,0.006546239872474317,0.006546239872474317,MOCK_S10_speaking_mouth,8,900,a3db3e9b1f4ffa50d122e9882ade5d8f496c48f431091b159483980de7b83a78,displacement_mean_euclidean_error,evaluable,,480,105,630,True,MOCK DATA / NOT A SCIENTIFIC RESULT,displacement-report-draft-v1
MOCK_S10,MOCK_G05,1,speaking,mouth,pcmci,0.007069429156775932,0.007069429156775933,MOCK_S10_speaking_mouth,8,900,a3db3e9b1f4ffa50d122e9882ade5d8f496c48f431091b159483980de7b83a78,displacement_mean_euclidean_error,evaluable,,480,3,18,True,MOCK DATA / NOT A SCIENTIFIC RESULT,displacement-report-draft-v1
MOCK_S10,MOCK_G05,1,speaking,jaw,persistence,0.006809484206812255,,MOCK_S10_speaking_jaw,3,900,a3db3e9b1f4ffa50d122e9882ade5d8f496c48f431091b159483980de7b83a78,displacement_mean_euclidean_error,evaluable,,180,0,0,True,MOCK DATA / NOT A SCIENTIFIC RESULT,displacement-report-draft-v1
MOCK_S10,MOCK_G05,1,speaking,jaw,self,0.008223635545572526,0.008223635545572526,MOCK_S10_speaking_jaw,3,900,a3db3e9b1f4ffa50d122e9882ade5d8f496c48f431091b159483980de7b83a78,displacement_mean_euclidean_error,evaluable,,180,0,0,True,MOCK DATA / NOT A SCIENTIFIC RESULT,displacement-report-draft-v1
MOCK_S10,MOCK_G05,1,speaking,jaw,full,0.007524591787669048,0.007524591787669046,MOCK_S10_speaking_jaw,3,900,a3db3e9b1f4ffa50d122e9882ade5d8f496c48f431091b159483980de7b83a78,displacement_mean_euclidean_error,evaluable,,180,105,780,True,MOCK DATA / NOT A SCIENTIFIC RESULT,displacement-report-draft-v1
MOCK_S10,MOCK_G05,1,speaking,jaw,pcmci,0.008184444590512582,0.008184444590512582,MOCK_S10_speaking_jaw,3,900,a3db3e9b1f4ffa50d122e9882ade5d8f496c48f431091b159483980de7b83a78,displacement_mean_euclidean_error,evaluable,,180,3,20,True,MOCK DATA / NOT A SCIENTIFIC RESULT,displacement-report-draft-v1
MOCK_S10,MOCK_G05,1,non_speaking,left_brow,persistence,0.006487006558875767,,MOCK_S10_non_speaking_left_brow,3,900,51857c792eae2fdf6f2b8e5a65017bdcf988af0febad84bbddaa0af4be2e1142,displacement_mean_euclidean_error,evaluable,,180,0,0,True,MOCK DATA / NOT A SCIENTIFIC RESULT,displacement-report-draft-v1
MOCK_S10,MOCK_G05,1,non_speaking,left_brow,self,0.006523635545572527,0.006523635545572527,MOCK_S10_non_speaking_left_brow,3,900,51857c792eae2fdf6f2b8e5a65017bdcf988af0febad84bbddaa0af4be2e1142,displacement_mean_euclidean_error,evaluable,,180,0,0,True,MOCK DATA / NOT A SCIENTIFIC RESULT,displacement-report-draft-v1
MOCK_S10,MOCK_G05,1,non_speaking,left_brow,full,0.0052781475067721385,0.0052781475067721385,MOCK_S10_non_speaking_left_brow,3,900,51857c792eae2fdf6f2b8e5a65017bdcf988af0febad84bbddaa0af4be2e1142,displacement_mean_euclidean_error,evaluable,,180,105,780,True,MOCK DATA / NOT A SCIENTIFIC RESULT,displacement-report-draft-v1
MOCK_S10,MOCK_G05,1,non_speaking,left_brow,pcmci,0.006523635545572527,0.006523635545572527,MOCK_S10_non_speaking_left_brow,3,900,51857c792eae2fdf6f2b8e5a65017bdcf988af0febad84bbddaa0af4be2e1142,displacement_mean_euclidean_error,evaluable,,180,0,0,True,MOCK DATA / NOT A SCIENTIFIC RESULT,displacement-report-draft-v1
MOCK_S10,MOCK_G05,1,non_speaking,right_brow,persistence,0.00660822272648436,,MOCK_S10_non_speaking_right_brow,3,900,51857c792eae2fdf6f2b8e5a65017bdcf988af0febad84bbddaa0af4be2e1142,displacement_mean_euclidean_error,evaluable,,180,0,0,True,MOCK DATA / NOT A SCIENTIFIC RESULT,displacement-report-draft-v1
MOCK_S10,MOCK_G05,1,non_speaking,right_brow,self,0.006823635545572527,0.006823635545572527,MOCK_S10_non_speaking_right_brow,3,900,51857c792eae2fdf6f2b8e5a65017bdcf988af0febad84bbddaa0af4be2e1142,displacement_mean_euclidean_error,evaluable,,180,0,0,True,MOCK DATA / NOT A SCIENTIFIC RESULT,displacement-report-draft-v1
MOCK_S10,MOCK_G05,1,non_speaking,right_brow,full,0.006378529829937971,0.006378529829937971,MOCK_S10_non_speaking_right_brow,3,900,51857c792eae2fdf6f2b8e5a65017bdcf988af0febad84bbddaa0af4be2e1142,displacement_mean_euclidean_error,evaluable,,180,105,780,True,MOCK DATA / NOT A SCIENTIFIC RESULT,displacement-report-draft-v1
MOCK_S10,MOCK_G05,1,non_speaking,right_brow,pcmci,0.007203735027441347,0.007203735027441347,MOCK_S10_non_speaking_right_brow,3,900,51857c792eae2fdf6f2b8e5a65017bdcf988af0febad84bbddaa0af4be2e1142,displacement_mean_euclidean_error,evaluable,,180,3,20,True,MOCK DATA / NOT A SCIENTIFIC RESULT,displacement-report-draft-v1
MOCK_S10,MOCK_G05,1,non_speaking,left_eyelid,persistence,0.006612491065473936,,MOCK_S10_non_speaking_left_eyelid,4,900,51857c792eae2fdf6f2b8e5a65017bdcf988af0febad84bbddaa0af4be2e1142,displacement_mean_euclidean_error,evaluable,,240,0,0,True,MOCK DATA / NOT A SCIENTIFIC RESULT,displacement-report-draft-v1
MOCK_S10,MOCK_G05,1,non_speaking,left_eyelid,self,0.007123635545572527,0.007123635545572527,MOCK_S10_non_speaking_left_eyelid,4,900,51857c792eae2fdf6f2b8e5a65017bdcf988af0febad84bbddaa0af4be2e1142,displacement_mean_euclidean_error,evaluable,,240,0,0,True,MOCK DATA / NOT A SCIENTIFIC RESULT,displacement-report-draft-v1
MOCK_S10,MOCK_G05,1,non_speaking,left_eyelid,full,0.0073824728318029895,0.00738247283180299,MOCK_S10_non_speaking_left_eyelid,4,900,51857c792eae2fdf6f2b8e5a65017bdcf988af0febad84bbddaa0af4be2e1142,displacement_mean_euclidean_error,evaluable,,240,105,750,True,MOCK DATA / NOT A SCIENTIFIC RESULT,displacement-report-draft-v1
MOCK_S10,MOCK_G05,1,non_speaking,left_eyelid,pcmci,0.006968275565732299,0.006968275565732299,MOCK_S10_non_speaking_left_eyelid,4,900,51857c792eae2fdf6f2b8e5a65017bdcf988af0febad84bbddaa0af4be2e1142,displacement_mean_euclidean_error,evaluable,,240,3,20,True,MOCK DATA / NOT A SCIENTIFIC RESULT,displacement-report-draft-v1
MOCK_S10,MOCK_G05,1,non_speaking,right_eyelid,persistence,0.006539514929687235,,MOCK_S10_non_speaking_right_eyelid,4,900,51857c792eae2fdf6f2b8e5a65017bdcf988af0febad84bbddaa0af4be2e1142,displacement_mean_euclidean_error,evaluable,,240,0,0,True,MOCK DATA / NOT A SCIENTIFIC RESULT,displacement-report-draft-v1
MOCK_S10,MOCK_G05,1,non_speaking,right_eyelid,self,0.007423635545572529,0.007423635545572527,MOCK_S10_non_speaking_right_eyelid,4,900,51857c792eae2fdf6f2b8e5a65017bdcf988af0febad84bbddaa0af4be2e1142,displacement_mean_euclidean_error,evaluable,,240,0,0,True,MOCK DATA / NOT A SCIENTIFIC RESULT,displacement-report-draft-v1
MOCK_S10,MOCK_G05,1,non_speaking,right_eyelid,full,0.007642774562851982,0.00764277456285198,MOCK_S10_non_speaking_right_eyelid,4,900,51857c792eae2fdf6f2b8e5a65017bdcf988af0febad84bbddaa0af4be2e1142,displacement_mean_euclidean_error,evaluable,,240,105,750,True,MOCK DATA / NOT A SCIENTIFIC RESULT,displacement-report-draft-v1
MOCK_S10,MOCK_G05,1,non_speaking,right_eyelid,pcmci,0.006461925428290428,0.006461925428290427,MOCK_S10_non_speaking_right_eyelid,4,900,51857c792eae2fdf6f2b8e5a65017bdcf988af0febad84bbddaa0af4be2e1142,displacement_mean_euclidean_error,evaluable,,240,3,24,True,MOCK DATA / NOT A SCIENTIFIC RESULT,displacement-report-draft-v1
MOCK_S10,MOCK_G05,1,non_speaking,left_cheek,persistence,0.006690985922523058,,MOCK_S10_non_speaking_left_cheek,2,900,51857c792eae2fdf6f2b8e5a65017bdcf988af0febad84bbddaa0af4be2e1142,displacement_mean_euclidean_error,evaluable,,120,0,0,True,MOCK DATA / NOT A SCIENTIFIC RESULT,displacement-report-draft-v1
MOCK_S10,MOCK_G05,1,non_speaking,left_cheek,self,0.007723635545572527,0.007723635545572527,MOCK_S10_non_speaking_left_cheek,2,900,51857c792eae2fdf6f2b8e5a65017bdcf988af0febad84bbddaa0af4be2e1142,displacement_mean_euclidean_error,evaluable,,120,0,0,True,MOCK DATA / NOT A SCIENTIFIC RESULT,displacement-report-draft-v1
MOCK_S10,MOCK_G05,1,non_speaking,left_cheek,full,0.007195933428480551,0.00719593342848055,MOCK_S10_non_speaking_left_cheek,2,900,51857c792eae2fdf6f2b8e5a65017bdcf988af0febad84bbddaa0af4be2e1142,displacement_mean_euclidean_error,evaluable,,120,105,810,True,MOCK DATA / NOT A SCIENTIFIC RESULT,displacement-report-draft-v1
MOCK_S10,MOCK_G05,1,non_speaking,left_cheek,pcmci,0.006426039212805605,0.006426039212805605,MOCK_S10_non_speaking_left_cheek,2,900,51857c792eae2fdf6f2b8e5a65017bdcf988af0febad84bbddaa0af4be2e1142,displacement_mean_euclidean_error,evaluable,,120,3,14,True,MOCK DATA / NOT A SCIENTIFIC RESULT,displacement-report-draft-v1
MOCK_S10,MOCK_G05,1,non_speaking,right_cheek,persistence,0.00666925971818502,,MOCK_S10_non_speaking_right_cheek,2,900,51857c792eae2fdf6f2b8e5a65017bdcf988af0febad84bbddaa0af4be2e1142,displacement_mean_euclidean_error,evaluable,,120,0,0,True,MOCK DATA / NOT A SCIENTIFIC RESULT,displacement-report-draft-v1
MOCK_S10,MOCK_G05,1,non_speaking,right_cheek,self,0.008023635545572524,0.008023635545572526,MOCK_S10_non_speaking_right_cheek,2,900,51857c792eae2fdf6f2b8e5a65017bdcf988af0febad84bbddaa0af4be2e1142,displacement_mean_euclidean_error,evaluable,,120,0,0,True,MOCK DATA / NOT A SCIENTIFIC RESULT,displacement-report-draft-v1
MOCK_S10,MOCK_G05,1,non_speaking,right_cheek,full,0.006728591723395437,0.006728591723395438,MOCK_S10_non_speaking_right_cheek,2,900,51857c792eae2fdf6f2b8e5a65017bdcf988af0febad84bbddaa0af4be2e1142,displacement_mean_euclidean_error,evaluable,,120,105,810,True,MOCK DATA / NOT A SCIENTIFIC RESULT,displacement-report-draft-v1
MOCK_S10,MOCK_G05,1,non_speaking,right_cheek,pcmci,0.007169429156775931,0.007169429156775932,MOCK_S10_non_speaking_right_cheek,2,900,51857c792eae2fdf6f2b8e5a65017bdcf988af0febad84bbddaa0af4be2e1142,displacement_mean_euclidean_error,evaluable,,120,3,38,True,MOCK DATA / NOT A SCIENTIFIC RESULT,displacement-report-draft-v1
MOCK_S10,MOCK_G05,1,non_speaking,mouth,persistence,0.006709264166135901,,MOCK_S10_non_speaking_mouth,8,900,51857c792eae2fdf6f2b8e5a65017bdcf988af0febad84bbddaa0af4be2e1142,displacement_mean_euclidean_error,evaluable,,480,0,0,True,MOCK DATA / NOT A SCIENTIFIC RESULT,displacement-report-draft-v1
MOCK_S10,MOCK_G05,1,non_speaking,mouth,self,0.008323635545572526,0.008323635545572526,MOCK_S10_non_speaking_mouth,8,900,51857c792eae2fdf6f2b8e5a65017bdcf988af0febad84bbddaa0af4be2e1142,displacement_mean_euclidean_error,evaluable,,480,0,0,True,MOCK DATA / NOT A SCIENTIFIC RESULT,displacement-report-draft-v1
MOCK_S10,MOCK_G05,1,non_speaking,mouth,full,0.006946239872474317,0.006946239872474317,MOCK_S10_non_speaking_mouth,8,900,51857c792eae2fdf6f2b8e5a65017bdcf988af0febad84bbddaa0af4be2e1142,displacement_mean_euclidean_error,evaluable,,480,105,630,True,MOCK DATA / NOT A SCIENTIFIC RESULT,displacement-report-draft-v1
MOCK_S10,MOCK_G05,1,non_speaking,mouth,pcmci,0.00828444459051258,0.00828444459051258,MOCK_S10_non_speaking_mouth,8,900,51857c792eae2fdf6f2b8e5a65017bdcf988af0febad84bbddaa0af4be2e1142,displacement_mean_euclidean_error,evaluable,,480,3,18,True,MOCK DATA / NOT A SCIENTIFIC RESULT,displacement-report-draft-v1
MOCK_S10,MOCK_G05,1,non_speaking,jaw,persistence,0.006828494057968457,,MOCK_S10_non_speaking_jaw,3,900,51857c792eae2fdf6f2b8e5a65017bdcf988af0febad84bbddaa0af4be2e1142,displacement_mean_euclidean_error,evaluable,,180,0,0,True,MOCK DATA / NOT A SCIENTIFIC RESULT,displacement-report-draft-v1
MOCK_S10,MOCK_G05,1,non_speaking,jaw,self,0.008623635545572527,0.008623635545572526,MOCK_S10_non_speaking_jaw,3,900,51857c792eae2fdf6f2b8e5a65017bdcf988af0febad84bbddaa0af4be2e1142,displacement_mean_euclidean_error,evaluable,,180,0,0,True,MOCK DATA / NOT A SCIENTIFIC RESULT,displacement-report-draft-v1
MOCK_S10,MOCK_G05,1,non_speaking,jaw,full,0.007924591787669048,0.007924591787669046,MOCK_S10_non_speaking_jaw,3,900,51857c792eae2fdf6f2b8e5a65017bdcf988af0febad84bbddaa0af4be2e1142,displacement_mean_euclidean_error,evaluable,,180,105,780,True,MOCK DATA / NOT A SCIENTIFIC RESULT,displacement-report-draft-v1
MOCK_S10,MOCK_G05,1,non_speaking,jaw,pcmci,0.00902176408287432,0.009021764082874318,MOCK_S10_non_speaking_jaw,3,900,51857c792eae2fdf6f2b8e5a65017bdcf988af0febad84bbddaa0af4be2e1142,displacement_mean_euclidean_error,evaluable,,180,3,20,True,MOCK DATA / NOT A SCIENTIFIC RESULT,displacement-report-draft-v1
MOCK_S11,MOCK_G06,1,speaking,left_brow,persistence,0.006468503873303738,,MOCK_S11_speaking_left_brow,3,900,b92c35d87cd4b2fff8c2eff303d9d20112cdbaa9f8a07514c7cc22e2af575bda,displacement_mean_euclidean_error,evaluable,,180,0,0,True,MOCK DATA / NOT A SCIENTIFIC RESULT,displacement-report-draft-v1
MOCK_S11,MOCK_G06,1,speaking,left_brow,self,0.005836793666733189,0.005836793666733189,MOCK_S11_speaking_left_brow,3,900,b92c35d87cd4b2fff8c2eff303d9d20112cdbaa9f8a07514c7cc22e2af575bda,displacement_mean_euclidean_error,evaluable,,180,0,0,True,MOCK DATA / NOT A SCIENTIFIC RESULT,displacement-report-draft-v1
MOCK_S11,MOCK_G06,1,speaking,left_brow,full,0.005035319718354156,0.005035319718354156,MOCK_S11_speaking_left_brow,3,900,b92c35d87cd4b2fff8c2eff303d9d20112cdbaa9f8a07514c7cc22e2af575bda,displacement_mean_euclidean_error,evaluable,,180,105,780,True,MOCK DATA / NOT A SCIENTIFIC RESULT,displacement-report-draft-v1
MOCK_S11,MOCK_G06,1,speaking,left_brow,pcmci,0.005627906524376932,0.005627906524376932,MOCK_S11_speaking_left_brow,3,900,b92c35d87cd4b2fff8c2eff303d9d20112cdbaa9f8a07514c7cc22e2af575bda,displacement_mean_euclidean_error,evaluable,,180,3,20,True,MOCK DATA / NOT A SCIENTIFIC RESULT,displacement-report-draft-v1
MOCK_S11,MOCK_G06,1,speaking,right_brow,persistence,0.0065020603488568675,,MOCK_S11_speaking_right_brow,3,900,b92c35d87cd4b2fff8c2eff303d9d20112cdbaa9f8a07514c7cc22e2af575bda,displacement_mean_euclidean_error,evaluable,,180,0,0,True,MOCK DATA / NOT A SCIENTIFIC RESULT,displacement-report-draft-v1
MOCK_S11,MOCK_G06,1,speaking,right_brow,self,0.0061367936667331875,0.006136793666733189,MOCK_S11_speaking_right_brow,3,900,b92c35d87cd4b2fff8c2eff303d9d20112cdbaa9f8a07514c7cc22e2af575bda,displacement_mean_euclidean_error,evaluable,,180,0,0,True,MOCK DATA / NOT A SCIENTIFIC RESULT,displacement-report-draft-v1
MOCK_S11,MOCK_G06,1,speaking,right_brow,full,0.006178081605580098,0.006178081605580099,MOCK_S11_speaking_right_brow,3,900,b92c35d87cd4b2fff8c2eff303d9d20112cdbaa9f8a07514c7cc22e2af575bda,displacement_mean_euclidean_error,evaluable,,180,105,780,True,MOCK DATA / NOT A SCIENTIFIC RESULT,displacement-report-draft-v1
MOCK_S11,MOCK_G06,1,speaking,right_brow,pcmci,0.006502938410386,0.006502938410386,MOCK_S11_speaking_right_brow,3,900,b92c35d87cd4b2fff8c2eff303d9d20112cdbaa9f8a07514c7cc22e2af575bda,displacement_mean_euclidean_error,evaluable,,180,3,20,True,MOCK DATA / NOT A SCIENTIFIC RESULT,displacement-report-draft-v1
MOCK_S11,MOCK_G06,1,speaking,left_eyelid,persistence,0.0065328680304249254,,MOCK_S11_speaking_left_eyelid,4,900,b92c35d87cd4b2fff8c2eff303d9d20112cdbaa9f8a07514c7cc22e2af575bda,displacement_mean_euclidean_error,evaluable,,240,0,0,True,MOCK DATA / NOT A SCIENTIFIC RESULT,displacement-report-draft-v1
MOCK_S11,MOCK_G06,1,speaking,left_eyelid,self,0.00643679366673319,0.006436793666733189,MOCK_S11_speaking_left_eyelid,4,900,b92c35d87cd4b2fff8c2eff303d9d20112cdbaa9f8a07514c7cc22e2af575bda,displacement_mean_euclidean_error,evaluable,,240,0,0,True,MOCK DATA / NOT A SCIENTIFIC RESULT,displacement-report-draft-v1
MOCK_S11,MOCK_G06,1,speaking,left_eyelid,full,0.0067772160886942325,0.0067772160886942325,MOCK_S11_speaking_left_eyelid,4,900,b92c35d87cd4b2fff8c2eff303d9d20112cdbaa9f8a07514c7cc22e2af575bda,displacement_mean_euclidean_error,evaluable,,240,105,750,True,MOCK DATA / NOT A SCIENTIFIC RESULT,displacement-report-draft-v1
MOCK_S11,MOCK_G06,1,speaking,left_eyelid,pcmci,0.006627610582924998,0.006627610582924998,MOCK_S11_speaking_left_eyelid,4,900,b92c35d87cd4b2fff8c2eff303d9d20112cdbaa9f8a07514c7cc22e2af575bda,displacement_mean_euclidean_error,evaluable,,240,3,20,True,MOCK DATA / NOT A SCIENTIFIC RESULT,displacement-report-draft-v1
MOCK_S11,MOCK_G06,1,speaking,right_eyelid,persistence,0.00659628932446341,,MOCK_S11_speaking_right_eyelid,4,900,b92c35d87cd4b2fff8c2eff303d9d20112cdbaa9f8a07514c7cc22e2af575bda,displacement_mean_euclidean_error,evaluable,,240,0,0,True,MOCK DATA / NOT A SCIENTIFIC RESULT,displacement-report-draft-v1
MOCK_S11,MOCK_G06,1,speaking,right_eyelid,self,0.00673679366673319,0.006736793666733189,MOCK_S11_speaking_right_eyelid,4,900,b92c35d87cd4b2fff8c2eff303d9d20112cdbaa9f8a07514c7cc22e2af575bda,displacement_mean_euclidean_error,evaluable,,240,0,0,True,MOCK DATA / NOT A SCIENTIFIC RESULT,displacement-report-draft-v1
MOCK_S11,MOCK_G06,1,speaking,right_eyelid,full,0.006557700303450772,0.00655770030345077,MOCK_S11_speaking_right_eyelid,4,900,b92c35d87cd4b2fff8c2eff303d9d20112cdbaa9f8a07514c7cc22e2af575bda,displacement_mean_euclidean_error,evaluable,,240,105,750,True,MOCK DATA / NOT A SCIENTIFIC RESULT,displacement-report-draft-v1
MOCK_S11,MOCK_G06,1,speaking,right_eyelid,pcmci,0.006163118637995869,0.0061631186379958675,MOCK_S11_speaking_right_eyelid,4,900,b92c35d87cd4b2fff8c2eff303d9d20112cdbaa9f8a07514c7cc22e2af575bda,displacement_mean_euclidean_error,evaluable,,240,3,24,True,MOCK DATA / NOT A SCIENTIFIC RESULT,displacement-report-draft-v1
MOCK_S11,MOCK_G06,1,speaking,left_cheek,persistence,0.006663210452603795,,MOCK_S11_speaking_left_cheek,2,900,b92c35d87cd4b2fff8c2eff303d9d20112cdbaa9f8a07514c7cc22e2af575bda,displacement_mean_euclidean_error,evaluable,,120,0,0,True,MOCK DATA / NOT A SCIENTIFIC RESULT,displacement-report-draft-v1
MOCK_S11,MOCK_G06,1,speaking,left_cheek,self,0.007036793666733187,0.007036793666733189,MOCK_S11_speaking_left_cheek,2,900,b92c35d87cd4b2fff8c2eff303d9d20112cdbaa9f8a07514c7cc22e2af575bda,displacement_mean_euclidean_error,evaluable,,120,0,0,True,MOCK DATA / NOT A SCIENTIFIC RESULT,displacement-report-draft-v1
MOCK_S11,MOCK_G06,1,speaking,left_cheek,full,0.0059971746669327565,0.0059971746669327565,MOCK_S11_speaking_left_cheek,2,900,b92c35d87cd4b2fff8c2eff303d9d20112cdbaa9f8a07514c7cc22e2af575bda,displacement_mean_euclidean_error,evaluable,,120,105,810,True,MOCK DATA / NOT A SCIENTIFIC RESULT,displacement-report-draft-v1
MOCK_S11,MOCK_G06,1,speaking,left_cheek,pcmci,0.005812332944131213,0.005812332944131214,MOCK_S11_speaking_left_cheek,2,900,b92c35d87cd4b2fff8c2eff303d9d20112cdbaa9f8a07514c7cc22e2af575bda,displacement_mean_euclidean_error,evaluable,,120,3,14,True,MOCK DATA / NOT A SCIENTIFIC RESULT,displacement-report-draft-v1
MOCK_S11,MOCK_G06,1,speaking,right_cheek,persistence,0.006644849018674199,,MOCK_S11_speaking_right_cheek,2,900,b92c35d87cd4b2fff8c2eff303d9d20112cdbaa9f8a07514c7cc22e2af575bda,displacement_mean_euclidean_error,evaluable,,120,0,0,True,MOCK DATA / NOT A SCIENTIFIC RESULT,displacement-report-draft-v1
MOCK_S11,MOCK_G06,1,speaking,right_cheek,self,0.007336793666733188,0.007336793666733189,MOCK_S11_speaking_right_cheek,2,900,b92c35d87cd4b2fff8c2eff303d9d20112cdbaa9f8a07514c7cc22e2af575bda,displacement_mean_euclidean_error,evaluable,,120,0,0,True,MOCK DATA / NOT A SCIENTIFIC RESULT,displacement-report-draft-v1
MOCK_S11,MOCK_G06,1,speaking,right_cheek,full,0.005886802480837554,0.0058868024808375555,MOCK_S11_speaking_right_cheek,2,900,b92c35d87cd4b2fff8c2eff303d9d20112cdbaa9f8a07514c7cc22e2af575bda,displacement_mean_euclidean_error,evaluable,,120,105,810,True,MOCK DATA / NOT A SCIENTIFIC RESULT,displacement-report-draft-v1
MOCK_S11,MOCK_G06,1,speaking,right_cheek,pcmci,0.006173582867018203,0.006173582867018204,MOCK_S11_speaking_right_cheek,2,900,b92c35d87cd4b2fff8c2eff303d9d20112cdbaa9f8a07514c7cc22e2af575bda,displacement_mean_euclidean_error,evaluable,,120,3,38,True,MOCK DATA / NOT A SCIENTIFIC RESULT,displacement-report-draft-v1
MOCK_S11,MOCK_G06,1,speaking,mouth,persistence,0.00668797838430509,,MOCK_S11_speaking_mouth,8,900,b92c35d87cd4b2fff8c2eff303d9d20112cdbaa9f8a07514c7cc22e2af575bda,displacement_mean_euclidean_error,evaluable,,480,0,0,True,MOCK DATA / NOT A SCIENTIFIC RESULT,displacement-report-draft-v1
MOCK_S11,MOCK_G06,1,speaking,mouth,self,0.00763679366673319,0.007636793666733189,MOCK_S11_speaking_mouth,8,900,b92c35d87cd4b2fff8c2eff303d9d20112cdbaa9f8a07514c7cc22e2af575bda,displacement_mean_euclidean_error,evaluable,,480,0,0,True,MOCK DATA / NOT A SCIENTIFIC RESULT,displacement-report-draft-v1
MOCK_S11,MOCK_G06,1,speaking,mouth,full,0.006603878040532797,0.006603878040532797,MOCK_S11_speaking_mouth,8,900,b92c35d87cd4b2fff8c2eff303d9d20112cdbaa9f8a07514c7cc22e2af575bda,displacement_mean_euclidean_error,evaluable,,480,105,630,True,MOCK DATA / NOT A SCIENTIFIC RESULT,displacement-report-draft-v1
MOCK_S11,MOCK_G06,1,speaking,mouth,pcmci,0.007190555510023032,0.007190555510023032,MOCK_S11_speaking_mouth,8,900,b92c35d87cd4b2fff8c2eff303d9d20112cdbaa9f8a07514c7cc22e2af575bda,displacement_mean_euclidean_error,evaluable,,480,3,18,True,MOCK DATA / NOT A SCIENTIFIC RESULT,displacement-report-draft-v1
MOCK_S11,MOCK_G06,1,speaking,jaw,persistence,0.006800590447861343,,MOCK_S11_speaking_jaw,3,900,b92c35d87cd4b2fff8c2eff303d9d20112cdbaa9f8a07514c7cc22e2af575bda,displacement_mean_euclidean_error,evaluable,,180,0,0,True,MOCK DATA / NOT A SCIENTIFIC RESULT,displacement-report-draft-v1
MOCK_S11,MOCK_G06,1,speaking,jaw,self,0.00793679366673319,0.007936793666733189,MOCK_S11_speaking_jaw,3,900,b92c35d87cd4b2fff8c2eff303d9d20112cdbaa9f8a07514c7cc22e2af575bda,displacement_mean_euclidean_error,evaluable,,180,0,0,True,MOCK DATA / NOT A SCIENTIFIC RESULT,displacement-report-draft-v1
MOCK_S11,MOCK_G06,1,speaking,jaw,full,0.007764943999877166,0.007764943999877165,MOCK_S11_speaking_jaw,3,900,b92c35d87cd4b2fff8c2eff303d9d20112cdbaa9f8a07514c7cc22e2af575bda,displacement_mean_euclidean_error,evaluable,,180,105,780,True,MOCK DATA / NOT A SCIENTIFIC RESULT,displacement-report-draft-v1
MOCK_S11,MOCK_G06,1,speaking,jaw,pcmci,0.008204069531655808,0.008204069531655808,MOCK_S11_speaking_jaw,3,900,b92c35d87cd4b2fff8c2eff303d9d20112cdbaa9f8a07514c7cc22e2af575bda,displacement_mean_euclidean_error,evaluable,,180,3,20,True,MOCK DATA / NOT A SCIENTIFIC RESULT,displacement-report-draft-v1
MOCK_S11,MOCK_G06,1,non_speaking,left_brow,persistence,0.006480740583076649,,MOCK_S11_non_speaking_left_brow,3,900,3601fee77cb3f97034deffe56372711623e419702e2a32bd006d15d86af2745c,displacement_mean_euclidean_error,evaluable,,180,0,0,True,MOCK DATA / NOT A SCIENTIFIC RESULT,displacement-report-draft-v1
MOCK_S11,MOCK_G06,1,non_speaking,left_brow,self,0.006236793666733189,0.0062367936667331895,MOCK_S11_non_speaking_left_brow,3,900,3601fee77cb3f97034deffe56372711623e419702e2a32bd006d15d86af2745c,displacement_mean_euclidean_error,evaluable,,180,0,0,True,MOCK DATA / NOT A SCIENTIFIC RESULT,displacement-report-draft-v1
MOCK_S11,MOCK_G06,1,non_speaking,left_brow,full,0.005435319718354155,0.005435319718354156,MOCK_S11_non_speaking_left_brow,3,900,3601fee77cb3f97034deffe56372711623e419702e2a32bd006d15d86af2745c,displacement_mean_euclidean_error,evaluable,,180,105,780,True,MOCK DATA / NOT A SCIENTIFIC RESULT,displacement-report-draft-v1
MOCK_S11,MOCK_G06,1,non_speaking,left_brow,pcmci,0.006236793666733189,0.0062367936667331895,MOCK_S11_non_speaking_left_brow,3,900,3601fee77cb3f97034deffe56372711623e419702e2a32bd006d15d86af2745c,displacement_mean_euclidean_error,evaluable,,180,0,0,True,MOCK DATA / NOT A SCIENTIFIC RESULT,displacement-report-draft-v1
MOCK_S11,MOCK_G06,1,non_speaking,right_brow,persistence,0.006404434416476297,,MOCK_S11_non_speaking_right_brow,3,900,3601fee77cb3f97034deffe56372711623e419702e2a32bd006d15d86af2745c,displacement_mean_euclidean_error,evaluable,,180,0,0,True,MOCK DATA / NOT A SCIENTIFIC RESULT,displacement-report-draft-v1
MOCK_S11,MOCK_G06,1,non_speaking,right_brow,self,0.0065367936667331894,0.0065367936667331894,MOCK_S11_non_speaking_right_brow,3,900,3601fee77cb3f97034deffe56372711623e419702e2a32bd006d15d86af2745c,displacement_mean_euclidean_error,evaluable,,180,0,0,True,MOCK DATA / NOT A SCIENTIFIC RESULT,displacement-report-draft-v1
MOCK_S11,MOCK_G06,1,non_speaking,right_brow,full,0.006578081605580099,0.0065780816055800995,MOCK_S11_non_speaking_right_brow,3,900,3601fee77cb3f97034deffe56372711623e419702e2a32bd006d15d86af2745c,displacement_mean_euclidean_error,evaluable,,180,105,780,True,MOCK DATA / NOT A SCIENTIFIC RESULT,displacement-report-draft-v1
MOCK_S11,MOCK_G06,1,non_speaking,right_brow,pcmci,0.006727610582924997,0.006727610582924998,MOCK_S11_non_speaking_right_brow,3,900,3601fee77cb3f97034deffe56372711623e419702e2a32bd006d15d86af2745c,displacement_mean_euclidean_error,evaluable,,180,3,20,True,MOCK DATA / NOT A SCIENTIFIC RESULT,displacement-report-draft-v1
MOCK_S11,MOCK_G06,1,non_speaking,left_eyelid,persistence,0.006432286787274461,,MOCK_S11_non_speaking_left_eyelid,4,900,3601fee77cb3f97034deffe56372711623e419702e2a32bd006d15d86af2745c,displacement_mean_euclidean_error,evaluable,,240,0,0,True,MOCK DATA / NOT A SCIENTIFIC RESULT,displacement-report-draft-v1
MOCK_S11,MOCK_G06,1,non_speaking,left_eyelid,self,0.0068367936667331885,0.006836793666733189,MOCK_S11_non_speaking_left_eyelid,4,900,3601fee77cb3f97034deffe56372711623e419702e2a32bd006d15d86af2745c,displacement_mean_euclidean_error,evaluable,,240,0,0,True,MOCK DATA / NOT A SCIENTIFIC RESULT,displacement-report-draft-v1
MOCK_S11,MOCK_G06,1,non_speaking,left_eyelid,full,0.007177216088694233,0.007177216088694233,MOCK_S11_non_speaking_left_eyelid,4,900,3601fee77cb3f97034deffe56372711623e419702e2a32bd006d15d86af2745c,displacement_mean_euclidean_error,evaluable,,240,105,750,True,MOCK DATA / NOT A SCIENTIFIC RESULT,displacement-report-draft-v1
MOCK_S11,MOCK_G06,1,non_speaking,left_eyelid,pcmci,0.006263118637995867,0.006263118637995868,MOCK_S11_non_speaking_left_eyelid,4,900,3601fee77cb3f97034deffe56372711623e419702e2a32bd006d15d86af2745c,displacement_mean_euclidean_error,evaluable,,240,3,20,True,MOCK DATA / NOT A SCIENTIFIC RESULT,displacement-report-draft-v1
MOCK_S11,MOCK_G06,1,non_speaking,right_eyelid,persistence,0.006569567136440858,,MOCK_S11_non_speaking_right_eyelid,4,900,3601fee77cb3f97034deffe56372711623e419702e2a32bd006d15d86af2745c,displacement_mean_euclidean_error,evaluable,,240,0,0,True,MOCK DATA / NOT A SCIENTIFIC RESULT,displacement-report-draft-v1
MOCK_S11,MOCK_G06,1,non_speaking,right_eyelid,self,0.007136793666733189,0.007136793666733189,MOCK_S11_non_speaking_right_eyelid,4,900,3601fee77cb3f97034deffe56372711623e419702e2a32bd006d15d86af2745c,displacement_mean_euclidean_error,evaluable,,240,0,0,True,MOCK DATA / NOT A SCIENTIFIC RESULT,displacement-report-draft-v1
MOCK_S11,MOCK_G06,1,non_speaking,right_eyelid,full,0.00695770030345077,0.00695770030345077,MOCK_S11_non_speaking_right_eyelid,4,900,3601fee77cb3f97034deffe56372711623e419702e2a32bd006d15d86af2745c,displacement_mean_euclidean_error,evaluable,,240,105,750,True,MOCK DATA / NOT A SCIENTIFIC RESULT,displacement-report-draft-v1
MOCK_S11,MOCK_G06,1,non_speaking,right_eyelid,pcmci,0.005912332944131214,0.005912332944131214,MOCK_S11_non_speaking_right_eyelid,4,900,3601fee77cb3f97034deffe56372711623e419702e2a32bd006d15d86af2745c,displacement_mean_euclidean_error,evaluable,,240,3,24,True,MOCK DATA / NOT A SCIENTIFIC RESULT,displacement-report-draft-v1
MOCK_S11,MOCK_G06,1,non_speaking,left_cheek,persistence,0.006757819721183797,,MOCK_S11_non_speaking_left_cheek,2,900,3601fee77cb3f97034deffe56372711623e419702e2a32bd006d15d86af2745c,displacement_mean_euclidean_error,evaluable,,120,0,0,True,MOCK DATA / NOT A SCIENTIFIC RESULT,displacement-report-draft-v1
MOCK_S11,MOCK_G06,1,non_speaking,left_cheek,self,0.00743679366673319,0.007436793666733189,MOCK_S11_non_speaking_left_cheek,2,900,3601fee77cb3f97034deffe56372711623e419702e2a32bd006d15d86af2745c,displacement_mean_euclidean_error,evaluable,,120,0,0,True,MOCK DATA / NOT A SCIENTIFIC RESULT,displacement-report-draft-v1
MOCK_S11,MOCK_G06,1,non_speaking,left_cheek,full,0.006397174666932756,0.006397174666932756,MOCK_S11_non_speaking_left_cheek,2,900,3601fee77cb3f97034deffe56372711623e419702e2a32bd006d15d86af2745c,displacement_mean_euclidean_error,evaluable,,120,105,810,True,MOCK DATA / NOT A SCIENTIFIC RESULT,displacement-report-draft-v1
MOCK_S11,MOCK_G06,1,non_speaking,left_cheek,pcmci,0.006273582867018205,0.006273582867018205,MOCK_S11_non_speaking_left_cheek,2,900,3601fee77cb3f97034deffe56372711623e419702e2a32bd006d15d86af2745c,displacement_mean_euclidean_error,evaluable,,120,3,14,True,MOCK DATA / NOT A SCIENTIFIC RESULT,displacement-report-draft-v1
MOCK_S11,MOCK_G06,1,non_speaking,right_cheek,persistence,0.0065873605446632845,,MOCK_S11_non_speaking_right_cheek,2,900,3601fee77cb3f97034deffe56372711623e419702e2a32bd006d15d86af2745c,displacement_mean_euclidean_error,evaluable,,120,0,0,True,MOCK DATA / NOT A SCIENTIFIC RESULT,displacement-report-draft-v1
MOCK_S11,MOCK_G06,1,non_speaking,right_cheek,self,0.007736793666733188,0.007736793666733188,MOCK_S11_non_speaking_right_cheek,2,900,3601fee77cb3f97034deffe56372711623e419702e2a32bd006d15d86af2745c,displacement_mean_euclidean_error,evaluable,,120,0,0,True,MOCK DATA / NOT A SCIENTIFIC RESULT,displacement-report-draft-v1
MOCK_S11,MOCK_G06,1,non_speaking,right_cheek,full,0.006286802480837555,0.006286802480837555,MOCK_S11_non_speaking_right_cheek,2,900,3601fee77cb3f97034deffe56372711623e419702e2a32bd006d15d86af2745c,displacement_mean_euclidean_error,evaluable,,120,105,810,True,MOCK DATA / NOT A SCIENTIFIC RESULT,displacement-report-draft-v1
MOCK_S11,MOCK_G06,1,non_speaking,right_cheek,pcmci,0.007290555510023031,0.007290555510023031,MOCK_S11_non_speaking_right_cheek,2,900,3601fee77cb3f97034deffe56372711623e419702e2a32bd006d15d86af2745c,displacement_mean_euclidean_error,evaluable,,120,3,38,True,MOCK DATA / NOT A SCIENTIFIC RESULT,displacement-report-draft-v1
MOCK_S11,MOCK_G06,1,non_speaking,mouth,persistence,0.00672096935087989,,MOCK_S11_non_speaking_mouth,8,900,3601fee77cb3f97034deffe56372711623e419702e2a32bd006d15d86af2745c,displacement_mean_euclidean_error,evaluable,,480,0,0,True,MOCK DATA / NOT A SCIENTIFIC RESULT,displacement-report-draft-v1
MOCK_S11,MOCK_G06,1,non_speaking,mouth,self,0.008036793666733188,0.008036793666733188,MOCK_S11_non_speaking_mouth,8,900,3601fee77cb3f97034deffe56372711623e419702e2a32bd006d15d86af2745c,displacement_mean_euclidean_error,evaluable,,480,0,0,True,MOCK DATA / NOT A SCIENTIFIC RESULT,displacement-report-draft-v1
MOCK_S11,MOCK_G06,1,non_speaking,mouth,full,0.007003878040532797,0.007003878040532797,MOCK_S11_non_speaking_mouth,8,900,3601fee77cb3f97034deffe56372711623e419702e2a32bd006d15d86af2745c,displacement_mean_euclidean_error,evaluable,,480,105,630,True,MOCK DATA / NOT A SCIENTIFIC RESULT,displacement-report-draft-v1
MOCK_S11,MOCK_G06,1,non_speaking,mouth,pcmci,0.008304069531655807,0.008304069531655807,MOCK_S11_non_speaking_mouth,8,900,3601fee77cb3f97034deffe56372711623e419702e2a32bd006d15d86af2745c,displacement_mean_euclidean_error,evaluable,,480,3,18,True,MOCK DATA / NOT A SCIENTIFIC RESULT,displacement-report-draft-v1
MOCK_S11,MOCK_G06,1,non_speaking,jaw,persistence,0.0067840129253193444,,MOCK_S11_non_speaking_jaw,3,900,3601fee77cb3f97034deffe56372711623e419702e2a32bd006d15d86af2745c,displacement_mean_euclidean_error,evaluable,,180,0,0,True,MOCK DATA / NOT A SCIENTIFIC RESULT,displacement-report-draft-v1
MOCK_S11,MOCK_G06,1,non_speaking,jaw,self,0.008336793666733186,0.008336793666733188,MOCK_S11_non_speaking_jaw,3,900,3601fee77cb3f97034deffe56372711623e419702e2a32bd006d15d86af2745c,displacement_mean_euclidean_error,evaluable,,180,0,0,True,MOCK DATA / NOT A SCIENTIFIC RESULT,displacement-report-draft-v1
MOCK_S11,MOCK_G06,1,non_speaking,jaw,full,0.008164943999877165,0.008164943999877165,MOCK_S11_non_speaking_jaw,3,900,3601fee77cb3f97034deffe56372711623e419702e2a32bd006d15d86af2745c,displacement_mean_euclidean_error,evaluable,,180,105,780,True,MOCK DATA / NOT A SCIENTIFIC RESULT,displacement-report-draft-v1
MOCK_S11,MOCK_G06,1,non_speaking,jaw,pcmci,0.008658123430965853,0.008658123430965853,MOCK_S11_non_speaking_jaw,3,900,3601fee77cb3f97034deffe56372711623e419702e2a32bd006d15d86af2745c,displacement_mean_euclidean_error,evaluable,,180,3,20,True,MOCK DATA / NOT A SCIENTIFIC RESULT,displacement-report-draft-v1
MOCK_S12,MOCK_G06,1,speaking,left_brow,persistence,0.0063565104653601585,,MOCK_S12_speaking_left_brow,3,900,65b26f198db019d4157cce99a0ff40e7b2021c615e2788b2a00b6afa9ca08269,displacement_mean_euclidean_error,evaluable,,180,0,0,True,MOCK DATA / NOT A SCIENTIFIC RESULT,displacement-report-draft-v1
MOCK_S12,MOCK_G06,1,speaking,left_brow,self,0.005700002938034789,0.005700002938034789,MOCK_S12_speaking_left_brow,3,900,65b26f198db019d4157cce99a0ff40e7b2021c615e2788b2a00b6afa9ca08269,displacement_mean_euclidean_error,evaluable,,180,0,0,True,MOCK DATA / NOT A SCIENTIFIC RESULT,displacement-report-draft-v1
MOCK_S12,MOCK_G06,1,speaking,left_brow,full,0.005430390165196829,0.005430390165196829,MOCK_S12_speaking_left_brow,3,900,65b26f198db019d4157cce99a0ff40e7b2021c615e2788b2a00b6afa9ca08269,displacement_mean_euclidean_error,evaluable,,180,105,780,True,MOCK DATA / NOT A SCIENTIFIC RESULT,displacement-report-draft-v1
MOCK_S12,MOCK_G06,1,speaking,left_brow,pcmci,0.00585237224618236,0.00585237224618236,MOCK_S12_speaking_left_brow,3,900,65b26f198db019d4157cce99a0ff40e7b2021c615e2788b2a00b6afa9ca08269,displacement_mean_euclidean_error,evaluable,,180,3,20,True,MOCK DATA / NOT A SCIENTIFIC RESULT,displacement-report-draft-v1
MOCK_S12,MOCK_G06,1,speaking,right_brow,persistence,0.0063859127584397655,,MOCK_S12_speaking_right_brow,3,900,65b26f198db019d4157cce99a0ff40e7b2021c615e2788b2a00b6afa9ca08269,displacement_mean_euclidean_error,evaluable,,180,0,0,True,MOCK DATA / NOT A SCIENTIFIC RESULT,displacement-report-draft-v1
MOCK_S12,MOCK_G06,1,speaking,right_brow,self,0.0060000029380347895,0.006000002938034789,MOCK_S12_speaking_right_brow,3,900,65b26f198db019d4157cce99a0ff40e7b2021c615e2788b2a00b6afa9ca08269,displacement_mean_euclidean_error,evaluable,,180,0,0,True,MOCK DATA / NOT A SCIENTIFIC RESULT,displacement-report-draft-v1
MOCK_S12,MOCK_G06,1,speaking,right_brow,full,0.006321130642863127,0.006321130642863126,MOCK_S12_speaking_right_brow,3,900,65b26f198db019d4157cce99a0ff40e7b2021c615e2788b2a00b6afa9ca08269,displacement_mean_euclidean_error,evaluable,,180,105,780,True,MOCK DATA / NOT A SCIENTIFIC RESULT,displacement-report-draft-v1
MOCK_S12,MOCK_G06,1,speaking,right_brow,pcmci,0.00638010241990361,0.006380102419903609,MOCK_S12_speaking_right_brow,3,900,65b26f198db019d4157cce99a0ff40e7b2021c615e2788b2a00b6afa9ca08269,displacement_mean_euclidean_error,evaluable,,180,3,20,True,MOCK DATA / NOT A SCIENTIFIC RESULT,displacement-report-draft-v1
MOCK_S12,MOCK_G06,1,speaking,left_eyelid,persistence,0.0065708292527279,,MOCK_S12_speaking_left_eyelid,4,900,65b26f198db019d4157cce99a0ff40e7b2021c615e2788b2a00b6afa9ca08269,displacement_mean_euclidean_error,evaluable,,240,0,0,True,MOCK DATA / NOT A SCIENTIFIC RESULT,displacement-report-draft-v1
MOCK_S12,MOCK_G06,1,speaking,left_eyelid,self,0.006300002938034787,0.006300002938034789,MOCK_S12_speaking_left_eyelid,4,900,65b26f198db019d4157cce99a0ff40e7b2021c615e2788b2a00b6afa9ca08269,displacement_mean_euclidean_error,evaluable,,240,0,0,True,MOCK DATA / NOT A SCIENTIFIC RESULT,displacement-report-draft-v1
MOCK_S12,MOCK_G06,1,speaking,left_eyelid,full,0.00641096032612149,0.00641096032612149,MOCK_S12_speaking_left_eyelid,4,900,65b26f198db019d4157cce99a0ff40e7b2021c615e2788b2a00b6afa9ca08269,displacement_mean_euclidean_error,evaluable,,240,105,750,True,MOCK DATA / NOT A SCIENTIFIC RESULT,displacement-report-draft-v1
MOCK_S12,MOCK_G06,1,speaking,left_eyelid,pcmci,0.006144642958194561,0.006144642958194561,MOCK_S12_speaking_left_eyelid,4,900,65b26f198db019d4157cce99a0ff40e7b2021c615e2788b2a00b6afa9ca08269,displacement_mean_euclidean_error,evaluable,,240,3,20,True,MOCK DATA / NOT A SCIENTIFIC RESULT,displacement-report-draft-v1
MOCK_S12,MOCK_G06,1,speaking,right_eyelid,persistence,0.006545162252131787,,MOCK_S12_speaking_right_eyelid,4,900,65b26f198db019d4157cce99a0ff40e7b2021c615e2788b2a00b6afa9ca08269,displacement_mean_euclidean_error,evaluable,,240,0,0,True,MOCK DATA / NOT A SCIENTIFIC RESULT,displacement-report-draft-v1
MOCK_S12,MOCK_G06,1,speaking,right_eyelid,self,0.0066000029380347885,0.0066000029380347885,MOCK_S12_speaking_right_eyelid,4,900,65b26f198db019d4157cce99a0ff40e7b2021c615e2788b2a00b6afa9ca08269,displacement_mean_euclidean_error,evaluable,,240,0,0,True,MOCK DATA / NOT A SCIENTIFIC RESULT,displacement-report-draft-v1
MOCK_S12,MOCK_G06,1,speaking,right_eyelid,full,0.005893108834934107,0.005893108834934106,MOCK_S12_speaking_right_eyelid,4,900,65b26f198db019d4157cce99a0ff40e7b2021c615e2788b2a00b6afa9ca08269,displacement_mean_euclidean_error,evaluable,,240,105,750,True,MOCK DATA / NOT A SCIENTIFIC RESULT,displacement-report-draft-v1
MOCK_S12,MOCK_G06,1,speaking,right_eyelid,pcmci,0.005638292820752689,0.0056382928207526885,MOCK_S12_speaking_right_eyelid,4,900,65b26f198db019d4157cce99a0ff40e7b2021c615e2788b2a00b6afa9ca08269,displacement_mean_euclidean_error,evaluable,,240,3,24,True,MOCK DATA / NOT A SCIENTIFIC RESULT,displacement-report-draft-v1
MOCK_S12,MOCK_G06,1,speaking,left_cheek,persistence,0.006537227964024137,,MOCK_S12_speaking_left_cheek,2,900,65b26f198db019d4157cce99a0ff40e7b2021c615e2788b2a00b6afa9ca08269,displacement_mean_euclidean_error,evaluable,,120,0,0,True,MOCK DATA / NOT A SCIENTIFIC RESULT,displacement-report-draft-v1
MOCK_S12,MOCK_G06,1,speaking,left_cheek,self,0.0069000029380347876,0.006900002938034788,MOCK_S12_speaking_left_cheek,2,900,65b26f198db019d4157cce99a0ff40e7b2021c615e2788b2a00b6afa9ca08269,displacement_mean_euclidean_error,evaluable,,120,0,0,True,MOCK DATA / NOT A SCIENTIFIC RESULT,displacement-report-draft-v1
MOCK_S12,MOCK_G06,1,speaking,left_cheek,full,0.0055195050585832624,0.0055195050585832624,MOCK_S12_speaking_left_cheek,2,900,65b26f198db019d4157cce99a0ff40e7b2021c615e2788b2a00b6afa9ca08269,displacement_mean_euclidean_error,evaluable,,120,105,810,True,MOCK DATA / NOT A SCIENTIFIC RESULT,displacement-report-draft-v1
MOCK_S12,MOCK_G06,1,speaking,left_cheek,pcmci,0.005602406605267865,0.005602406605267867,MOCK_S12_speaking_left_cheek,2,900,65b26f198db019d4157cce99a0ff40e7b2021c615e2788b2a00b6afa9ca08269,displacement_mean_euclidean_error,evaluable,,120,3,14,True,MOCK DATA / NOT A SCIENTIFIC RESULT,displacement-report-draft-v1
MOCK_S12,MOCK_G06,1,speaking,right_cheek,persistence,0.006556352294278065,,MOCK_S12_speaking_right_cheek,2,900,65b26f198db019d4157cce99a0ff40e7b2021c615e2788b2a00b6afa9ca08269,displacement_mean_euclidean_error,evaluable,,120,0,0,True,MOCK DATA / NOT A SCIENTIFIC RESULT,displacement-report-draft-v1
MOCK_S12,MOCK_G06,1,speaking,right_cheek,self,0.007200002938034788,0.007200002938034788,MOCK_S12_speaking_right_cheek,2,900,65b26f198db019d4157cce99a0ff40e7b2021c615e2788b2a00b6afa9ca08269,displacement_mean_euclidean_error,evaluable,,120,0,0,True,MOCK DATA / NOT A SCIENTIFIC RESULT,displacement-report-draft-v1
MOCK_S12,MOCK_G06,1,speaking,right_cheek,full,0.005909457202562951,0.005909457202562951,MOCK_S12_speaking_right_cheek,2,900,65b26f198db019d4157cce99a0ff40e7b2021c615e2788b2a00b6afa9ca08269,displacement_mean_euclidean_error,evaluable,,120,105,810,True,MOCK DATA / NOT A SCIENTIFIC RESULT,displacement-report-draft-v1
MOCK_S12,MOCK_G06,1,speaking,right_cheek,pcmci,0.006345796549238196,0.006345796549238195,MOCK_S12_speaking_right_cheek,2,900,65b26f198db019d4157cce99a0ff40e7b2021c615e2788b2a00b6afa9ca08269,displacement_mean_euclidean_error,evaluable,,120,3,38,True,MOCK DATA / NOT A SCIENTIFIC RESULT,displacement-report-draft-v1
MOCK_S12,MOCK_G06,1,speaking,mouth,persistence,0.006717314253046167,,MOCK_S12_speaking_mouth,8,900,65b26f198db019d4157cce99a0ff40e7b2021c615e2788b2a00b6afa9ca08269,displacement_mean_euclidean_error,evaluable,,480,0,0,True,MOCK DATA / NOT A SCIENTIFIC RESULT,displacement-report-draft-v1
MOCK_S12,MOCK_G06,1,speaking,mouth,self,0.007500002938034789,0.007500002938034788,MOCK_S12_speaking_mouth,8,900,65b26f198db019d4157cce99a0ff40e7b2021c615e2788b2a00b6afa9ca08269,displacement_mean_euclidean_error,evaluable,,480,0,0,True,MOCK DATA / NOT A SCIENTIFIC RESULT,displacement-report-draft-v1
MOCK_S12,MOCK_G06,1,speaking,mouth,full,0.006980263680533811,0.006980263680533811,MOCK_S12_speaking_mouth,8,900,65b26f198db019d4157cce99a0ff40e7b2021c615e2788b2a00b6afa9ca08269,displacement_mean_euclidean_error,evaluable,,480,105,630,True,MOCK DATA / NOT A SCIENTIFIC RESULT,displacement-report-draft-v1
MOCK_S12,MOCK_G06,1,speaking,mouth,pcmci,0.007460811982974844,0.007460811982974843,MOCK_S12_speaking_mouth,8,900,65b26f198db019d4157cce99a0ff40e7b2021c615e2788b2a00b6afa9ca08269,displacement_mean_euclidean_error,evaluable,,480,3,18,True,MOCK DATA / NOT A SCIENTIFIC RESULT,displacement-report-draft-v1
MOCK_S12,MOCK_G06,1,speaking,jaw,persistence,0.0066999017518643116,,MOCK_S12_speaking_jaw,3,900,65b26f198db019d4157cce99a0ff40e7b2021c615e2788b2a00b6afa9ca08269,displacement_mean_euclidean_error,evaluable,,180,0,0,True,MOCK DATA / NOT A SCIENTIFIC RESULT,displacement-report-draft-v1
MOCK_S12,MOCK_G06,1,speaking,jaw,self,0.007800002938034788,0.007800002938034788,MOCK_S12_speaking_jaw,3,900,65b26f198db019d4157cce99a0ff40e7b2021c615e2788b2a00b6afa9ca08269,displacement_mean_euclidean_error,evaluable,,180,0,0,True,MOCK DATA / NOT A SCIENTIFIC RESULT,displacement-report-draft-v1
MOCK_S12,MOCK_G06,1,speaking,jaw,full,0.008023248571405635,0.008023248571405635,MOCK_S12_speaking_jaw,3,900,65b26f198db019d4157cce99a0ff40e7b2021c615e2788b2a00b6afa9ca08269,displacement_mean_euclidean_error,evaluable,,180,105,780,True,MOCK DATA / NOT A SCIENTIFIC RESULT,displacement-report-draft-v1
MOCK_S12,MOCK_G06,1,speaking,jaw,pcmci,0.00819813147533658,0.008198131475336582,MOCK_S12_speaking_jaw,3,900,65b26f198db019d4157cce99a0ff40e7b2021c615e2788b2a00b6afa9ca08269,displacement_mean_euclidean_error,evaluable,,180,3,20,True,MOCK DATA / NOT A SCIENTIFIC RESULT,displacement-report-draft-v1
MOCK_S12,MOCK_G06,1,non_speaking,left_brow,persistence,0.006344696316865521,,MOCK_S12_non_speaking_left_brow,3,900,0822ce3c29d43fddcd889ac23d203002e3798a7b85051d3d56e7a12df58dcf2b,displacement_mean_euclidean_error,evaluable,,180,0,0,True,MOCK DATA / NOT A SCIENTIFIC RESULT,displacement-report-draft-v1
MOCK_S12,MOCK_G06,1,non_speaking,left_brow,self,0.00610000293803479,0.006100002938034789,MOCK_S12_non_speaking_left_brow,3,900,0822ce3c29d43fddcd889ac23d203002e3798a7b85051d3d56e7a12df58dcf2b,displacement_mean_euclidean_error,evaluable,,180,0,0,True,MOCK DATA / NOT A SCIENTIFIC RESULT,displacement-report-draft-v1
MOCK_S12,MOCK_G06,1,non_speaking,left_brow,full,0.00583039016519683,0.005830390165196829,MOCK_S12_non_speaking_left_brow,3,900,0822ce3c29d43fddcd889ac23d203002e3798a7b85051d3d56e7a12df58dcf2b,displacement_mean_euclidean_error,evaluable,,180,105,780,True,MOCK DATA / NOT A SCIENTIFIC RESULT,displacement-report-draft-v1
MOCK_S12,MOCK_G06,1,non_speaking,left_brow,pcmci,0.00610000293803479,0.006100002938034789,MOCK_S12_non_speaking_left_brow,3,900,0822ce3c29d43fddcd889ac23d203002e3798a7b85051d3d56e7a12df58dcf2b,displacement_mean_euclidean_error,evaluable,,180,0,0,True,MOCK DATA / NOT A SCIENTIFIC RESULT,displacement-report-draft-v1
MOCK_S12,MOCK_G06,1,non_speaking,right_brow,persistence,0.006544884564798805,,MOCK_S12_non_speaking_right_brow,3,900,0822ce3c29d43fddcd889ac23d203002e3798a7b85051d3d56e7a12df58dcf2b,displacement_mean_euclidean_error,evaluable,,180,0,0,True,MOCK DATA / NOT A SCIENTIFIC RESULT,displacement-report-draft-v1
MOCK_S12,MOCK_G06,1,non_speaking,right_brow,self,0.006400002938034788,0.006400002938034789,MOCK_S12_non_speaking_right_brow,3,900,0822ce3c29d43fddcd889ac23d203002e3798a7b85051d3d56e7a12df58dcf2b,displacement_mean_euclidean_error,evaluable,,180,0,0,True,MOCK DATA / NOT A SCIENTIFIC RESULT,displacement-report-draft-v1
MOCK_S12,MOCK_G06,1,non_speaking,right_brow,full,0.006721130642863125,0.006721130642863126,MOCK_S12_non_speaking_right_brow,3,900,0822ce3c29d43fddcd889ac23d203002e3798a7b85051d3d56e7a12df58dcf2b,displacement_mean_euclidean_error,evaluable,,180,105,780,True,MOCK DATA / NOT A SCIENTIFIC RESULT,displacement-report-draft-v1
MOCK_S12,MOCK_G06,1,non_speaking,right_brow,pcmci,0.006244642958194559,0.006244642958194561,MOCK_S12_non_speaking_right_brow,3,900,0822ce3c29d43fddcd889ac23d203002e3798a7b85051d3d56e7a12df58dcf2b,displacement_mean_euclidean_error,evaluable,,180,3,20,True,MOCK DATA / NOT A SCIENTIFIC RESULT,displacement-report-draft-v1
MOCK_S12,MOCK_G06,1,non_speaking,left_eyelid,persistence,0.006654141207893657,,MOCK_S12_non_speaking_left_eyelid,4,900,0822ce3c29d43fddcd889ac23d203002e3798a7b85051d3d56e7a12df58dcf2b,displacement_mean_euclidean_error,evaluable,,240,0,0,True,MOCK DATA / NOT A SCIENTIFIC RESULT,displacement-report-draft-v1
MOCK_S12,MOCK_G06,1,non_speaking,left_eyelid,self,0.006700002938034788,0.006700002938034789,MOCK_S12_non_speaking_left_eyelid,4,900,0822ce3c29d43fddcd889ac23d203002e3798a7b85051d3d56e7a12df58dcf2b,displacement_mean_euclidean_error,evaluable,,240,0,0,True,MOCK DATA / NOT A SCIENTIFIC RESULT,displacement-report-draft-v1
MOCK_S12,MOCK_G06,1,non_speaking,left_eyelid,full,0.006810960326121489,0.0068109603261214905,MOCK_S12_non_speaking_left_eyelid,4,900,0822ce3c29d43fddcd889ac23d203002e3798a7b85051d3d56e7a12df58dcf2b,displacement_mean_euclidean_error,evaluable,,240,105,750,True,MOCK DATA / NOT A SCIENTIFIC RESULT,displacement-report-draft-v1
MOCK_S12,MOCK_G06,1,non_speaking,left_eyelid,pcmci,0.005738292820752687,0.005738292820752689,MOCK_S12_non_speaking_left_eyelid,4,900,0822ce3c29d43fddcd889ac23d203002e3798a7b85051d3d56e7a12df58dcf2b,displacement_mean_euclidean_error,evaluable,,240,3,20,True,MOCK DATA / NOT A SCIENTIFIC RESULT,displacement-report-draft-v1
MOCK_S12,MOCK_G06,1,non_speaking,right_eyelid,persistence,0.006457267206618656,,MOCK_S12_non_speaking_right_eyelid,4,900,0822ce3c29d43fddcd889ac23d203002e3798a7b85051d3d56e7a12df58dcf2b,displacement_mean_euclidean_error,evaluable,,240,0,0,True,MOCK DATA / NOT A SCIENTIFIC RESULT,displacement-report-draft-v1
MOCK_S12,MOCK_G06,1,non_speaking,right_eyelid,self,0.00700000293803479,0.007000002938034789,MOCK_S12_non_speaking_right_eyelid,4,900,0822ce3c29d43fddcd889ac23d203002e3798a7b85051d3d56e7a12df58dcf2b,displacement_mean_euclidean_error,evaluable,,240,0,0,True,MOCK DATA / NOT A SCIENTIFIC RESULT,displacement-report-draft-v1
MOCK_S12,MOCK_G06,1,non_speaking,right_eyelid,full,0.006293108834934107,0.006293108834934107,MOCK_S12_non_speaking_right_eyelid,4,900,0822ce3c29d43fddcd889ac23d203002e3798a7b85051d3d56e7a12df58dcf2b,displacement_mean_euclidean_error,evaluable,,240,105,750,True,MOCK DATA / NOT A SCIENTIFIC RESULT,displacement-report-draft-v1
MOCK_S12,MOCK_G06,1,non_speaking,right_eyelid,pcmci,0.005702406605267867,0.005702406605267867,MOCK_S12_non_speaking_right_eyelid,4,900,0822ce3c29d43fddcd889ac23d203002e3798a7b85051d3d56e7a12df58dcf2b,displacement_mean_euclidean_error,evaluable,,240,3,24,True,MOCK DATA / NOT A SCIENTIFIC RESULT,displacement-report-draft-v1
MOCK_S12,MOCK_G06,1,non_speaking,left_cheek,persistence,0.006480012245104652,,MOCK_S12_non_speaking_left_cheek,2,900,0822ce3c29d43fddcd889ac23d203002e3798a7b85051d3d56e7a12df58dcf2b,displacement_mean_euclidean_error,evaluable,,120,0,0,True,MOCK DATA / NOT A SCIENTIFIC RESULT,displacement-report-draft-v1
MOCK_S12,MOCK_G06,1,non_speaking,left_cheek,self,0.007300002938034788,0.007300002938034789,MOCK_S12_non_speaking_left_cheek,2,900,0822ce3c29d43fddcd889ac23d203002e3798a7b85051d3d56e7a12df58dcf2b,displacement_mean_euclidean_error,evaluable,,120,0,0,True,MOCK DATA / NOT A SCIENTIFIC RESULT,displacement-report-draft-v1
MOCK_S12,MOCK_G06,1,non_speaking,left_cheek,full,0.005919505058583262,0.005919505058583263,MOCK_S12_non_speaking_left_cheek,2,900,0822ce3c29d43fddcd889ac23d203002e3798a7b85051d3d56e7a12df58dcf2b,displacement_mean_euclidean_error,evaluable,,120,105,810,True,MOCK DATA / NOT A SCIENTIFIC RESULT,displacement-report-draft-v1
MOCK_S12,MOCK_G06,1,non_speaking,left_cheek,pcmci,0.006445796549238194,0.006445796549238195,MOCK_S12_non_speaking_left_cheek,2,900,0822ce3c29d43fddcd889ac23d203002e3798a7b85051d3d56e7a12df58dcf2b,displacement_mean_euclidean_error,evaluable,,120,3,14,True,MOCK DATA / NOT A SCIENTIFIC RESULT,displacement-report-draft-v1
MOCK_S12,MOCK_G06,1,non_speaking,right_cheek,persistence,0.006703665092163576,,MOCK_S12_non_speaking_right_cheek,2,900,0822ce3c29d43fddcd889ac23d203002e3798a7b85051d3d56e7a12df58dcf2b,displacement_mean_euclidean_error,evaluable,,120,0,0,True,MOCK DATA / NOT A SCIENTIFIC RESULT,displacement-report-draft-v1
MOCK_S12,MOCK_G06,1,non_speaking,right_cheek,self,0.007600002938034785,0.007600002938034788,MOCK_S12_non_speaking_right_cheek,2,900,0822ce3c29d43fddcd889ac23d203002e3798a7b85051d3d56e7a12df58dcf2b,displacement_mean_euclidean_error,evaluable,,120,0,0,True,MOCK DATA / NOT A SCIENTIFIC RESULT,displacement-report-draft-v1
MOCK_S12,MOCK_G06,1,non_speaking,right_cheek,full,0.006309457202562948,0.00630945720256295,MOCK_S12_non_speaking_right_cheek,2,900,0822ce3c29d43fddcd889ac23d203002e3798a7b85051d3d56e7a12df58dcf2b,displacement_mean_euclidean_error,evaluable,,120,105,810,True,MOCK DATA / NOT A SCIENTIFIC RESULT,displacement-report-draft-v1
MOCK_S12,MOCK_G06,1,non_speaking,right_cheek,pcmci,0.007560811982974841,0.007560811982974843,MOCK_S12_non_speaking_right_cheek,2,900,0822ce3c29d43fddcd889ac23d203002e3798a7b85051d3d56e7a12df58dcf2b,displacement_mean_euclidean_error,evaluable,,120,3,38,True,MOCK DATA / NOT A SCIENTIFIC RESULT,displacement-report-draft-v1
MOCK_S12,MOCK_G06,1,non_speaking,mouth,persistence,0.006724357742022747,,MOCK_S12_non_speaking_mouth,8,900,0822ce3c29d43fddcd889ac23d203002e3798a7b85051d3d56e7a12df58dcf2b,displacement_mean_euclidean_error,evaluable,,480,0,0,True,MOCK DATA / NOT A SCIENTIFIC RESULT,displacement-report-draft-v1
MOCK_S12,MOCK_G06,1,non_speaking,mouth,self,0.007900002938034788,0.007900002938034788,MOCK_S12_non_speaking_mouth,8,900,0822ce3c29d43fddcd889ac23d203002e3798a7b85051d3d56e7a12df58dcf2b,displacement_mean_euclidean_error,evaluable,,480,0,0,True,MOCK DATA / NOT A SCIENTIFIC RESULT,displacement-report-draft-v1
MOCK_S12,MOCK_G06,1,non_speaking,mouth,full,0.007380263680533811,0.007380263680533811,MOCK_S12_non_speaking_mouth,8,900,0822ce3c29d43fddcd889ac23d203002e3798a7b85051d3d56e7a12df58dcf2b,displacement_mean_euclidean_error,evaluable,,480,105,630,True,MOCK DATA / NOT A SCIENTIFIC RESULT,displacement-report-draft-v1
MOCK_S12,MOCK_G06,1,non_speaking,mouth,pcmci,0.008298131475336583,0.008298131475336583,MOCK_S12_non_speaking_mouth,8,900,0822ce3c29d43fddcd889ac23d203002e3798a7b85051d3d56e7a12df58dcf2b,displacement_mean_euclidean_error,evaluable,,480,3,18,True,MOCK DATA / NOT A SCIENTIFIC RESULT,displacement-report-draft-v1
MOCK_S12,MOCK_G06,1,non_speaking,jaw,persistence,0.006763104977123846,,MOCK_S12_non_speaking_jaw,3,900,0822ce3c29d43fddcd889ac23d203002e3798a7b85051d3d56e7a12df58dcf2b,displacement_mean_euclidean_error,evaluable,,180,0,0,True,MOCK DATA / NOT A SCIENTIFIC RESULT,displacement-report-draft-v1
MOCK_S12,MOCK_G06,1,non_speaking,jaw,self,0.008200002938034788,0.008200002938034788,MOCK_S12_non_speaking_jaw,3,900,0822ce3c29d43fddcd889ac23d203002e3798a7b85051d3d56e7a12df58dcf2b,displacement_mean_euclidean_error,evaluable,,180,0,0,True,MOCK DATA / NOT A SCIENTIFIC RESULT,displacement-report-draft-v1
MOCK_S12,MOCK_G06,1,non_speaking,jaw,full,0.008423248571405634,0.008423248571405634,MOCK_S12_non_speaking_jaw,3,900,0822ce3c29d43fddcd889ac23d203002e3798a7b85051d3d56e7a12df58dcf2b,displacement_mean_euclidean_error,evaluable,,180,105,780,True,MOCK DATA / NOT A SCIENTIFIC RESULT,displacement-report-draft-v1
MOCK_S12,MOCK_G06,1,non_speaking,jaw,pcmci,0.008255685501848197,0.008255685501848197,MOCK_S12_non_speaking_jaw,3,900,0822ce3c29d43fddcd889ac23d203002e3798a7b85051d3d56e7a12df58dcf2b,displacement_mean_euclidean_error,evaluable,,180,3,20,True,MOCK DATA / NOT A SCIENTIFIC RESULT,displacement-report-draft-v1
MOCK_S13,MOCK_G07,2,speaking,left_brow,persistence,0.006527705406540521,,MOCK_S13_speaking_left_brow,3,900,9d7b78c97586da2d770e1d7f135992dc6ef9dad98bebc1a63b630ea8466495c1,displacement_mean_euclidean_error,evaluable,,180,0,0,True,MOCK DATA / NOT A SCIENTIFIC RESULT,displacement-report-draft-v1
MOCK_S13,MOCK_G07,2,speaking,left_brow,self,0.00583902812459987,0.00583902812459987,MOCK_S13_speaking_left_brow,3,900,9d7b78c97586da2d770e1d7f135992dc6ef9dad98bebc1a63b630ea8466495c1,displacement_mean_euclidean_error,evaluable,,180,0,0,True,MOCK DATA / NOT A SCIENTIFIC RESULT,displacement-report-draft-v1
MOCK_S13,MOCK_G07,2,speaking,left_brow,full,0.006003329202064107,0.006003329202064107,MOCK_S13_speaking_left_brow,3,900,9d7b78c97586da2d770e1d7f135992dc6ef9dad98bebc1a63b630ea8466495c1,displacement_mean_euclidean_error,evaluable,,180,105,780,True,MOCK DATA / NOT A SCIENTIFIC RESULT,displacement-report-draft-v1
MOCK_S13,MOCK_G07,2,speaking,left_brow,pcmci,0.006205172868252681,0.006205172868252681,MOCK_S13_speaking_left_brow,3,900,9d7b78c97586da2d770e1d7f135992dc6ef9dad98bebc1a63b630ea8466495c1,displacement_mean_euclidean_error,evaluable,,180,3,20,True,MOCK DATA / NOT A SCIENTIFIC RESULT,displacement-report-draft-v1
MOCK_S13,MOCK_G07,2,speaking,right_brow,persistence,0.006498152222214579,,MOCK_S13_speaking_right_brow,3,900,9d7b78c97586da2d770e1d7f135992dc6ef9dad98bebc1a63b630ea8466495c1,displacement_mean_euclidean_error,evaluable,,180,0,0,True,MOCK DATA / NOT A SCIENTIFIC RESULT,displacement-report-draft-v1
MOCK_S13,MOCK_G07,2,speaking,right_brow,self,0.006139028124599869,0.00613902812459987,MOCK_S13_speaking_right_brow,3,900,9d7b78c97586da2d770e1d7f135992dc6ef9dad98bebc1a63b630ea8466495c1,displacement_mean_euclidean_error,evaluable,,180,0,0,True,MOCK DATA / NOT A SCIENTIFIC RESULT,displacement-report-draft-v1
MOCK_S13,MOCK_G07,2,speaking,right_brow,full,0.006435685625611665,0.006435685625611666,MOCK_S13_speaking_right_brow,3,900,9d7b78c97586da2d770e1d7f135992dc6ef9dad98bebc1a63b630ea8466495c1,displacement_mean_euclidean_error,evaluable,,180,105,780,True,MOCK DATA / NOT A SCIENTIFIC RESULT,displacement-report-draft-v1
MOCK_S13,MOCK_G07,2,speaking,right_brow,pcmci,0.006329845040791678,0.006329845040791679,MOCK_S13_speaking_right_brow,3,900,9d7b78c97586da2d770e1d7f135992dc6ef9dad98bebc1a63b630ea8466495c1,displacement_mean_euclidean_error,evaluable,,180,3,20,True,MOCK DATA / NOT A SCIENTIFIC RESULT,displacement-report-draft-v1
MOCK_S13,MOCK_G07,2,speaking,left_eyelid,persistence,0.006519316293120535,,MOCK_S13_speaking_left_eyelid,4,900,9d7b78c97586da2d770e1d7f135992dc6ef9dad98bebc1a63b630ea8466495c1,displacement_mean_euclidean_error,evaluable,,240,0,0,True,MOCK DATA / NOT A SCIENTIFIC RESULT,displacement-report-draft-v1
MOCK_S13,MOCK_G07,2,speaking,left_eyelid,self,0.00643902812459987,0.00643902812459987,MOCK_S13_speaking_left_eyelid,4,900,9d7b78c97586da2d770e1d7f135992dc6ef9dad98bebc1a63b630ea8466495c1,displacement_mean_euclidean_error,evaluable,,240,0,0,True,MOCK DATA / NOT A SCIENTIFIC RESULT,displacement-report-draft-v1
MOCK_S13,MOCK_G07,2,speaking,left_eyelid,full,0.006089629047290092,0.006089629047290093,MOCK_S13_speaking_left_eyelid,4,900,9d7b78c97586da2d770e1d7f135992dc6ef9dad98bebc1a63b630ea8466495c1,displacement_mean_euclidean_error,evaluable,,240,105,750,True,MOCK DATA / NOT A SCIENTIFIC RESULT,displacement-report-draft-v1
MOCK_S13,MOCK_G07,2,speaking,left_eyelid,pcmci,0.005865353095862548,0.005865353095862548,MOCK_S13_speaking_left_eyelid,4,900,9d7b78c97586da2d770e1d7f135992dc6ef9dad98bebc1a63b630ea8466495c1,displacement_mean_euclidean_error,evaluable,,240,3,20,True,MOCK DATA / NOT A SCIENTIFIC RESULT,displacement-report-draft-v1
MOCK_S13,MOCK_G07,2,speaking,right_eyelid,persistence,0.006537251196874547,,MOCK_S13_speaking_right_eyelid,4,900,9d7b78c97586da2d770e1d7f135992dc6ef9dad98bebc1a63b630ea8466495c1,displacement_mean_euclidean_error,evaluable,,240,0,0,True,MOCK DATA / NOT A SCIENTIFIC RESULT,displacement-report-draft-v1
MOCK_S13,MOCK_G07,2,speaking,right_eyelid,self,0.00673902812459987,0.00673902812459987,MOCK_S13_speaking_right_eyelid,4,900,9d7b78c97586da2d770e1d7f135992dc6ef9dad98bebc1a63b630ea8466495c1,displacement_mean_euclidean_error,evaluable,,240,0,0,True,MOCK DATA / NOT A SCIENTIFIC RESULT,displacement-report-draft-v1
MOCK_S13,MOCK_G07,2,speaking,right_eyelid,full,0.005559140905765683,0.005559140905765682,MOCK_S13_speaking_right_eyelid,4,900,9d7b78c97586da2d770e1d7f135992dc6ef9dad98bebc1a63b630ea8466495c1,displacement_mean_euclidean_error,evaluable,,240,105,750,True,MOCK DATA / NOT A SCIENTIFIC RESULT,displacement-report-draft-v1
MOCK_S13,MOCK_G07,2,speaking,right_eyelid,pcmci,0.005514567401997894,0.005514567401997895,MOCK_S13_speaking_right_eyelid,4,900,9d7b78c97586da2d770e1d7f135992dc6ef9dad98bebc1a63b630ea8466495c1,displacement_mean_euclidean_error,evaluable,,240,3,24,True,MOCK DATA / NOT A SCIENTIFIC RESULT,displacement-report-draft-v1
MOCK_S13,MOCK_G07,2,speaking,left_cheek,persistence,0.006580410159454247,,MOCK_S13_speaking_left_cheek,2,900,9d7b78c97586da2d770e1d7f135992dc6ef9dad98bebc1a63b630ea8466495c1,displacement_mean_euclidean_error,evaluable,,120,0,0,True,MOCK DATA / NOT A SCIENTIFIC RESULT,displacement-report-draft-v1
MOCK_S13,MOCK_G07,2,speaking,left_cheek,self,0.0070390281245998705,0.00703902812459987,MOCK_S13_speaking_left_cheek,2,900,9d7b78c97586da2d770e1d7f135992dc6ef9dad98bebc1a63b630ea8466495c1,displacement_mean_euclidean_error,evaluable,,120,0,0,True,MOCK DATA / NOT A SCIENTIFIC RESULT,displacement-report-draft-v1
MOCK_S13,MOCK_G07,2,speaking,left_cheek,full,0.005607768168363684,0.005607768168363684,MOCK_S13_speaking_left_cheek,2,900,9d7b78c97586da2d770e1d7f135992dc6ef9dad98bebc1a63b630ea8466495c1,displacement_mean_euclidean_error,evaluable,,120,105,810,True,MOCK DATA / NOT A SCIENTIFIC RESULT,displacement-report-draft-v1
MOCK_S13,MOCK_G07,2,speaking,left_cheek,pcmci,0.005875817324884886,0.005875817324884885,MOCK_S13_speaking_left_cheek,2,900,9d7b78c97586da2d770e1d7f135992dc6ef9dad98bebc1a63b630ea8466495c1,displacement_mean_euclidean_error,evaluable,,120,3,14,True,MOCK DATA / NOT A SCIENTIFIC RESULT,displacement-report-draft-v1
MOCK_S13,MOCK_G07,2,speaking,right_cheek,persistence,0.0066546723083043295,,MOCK_S13_speaking_right_cheek,2,900,9d7b78c97586da2d770e1d7f135992dc6ef9dad98bebc1a63b630ea8466495c1,displacement_mean_euclidean_error,evaluable,,120,0,0,True,MOCK DATA / NOT A SCIENTIFIC RESULT,displacement-report-draft-v1
MOCK_S13,MOCK_G07,2,speaking,right_cheek,self,0.007339028124599868,0.0073390281245998695,MOCK_S13_speaking_right_cheek,2,900,9d7b78c97586da2d770e1d7f135992dc6ef9dad98bebc1a63b630ea8466495c1,displacement_mean_euclidean_error,evaluable,,120,0,0,True,MOCK DATA / NOT A SCIENTIFIC RESULT,displacement-report-draft-v1
MOCK_S13,MOCK_G07,2,speaking,right_cheek,full,0.0064666217705867226,0.006466621770586723,MOCK_S13_speaking_right_cheek,2,900,9d7b78c97586da2d770e1d7f135992dc6ef9dad98bebc1a63b630ea8466495c1,displacement_mean_euclidean_error,evaluable,,120,105,810,True,MOCK DATA / NOT A SCIENTIFIC RESULT,displacement-report-draft-v1
MOCK_S13,MOCK_G07,2,speaking,right_cheek,pcmci,0.006892789967889712,0.006892789967889713,MOCK_S13_speaking_right_cheek,2,900,9d7b78c97586da2d770e1d7f135992dc6ef9dad98bebc1a63b630ea8466495c1,displacement_mean_euclidean_error,evaluable,,120,3,38,True,MOCK DATA / NOT A SCIENTIFIC RESULT,displacement-report-draft-v1
MOCK_S13,MOCK_G07,2,speaking,mouth,persistence,0.006752235635945233,,MOCK_S13_speaking_mouth,8,900,9d7b78c97586da2d770e1d7f135992dc6ef9dad98bebc1a63b630ea8466495c1,displacement_mean_euclidean_error,evaluable,,480,0,0,True,MOCK DATA / NOT A SCIENTIFIC RESULT,displacement-report-draft-v1
MOCK_S13,MOCK_G07,2,speaking,mouth,self,0.0076390281245998694,0.0076390281245998694,MOCK_S13_speaking_mouth,8,900,9d7b78c97586da2d770e1d7f135992dc6ef9dad98bebc1a63b630ea8466495c1,displacement_mean_euclidean_error,evaluable,,480,0,0,True,MOCK DATA / NOT A SCIENTIFIC RESULT,displacement-report-draft-v1
MOCK_S13,MOCK_G07,2,speaking,mouth,full,0.00762189428783637,0.00762189428783637,MOCK_S13_speaking_mouth,8,900,9d7b78c97586da2d770e1d7f135992dc6ef9dad98bebc1a63b630ea8466495c1,displacement_mean_euclidean_error,evaluable,,480,105,630,True,MOCK DATA / NOT A SCIENTIFIC RESULT,displacement-report-draft-v1
MOCK_S13,MOCK_G07,2,speaking,mouth,pcmci,0.007906303989522488,0.007906303989522488,MOCK_S13_speaking_mouth,8,900,9d7b78c97586da2d770e1d7f135992dc6ef9dad98bebc1a63b630ea8466495c1,displacement_mean_euclidean_error,evaluable,,480,3,18,True,MOCK DATA / NOT A SCIENTIFIC RESULT,displacement-report-draft-v1
MOCK_S13,MOCK_G07,2,speaking,jaw,persistence,0.006670835758085305,,MOCK_S13_speaking_jaw,3,900,9d7b78c97586da2d770e1d7f135992dc6ef9dad98bebc1a63b630ea8466495c1,displacement_mean_euclidean_error,evaluable,,180,0,0,True,MOCK DATA / NOT A SCIENTIFIC RESULT,displacement-report-draft-v1
MOCK_S13,MOCK_G07,2,speaking,jaw,self,0.007939028124599871,0.00793902812459987,MOCK_S13_speaking_jaw,3,900,9d7b78c97586da2d770e1d7f135992dc6ef9dad98bebc1a63b630ea8466495c1,displacement_mean_euclidean_error,evaluable,,180,0,0,True,MOCK DATA / NOT A SCIENTIFIC RESULT,displacement-report-draft-v1
MOCK_S13,MOCK_G07,2,speaking,jaw,full,0.008287252112044596,0.008287252112044594,MOCK_S13_speaking_jaw,3,900,9d7b78c97586da2d770e1d7f135992dc6ef9dad98bebc1a63b630ea8466495c1,displacement_mean_euclidean_error,evaluable,,180,105,780,True,MOCK DATA / NOT A SCIENTIFIC RESULT,displacement-report-draft-v1
MOCK_S13,MOCK_G07,2,speaking,jaw,pcmci,0.008260357888832537,0.008260357888832537,MOCK_S13_speaking_jaw,3,900,9d7b78c97586da2d770e1d7f135992dc6ef9dad98bebc1a63b630ea8466495c1,displacement_mean_euclidean_error,evaluable,,180,3,20,True,MOCK DATA / NOT A SCIENTIFIC RESULT,displacement-report-draft-v1
MOCK_S13,MOCK_G07,2,non_speaking,left_brow,persistence,0.006421115558907111,,MOCK_S13_non_speaking_left_brow,3,900,1e9af3ce53521562ce1a5f17daf0ad5d1201ce61de087dbcb5092cb318804f8c,displacement_mean_euclidean_error,evaluable,,180,0,0,True,MOCK DATA / NOT A SCIENTIFIC RESULT,displacement-report-draft-v1
MOCK_S13,MOCK_G07,2,non_speaking,left_brow,self,0.00623902812459987,0.00623902812459987,MOCK_S13_non_speaking_left_brow,3,900,1e9af3ce53521562ce1a5f17daf0ad5d1201ce61de087dbcb5092cb318804f8c,displacement_mean_euclidean_error,evaluable,,180,0,0,True,MOCK DATA / NOT A SCIENTIFIC RESULT,displacement-report-draft-v1
MOCK_S13,MOCK_G07,2,non_speaking,left_brow,full,0.006403329202064108,0.006403329202064108,MOCK_S13_non_speaking_left_brow,3,900,1e9af3ce53521562ce1a5f17daf0ad5d1201ce61de087dbcb5092cb318804f8c,displacement_mean_euclidean_error,evaluable,,180,105,780,True,MOCK DATA / NOT A SCIENTIFIC RESULT,displacement-report-draft-v1
MOCK_S13,MOCK_G07,2,non_speaking,left_brow,pcmci,0.006429845040791679,0.006429845040791679,MOCK_S13_non_speaking_left_brow,3,900,1e9af3ce53521562ce1a5f17daf0ad5d1201ce61de087dbcb5092cb318804f8c,displacement_mean_euclidean_error,evaluable,,180,3,20,True,MOCK DATA / NOT A SCIENTIFIC RESULT,displacement-report-draft-v1
MOCK_S13,MOCK_G07,2,non_speaking,right_brow,persistence,0.006436092550521603,,MOCK_S13_non_speaking_right_brow,3,900,1e9af3ce53521562ce1a5f17daf0ad5d1201ce61de087dbcb5092cb318804f8c,displacement_mean_euclidean_error,evaluable,,180,0,0,True,MOCK DATA / NOT A SCIENTIFIC RESULT,displacement-report-draft-v1
MOCK_S13,MOCK_G07,2,non_speaking,right_brow,self,0.006539028124599871,0.00653902812459987,MOCK_S13_non_speaking_right_brow,3,900,1e9af3ce53521562ce1a5f17daf0ad5d1201ce61de087dbcb5092cb318804f8c,displacement_mean_euclidean_error,evaluable,,180,0,0,True,MOCK DATA / NOT A SCIENTIFIC RESULT,displacement-report-draft-v1
MOCK_S13,MOCK_G07,2,non_speaking,right_brow,full,0.006835685625611667,0.006835685625611666,MOCK_S13_non_speaking_right_brow,3,900,1e9af3ce53521562ce1a5f17daf0ad5d1201ce61de087dbcb5092cb318804f8c,displacement_mean_euclidean_error,evaluable,,180,105,780,True,MOCK DATA / NOT A SCIENTIFIC RESULT,displacement-report-draft-v1
MOCK_S13,MOCK_G07,2,non_speaking,right_brow,pcmci,0.005965353095862551,0.005965353095862548,MOCK_S13_non_speaking_right_brow,3,900,1e9af3ce53521562ce1a5f17daf0ad5d1201ce61de087dbcb5092cb318804f8c,displacement_mean_euclidean_error,evaluable,,180,3,20,True,MOCK DATA / NOT A SCIENTIFIC RESULT,displacement-report-draft-v1
MOCK_S13,MOCK_G07,2,non_speaking,left_eyelid,persistence,0.006450973149196248,,MOCK_S13_non_speaking_left_eyelid,4,900,1e9af3ce53521562ce1a5f17daf0ad5d1201ce61de087dbcb5092cb318804f8c,displacement_mean_euclidean_error,evaluable,,240,0,0,True,MOCK DATA / NOT A SCIENTIFIC RESULT,displacement-report-draft-v1
MOCK_S13,MOCK_G07,2,non_speaking,left_eyelid,self,0.006839028124599869,0.00683902812459987,MOCK_S13_non_speaking_left_eyelid,4,900,1e9af3ce53521562ce1a5f17daf0ad5d1201ce61de087dbcb5092cb318804f8c,displacement_mean_euclidean_error,evaluable,,240,0,0,True,MOCK DATA / NOT A SCIENTIFIC RESULT,displacement-report-draft-v1
MOCK_S13,MOCK_G07,2,non_speaking,left_eyelid,full,0.006489629047290092,0.006489629047290093,MOCK_S13_non_speaking_left_eyelid,4,900,1e9af3ce53521562ce1a5f17daf0ad5d1201ce61de087dbcb5092cb318804f8c,displacement_mean_euclidean_error,evaluable,,240,105,750,True,MOCK DATA / NOT A SCIENTIFIC RESULT,displacement-report-draft-v1
MOCK_S13,MOCK_G07,2,non_speaking,left_eyelid,pcmci,0.005614567401997894,0.005614567401997895,MOCK_S13_non_speaking_left_eyelid,4,900,1e9af3ce53521562ce1a5f17daf0ad5d1201ce61de087dbcb5092cb318804f8c,displacement_mean_euclidean_error,evaluable,,240,3,20,True,MOCK DATA / NOT A SCIENTIFIC RESULT,displacement-report-draft-v1
MOCK_S13,MOCK_G07,2,non_speaking,right_eyelid,persistence,0.0064851639292968204,,MOCK_S13_non_speaking_right_eyelid,4,900,1e9af3ce53521562ce1a5f17daf0ad5d1201ce61de087dbcb5092cb318804f8c,displacement_mean_euclidean_error,evaluable,,240,0,0,True,MOCK DATA / NOT A SCIENTIFIC RESULT,displacement-report-draft-v1
MOCK_S13,MOCK_G07,2,non_speaking,right_eyelid,self,0.00713902812459987,0.00713902812459987,MOCK_S13_non_speaking_right_eyelid,4,900,1e9af3ce53521562ce1a5f17daf0ad5d1201ce61de087dbcb5092cb318804f8c,displacement_mean_euclidean_error,evaluable,,240,0,0,True,MOCK DATA / NOT A SCIENTIFIC RESULT,displacement-report-draft-v1
MOCK_S13,MOCK_G07,2,non_speaking,right_eyelid,full,0.005959140905765683,0.005959140905765682,MOCK_S13_non_speaking_right_eyelid,4,900,1e9af3ce53521562ce1a5f17daf0ad5d1201ce61de087dbcb5092cb318804f8c,displacement_mean_euclidean_error,evaluable,,240,105,750,True,MOCK DATA / NOT A SCIENTIFIC RESULT,displacement-report-draft-v1
MOCK_S13,MOCK_G07,2,non_speaking,right_eyelid,pcmci,0.005975817324884887,0.005975817324884886,MOCK_S13_non_speaking_right_eyelid,4,900,1e9af3ce53521562ce1a5f17daf0ad5d1201ce61de087dbcb5092cb318804f8c,displacement_mean_euclidean_error,evaluable,,240,3,24,True,MOCK DATA / NOT A SCIENTIFIC RESULT,displacement-report-draft-v1
MOCK_S13,MOCK_G07,2,non_speaking,left_cheek,persistence,0.006645512393454447,,MOCK_S13_non_speaking_left_cheek,2,900,1e9af3ce53521562ce1a5f17daf0ad5d1201ce61de087dbcb5092cb318804f8c,displacement_mean_euclidean_error,evaluable,,120,0,0,True,MOCK DATA / NOT A SCIENTIFIC RESULT,displacement-report-draft-v1
MOCK_S13,MOCK_G07,2,non_speaking,left_cheek,self,0.00743902812459987,0.00743902812459987,MOCK_S13_non_speaking_left_cheek,2,900,1e9af3ce53521562ce1a5f17daf0ad5d1201ce61de087dbcb5092cb318804f8c,displacement_mean_euclidean_error,evaluable,,120,0,0,True,MOCK DATA / NOT A SCIENTIFIC RESULT,displacement-report-draft-v1
MOCK_S13,MOCK_G07,2,non_speaking,left_cheek,full,0.006007768168363685,0.006007768168363684,MOCK_S13_non_speaking_left_cheek,2,900,1e9af3ce53521562ce1a5f17daf0ad5d1201ce61de087dbcb5092cb318804f8c,displacement_mean_euclidean_error,evaluable,,120,105,810,True,MOCK DATA / NOT A SCIENTIFIC RESULT,displacement-report-draft-v1
MOCK_S13,MOCK_G07,2,non_speaking,left_cheek,pcmci,0.006992789967889714,0.006992789967889713,MOCK_S13_non_speaking_left_cheek,2,900,1e9af3ce53521562ce1a5f17daf0ad5d1201ce61de087dbcb5092cb318804f8c,displacement_mean_euclidean_error,evaluable,,120,3,14,True,MOCK DATA / NOT A SCIENTIFIC RESULT,displacement-report-draft-v1
MOCK_S13,MOCK_G07,2,non_speaking,right_cheek,persistence,0.0066100451001798845,,MOCK_S13_non_speaking_right_cheek,2,900,1e9af3ce53521562ce1a5f17daf0ad5d1201ce61de087dbcb5092cb318804f8c,displacement_mean_euclidean_error,evaluable,,120,0,0,True,MOCK DATA / NOT A SCIENTIFIC RESULT,displacement-report-draft-v1
MOCK_S13,MOCK_G07,2,non_speaking,right_cheek,self,0.00773902812459987,0.007739028124599869,MOCK_S13_non_speaking_right_cheek,2,900,1e9af3ce53521562ce1a5f17daf0ad5d1201ce61de087dbcb5092cb318804f8c,displacement_mean_euclidean_error,evaluable,,120,0,0,True,MOCK DATA / NOT A SCIENTIFIC RESULT,displacement-report-draft-v1
MOCK_S13,MOCK_G07,2,non_speaking,right_cheek,full,0.006866621770586724,0.006866621770586723,MOCK_S13_non_speaking_right_cheek,2,900,1e9af3ce53521562ce1a5f17daf0ad5d1201ce61de087dbcb5092cb318804f8c,displacement_mean_euclidean_error,evaluable,,120,105,810,True,MOCK DATA / NOT A SCIENTIFIC RESULT,displacement-report-draft-v1
MOCK_S13,MOCK_G07,2,non_speaking,right_cheek,pcmci,0.008006303989522488,0.008006303989522488,MOCK_S13_non_speaking_right_cheek,2,900,1e9af3ce53521562ce1a5f17daf0ad5d1201ce61de087dbcb5092cb318804f8c,displacement_mean_euclidean_error,evaluable,,120,3,38,True,MOCK DATA / NOT A SCIENTIFIC RESULT,displacement-report-draft-v1
MOCK_S13,MOCK_G07,2,non_speaking,mouth,persistence,0.006777865764882454,,MOCK_S13_non_speaking_mouth,8,900,1e9af3ce53521562ce1a5f17daf0ad5d1201ce61de087dbcb5092cb318804f8c,displacement_mean_euclidean_error,evaluable,,480,0,0,True,MOCK DATA / NOT A SCIENTIFIC RESULT,displacement-report-draft-v1
MOCK_S13,MOCK_G07,2,non_speaking,mouth,self,0.008039028124599869,0.008039028124599869,MOCK_S13_non_speaking_mouth,8,900,1e9af3ce53521562ce1a5f17daf0ad5d1201ce61de087dbcb5092cb318804f8c,displacement_mean_euclidean_error,evaluable,,480,0,0,True,MOCK DATA / NOT A SCIENTIFIC RESULT,displacement-report-draft-v1
MOCK_S13,MOCK_G07,2,non_speaking,mouth,full,0.00802189428783637,0.00802189428783637,MOCK_S13_non_speaking_mouth,8,900,1e9af3ce53521562ce1a5f17daf0ad5d1201ce61de087dbcb5092cb318804f8c,displacement_mean_euclidean_error,evaluable,,480,105,630,True,MOCK DATA / NOT A SCIENTIFIC RESULT,displacement-report-draft-v1
MOCK_S13,MOCK_G07,2,non_speaking,mouth,pcmci,0.008360357888832534,0.008360357888832536,MOCK_S13_non_speaking_mouth,8,900,1e9af3ce53521562ce1a5f17daf0ad5d1201ce61de087dbcb5092cb318804f8c,displacement_mean_euclidean_error,evaluable,,480,3,18,True,MOCK DATA / NOT A SCIENTIFIC RESULT,displacement-report-draft-v1
MOCK_S13,MOCK_G07,2,non_speaking,jaw,persistence,0.006746063533471003,,MOCK_S13_non_speaking_jaw,3,900,1e9af3ce53521562ce1a5f17daf0ad5d1201ce61de087dbcb5092cb318804f8c,displacement_mean_euclidean_error,evaluable,,180,0,0,True,MOCK DATA / NOT A SCIENTIFIC RESULT,displacement-report-draft-v1
MOCK_S13,MOCK_G07,2,non_speaking,jaw,self,0.008339028124599869,0.008339028124599869,MOCK_S13_non_speaking_jaw,3,900,1e9af3ce53521562ce1a5f17daf0ad5d1201ce61de087dbcb5092cb318804f8c,displacement_mean_euclidean_error,evaluable,,180,0,0,True,MOCK DATA / NOT A SCIENTIFIC RESULT,displacement-report-draft-v1
MOCK_S13,MOCK_G07,2,non_speaking,jaw,full,0.008687252112044594,0.008687252112044594,MOCK_S13_non_speaking_jaw,3,900,1e9af3ce53521562ce1a5f17daf0ad5d1201ce61de087dbcb5092cb318804f8c,displacement_mean_euclidean_error,evaluable,,180,105,780,True,MOCK DATA / NOT A SCIENTIFIC RESULT,displacement-report-draft-v1
MOCK_S13,MOCK_G07,2,non_speaking,jaw,pcmci,0.008005254760076526,0.008005254760076526,MOCK_S13_non_speaking_jaw,3,900,1e9af3ce53521562ce1a5f17daf0ad5d1201ce61de087dbcb5092cb318804f8c,displacement_mean_euclidean_error,evaluable,,180,3,20,True,MOCK DATA / NOT A SCIENTIFIC RESULT,displacement-report-draft-v1
MOCK_S14,MOCK_G07,2,speaking,left_brow,persistence,0.006500485656677266,,MOCK_S14_speaking_left_brow,3,900,b4782c6f3f8165fc417d33509c6e9e1998d0c6a4910b60dfeb52d0a85d032d52,displacement_mean_euclidean_error,evaluable,,180,0,0,True,MOCK DATA / NOT A SCIENTIFIC RESULT,displacement-report-draft-v1
MOCK_S14,MOCK_G07,2,speaking,left_brow,self,0.006126050111047992,0.006126050111047992,MOCK_S14_speaking_left_brow,3,900,b4782c6f3f8165fc417d33509c6e9e1998d0c6a4910b60dfeb52d0a85d032d52,displacement_mean_euclidean_error,evaluable,,180,0,0,True,MOCK DATA / NOT A SCIENTIFIC RESULT,displacement-report-draft-v1
MOCK_S14,MOCK_G07,2,speaking,left_brow,full,0.0064747391218851385,0.006474739121885137,MOCK_S14_speaking_left_brow,3,900,b4782c6f3f8165fc417d33509c6e9e1998d0c6a4910b60dfeb52d0a85d032d52,displacement_mean_euclidean_error,evaluable,,180,105,780,True,MOCK DATA / NOT A SCIENTIFIC RESULT,displacement-report-draft-v1
MOCK_S14,MOCK_G07,2,speaking,left_brow,pcmci,0.006506149592916812,0.006506149592916812,MOCK_S14_speaking_left_brow,3,900,b4782c6f3f8165fc417d33509c6e9e1998d0c6a4910b60dfeb52d0a85d032d52,displacement_mean_euclidean_error,evaluable,,180,3,20,True,MOCK DATA / NOT A SCIENTIFIC RESULT,displacement-report-draft-v1
MOCK_S14,MOCK_G07,2,speaking,right_brow,persistence,0.006393075825146392,,MOCK_S14_speaking_right_brow,3,900,b4782c6f3f8165fc417d33509c6e9e1998d0c6a4910b60dfeb52d0a85d032d52,displacement_mean_euclidean_error,evaluable,,180,0,0,True,MOCK DATA / NOT A SCIENTIFIC RESULT,displacement-report-draft-v1
MOCK_S14,MOCK_G07,2,speaking,right_brow,self,0.006426050111047992,0.006426050111047992,MOCK_S14_speaking_right_brow,3,900,b4782c6f3f8165fc417d33509c6e9e1998d0c6a4910b60dfeb52d0a85d032d52,displacement_mean_euclidean_error,evaluable,,180,0,0,True,MOCK DATA / NOT A SCIENTIFIC RESULT,displacement-report-draft-v1
MOCK_S14,MOCK_G07,2,speaking,right_brow,full,0.006402475584650578,0.0064024755846505774,MOCK_S14_speaking_right_brow,3,900,b4782c6f3f8165fc417d33509c6e9e1998d0c6a4910b60dfeb52d0a85d032d52,displacement_mean_euclidean_error,evaluable,,180,105,780,True,MOCK DATA / NOT A SCIENTIFIC RESULT,displacement-report-draft-v1
MOCK_S14,MOCK_G07,2,speaking,right_brow,pcmci,0.006270690131207765,0.006270690131207764,MOCK_S14_speaking_right_brow,3,900,b4782c6f3f8165fc417d33509c6e9e1998d0c6a4910b60dfeb52d0a85d032d52,displacement_mean_euclidean_error,evaluable,,180,3,20,True,MOCK DATA / NOT A SCIENTIFIC RESULT,displacement-report-draft-v1
MOCK_S14,MOCK_G07,2,speaking,left_eyelid,persistence,0.006492414414607565,,MOCK_S14_speaking_left_eyelid,4,900,b4782c6f3f8165fc417d33509c6e9e1998d0c6a4910b60dfeb52d0a85d032d52,displacement_mean_euclidean_error,evaluable,,240,0,0,True,MOCK DATA / NOT A SCIENTIFIC RESULT,displacement-report-draft-v1
MOCK_S14,MOCK_G07,2,speaking,left_eyelid,self,0.00672605011104799,0.006726050111047992,MOCK_S14_speaking_left_eyelid,4,900,b4782c6f3f8165fc417d33509c6e9e1998d0c6a4910b60dfeb52d0a85d032d52,displacement_mean_euclidean_error,evaluable,,240,0,0,True,MOCK DATA / NOT A SCIENTIFIC RESULT,displacement-report-draft-v1
MOCK_S14,MOCK_G07,2,speaking,left_eyelid,full,0.005846218894721255,0.0058462188947212565,MOCK_S14_speaking_left_eyelid,4,900,b4782c6f3f8165fc417d33509c6e9e1998d0c6a4910b60dfeb52d0a85d032d52,displacement_mean_euclidean_error,evaluable,,240,105,750,True,MOCK DATA / NOT A SCIENTIFIC RESULT,displacement-report-draft-v1
MOCK_S14,MOCK_G07,2,speaking,left_eyelid,pcmci,0.005764339993765891,0.005764339993765892,MOCK_S14_speaking_left_eyelid,4,900,b4782c6f3f8165fc417d33509c6e9e1998d0c6a4910b60dfeb52d0a85d032d52,displacement_mean_euclidean_error,evaluable,,240,3,20,True,MOCK DATA / NOT A SCIENTIFIC RESULT,displacement-report-draft-v1
MOCK_S14,MOCK_G07,2,speaking,right_eyelid,persistence,0.006630363391018573,,MOCK_S14_speaking_right_eyelid,4,900,b4782c6f3f8165fc417d33509c6e9e1998d0c6a4910b60dfeb52d0a85d032d52,displacement_mean_euclidean_error,evaluable,,240,0,0,True,MOCK DATA / NOT A SCIENTIFIC RESULT,displacement-report-draft-v1
MOCK_S14,MOCK_G07,2,speaking,right_eyelid,self,0.007026050111047992,0.007026050111047992,MOCK_S14_speaking_right_eyelid,4,900,b4782c6f3f8165fc417d33509c6e9e1998d0c6a4910b60dfeb52d0a85d032d52,displacement_mean_euclidean_error,evaluable,,240,0,0,True,MOCK DATA / NOT A SCIENTIFIC RESULT,displacement-report-draft-v1
MOCK_S14,MOCK_G07,2,speaking,right_eyelid,full,0.005593207503988149,0.005593207503988149,MOCK_S14_speaking_right_eyelid,4,900,b4782c6f3f8165fc417d33509c6e9e1998d0c6a4910b60dfeb52d0a85d032d52,displacement_mean_euclidean_error,evaluable,,240,105,750,True,MOCK DATA / NOT A SCIENTIFIC RESULT,displacement-report-draft-v1
MOCK_S14,MOCK_G07,2,speaking,right_eyelid,pcmci,0.005728453778281071,0.00572845377828107,MOCK_S14_speaking_right_eyelid,4,900,b4782c6f3f8165fc417d33509c6e9e1998d0c6a4910b60dfeb52d0a85d032d52,displacement_mean_euclidean_error,evaluable,,240,3,24,True,MOCK DATA / NOT A SCIENTIFIC RESULT,displacement-report-draft-v1
MOCK_S14,MOCK_G07,2,speaking,left_cheek,persistence,0.0067302964316941286,,MOCK_S14_speaking_left_cheek,2,900,b4782c6f3f8165fc417d33509c6e9e1998d0c6a4910b60dfeb52d0a85d032d52,displacement_mean_euclidean_error,evaluable,,120,0,0,True,MOCK DATA / NOT A SCIENTIFIC RESULT,displacement-report-draft-v1
MOCK_S14,MOCK_G07,2,speaking,left_cheek,self,0.007326050111047993,0.007326050111047992,MOCK_S14_speaking_left_cheek,2,900,b4782c6f3f8165fc417d33509c6e9e1998d0c6a4910b60dfeb52d0a85d032d52,displacement_mean_euclidean_error,evaluable,,120,0,0,True,MOCK DATA / NOT A SCIENTIFIC RESULT,displacement-report-draft-v1
MOCK_S14,MOCK_G07,2,speaking,left_cheek,full,0.006151877534748582,0.006151877534748581,MOCK_S14_speaking_left_cheek,2,900,b4782c6f3f8165fc417d33509c6e9e1998d0c6a4910b60dfeb52d0a85d032d52,displacement_mean_euclidean_error,evaluable,,120,105,810,True,MOCK DATA / NOT A SCIENTIFIC RESULT,displacement-report-draft-v1
MOCK_S14,MOCK_G07,2,speaking,left_cheek,pcmci,0.006471843722251398,0.006471843722251398,MOCK_S14_speaking_left_cheek,2,900,b4782c6f3f8165fc417d33509c6e9e1998d0c6a4910b60dfeb52d0a85d032d52,displacement_mean_euclidean_error,evaluable,,120,3,14,True,MOCK DATA / NOT A SCIENTIFIC RESULT,displacement-report-draft-v1
MOCK_S14,MOCK_G07,2,speaking,right_cheek,persistence,0.0066499399744016155,,MOCK_S14_speaking_right_cheek,2,900,b4782c6f3f8165fc417d33509c6e9e1998d0c6a4910b60dfeb52d0a85d032d52,displacement_mean_euclidean_error,evaluable,,120,0,0,True,MOCK DATA / NOT A SCIENTIFIC RESULT,displacement-report-draft-v1
MOCK_S14,MOCK_G07,2,speaking,right_cheek,self,0.007626050111047991,0.007626050111047992,MOCK_S14_speaking_right_cheek,2,900,b4782c6f3f8165fc417d33509c6e9e1998d0c6a4910b60dfeb52d0a85d032d52,displacement_mean_euclidean_error,evaluable,,120,0,0,True,MOCK DATA / NOT A SCIENTIFIC RESULT,displacement-report-draft-v1
MOCK_S14,MOCK_G07,2,speaking,right_cheek,full,0.0072844089536393776,0.007284408953639377,MOCK_S14_speaking_right_cheek,2,900,b4782c6f3f8165fc417d33509c6e9e1998d0c6a4910b60dfeb52d0a85d032d52,displacement_mean_euclidean_error,evaluable,,120,105,810,True,MOCK DATA / NOT A SCIENTIFIC RESULT,displacement-report-draft-v1
MOCK_S14,MOCK_G07,2,speaking,right_cheek,pcmci,0.007586859155988047,0.007586859155988047,MOCK_S14_speaking_right_cheek,2,900,b4782c6f3f8165fc417d33509c6e9e1998d0c6a4910b60dfeb52d0a85d032d52,displacement_mean_euclidean_error,evaluable,,120,3,38,True,MOCK DATA / NOT A SCIENTIFIC RESULT,displacement-report-draft-v1
MOCK_S14,MOCK_G07,2,speaking,mouth,persistence,0.006708962721978699,,MOCK_S14_speaking_mouth,8,900,b4782c6f3f8165fc417d33509c6e9e1998d0c6a4910b60dfeb52d0a85d032d52,displacement_mean_euclidean_error,evaluable,,480,0,0,True,MOCK DATA / NOT A SCIENTIFIC RESULT,displacement-report-draft-v1
MOCK_S14,MOCK_G07,2,speaking,mouth,self,0.007926050111047992,0.007926050111047992,MOCK_S14_speaking_mouth,8,900,b4782c6f3f8165fc417d33509c6e9e1998d0c6a4910b60dfeb52d0a85d032d52,displacement_mean_euclidean_error,evaluable,,480,0,0,True,MOCK DATA / NOT A SCIENTIFIC RESULT,displacement-report-draft-v1
MOCK_S14,MOCK_G07,2,speaking,mouth,full,0.008225376213547686,0.008225376213547686,MOCK_S14_speaking_mouth,8,900,b4782c6f3f8165fc417d33509c6e9e1998d0c6a4910b60dfeb52d0a85d032d52,displacement_mean_euclidean_error,evaluable,,480,105,630,True,MOCK DATA / NOT A SCIENTIFIC RESULT,displacement-report-draft-v1
MOCK_S14,MOCK_G07,2,speaking,mouth,pcmci,0.008324178648349787,0.008324178648349787,MOCK_S14_speaking_mouth,8,900,b4782c6f3f8165fc417d33509c6e9e1998d0c6a4910b60dfeb52d0a85d032d52,displacement_mean_euclidean_error,evaluable,,480,3,18,True,MOCK DATA / NOT A SCIENTIFIC RESULT,displacement-report-draft-v1
MOCK_S14,MOCK_G07,2,speaking,jaw,persistence,0.0066516906604255155,,MOCK_S14_speaking_jaw,3,900,b4782c6f3f8165fc417d33509c6e9e1998d0c6a4910b60dfeb52d0a85d032d52,displacement_mean_euclidean_error,evaluable,,180,0,0,True,MOCK DATA / NOT A SCIENTIFIC RESULT,displacement-report-draft-v1
MOCK_S14,MOCK_G07,2,speaking,jaw,self,0.008226050111047992,0.008226050111047992,MOCK_S14_speaking_jaw,3,900,b4782c6f3f8165fc417d33509c6e9e1998d0c6a4910b60dfeb52d0a85d032d52,displacement_mean_euclidean_error,evaluable,,180,0,0,True,MOCK DATA / NOT A SCIENTIFIC RESULT,displacement-report-draft-v1
MOCK_S14,MOCK_G07,2,speaking,jaw,full,0.008385476971685776,0.008385476971685776,MOCK_S14_speaking_jaw,3,900,b4782c6f3f8165fc417d33509c6e9e1998d0c6a4910b60dfeb52d0a85d032d52,displacement_mean_euclidean_error,evaluable,,180,105,780,True,MOCK DATA / NOT A SCIENTIFIC RESULT,displacement-report-draft-v1
MOCK_S14,MOCK_G07,2,speaking,jaw,pcmci,0.008281732674861401,0.008281732674861401,MOCK_S14_speaking_jaw,3,900,b4782c6f3f8165fc417d33509c6e9e1998d0c6a4910b60dfeb52d0a85d032d52,displacement_mean_euclidean_error,evaluable,,180,3,20,True,MOCK DATA / NOT A SCIENTIFIC RESULT,displacement-report-draft-v1
MOCK_S14,MOCK_G07,2,non_speaking,left_brow,persistence,0.006422420472913649,,MOCK_S14_non_speaking_left_brow,3,900,3a34613062bbe4a2fc72aef0a6f292789a50fc8b5be64ad875096feee3eb42f4,displacement_mean_euclidean_error,evaluable,,180,0,0,True,MOCK DATA / NOT A SCIENTIFIC RESULT,displacement-report-draft-v1
MOCK_S14,MOCK_G07,2,non_speaking,left_brow,self,0.006526050111047991,0.006526050111047992,MOCK_S14_non_speaking_left_brow,3,900,3a34613062bbe4a2fc72aef0a6f292789a50fc8b5be64ad875096feee3eb42f4,displacement_mean_euclidean_error,evaluable,,180,0,0,True,MOCK DATA / NOT A SCIENTIFIC RESULT,displacement-report-draft-v1
MOCK_S14,MOCK_G07,2,non_speaking,left_brow,full,0.006874739121885138,0.006874739121885137,MOCK_S14_non_speaking_left_brow,3,900,3a34613062bbe4a2fc72aef0a6f292789a50fc8b5be64ad875096feee3eb42f4,displacement_mean_euclidean_error,evaluable,,180,105,780,True,MOCK DATA / NOT A SCIENTIFIC RESULT,displacement-report-draft-v1
MOCK_S14,MOCK_G07,2,non_speaking,left_brow,pcmci,0.006370690131207764,0.006370690131207764,MOCK_S14_non_speaking_left_brow,3,900,3a34613062bbe4a2fc72aef0a6f292789a50fc8b5be64ad875096feee3eb42f4,displacement_mean_euclidean_error,evaluable,,180,3,20,True,MOCK DATA / NOT A SCIENTIFIC RESULT,displacement-report-draft-v1
MOCK_S14,MOCK_G07,2,non_speaking,right_brow,persistence,0.0063893822503786855,,MOCK_S14_non_speaking_right_brow,3,900,3a34613062bbe4a2fc72aef0a6f292789a50fc8b5be64ad875096feee3eb42f4,displacement_mean_euclidean_error,evaluable,,180,0,0,True,MOCK DATA / NOT A SCIENTIFIC RESULT,displacement-report-draft-v1
MOCK_S14,MOCK_G07,2,non_speaking,right_brow,self,0.006826050111047992,0.006826050111047992,MOCK_S14_non_speaking_right_brow,3,900,3a34613062bbe4a2fc72aef0a6f292789a50fc8b5be64ad875096feee3eb42f4,displacement_mean_euclidean_error,evaluable,,180,0,0,True,MOCK DATA / NOT A SCIENTIFIC RESULT,displacement-report-draft-v1
MOCK_S14,MOCK_G07,2,non_speaking,right_brow,full,0.006802475584650578,0.006802475584650578,MOCK_S14_non_speaking_right_brow,3,900,3a34613062bbe4a2fc72aef0a6f292789a50fc8b5be64ad875096feee3eb42f4,displacement_mean_euclidean_error,evaluable,,180,105,780,True,MOCK DATA / NOT A SCIENTIFIC RESULT,displacement-report-draft-v1
MOCK_S14,MOCK_G07,2,non_speaking,right_brow,pcmci,0.005864339993765892,0.005864339993765892,MOCK_S14_non_speaking_right_brow,3,900,3a34613062bbe4a2fc72aef0a6f292789a50fc8b5be64ad875096feee3eb42f4,displacement_mean_euclidean_error,evaluable,,180,3,20,True,MOCK DATA / NOT A SCIENTIFIC RESULT,displacement-report-draft-v1
MOCK_S14,MOCK_G07,2,non_speaking,left_eyelid,persistence,0.006438897776688318,,MOCK_S14_non_speaking_left_eyelid,4,900,3a34613062bbe4a2fc72aef0a6f292789a50fc8b5be64ad875096feee3eb42f4,displacement_mean_euclidean_error,evaluable,,240,0,0,True,MOCK DATA / NOT A SCIENTIFIC RESULT,displacement-report-draft-v1
MOCK_S14,MOCK_G07,2,non_speaking,left_eyelid,self,0.007126050111047994,0.007126050111047992,MOCK_S14_non_speaking_left_eyelid,4,900,3a34613062bbe4a2fc72aef0a6f292789a50fc8b5be64ad875096feee3eb42f4,displacement_mean_euclidean_error,evaluable,,240,0,0,True,MOCK DATA / NOT A SCIENTIFIC RESULT,displacement-report-draft-v1
MOCK_S14,MOCK_G07,2,non_speaking,left_eyelid,full,0.006246218894721258,0.006246218894721257,MOCK_S14_non_speaking_left_eyelid,4,900,3a34613062bbe4a2fc72aef0a6f292789a50fc8b5be64ad875096feee3eb42f4,displacement_mean_euclidean_error,evaluable,,240,105,750,True,MOCK DATA / NOT A SCIENTIFIC RESULT,displacement-report-draft-v1
MOCK_S14,MOCK_G07,2,non_speaking,left_eyelid,pcmci,0.0058284537782810715,0.005828453778281071,MOCK_S14_non_speaking_left_eyelid,4,900,3a34613062bbe4a2fc72aef0a6f292789a50fc8b5be64ad875096feee3eb42f4,displacement_mean_euclidean_error,evaluable,,240,3,20,True,MOCK DATA / NOT A SCIENTIFIC RESULT,displacement-report-draft-v1
MOCK_S14,MOCK_G07,2,non_speaking,right_eyelid,persistence,0.00667727010409793,,MOCK_S14_non_speaking_right_eyelid,4,900,3a34613062bbe4a2fc72aef0a6f292789a50fc8b5be64ad875096feee3eb42f4,displacement_mean_euclidean_error,evaluable,,240,0,0,True,MOCK DATA / NOT A SCIENTIFIC RESULT,displacement-report-draft-v1
MOCK_S14,MOCK_G07,2,non_speaking,right_eyelid,self,0.007426050111047994,0.007426050111047992,MOCK_S14_non_speaking_right_eyelid,4,900,3a34613062bbe4a2fc72aef0a6f292789a50fc8b5be64ad875096feee3eb42f4,displacement_mean_euclidean_error,evaluable,,240,0,0,True,MOCK DATA / NOT A SCIENTIFIC RESULT,displacement-report-draft-v1
MOCK_S14,MOCK_G07,2,non_speaking,right_eyelid,full,0.00599320750398815,0.005993207503988149,MOCK_S14_non_speaking_right_eyelid,4,900,3a34613062bbe4a2fc72aef0a6f292789a50fc8b5be64ad875096feee3eb42f4,displacement_mean_euclidean_error,evaluable,,240,105,750,True,MOCK DATA / NOT A SCIENTIFIC RESULT,displacement-report-draft-v1
MOCK_S14,MOCK_G07,2,non_speaking,right_eyelid,pcmci,0.006571843722251399,0.006571843722251398,MOCK_S14_non_speaking_right_eyelid,4,900,3a34613062bbe4a2fc72aef0a6f292789a50fc8b5be64ad875096feee3eb42f4,displacement_mean_euclidean_error,evaluable,,240,3,24,True,MOCK DATA / NOT A SCIENTIFIC RESULT,displacement-report-draft-v1
MOCK_S14,MOCK_G07,2,non_speaking,left_cheek,persistence,0.006445082284539377,,MOCK_S14_non_speaking_left_cheek,2,900,3a34613062bbe4a2fc72aef0a6f292789a50fc8b5be64ad875096feee3eb42f4,displacement_mean_euclidean_error,evaluable,,120,0,0,True,MOCK DATA / NOT A SCIENTIFIC RESULT,displacement-report-draft-v1
MOCK_S14,MOCK_G07,2,non_speaking,left_cheek,self,0.007726050111047992,0.007726050111047992,MOCK_S14_non_speaking_left_cheek,2,900,3a34613062bbe4a2fc72aef0a6f292789a50fc8b5be64ad875096feee3eb42f4,displacement_mean_euclidean_error,evaluable,,120,0,0,True,MOCK DATA / NOT A SCIENTIFIC RESULT,displacement-report-draft-v1
MOCK_S14,MOCK_G07,2,non_speaking,left_cheek,full,0.006551877534748582,0.006551877534748582,MOCK_S14_non_speaking_left_cheek,2,900,3a34613062bbe4a2fc72aef0a6f292789a50fc8b5be64ad875096feee3eb42f4,displacement_mean_euclidean_error,evaluable,,120,105,810,True,MOCK DATA / NOT A SCIENTIFIC RESULT,displacement-report-draft-v1
MOCK_S14,MOCK_G07,2,non_speaking,left_cheek,pcmci,0.007686859155988047,0.007686859155988047,MOCK_S14_non_speaking_left_cheek,2,900,3a34613062bbe4a2fc72aef0a6f292789a50fc8b5be64ad875096feee3eb42f4,displacement_mean_euclidean_error,evaluable,,120,3,14,True,MOCK DATA / NOT A SCIENTIFIC RESULT,displacement-report-draft-v1
MOCK_S14,MOCK_G07,2,non_speaking,right_cheek,persistence,0.006656569992350827,,MOCK_S14_non_speaking_right_cheek,2,900,3a34613062bbe4a2fc72aef0a6f292789a50fc8b5be64ad875096feee3eb42f4,displacement_mean_euclidean_error,evaluable,,120,0,0,True,MOCK DATA / NOT A SCIENTIFIC RESULT,displacement-report-draft-v1
MOCK_S14,MOCK_G07,2,non_speaking,right_cheek,self,0.008026050111047992,0.008026050111047992,MOCK_S14_non_speaking_right_cheek,2,900,3a34613062bbe4a2fc72aef0a6f292789a50fc8b5be64ad875096feee3eb42f4,displacement_mean_euclidean_error,evaluable,,120,0,0,True,MOCK DATA / NOT A SCIENTIFIC RESULT,displacement-report-draft-v1
MOCK_S14,MOCK_G07,2,non_speaking,right_cheek,full,0.007684408953639377,0.007684408953639377,MOCK_S14_non_speaking_right_cheek,2,900,3a34613062bbe4a2fc72aef0a6f292789a50fc8b5be64ad875096feee3eb42f4,displacement_mean_euclidean_error,evaluable,,120,105,810,True,MOCK DATA / NOT A SCIENTIFIC RESULT,displacement-report-draft-v1
MOCK_S14,MOCK_G07,2,non_speaking,right_cheek,pcmci,0.008424178648349786,0.008424178648349786,MOCK_S14_non_speaking_right_cheek,2,900,3a34613062bbe4a2fc72aef0a6f292789a50fc8b5be64ad875096feee3eb42f4,displacement_mean_euclidean_error,evaluable,,120,3,38,True,MOCK DATA / NOT A SCIENTIFIC RESULT,displacement-report-draft-v1
MOCK_S14,MOCK_G07,2,non_speaking,mouth,persistence,0.006700850211221479,,MOCK_S14_non_speaking_mouth,8,900,3a34613062bbe4a2fc72aef0a6f292789a50fc8b5be64ad875096feee3eb42f4,displacement_mean_euclidean_error,evaluable,,480,0,0,True,MOCK DATA / NOT A SCIENTIFIC RESULT,displacement-report-draft-v1
MOCK_S14,MOCK_G07,2,non_speaking,mouth,self,0.008326050111047992,0.008326050111047992,MOCK_S14_non_speaking_mouth,8,900,3a34613062bbe4a2fc72aef0a6f292789a50fc8b5be64ad875096feee3eb42f4,displacement_mean_euclidean_error,evaluable,,480,0,0,True,MOCK DATA / NOT A SCIENTIFIC RESULT,displacement-report-draft-v1
MOCK_S14,MOCK_G07,2,non_speaking,mouth,full,0.008625376213547685,0.008625376213547685,MOCK_S14_non_speaking_mouth,8,900,3a34613062bbe4a2fc72aef0a6f292789a50fc8b5be64ad875096feee3eb42f4,displacement_mean_euclidean_error,evaluable,,480,105,630,True,MOCK DATA / NOT A SCIENTIFIC RESULT,displacement-report-draft-v1
MOCK_S14,MOCK_G07,2,non_speaking,mouth,pcmci,0.008381732674861399,0.008381732674861399,MOCK_S14_non_speaking_mouth,8,900,3a34613062bbe4a2fc72aef0a6f292789a50fc8b5be64ad875096feee3eb42f4,displacement_mean_euclidean_error,evaluable,,480,3,18,True,MOCK DATA / NOT A SCIENTIFIC RESULT,displacement-report-draft-v1
MOCK_S14,MOCK_G07,2,non_speaking,jaw,persistence,0.006786394809701385,,MOCK_S14_non_speaking_jaw,3,900,3a34613062bbe4a2fc72aef0a6f292789a50fc8b5be64ad875096feee3eb42f4,displacement_mean_euclidean_error,evaluable,,180,0,0,True,MOCK DATA / NOT A SCIENTIFIC RESULT,displacement-report-draft-v1
MOCK_S14,MOCK_G07,2,non_speaking,jaw,self,0.008626050111047992,0.008626050111047992,MOCK_S14_non_speaking_jaw,3,900,3a34613062bbe4a2fc72aef0a6f292789a50fc8b5be64ad875096feee3eb42f4,displacement_mean_euclidean_error,evaluable,,180,0,0,True,MOCK DATA / NOT A SCIENTIFIC RESULT,displacement-report-draft-v1
MOCK_S14,MOCK_G07,2,non_speaking,jaw,full,0.008785476971685776,0.008785476971685776,MOCK_S14_non_speaking_jaw,3,900,3a34613062bbe4a2fc72aef0a6f292789a50fc8b5be64ad875096feee3eb42f4,displacement_mean_euclidean_error,evaluable,,180,105,780,True,MOCK DATA / NOT A SCIENTIFIC RESULT,displacement-report-draft-v1
MOCK_S14,MOCK_G07,2,non_speaking,jaw,pcmci,0.007874364484277594,0.007874364484277592,MOCK_S14_non_speaking_jaw,3,900,3a34613062bbe4a2fc72aef0a6f292789a50fc8b5be64ad875096feee3eb42f4,displacement_mean_euclidean_error,evaluable,,180,3,20,True,MOCK DATA / NOT A SCIENTIFIC RESULT,displacement-report-draft-v1
MOCK_S15,MOCK_G08,2,speaking,left_brow,persistence,0.006371772559179477,,MOCK_S15_speaking_left_brow,3,900,76039cd3ebb208afd7a57b5d02b80e17fdfd950364226b428b0b2f8c783e4a4f,displacement_mean_euclidean_error,evaluable,,180,0,0,True,MOCK DATA / NOT A SCIENTIFIC RESULT,displacement-report-draft-v1
MOCK_S15,MOCK_G08,2,speaking,left_brow,self,0.006297182206708461,0.006297182206708461,MOCK_S15_speaking_left_brow,3,900,76039cd3ebb208afd7a57b5d02b80e17fdfd950364226b428b0b2f8c783e4a4f,displacement_mean_euclidean_error,evaluable,,180,0,0,True,MOCK DATA / NOT A SCIENTIFIC RESULT,displacement-report-draft-v1
MOCK_S15,MOCK_G08,2,speaking,left_brow,full,0.006516321223987913,0.0065163212239879136,MOCK_S15_speaking_left_brow,3,900,76039cd3ebb208afd7a57b5d02b80e17fdfd950364226b428b0b2f8c783e4a4f,displacement_mean_euclidean_error,evaluable,,180,105,780,True,MOCK DATA / NOT A SCIENTIFIC RESULT,displacement-report-draft-v1
MOCK_S15,MOCK_G08,2,speaking,left_brow,pcmci,0.006487999122900271,0.00648799912290027,MOCK_S15_speaking_left_brow,3,900,76039cd3ebb208afd7a57b5d02b80e17fdfd950364226b428b0b2f8c783e4a4f,displacement_mean_euclidean_error,evaluable,,180,3,20,True,MOCK DATA / NOT A SCIENTIFIC RESULT,displacement-report-draft-v1
MOCK_S15,MOCK_G08,2,speaking,right_brow,persistence,0.006437990429041986,,MOCK_S15_speaking_right_brow,3,900,76039cd3ebb208afd7a57b5d02b80e17fdfd950364226b428b0b2f8c783e4a4f,displacement_mean_euclidean_error,evaluable,,180,0,0,True,MOCK DATA / NOT A SCIENTIFIC RESULT,displacement-report-draft-v1
MOCK_S15,MOCK_G08,2,speaking,right_brow,self,0.006597182206708461,0.006597182206708461,MOCK_S15_speaking_right_brow,3,900,76039cd3ebb208afd7a57b5d02b80e17fdfd950364226b428b0b2f8c783e4a4f,displacement_mean_euclidean_error,evaluable,,180,0,0,True,MOCK DATA / NOT A SCIENTIFIC RESULT,displacement-report-draft-v1
MOCK_S15,MOCK_G08,2,speaking,right_brow,full,0.006069480089616482,0.006069480089616483,MOCK_S15_speaking_right_brow,3,900,76039cd3ebb208afd7a57b5d02b80e17fdfd950364226b428b0b2f8c783e4a4f,displacement_mean_euclidean_error,evaluable,,180,105,780,True,MOCK DATA / NOT A SCIENTIFIC RESULT,displacement-report-draft-v1
MOCK_S15,MOCK_G08,2,speaking,right_brow,pcmci,0.006023507177971139,0.0060235071779711396,MOCK_S15_speaking_right_brow,3,900,76039cd3ebb208afd7a57b5d02b80e17fdfd950364226b428b0b2f8c783e4a4f,displacement_mean_euclidean_error,evaluable,,180,3,20,True,MOCK DATA / NOT A SCIENTIFIC RESULT,displacement-report-draft-v1
MOCK_S15,MOCK_G08,2,speaking,left_eyelid,persistence,0.006507025049046942,,MOCK_S15_speaking_left_eyelid,4,900,76039cd3ebb208afd7a57b5d02b80e17fdfd950364226b428b0b2f8c783e4a4f,displacement_mean_euclidean_error,evaluable,,240,0,0,True,MOCK DATA / NOT A SCIENTIFIC RESULT,displacement-report-draft-v1
MOCK_S15,MOCK_G08,2,speaking,left_eyelid,self,0.006897182206708461,0.006897182206708461,MOCK_S15_speaking_left_eyelid,4,900,76039cd3ebb208afd7a57b5d02b80e17fdfd950364226b428b0b2f8c783e4a4f,displacement_mean_euclidean_error,evaluable,,240,0,0,True,MOCK DATA / NOT A SCIENTIFIC RESULT,displacement-report-draft-v1
MOCK_S15,MOCK_G08,2,speaking,left_eyelid,full,0.0056021383845313725,0.0056021383845313725,MOCK_S15_speaking_left_eyelid,4,900,76039cd3ebb208afd7a57b5d02b80e17fdfd950364226b428b0b2f8c783e4a4f,displacement_mean_euclidean_error,evaluable,,240,105,750,True,MOCK DATA / NOT A SCIENTIFIC RESULT,displacement-report-draft-v1
MOCK_S15,MOCK_G08,2,speaking,left_eyelid,pcmci,0.005672721484106486,0.005672721484106486,MOCK_S15_speaking_left_eyelid,4,900,76039cd3ebb208afd7a57b5d02b80e17fdfd950364226b428b0b2f8c783e4a4f,displacement_mean_euclidean_error,evaluable,,240,3,20,True,MOCK DATA / NOT A SCIENTIFIC RESULT,displacement-report-draft-v1
MOCK_S15,MOCK_G08,2,speaking,right_eyelid,persistence,0.006660245140457693,,MOCK_S15_speaking_right_eyelid,4,900,76039cd3ebb208afd7a57b5d02b80e17fdfd950364226b428b0b2f8c783e4a4f,displacement_mean_euclidean_error,evaluable,,240,0,0,True,MOCK DATA / NOT A SCIENTIFIC RESULT,displacement-report-draft-v1
MOCK_S15,MOCK_G08,2,speaking,right_eyelid,self,0.00719718220670846,0.007197182206708461,MOCK_S15_speaking_right_eyelid,4,900,76039cd3ebb208afd7a57b5d02b80e17fdfd950364226b428b0b2f8c783e4a4f,displacement_mean_euclidean_error,evaluable,,240,0,0,True,MOCK DATA / NOT A SCIENTIFIC RESULT,displacement-report-draft-v1
MOCK_S15,MOCK_G08,2,speaking,right_eyelid,full,0.005819786533610252,0.005819786533610253,MOCK_S15_speaking_right_eyelid,4,900,76039cd3ebb208afd7a57b5d02b80e17fdfd950364226b428b0b2f8c783e4a4f,displacement_mean_euclidean_error,evaluable,,240,105,750,True,MOCK DATA / NOT A SCIENTIFIC RESULT,displacement-report-draft-v1
MOCK_S15,MOCK_G08,2,speaking,right_eyelid,pcmci,0.006033971406993475,0.006033971406993476,MOCK_S15_speaking_right_eyelid,4,900,76039cd3ebb208afd7a57b5d02b80e17fdfd950364226b428b0b2f8c783e4a4f,displacement_mean_euclidean_error,evaluable,,240,3,24,True,MOCK DATA / NOT A SCIENTIFIC RESULT,displacement-report-draft-v1
MOCK_S15,MOCK_G08,2,speaking,left_cheek,persistence,0.006642210069004976,,MOCK_S15_speaking_left_cheek,2,900,76039cd3ebb208afd7a57b5d02b80e17fdfd950364226b428b0b2f8c783e4a4f,displacement_mean_euclidean_error,evaluable,,120,0,0,True,MOCK DATA / NOT A SCIENTIFIC RESULT,displacement-report-draft-v1
MOCK_S15,MOCK_G08,2,speaking,left_cheek,self,0.007497182206708461,0.007497182206708461,MOCK_S15_speaking_left_cheek,2,900,76039cd3ebb208afd7a57b5d02b80e17fdfd950364226b428b0b2f8c783e4a4f,displacement_mean_euclidean_error,evaluable,,120,0,0,True,MOCK DATA / NOT A SCIENTIFIC RESULT,displacement-report-draft-v1
MOCK_S15,MOCK_G08,2,speaking,left_cheek,full,0.006798138448804982,0.006798138448804982,MOCK_S15_speaking_left_cheek,2,900,76039cd3ebb208afd7a57b5d02b80e17fdfd950364226b428b0b2f8c783e4a4f,displacement_mean_euclidean_error,evaluable,,120,105,810,True,MOCK DATA / NOT A SCIENTIFIC RESULT,displacement-report-draft-v1
MOCK_S15,MOCK_G08,2,speaking,left_cheek,pcmci,0.007050944049998305,0.007050944049998304,MOCK_S15_speaking_left_cheek,2,900,76039cd3ebb208afd7a57b5d02b80e17fdfd950364226b428b0b2f8c783e4a4f,displacement_mean_euclidean_error,evaluable,,120,3,14,True,MOCK DATA / NOT A SCIENTIFIC RESULT,displacement-report-draft-v1
MOCK_S15,MOCK_G08,2,speaking,right_cheek,persistence,0.0065635020606123464,,MOCK_S15_speaking_right_cheek,2,900,76039cd3ebb208afd7a57b5d02b80e17fdfd950364226b428b0b2f8c783e4a4f,displacement_mean_euclidean_error,evaluable,,120,0,0,True,MOCK DATA / NOT A SCIENTIFIC RESULT,displacement-report-draft-v1
MOCK_S15,MOCK_G08,2,speaking,right_cheek,self,0.007797182206708461,0.007797182206708461,MOCK_S15_speaking_right_cheek,2,900,76039cd3ebb208afd7a57b5d02b80e17fdfd950364226b428b0b2f8c783e4a4f,displacement_mean_euclidean_error,evaluable,,120,0,0,True,MOCK DATA / NOT A SCIENTIFIC RESULT,displacement-report-draft-v1
MOCK_S15,MOCK_G08,2,speaking,right_cheek,full,0.007913520507665665,0.007913520507665665,MOCK_S15_speaking_right_cheek,2,900,76039cd3ebb208afd7a57b5d02b80e17fdfd950364226b428b0b2f8c783e4a4f,displacement_mean_euclidean_error,evaluable,,120,105,810,True,MOCK DATA / NOT A SCIENTIFIC RESULT,displacement-report-draft-v1
MOCK_S15,MOCK_G08,2,speaking,right_cheek,pcmci,0.008064458071631078,0.00806445807163108,MOCK_S15_speaking_right_cheek,2,900,76039cd3ebb208afd7a57b5d02b80e17fdfd950364226b428b0b2f8c783e4a4f,displacement_mean_euclidean_error,evaluable,,120,3,38,True,MOCK DATA / NOT A SCIENTIFIC RESULT,displacement-report-draft-v1
MOCK_S15,MOCK_G08,2,speaking,mouth,persistence,0.006745998710120043,,MOCK_S15_speaking_mouth,8,900,76039cd3ebb208afd7a57b5d02b80e17fdfd950364226b428b0b2f8c783e4a4f,displacement_mean_euclidean_error,evaluable,,480,0,0,True,MOCK DATA / NOT A SCIENTIFIC RESULT,displacement-report-draft-v1
MOCK_S15,MOCK_G08,2,speaking,mouth,self,0.00809718220670846,0.00809718220670846,MOCK_S15_speaking_mouth,8,900,76039cd3ebb208afd7a57b5d02b80e17fdfd950364226b428b0b2f8c783e4a4f,displacement_mean_euclidean_error,evaluable,,480,0,0,True,MOCK DATA / NOT A SCIENTIFIC RESULT,displacement-report-draft-v1
MOCK_S15,MOCK_G08,2,speaking,mouth,full,0.00841627420560281,0.00841627420560281,MOCK_S15_speaking_mouth,8,900,76039cd3ebb208afd7a57b5d02b80e17fdfd950364226b428b0b2f8c783e4a4f,displacement_mean_euclidean_error,evaluable,,480,105,630,True,MOCK DATA / NOT A SCIENTIFIC RESULT,displacement-report-draft-v1
MOCK_S15,MOCK_G08,2,speaking,mouth,pcmci,0.008418511970941128,0.008418511970941128,MOCK_S15_speaking_mouth,8,900,76039cd3ebb208afd7a57b5d02b80e17fdfd950364226b428b0b2f8c783e4a4f,displacement_mean_euclidean_error,evaluable,,480,3,18,True,MOCK DATA / NOT A SCIENTIFIC RESULT,displacement-report-draft-v1
MOCK_S15,MOCK_G08,2,speaking,jaw,persistence,0.00680834392120608,,MOCK_S15_speaking_jaw,3,900,76039cd3ebb208afd7a57b5d02b80e17fdfd950364226b428b0b2f8c783e4a4f,displacement_mean_euclidean_error,evaluable,,180,0,0,True,MOCK DATA / NOT A SCIENTIFIC RESULT,displacement-report-draft-v1
MOCK_S15,MOCK_G08,2,speaking,jaw,self,0.008397182206708462,0.00839718220670846,MOCK_S15_speaking_jaw,3,900,76039cd3ebb208afd7a57b5d02b80e17fdfd950364226b428b0b2f8c783e4a4f,displacement_mean_euclidean_error,evaluable,,180,0,0,True,MOCK DATA / NOT A SCIENTIFIC RESULT,displacement-report-draft-v1
MOCK_S15,MOCK_G08,2,speaking,jaw,full,0.008119988727779593,0.008119988727779593,MOCK_S15_speaking_jaw,3,900,76039cd3ebb208afd7a57b5d02b80e17fdfd950364226b428b0b2f8c783e4a4f,displacement_mean_euclidean_error,evaluable,,180,105,780,True,MOCK DATA / NOT A SCIENTIFIC RESULT,displacement-report-draft-v1
MOCK_S15,MOCK_G08,2,speaking,jaw,pcmci,0.008063408842185118,0.008063408842185118,MOCK_S15_speaking_jaw,3,900,76039cd3ebb208afd7a57b5d02b80e17fdfd950364226b428b0b2f8c783e4a4f,displacement_mean_euclidean_error,evaluable,,180,3,20,True,MOCK DATA / NOT A SCIENTIFIC RESULT,displacement-report-draft-v1
MOCK_S15,MOCK_G08,2,non_speaking,left_brow,persistence,0.006354662873219807,,MOCK_S15_non_speaking_left_brow,3,900,9f1278002fe93e664c390cfb2f454c1a5e2217bf230128e8b55bed244e5340dc,displacement_mean_euclidean_error,evaluable,,180,0,0,True,MOCK DATA / NOT A SCIENTIFIC RESULT,displacement-report-draft-v1
MOCK_S15,MOCK_G08,2,non_speaking,left_brow,self,0.006697182206708463,0.006697182206708461,MOCK_S15_non_speaking_left_brow,3,900,9f1278002fe93e664c390cfb2f454c1a5e2217bf230128e8b55bed244e5340dc,displacement_mean_euclidean_error,evaluable,,180,0,0,True,MOCK DATA / NOT A SCIENTIFIC RESULT,displacement-report-draft-v1
MOCK_S15,MOCK_G08,2,non_speaking,left_brow,full,0.006916321223987915,0.006916321223987914,MOCK_S15_non_speaking_left_brow,3,900,9f1278002fe93e664c390cfb2f454c1a5e2217bf230128e8b55bed244e5340dc,displacement_mean_euclidean_error,evaluable,,180,105,780,True,MOCK DATA / NOT A SCIENTIFIC RESULT,displacement-report-draft-v1
MOCK_S15,MOCK_G08,2,non_speaking,left_brow,pcmci,0.00612350717797114,0.00612350717797114,MOCK_S15_non_speaking_left_brow,3,900,9f1278002fe93e664c390cfb2f454c1a5e2217bf230128e8b55bed244e5340dc,displacement_mean_euclidean_error,evaluable,,180,3,20,True,MOCK DATA / NOT A SCIENTIFIC RESULT,displacement-report-draft-v1
MOCK_S15,MOCK_G08,2,non_speaking,right_brow,persistence,0.006499776891722109,,MOCK_S15_non_speaking_right_brow,3,900,9f1278002fe93e664c390cfb2f454c1a5e2217bf230128e8b55bed244e5340dc,displacement_mean_euclidean_error,evaluable,,180,0,0,True,MOCK DATA / NOT A SCIENTIFIC RESULT,displacement-report-draft-v1
MOCK_S15,MOCK_G08,2,non_speaking,right_brow,self,0.0069971822067084605,0.006997182206708461,MOCK_S15_non_speaking_right_brow,3,900,9f1278002fe93e664c390cfb2f454c1a5e2217bf230128e8b55bed244e5340dc,displacement_mean_euclidean_error,evaluable,,180,0,0,True,MOCK DATA / NOT A SCIENTIFIC RESULT,displacement-report-draft-v1
MOCK_S15,MOCK_G08,2,non_speaking,right_brow,full,0.006469480089616483,0.006469480089616483,MOCK_S15_non_speaking_right_brow,3,900,9f1278002fe93e664c390cfb2f454c1a5e2217bf230128e8b55bed244e5340dc,displacement_mean_euclidean_error,evaluable,,180,105,780,True,MOCK DATA / NOT A SCIENTIFIC RESULT,displacement-report-draft-v1
MOCK_S15,MOCK_G08,2,non_speaking,right_brow,pcmci,0.0057727214841064856,0.005772721484106486,MOCK_S15_non_speaking_right_brow,3,900,9f1278002fe93e664c390cfb2f454c1a5e2217bf230128e8b55bed244e5340dc,displacement_mean_euclidean_error,evaluable,,180,3,20,True,MOCK DATA / NOT A SCIENTIFIC RESULT,displacement-report-draft-v1
MOCK_S15,MOCK_G08,2,non_speaking,left_eyelid,persistence,0.006502995334160239,,MOCK_S15_non_speaking_left_eyelid,4,900,9f1278002fe93e664c390cfb2f454c1a5e2217bf230128e8b55bed244e5340dc,displacement_mean_euclidean_error,evaluable,,240,0,0,True,MOCK DATA / NOT A SCIENTIFIC RESULT,displacement-report-draft-v1
MOCK_S15,MOCK_G08,2,non_speaking,left_eyelid,self,0.00729718220670846,0.007297182206708461,MOCK_S15_non_speaking_left_eyelid,4,900,9f1278002fe93e664c390cfb2f454c1a5e2217bf230128e8b55bed244e5340dc,displacement_mean_euclidean_error,evaluable,,240,0,0,True,MOCK DATA / NOT A SCIENTIFIC RESULT,displacement-report-draft-v1
MOCK_S15,MOCK_G08,2,non_speaking,left_eyelid,full,0.006002138384531373,0.006002138384531373,MOCK_S15_non_speaking_left_eyelid,4,900,9f1278002fe93e664c390cfb2f454c1a5e2217bf230128e8b55bed244e5340dc,displacement_mean_euclidean_error,evaluable,,240,105,750,True,MOCK DATA / NOT A SCIENTIFIC RESULT,displacement-report-draft-v1
MOCK_S15,MOCK_G08,2,non_speaking,left_eyelid,pcmci,0.006133971406993477,0.006133971406993477,MOCK_S15_non_speaking_left_eyelid,4,900,9f1278002fe93e664c390cfb2f454c1a5e2217bf230128e8b55bed244e5340dc,displacement_mean_euclidean_error,evaluable,,240,3,20,True,MOCK DATA / NOT A SCIENTIFIC RESULT,displacement-report-draft-v1
MOCK_S15,MOCK_G08,2,non_speaking,right_eyelid,persistence,0.006562176252411502,,MOCK_S15_non_speaking_right_eyelid,4,900,9f1278002fe93e664c390cfb2f454c1a5e2217bf230128e8b55bed244e5340dc,displacement_mean_euclidean_error,evaluable,,240,0,0,True,MOCK DATA / NOT A SCIENTIFIC RESULT,displacement-report-draft-v1
MOCK_S15,MOCK_G08,2,non_speaking,right_eyelid,self,0.007597182206708462,0.007597182206708461,MOCK_S15_non_speaking_right_eyelid,4,900,9f1278002fe93e664c390cfb2f454c1a5e2217bf230128e8b55bed244e5340dc,displacement_mean_euclidean_error,evaluable,,240,0,0,True,MOCK DATA / NOT A SCIENTIFIC RESULT,displacement-report-draft-v1
MOCK_S15,MOCK_G08,2,non_speaking,right_eyelid,full,0.006219786533610253,0.006219786533610253,MOCK_S15_non_speaking_right_eyelid,4,900,9f1278002fe93e664c390cfb2f454c1a5e2217bf230128e8b55bed244e5340dc,displacement_mean_euclidean_error,evaluable,,240,105,750,True,MOCK DATA / NOT A SCIENTIFIC RESULT,displacement-report-draft-v1
MOCK_S15,MOCK_G08,2,non_speaking,right_eyelid,pcmci,0.007150944049998305,0.007150944049998304,MOCK_S15_non_speaking_right_eyelid,4,900,9f1278002fe93e664c390cfb2f454c1a5e2217bf230128e8b55bed244e5340dc,displacement_mean_euclidean_error,evaluable,,240,3,24,True,MOCK DATA / NOT A SCIENTIFIC RESULT,displacement-report-draft-v1
MOCK_S15,MOCK_G08,2,non_speaking,left_cheek,persistence,0.006776065647024685,,MOCK_S15_non_speaking_left_cheek,2,900,9f1278002fe93e664c390cfb2f454c1a5e2217bf230128e8b55bed244e5340dc,displacement_mean_euclidean_error,evaluable,,120,0,0,True,MOCK DATA / NOT A SCIENTIFIC RESULT,displacement-report-draft-v1
MOCK_S15,MOCK_G08,2,non_speaking,left_cheek,self,0.00789718220670846,0.00789718220670846,MOCK_S15_non_speaking_left_cheek,2,900,9f1278002fe93e664c390cfb2f454c1a5e2217bf230128e8b55bed244e5340dc,displacement_mean_euclidean_error,evaluable,,120,0,0,True,MOCK DATA / NOT A SCIENTIFIC RESULT,displacement-report-draft-v1
MOCK_S15,MOCK_G08,2,non_speaking,left_cheek,full,0.007198138448804981,0.007198138448804982,MOCK_S15_non_speaking_left_cheek,2,900,9f1278002fe93e664c390cfb2f454c1a5e2217bf230128e8b55bed244e5340dc,displacement_mean_euclidean_error,evaluable,,120,105,810,True,MOCK DATA / NOT A SCIENTIFIC RESULT,displacement-report-draft-v1
MOCK_S15,MOCK_G08,2,non_speaking,left_cheek,pcmci,0.008164458071631079,0.008164458071631079,MOCK_S15_non_speaking_left_cheek,2,900,9f1278002fe93e664c390cfb2f454c1a5e2217bf230128e8b55bed244e5340dc,displacement_mean_euclidean_error,evaluable,,120,3,14,True,MOCK DATA / NOT A SCIENTIFIC RESULT,displacement-report-draft-v1
MOCK_S15,MOCK_G08,2,non_speaking,right_cheek,persistence,0.006582833189067269,,MOCK_S15_non_speaking_right_cheek,2,900,9f1278002fe93e664c390cfb2f454c1a5e2217bf230128e8b55bed244e5340dc,displacement_mean_euclidean_error,evaluable,,120,0,0,True,MOCK DATA / NOT A SCIENTIFIC RESULT,displacement-report-draft-v1
MOCK_S15,MOCK_G08,2,non_speaking,right_cheek,self,0.00819718220670846,0.00819718220670846,MOCK_S15_non_speaking_right_cheek,2,900,9f1278002fe93e664c390cfb2f454c1a5e2217bf230128e8b55bed244e5340dc,displacement_mean_euclidean_error,evaluable,,120,0,0,True,MOCK DATA / NOT A SCIENTIFIC RESULT,displacement-report-draft-v1
MOCK_S15,MOCK_G08,2,non_speaking,right_cheek,full,0.008313520507665666,0.008313520507665664,MOCK_S15_non_speaking_right_cheek,2,900,9f1278002fe93e664c390cfb2f454c1a5e2217bf230128e8b55bed244e5340dc,displacement_mean_euclidean_error,evaluable,,120,105,810,True,MOCK DATA / NOT A SCIENTIFIC RESULT,displacement-report-draft-v1
MOCK_S15,MOCK_G08,2,non_speaking,right_cheek,pcmci,0.008518511970941129,0.008518511970941127,MOCK_S15_non_speaking_right_cheek,2,900,9f1278002fe93e664c390cfb2f454c1a5e2217bf230128e8b55bed244e5340dc,displacement_mean_euclidean_error,evaluable,,120,3,38,True,MOCK DATA / NOT A SCIENTIFIC RESULT,displacement-report-draft-v1
MOCK_S15,MOCK_G08,2,non_speaking,mouth,persistence,0.006695059193864885,,MOCK_S15_non_speaking_mouth,8,900,9f1278002fe93e664c390cfb2f454c1a5e2217bf230128e8b55bed244e5340dc,displacement_mean_euclidean_error,evaluable,,480,0,0,True,MOCK DATA / NOT A SCIENTIFIC RESULT,displacement-report-draft-v1
MOCK_S15,MOCK_G08,2,non_speaking,mouth,self,0.00849718220670846,0.00849718220670846,MOCK_S15_non_speaking_mouth,8,900,9f1278002fe93e664c390cfb2f454c1a5e2217bf230128e8b55bed244e5340dc,displacement_mean_euclidean_error,evaluable,,480,0,0,True,MOCK DATA / NOT A SCIENTIFIC RESULT,displacement-report-draft-v1
MOCK_S15,MOCK_G08,2,non_speaking,mouth,full,0.008816274205602808,0.00881627420560281,MOCK_S15_non_speaking_mouth,8,900,9f1278002fe93e664c390cfb2f454c1a5e2217bf230128e8b55bed244e5340dc,displacement_mean_euclidean_error,evaluable,,480,105,630,True,MOCK DATA / NOT A SCIENTIFIC RESULT,displacement-report-draft-v1
MOCK_S15,MOCK_G08,2,non_speaking,mouth,pcmci,0.008163408842185116,0.008163408842185117,MOCK_S15_non_speaking_mouth,8,900,9f1278002fe93e664c390cfb2f454c1a5e2217bf230128e8b55bed244e5340dc,displacement_mean_euclidean_error,evaluable,,480,3,18,True,MOCK DATA / NOT A SCIENTIFIC RESULT,displacement-report-draft-v1
MOCK_S15,MOCK_G08,2,non_speaking,jaw,persistence,0.006829364471268251,,MOCK_S15_non_speaking_jaw,3,900,9f1278002fe93e664c390cfb2f454c1a5e2217bf230128e8b55bed244e5340dc,displacement_mean_euclidean_error,evaluable,,180,0,0,True,MOCK DATA / NOT A SCIENTIFIC RESULT,displacement-report-draft-v1
MOCK_S15,MOCK_G08,2,non_speaking,jaw,self,0.008797182206708462,0.00879718220670846,MOCK_S15_non_speaking_jaw,3,900,9f1278002fe93e664c390cfb2f454c1a5e2217bf230128e8b55bed244e5340dc,displacement_mean_euclidean_error,evaluable,,180,0,0,True,MOCK DATA / NOT A SCIENTIFIC RESULT,displacement-report-draft-v1
MOCK_S15,MOCK_G08,2,non_speaking,jaw,full,0.008519988727779593,0.008519988727779593,MOCK_S15_non_speaking_jaw,3,900,9f1278002fe93e664c390cfb2f454c1a5e2217bf230128e8b55bed244e5340dc,displacement_mean_euclidean_error,evaluable,,180,105,780,True,MOCK DATA / NOT A SCIENTIFIC RESULT,displacement-report-draft-v1
MOCK_S15,MOCK_G08,2,non_speaking,jaw,pcmci,0.0077014474807784615,0.0077014474807784615,MOCK_S15_non_speaking_jaw,3,900,9f1278002fe93e664c390cfb2f454c1a5e2217bf230128e8b55bed244e5340dc,displacement_mean_euclidean_error,evaluable,,180,3,20,True,MOCK DATA / NOT A SCIENTIFIC RESULT,displacement-report-draft-v1
MOCK_S16,MOCK_G08,2,speaking,left_brow,persistence,0.006484747350823453,,MOCK_S16_speaking_left_brow,3,900,e54626434359af9de0f9b8759ba83c8faa51b7edcb6936772b1502d40c43758d,displacement_mean_euclidean_error,evaluable,,180,0,0,True,MOCK DATA / NOT A SCIENTIFIC RESULT,displacement-report-draft-v1
MOCK_S16,MOCK_G08,2,speaking,left_brow,self,0.006195086352047136,0.006195086352047135,MOCK_S16_speaking_left_brow,3,900,e54626434359af9de0f9b8759ba83c8faa51b7edcb6936772b1502d40c43758d,displacement_mean_euclidean_error,evaluable,,180,0,0,True,MOCK DATA / NOT A SCIENTIFIC RESULT,displacement-report-draft-v1
MOCK_S16,MOCK_G08,2,speaking,left_brow,full,0.0060159929887647155,0.006015992988764716,MOCK_S16_speaking_left_brow,3,900,e54626434359af9de0f9b8759ba83c8faa51b7edcb6936772b1502d40c43758d,displacement_mean_euclidean_error,evaluable,,180,105,780,True,MOCK DATA / NOT A SCIENTIFIC RESULT,displacement-report-draft-v1
MOCK_S16,MOCK_G08,2,speaking,left_brow,pcmci,0.006039726372206907,0.006039726372206907,MOCK_S16_speaking_left_brow,3,900,e54626434359af9de0f9b8759ba83c8faa51b7edcb6936772b1502d40c43758d,displacement_mean_euclidean_error,evaluable,,180,3,20,True,MOCK DATA / NOT A SCIENTIFIC RESULT,displacement-report-draft-v1
MOCK_S16,MOCK_G08,2,speaking,right_brow,persistence,0.006488987727667563,,MOCK_S16_speaking_right_brow,3,900,e54626434359af9de0f9b8759ba83c8faa51b7edcb6936772b1502d40c43758d,displacement_mean_euclidean_error,evaluable,,180,0,0,True,MOCK DATA / NOT A SCIENTIFIC RESULT,displacement-report-draft-v1
MOCK_S16,MOCK_G08,2,speaking,right_brow,self,0.006495086352047134,0.006495086352047135,MOCK_S16_speaking_right_brow,3,900,e54626434359af9de0f9b8759ba83c8faa51b7edcb6936772b1502d40c43758d,displacement_mean_euclidean_error,evaluable,,180,0,0,True,MOCK DATA / NOT A SCIENTIFIC RESULT,displacement-report-draft-v1
MOCK_S16,MOCK_G08,2,speaking,right_brow,full,0.005455467352246703,0.005455467352246703,MOCK_S16_speaking_right_brow,3,900,e54626434359af9de0f9b8759ba83c8faa51b7edcb6936772b1502d40c43758d,displacement_mean_euclidean_error,evaluable,,180,105,780,True,MOCK DATA / NOT A SCIENTIFIC RESULT,displacement-report-draft-v1
MOCK_S16,MOCK_G08,2,speaking,right_brow,pcmci,0.005533376234765035,0.005533376234765035,MOCK_S16_speaking_right_brow,3,900,e54626434359af9de0f9b8759ba83c8faa51b7edcb6936772b1502d40c43758d,displacement_mean_euclidean_error,evaluable,,180,3,20,True,MOCK DATA / NOT A SCIENTIFIC RESULT,displacement-report-draft-v1
MOCK_S16,MOCK_G08,2,speaking,left_eyelid,persistence,0.006356399980791292,,MOCK_S16_speaking_left_eyelid,4,900,e54626434359af9de0f9b8759ba83c8faa51b7edcb6936772b1502d40c43758d,displacement_mean_euclidean_error,evaluable,,240,0,0,True,MOCK DATA / NOT A SCIENTIFIC RESULT,displacement-report-draft-v1
MOCK_S16,MOCK_G08,2,speaking,left_eyelid,self,0.006795086352047135,0.006795086352047135,MOCK_S16_speaking_left_eyelid,4,900,e54626434359af9de0f9b8759ba83c8faa51b7edcb6936772b1502d40c43758d,displacement_mean_euclidean_error,evaluable,,240,0,0,True,MOCK DATA / NOT A SCIENTIFIC RESULT,displacement-report-draft-v1
MOCK_S16,MOCK_G08,2,speaking,left_eyelid,full,0.005345095166151502,0.005345095166151502,MOCK_S16_speaking_left_eyelid,4,900,e54626434359af9de0f9b8759ba83c8faa51b7edcb6936772b1502d40c43758d,displacement_mean_euclidean_error,evaluable,,240,105,750,True,MOCK DATA / NOT A SCIENTIFIC RESULT,displacement-report-draft-v1
MOCK_S16,MOCK_G08,2,speaking,left_eyelid,pcmci,0.0054974900192802136,0.0054974900192802136,MOCK_S16_speaking_left_eyelid,4,900,e54626434359af9de0f9b8759ba83c8faa51b7edcb6936772b1502d40c43758d,displacement_mean_euclidean_error,evaluable,,240,3,20,True,MOCK DATA / NOT A SCIENTIFIC RESULT,displacement-report-draft-v1
MOCK_S16,MOCK_G08,2,speaking,right_eyelid,persistence,0.006508331109742666,,MOCK_S16_speaking_right_eyelid,4,900,e54626434359af9de0f9b8759ba83c8faa51b7edcb6936772b1502d40c43758d,displacement_mean_euclidean_error,evaluable,,240,0,0,True,MOCK DATA / NOT A SCIENTIFIC RESULT,displacement-report-draft-v1
MOCK_S16,MOCK_G08,2,speaking,right_eyelid,self,0.007095086352047135,0.007095086352047135,MOCK_S16_speaking_right_eyelid,4,900,e54626434359af9de0f9b8759ba83c8faa51b7edcb6936772b1502d40c43758d,displacement_mean_euclidean_error,evaluable,,240,0,0,True,MOCK DATA / NOT A SCIENTIFIC RESULT,displacement-report-draft-v1
MOCK_S16,MOCK_G08,2,speaking,right_eyelid,full,0.006062170725846743,0.006062170725846743,MOCK_S16_speaking_right_eyelid,4,900,e54626434359af9de0f9b8759ba83c8faa51b7edcb6936772b1502d40c43758d,displacement_mean_euclidean_error,evaluable,,240,105,750,True,MOCK DATA / NOT A SCIENTIFIC RESULT,displacement-report-draft-v1
MOCK_S16,MOCK_G08,2,speaking,right_eyelid,pcmci,0.0062408799632505405,0.006240879963250541,MOCK_S16_speaking_right_eyelid,4,900,e54626434359af9de0f9b8759ba83c8faa51b7edcb6936772b1502d40c43758d,displacement_mean_euclidean_error,evaluable,,240,3,24,True,MOCK DATA / NOT A SCIENTIFIC RESULT,displacement-report-draft-v1
MOCK_S16,MOCK_G08,2,speaking,left_cheek,persistence,0.006584018997993088,,MOCK_S16_speaking_left_cheek,2,900,e54626434359af9de0f9b8759ba83c8faa51b7edcb6936772b1502d40c43758d,displacement_mean_euclidean_error,evaluable,,120,0,0,True,MOCK DATA / NOT A SCIENTIFIC RESULT,displacement-report-draft-v1
MOCK_S16,MOCK_G08,2,speaking,left_cheek,self,0.007395086352047135,0.007395086352047135,MOCK_S16_speaking_left_cheek,2,900,e54626434359af9de0f9b8759ba83c8faa51b7edcb6936772b1502d40c43758d,displacement_mean_euclidean_error,evaluable,,120,0,0,True,MOCK DATA / NOT A SCIENTIFIC RESULT,displacement-report-draft-v1
MOCK_S16,MOCK_G08,2,speaking,left_cheek,full,0.007223236685191112,0.007223236685191111,MOCK_S16_speaking_left_cheek,2,900,e54626434359af9de0f9b8759ba83c8faa51b7edcb6936772b1502d40c43758d,displacement_mean_euclidean_error,evaluable,,120,105,810,True,MOCK DATA / NOT A SCIENTIFIC RESULT,displacement-report-draft-v1
MOCK_S16,MOCK_G08,2,speaking,left_cheek,pcmci,0.007355895396987191,0.00735589539698719,MOCK_S16_speaking_left_cheek,2,900,e54626434359af9de0f9b8759ba83c8faa51b7edcb6936772b1502d40c43758d,displacement_mean_euclidean_error,evaluable,,120,3,14,True,MOCK DATA / NOT A SCIENTIFIC RESULT,displacement-report-draft-v1
MOCK_S16,MOCK_G08,2,speaking,right_cheek,persistence,0.00671049970953642,,MOCK_S16_speaking_right_cheek,2,900,e54626434359af9de0f9b8759ba83c8faa51b7edcb6936772b1502d40c43758d,displacement_mean_euclidean_error,evaluable,,120,0,0,True,MOCK DATA / NOT A SCIENTIFIC RESULT,displacement-report-draft-v1
MOCK_S16,MOCK_G08,2,speaking,right_cheek,self,0.007695086352047133,0.007695086352047135,MOCK_S16_speaking_right_cheek,2,900,e54626434359af9de0f9b8759ba83c8faa51b7edcb6936772b1502d40c43758d,displacement_mean_euclidean_error,evaluable,,120,0,0,True,MOCK DATA / NOT A SCIENTIFIC RESULT,displacement-report-draft-v1
MOCK_S16,MOCK_G08,2,speaking,right_cheek,full,0.008036632972172516,0.008036632972172518,MOCK_S16_speaking_right_cheek,2,900,e54626434359af9de0f9b8759ba83c8faa51b7edcb6936772b1502d40c43758d,displacement_mean_euclidean_error,evaluable,,120,105,810,True,MOCK DATA / NOT A SCIENTIFIC RESULT,displacement-report-draft-v1
MOCK_S16,MOCK_G08,2,speaking,right_cheek,pcmci,0.008093214889348927,0.00809321488934893,MOCK_S16_speaking_right_cheek,2,900,e54626434359af9de0f9b8759ba83c8faa51b7edcb6936772b1502d40c43758d,displacement_mean_euclidean_error,evaluable,,120,3,38,True,MOCK DATA / NOT A SCIENTIFIC RESULT,displacement-report-draft-v1
MOCK_S16,MOCK_G08,2,speaking,mouth,persistence,0.006700795982003988,,MOCK_S16_speaking_mouth,8,900,e54626434359af9de0f9b8759ba83c8faa51b7edcb6936772b1502d40c43758d,displacement_mean_euclidean_error,evaluable,,480,0,0,True,MOCK DATA / NOT A SCIENTIFIC RESULT,displacement-report-draft-v1
MOCK_S16,MOCK_G08,2,speaking,mouth,self,0.007995086352047135,0.007995086352047135,MOCK_S16_speaking_mouth,8,900,e54626434359af9de0f9b8759ba83c8faa51b7edcb6936772b1502d40c43758d,displacement_mean_euclidean_error,evaluable,,480,0,0,True,MOCK DATA / NOT A SCIENTIFIC RESULT,displacement-report-draft-v1
MOCK_S16,MOCK_G08,2,speaking,mouth,full,0.00803034540818854,0.00803034540818854,MOCK_S16_speaking_mouth,8,900,e54626434359af9de0f9b8759ba83c8faa51b7edcb6936772b1502d40c43758d,displacement_mean_euclidean_error,evaluable,,480,105,630,True,MOCK DATA / NOT A SCIENTIFIC RESULT,displacement-report-draft-v1
MOCK_S16,MOCK_G08,2,speaking,mouth,pcmci,0.008050768915860543,0.008050768915860543,MOCK_S16_speaking_mouth,8,900,e54626434359af9de0f9b8759ba83c8faa51b7edcb6936772b1502d40c43758d,displacement_mean_euclidean_error,evaluable,,480,3,18,True,MOCK DATA / NOT A SCIENTIFIC RESULT,displacement-report-draft-v1
MOCK_S16,MOCK_G08,2,speaking,jaw,persistence,0.006766190772689424,,MOCK_S16_speaking_jaw,3,900,e54626434359af9de0f9b8759ba83c8faa51b7edcb6936772b1502d40c43758d,displacement_mean_euclidean_error,evaluable,,180,0,0,True,MOCK DATA / NOT A SCIENTIFIC RESULT,displacement-report-draft-v1
MOCK_S16,MOCK_G08,2,speaking,jaw,self,0.008295086352047135,0.008295086352047135,MOCK_S16_speaking_jaw,3,900,e54626434359af9de0f9b8759ba83c8faa51b7edcb6936772b1502d40c43758d,displacement_mean_euclidean_error,evaluable,,180,0,0,True,MOCK DATA / NOT A SCIENTIFIC RESULT,displacement-report-draft-v1
MOCK_S16,MOCK_G08,2,speaking,jaw,full,0.0074859733670485755,0.0074859733670485755,MOCK_S16_speaking_jaw,3,900,e54626434359af9de0f9b8759ba83c8faa51b7edcb6936772b1502d40c43758d,displacement_mean_euclidean_error,evaluable,,180,105,780,True,MOCK DATA / NOT A SCIENTIFIC RESULT,displacement-report-draft-v1
MOCK_S16,MOCK_G08,2,speaking,jaw,pcmci,0.007543400725276735,0.007543400725276735,MOCK_S16_speaking_jaw,3,900,e54626434359af9de0f9b8759ba83c8faa51b7edcb6936772b1502d40c43758d,displacement_mean_euclidean_error,evaluable,,180,3,20,True,MOCK DATA / NOT A SCIENTIFIC RESULT,displacement-report-draft-v1
MOCK_S16,MOCK_G08,2,non_speaking,left_brow,persistence,0.006458660524635509,,MOCK_S16_non_speaking_left_brow,3,900,5ac07a10ee24eb68615aeacfaecbae0b5513ad41f26f43a5d54a01e00e0c6158,displacement_mean_euclidean_error,evaluable,,180,0,0,True,MOCK DATA / NOT A SCIENTIFIC RESULT,displacement-report-draft-v1
MOCK_S16,MOCK_G08,2,non_speaking,left_brow,self,0.006595086352047135,0.006595086352047135,MOCK_S16_non_speaking_left_brow,3,900,5ac07a10ee24eb68615aeacfaecbae0b5513ad41f26f43a5d54a01e00e0c6158,displacement_mean_euclidean_error,evaluable,,180,0,0,True,MOCK DATA / NOT A SCIENTIFIC RESULT,displacement-report-draft-v1
MOCK_S16,MOCK_G08,2,non_speaking,left_brow,full,0.0064159929887647165,0.0064159929887647165,MOCK_S16_non_speaking_left_brow,3,900,5ac07a10ee24eb68615aeacfaecbae0b5513ad41f26f43a5d54a01e00e0c6158,displacement_mean_euclidean_error,evaluable,,180,105,780,True,MOCK DATA / NOT A SCIENTIFIC RESULT,displacement-report-draft-v1
MOCK_S16,MOCK_G08,2,non_speaking,left_brow,pcmci,0.005633376234765035,0.005633376234765035,MOCK_S16_non_speaking_left_brow,3,900,5ac07a10ee24eb68615aeacfaecbae0b5513ad41f26f43a5d54a01e00e0c6158,displacement_mean_euclidean_error,evaluable,,180,3,20,True,MOCK DATA / NOT A SCIENTIFIC RESULT,displacement-report-draft-v1
MOCK_S16,MOCK_G08,2,non_speaking,right_brow,persistence,0.006522257676525575,,MOCK_S16_non_speaking_right_brow,3,900,5ac07a10ee24eb68615aeacfaecbae0b5513ad41f26f43a5d54a01e00e0c6158,displacement_mean_euclidean_error,evaluable,,180,0,0,True,MOCK DATA / NOT A SCIENTIFIC RESULT,displacement-report-draft-v1
MOCK_S16,MOCK_G08,2,non_speaking,right_brow,self,0.006895086352047136,0.006895086352047135,MOCK_S16_non_speaking_right_brow,3,900,5ac07a10ee24eb68615aeacfaecbae0b5513ad41f26f43a5d54a01e00e0c6158,displacement_mean_euclidean_error,evaluable,,180,0,0,True,MOCK DATA / NOT A SCIENTIFIC RESULT,displacement-report-draft-v1
MOCK_S16,MOCK_G08,2,non_speaking,right_brow,full,0.005855467352246702,0.005855467352246702,MOCK_S16_non_speaking_right_brow,3,900,5ac07a10ee24eb68615aeacfaecbae0b5513ad41f26f43a5d54a01e00e0c6158,displacement_mean_euclidean_error,evaluable,,180,105,780,True,MOCK DATA / NOT A SCIENTIFIC RESULT,displacement-report-draft-v1
MOCK_S16,MOCK_G08,2,non_speaking,right_brow,pcmci,0.005597490019280214,0.005597490019280214,MOCK_S16_non_speaking_right_brow,3,900,5ac07a10ee24eb68615aeacfaecbae0b5513ad41f26f43a5d54a01e00e0c6158,displacement_mean_euclidean_error,evaluable,,180,3,20,True,MOCK DATA / NOT A SCIENTIFIC RESULT,displacement-report-draft-v1
MOCK_S16,MOCK_G08,2,non_speaking,left_eyelid,persistence,0.006512179055797099,,MOCK_S16_non_speaking_left_eyelid,4,900,5ac07a10ee24eb68615aeacfaecbae0b5513ad41f26f43a5d54a01e00e0c6158,displacement_mean_euclidean_error,evaluable,,240,0,0,True,MOCK DATA / NOT A SCIENTIFIC RESULT,displacement-report-draft-v1
MOCK_S16,MOCK_G08,2,non_speaking,left_eyelid,self,0.007195086352047137,0.007195086352047135,MOCK_S16_non_speaking_left_eyelid,4,900,5ac07a10ee24eb68615aeacfaecbae0b5513ad41f26f43a5d54a01e00e0c6158,displacement_mean_euclidean_error,evaluable,,240,0,0,True,MOCK DATA / NOT A SCIENTIFIC RESULT,displacement-report-draft-v1
MOCK_S16,MOCK_G08,2,non_speaking,left_eyelid,full,0.005745095166151502,0.005745095166151502,MOCK_S16_non_speaking_left_eyelid,4,900,5ac07a10ee24eb68615aeacfaecbae0b5513ad41f26f43a5d54a01e00e0c6158,displacement_mean_euclidean_error,evaluable,,240,105,750,True,MOCK DATA / NOT A SCIENTIFIC RESULT,displacement-report-draft-v1
MOCK_S16,MOCK_G08,2,non_speaking,left_eyelid,pcmci,0.0063408799632505425,0.006340879963250542,MOCK_S16_non_speaking_left_eyelid,4,900,5ac07a10ee24eb68615aeacfaecbae0b5513ad41f26f43a5d54a01e00e0c6158,displacement_mean_euclidean_error,evaluable,,240,3,20,True,MOCK DATA / NOT A SCIENTIFIC RESULT,displacement-report-draft-v1
MOCK_S16,MOCK_G08,2,non_speaking,right_eyelid,persistence,0.006493395577901376,,MOCK_S16_non_speaking_right_eyelid,4,900,5ac07a10ee24eb68615aeacfaecbae0b5513ad41f26f43a5d54a01e00e0c6158,displacement_mean_euclidean_error,evaluable,,240,0,0,True,MOCK DATA / NOT A SCIENTIFIC RESULT,displacement-report-draft-v1
MOCK_S16,MOCK_G08,2,non_speaking,right_eyelid,self,0.007495086352047133,0.007495086352047135,MOCK_S16_non_speaking_right_eyelid,4,900,5ac07a10ee24eb68615aeacfaecbae0b5513ad41f26f43a5d54a01e00e0c6158,displacement_mean_euclidean_error,evaluable,,240,0,0,True,MOCK DATA / NOT A SCIENTIFIC RESULT,displacement-report-draft-v1
MOCK_S16,MOCK_G08,2,non_speaking,right_eyelid,full,0.006462170725846742,0.0064621707258467435,MOCK_S16_non_speaking_right_eyelid,4,900,5ac07a10ee24eb68615aeacfaecbae0b5513ad41f26f43a5d54a01e00e0c6158,displacement_mean_euclidean_error,evaluable,,240,105,750,True,MOCK DATA / NOT A SCIENTIFIC RESULT,displacement-report-draft-v1
MOCK_S16,MOCK_G08,2,non_speaking,right_eyelid,pcmci,0.0074558953969871885,0.00745589539698719,MOCK_S16_non_speaking_right_eyelid,4,900,5ac07a10ee24eb68615aeacfaecbae0b5513ad41f26f43a5d54a01e00e0c6158,displacement_mean_euclidean_error,evaluable,,240,3,24,True,MOCK DATA / NOT A SCIENTIFIC RESULT,displacement-report-draft-v1
MOCK_S16,MOCK_G08,2,non_speaking,left_cheek,persistence,0.00656179619180578,,MOCK_S16_non_speaking_left_cheek,2,900,5ac07a10ee24eb68615aeacfaecbae0b5513ad41f26f43a5d54a01e00e0c6158,displacement_mean_euclidean_error,evaluable,,120,0,0,True,MOCK DATA / NOT A SCIENTIFIC RESULT,displacement-report-draft-v1
MOCK_S16,MOCK_G08,2,non_speaking,left_cheek,self,0.007795086352047135,0.007795086352047135,MOCK_S16_non_speaking_left_cheek,2,900,5ac07a10ee24eb68615aeacfaecbae0b5513ad41f26f43a5d54a01e00e0c6158,displacement_mean_euclidean_error,evaluable,,120,0,0,True,MOCK DATA / NOT A SCIENTIFIC RESULT,displacement-report-draft-v1
MOCK_S16,MOCK_G08,2,non_speaking,left_cheek,full,0.0076232366851911116,0.0076232366851911116,MOCK_S16_non_speaking_left_cheek,2,900,5ac07a10ee24eb68615aeacfaecbae0b5513ad41f26f43a5d54a01e00e0c6158,displacement_mean_euclidean_error,evaluable,,120,105,810,True,MOCK DATA / NOT A SCIENTIFIC RESULT,displacement-report-draft-v1
MOCK_S16,MOCK_G08,2,non_speaking,left_cheek,pcmci,0.008193214889348929,0.008193214889348929,MOCK_S16_non_speaking_left_cheek,2,900,5ac07a10ee24eb68615aeacfaecbae0b5513ad41f26f43a5d54a01e00e0c6158,displacement_mean_euclidean_error,evaluable,,120,3,14,True,MOCK DATA / NOT A SCIENTIFIC RESULT,displacement-report-draft-v1
MOCK_S16,MOCK_G08,2,non_speaking,right_cheek,persistence,0.006786280247027429,,MOCK_S16_non_speaking_right_cheek,2,900,5ac07a10ee24eb68615aeacfaecbae0b5513ad41f26f43a5d54a01e00e0c6158,displacement_mean_euclidean_error,evaluable,,120,0,0,True,MOCK DATA / NOT A SCIENTIFIC RESULT,displacement-report-draft-v1
MOCK_S16,MOCK_G08,2,non_speaking,right_cheek,self,0.008095086352047134,0.008095086352047134,MOCK_S16_non_speaking_right_cheek,2,900,5ac07a10ee24eb68615aeacfaecbae0b5513ad41f26f43a5d54a01e00e0c6158,displacement_mean_euclidean_error,evaluable,,120,0,0,True,MOCK DATA / NOT A SCIENTIFIC RESULT,displacement-report-draft-v1
MOCK_S16,MOCK_G08,2,non_speaking,right_cheek,full,0.008436632972172517,0.008436632972172517,MOCK_S16_non_speaking_right_cheek,2,900,5ac07a10ee24eb68615aeacfaecbae0b5513ad41f26f43a5d54a01e00e0c6158,displacement_mean_euclidean_error,evaluable,,120,105,810,True,MOCK DATA / NOT A SCIENTIFIC RESULT,displacement-report-draft-v1
MOCK_S16,MOCK_G08,2,non_speaking,right_cheek,pcmci,0.008150768915860543,0.008150768915860543,MOCK_S16_non_speaking_right_cheek,2,900,5ac07a10ee24eb68615aeacfaecbae0b5513ad41f26f43a5d54a01e00e0c6158,displacement_mean_euclidean_error,evaluable,,120,3,38,True,MOCK DATA / NOT A SCIENTIFIC RESULT,displacement-report-draft-v1
MOCK_S16,MOCK_G08,2,non_speaking,mouth,persistence,0.006709112713138879,,MOCK_S16_non_speaking_mouth,8,900,5ac07a10ee24eb68615aeacfaecbae0b5513ad41f26f43a5d54a01e00e0c6158,displacement_mean_euclidean_error,evaluable,,480,0,0,True,MOCK DATA / NOT A SCIENTIFIC RESULT,displacement-report-draft-v1
MOCK_S16,MOCK_G08,2,non_speaking,mouth,self,0.008395086352047134,0.008395086352047134,MOCK_S16_non_speaking_mouth,8,900,5ac07a10ee24eb68615aeacfaecbae0b5513ad41f26f43a5d54a01e00e0c6158,displacement_mean_euclidean_error,evaluable,,480,0,0,True,MOCK DATA / NOT A SCIENTIFIC RESULT,displacement-report-draft-v1
MOCK_S16,MOCK_G08,2,non_speaking,mouth,full,0.008430345408188539,0.008430345408188539,MOCK_S16_non_speaking_mouth,8,900,5ac07a10ee24eb68615aeacfaecbae0b5513ad41f26f43a5d54a01e00e0c6158,displacement_mean_euclidean_error,evaluable,,480,105,630,True,MOCK DATA / NOT A SCIENTIFIC RESULT,displacement-report-draft-v1
MOCK_S16,MOCK_G08,2,non_speaking,mouth,pcmci,0.007643400725276734,0.007643400725276734,MOCK_S16_non_speaking_mouth,8,900,5ac07a10ee24eb68615aeacfaecbae0b5513ad41f26f43a5d54a01e00e0c6158,displacement_mean_euclidean_error,evaluable,,480,3,18,True,MOCK DATA / NOT A SCIENTIFIC RESULT,displacement-report-draft-v1
MOCK_S16,MOCK_G08,2,non_speaking,jaw,persistence,0.00684753471914534,,MOCK_S16_non_speaking_jaw,3,900,5ac07a10ee24eb68615aeacfaecbae0b5513ad41f26f43a5d54a01e00e0c6158,displacement_mean_euclidean_error,evaluable,,180,0,0,True,MOCK DATA / NOT A SCIENTIFIC RESULT,displacement-report-draft-v1
MOCK_S16,MOCK_G08,2,non_speaking,jaw,self,0.008695086352047134,0.008695086352047134,MOCK_S16_non_speaking_jaw,3,900,5ac07a10ee24eb68615aeacfaecbae0b5513ad41f26f43a5d54a01e00e0c6158,displacement_mean_euclidean_error,evaluable,,180,0,0,True,MOCK DATA / NOT A SCIENTIFIC RESULT,displacement-report-draft-v1
MOCK_S16,MOCK_G08,2,non_speaking,jaw,full,0.007885973367048575,0.007885973367048575,MOCK_S16_non_speaking_jaw,3,900,5ac07a10ee24eb68615aeacfaecbae0b5513ad41f26f43a5d54a01e00e0c6158,displacement_mean_euclidean_error,evaluable,,180,105,780,True,MOCK DATA / NOT A SCIENTIFIC RESULT,displacement-report-draft-v1
MOCK_S16,MOCK_G08,2,non_speaking,jaw,pcmci,0.007413400908651082,0.007413400908651082,MOCK_S16_non_speaking_jaw,3,900,5ac07a10ee24eb68615aeacfaecbae0b5513ad41f26f43a5d54a01e00e0c6158,displacement_mean_euclidean_error,evaluable,,180,3,20,True,MOCK DATA / NOT A SCIENTIFIC RESULT,displacement-report-draft-v1
MOCK_S17,MOCK_G09,2,speaking,left_brow,persistence,0.00633244243788214,,MOCK_S17_speaking_left_brow,3,900,16787e59c5669faf16a5bbc9ce7f6c6b623830fcf379b0a4aa4e00912f825b2d,displacement_mean_euclidean_error,evaluable,,180,0,0,True,MOCK DATA / NOT A SCIENTIFIC RESULT,displacement-report-draft-v1
MOCK_S17,MOCK_G09,2,speaking,left_brow,self,0.005913629005000481,0.00591362900500048,MOCK_S17_speaking_left_brow,3,900,16787e59c5669faf16a5bbc9ce7f6c6b623830fcf379b0a4aa4e00912f825b2d,displacement_mean_euclidean_error,evaluable,,180,0,0,True,MOCK DATA / NOT A SCIENTIFIC RESULT,displacement-report-draft-v1
MOCK_S17,MOCK_G09,2,speaking,left_brow,full,0.005206734901899799,0.005206734901899798,MOCK_S17_speaking_left_brow,3,900,16787e59c5669faf16a5bbc9ce7f6c6b623830fcf379b0a4aa4e00912f825b2d,displacement_mean_euclidean_error,evaluable,,180,105,780,True,MOCK DATA / NOT A SCIENTIFIC RESULT,displacement-report-draft-v1
MOCK_S17,MOCK_G09,2,speaking,left_brow,pcmci,0.0053399539762631594,0.005339953976263159,MOCK_S17_speaking_left_brow,3,900,16787e59c5669faf16a5bbc9ce7f6c6b623830fcf379b0a4aa4e00912f825b2d,displacement_mean_euclidean_error,evaluable,,180,3,20,True,MOCK DATA / NOT A SCIENTIFIC RESULT,displacement-report-draft-v1
MOCK_S17,MOCK_G09,2,speaking,right_brow,persistence,0.006324892361642169,,MOCK_S17_speaking_right_brow,3,900,16787e59c5669faf16a5bbc9ce7f6c6b623830fcf379b0a4aa4e00912f825b2d,displacement_mean_euclidean_error,evaluable,,180,0,0,True,MOCK DATA / NOT A SCIENTIFIC RESULT,displacement-report-draft-v1
MOCK_S17,MOCK_G09,2,speaking,right_brow,self,0.006213629005000478,0.00621362900500048,MOCK_S17_speaking_right_brow,3,900,16787e59c5669faf16a5bbc9ce7f6c6b623830fcf379b0a4aa4e00912f825b2d,displacement_mean_euclidean_error,evaluable,,180,0,0,True,MOCK DATA / NOT A SCIENTIFIC RESULT,displacement-report-draft-v1
MOCK_S17,MOCK_G09,2,speaking,right_brow,full,0.004833131125548953,0.004833131125548954,MOCK_S17_speaking_right_brow,3,900,16787e59c5669faf16a5bbc9ce7f6c6b623830fcf379b0a4aa4e00912f825b2d,displacement_mean_euclidean_error,evaluable,,180,105,780,True,MOCK DATA / NOT A SCIENTIFIC RESULT,displacement-report-draft-v1
MOCK_S17,MOCK_G09,2,speaking,right_brow,pcmci,0.004989168282398504,0.004989168282398505,MOCK_S17_speaking_right_brow,3,900,16787e59c5669faf16a5bbc9ce7f6c6b623830fcf379b0a4aa4e00912f825b2d,displacement_mean_euclidean_error,evaluable,,180,3,20,True,MOCK DATA / NOT A SCIENTIFIC RESULT,displacement-report-draft-v1
MOCK_S17,MOCK_G09,2,speaking,left_eyelid,persistence,0.006448757767545232,,MOCK_S17_speaking_left_eyelid,4,900,16787e59c5669faf16a5bbc9ce7f6c6b623830fcf379b0a4aa4e00912f825b2d,displacement_mean_euclidean_error,evaluable,,240,0,0,True,MOCK DATA / NOT A SCIENTIFIC RESULT,displacement-report-draft-v1
MOCK_S17,MOCK_G09,2,speaking,left_eyelid,self,0.00651362900500048,0.00651362900500048,MOCK_S17_speaking_left_eyelid,4,900,16787e59c5669faf16a5bbc9ce7f6c6b623830fcf379b0a4aa4e00912f825b2d,displacement_mean_euclidean_error,evaluable,,240,0,0,True,MOCK DATA / NOT A SCIENTIFIC RESULT,displacement-report-draft-v1
MOCK_S17,MOCK_G09,2,speaking,left_eyelid,full,0.005223083269528642,0.005223083269528642,MOCK_S17_speaking_left_eyelid,4,900,16787e59c5669faf16a5bbc9ce7f6c6b623830fcf379b0a4aa4e00912f825b2d,displacement_mean_euclidean_error,evaluable,,240,105,750,True,MOCK DATA / NOT A SCIENTIFIC RESULT,displacement-report-draft-v1
MOCK_S17,MOCK_G09,2,speaking,left_eyelid,pcmci,0.005350418205285496,0.005350418205285496,MOCK_S17_speaking_left_eyelid,4,900,16787e59c5669faf16a5bbc9ce7f6c6b623830fcf379b0a4aa4e00912f825b2d,displacement_mean_euclidean_error,evaluable,,240,3,20,True,MOCK DATA / NOT A SCIENTIFIC RESULT,displacement-report-draft-v1
MOCK_S17,MOCK_G09,2,speaking,right_eyelid,persistence,0.0065182991028416935,,MOCK_S17_speaking_right_eyelid,4,900,16787e59c5669faf16a5bbc9ce7f6c6b623830fcf379b0a4aa4e00912f825b2d,displacement_mean_euclidean_error,evaluable,,240,0,0,True,MOCK DATA / NOT A SCIENTIFIC RESULT,displacement-report-draft-v1
MOCK_S17,MOCK_G09,2,speaking,right_eyelid,self,0.00681362900500048,0.00681362900500048,MOCK_S17_speaking_right_eyelid,4,900,16787e59c5669faf16a5bbc9ce7f6c6b623830fcf379b0a4aa4e00912f825b2d,displacement_mean_euclidean_error,evaluable,,240,0,0,True,MOCK DATA / NOT A SCIENTIFIC RESULT,displacement-report-draft-v1
MOCK_S17,MOCK_G09,2,speaking,right_eyelid,full,0.006293889747499502,0.006293889747499503,MOCK_S17_speaking_right_eyelid,4,900,16787e59c5669faf16a5bbc9ce7f6c6b623830fcf379b0a4aa4e00912f825b2d,displacement_mean_euclidean_error,evaluable,,240,105,750,True,MOCK DATA / NOT A SCIENTIFIC RESULT,displacement-report-draft-v1
MOCK_S17,MOCK_G09,2,speaking,right_eyelid,pcmci,0.006367390848290323,0.006367390848290323,MOCK_S17_speaking_right_eyelid,4,900,16787e59c5669faf16a5bbc9ce7f6c6b623830fcf379b0a4aa4e00912f825b2d,displacement_mean_euclidean_error,evaluable,,240,3,24,True,MOCK DATA / NOT A SCIENTIFIC RESULT,displacement-report-draft-v1
MOCK_S17,MOCK_G09,2,speaking,left_cheek,persistence,0.006557766740195135,,MOCK_S17_speaking_left_cheek,2,900,16787e59c5669faf16a5bbc9ce7f6c6b623830fcf379b0a4aa4e00912f825b2d,displacement_mean_euclidean_error,evaluable,,120,0,0,True,MOCK DATA / NOT A SCIENTIFIC RESULT,displacement-report-draft-v1
MOCK_S17,MOCK_G09,2,speaking,left_cheek,self,0.007113629005000479,0.00711362900500048,MOCK_S17_speaking_left_cheek,2,900,16787e59c5669faf16a5bbc9ce7f6c6b623830fcf379b0a4aa4e00912f825b2d,displacement_mean_euclidean_error,evaluable,,120,0,0,True,MOCK DATA / NOT A SCIENTIFIC RESULT,displacement-report-draft-v1
MOCK_S17,MOCK_G09,2,speaking,left_cheek,full,0.007336874638371325,0.007336874638371326,MOCK_S17_speaking_left_cheek,2,900,16787e59c5669faf16a5bbc9ce7f6c6b623830fcf379b0a4aa4e00912f825b2d,displacement_mean_euclidean_error,evaluable,,120,105,810,True,MOCK DATA / NOT A SCIENTIFIC RESULT,displacement-report-draft-v1
MOCK_S17,MOCK_G09,2,speaking,left_cheek,pcmci,0.007380904869923099,0.007380904869923099,MOCK_S17_speaking_left_cheek,2,900,16787e59c5669faf16a5bbc9ce7f6c6b623830fcf379b0a4aa4e00912f825b2d,displacement_mean_euclidean_error,evaluable,,120,3,14,True,MOCK DATA / NOT A SCIENTIFIC RESULT,displacement-report-draft-v1
MOCK_S17,MOCK_G09,2,speaking,right_cheek,persistence,0.006711856876858858,,MOCK_S17_speaking_right_cheek,2,900,16787e59c5669faf16a5bbc9ce7f6c6b623830fcf379b0a4aa4e00912f825b2d,displacement_mean_euclidean_error,evaluable,,120,0,0,True,MOCK DATA / NOT A SCIENTIFIC RESULT,displacement-report-draft-v1
MOCK_S17,MOCK_G09,2,speaking,right_cheek,self,0.007413629005000481,0.00741362900500048,MOCK_S17_speaking_right_cheek,2,900,16787e59c5669faf16a5bbc9ce7f6c6b623830fcf379b0a4aa4e00912f825b2d,displacement_mean_euclidean_error,evaluable,,120,0,0,True,MOCK DATA / NOT A SCIENTIFIC RESULT,displacement-report-draft-v1
MOCK_S17,MOCK_G09,2,speaking,right_cheek,full,0.0076689410599269335,0.0076689410599269335,MOCK_S17_speaking_right_cheek,2,900,16787e59c5669faf16a5bbc9ce7f6c6b623830fcf379b0a4aa4e00912f825b2d,displacement_mean_euclidean_error,evaluable,,120,105,810,True,MOCK DATA / NOT A SCIENTIFIC RESULT,displacement-report-draft-v1
MOCK_S17,MOCK_G09,2,speaking,right_cheek,pcmci,0.007734958769233148,0.007734958769233147,MOCK_S17_speaking_right_cheek,2,900,16787e59c5669faf16a5bbc9ce7f6c6b623830fcf379b0a4aa4e00912f825b2d,displacement_mean_euclidean_error,evaluable,,120,3,38,True,MOCK DATA / NOT A SCIENTIFIC RESULT,displacement-report-draft-v1
MOCK_S17,MOCK_G09,2,speaking,mouth,persistence,0.006614523229598088,,MOCK_S17_speaking_mouth,8,900,16787e59c5669faf16a5bbc9ce7f6c6b623830fcf379b0a4aa4e00912f825b2d,displacement_mean_euclidean_error,evaluable,,480,0,0,True,MOCK DATA / NOT A SCIENTIFIC RESULT,displacement-report-draft-v1
MOCK_S17,MOCK_G09,2,speaking,mouth,self,0.007713629005000481,0.00771362900500048,MOCK_S17_speaking_mouth,8,900,16787e59c5669faf16a5bbc9ce7f6c6b623830fcf379b0a4aa4e00912f825b2d,displacement_mean_euclidean_error,evaluable,,480,0,0,True,MOCK DATA / NOT A SCIENTIFIC RESULT,displacement-report-draft-v1
MOCK_S17,MOCK_G09,2,speaking,mouth,full,0.00726060729206998,0.007260607292069979,MOCK_S17_speaking_mouth,8,900,16787e59c5669faf16a5bbc9ce7f6c6b623830fcf379b0a4aa4e00912f825b2d,displacement_mean_euclidean_error,evaluable,,480,105,630,True,MOCK DATA / NOT A SCIENTIFIC RESULT,displacement-report-draft-v1
MOCK_S17,MOCK_G09,2,speaking,mouth,pcmci,0.0073798556404771395,0.007379855640477139,MOCK_S17_speaking_mouth,8,900,16787e59c5669faf16a5bbc9ce7f6c6b623830fcf379b0a4aa4e00912f825b2d,displacement_mean_euclidean_error,evaluable,,480,3,18,True,MOCK DATA / NOT A SCIENTIFIC RESULT,displacement-report-draft-v1
MOCK_S17,MOCK_G09,2,speaking,jaw,persistence,0.006724376699319602,,MOCK_S17_speaking_jaw,3,900,16787e59c5669faf16a5bbc9ce7f6c6b623830fcf379b0a4aa4e00912f825b2d,displacement_mean_euclidean_error,evaluable,,180,0,0,True,MOCK DATA / NOT A SCIENTIFIC RESULT,displacement-report-draft-v1
MOCK_S17,MOCK_G09,2,speaking,jaw,self,0.008013629005000479,0.00801362900500048,MOCK_S17_speaking_jaw,3,900,16787e59c5669faf16a5bbc9ce7f6c6b623830fcf379b0a4aa4e00912f825b2d,displacement_mean_euclidean_error,evaluable,,180,0,0,True,MOCK DATA / NOT A SCIENTIFIC RESULT,displacement-report-draft-v1
MOCK_S17,MOCK_G09,2,speaking,jaw,full,0.006763112134319612,0.006763112134319612,MOCK_S17_speaking_jaw,3,900,16787e59c5669faf16a5bbc9ce7f6c6b623830fcf379b0a4aa4e00912f825b2d,displacement_mean_euclidean_error,evaluable,,180,105,780,True,MOCK DATA / NOT A SCIENTIFIC RESULT,displacement-report-draft-v1
MOCK_S17,MOCK_G09,2,speaking,jaw,pcmci,0.006917894279070483,0.006917894279070483,MOCK_S17_speaking_jaw,3,900,16787e59c5669faf16a5bbc9ce7f6c6b623830fcf379b0a4aa4e00912f825b2d,displacement_mean_euclidean_error,evaluable,,180,3,20,True,MOCK DATA / NOT A SCIENTIFIC RESULT,displacement-report-draft-v1
MOCK_S17,MOCK_G09,2,non_speaking,left_brow,persistence,0.006513934800814464,,MOCK_S17_non_speaking_left_brow,3,900,1541e534f610a9c1797236fced447c2db651ca9a75be89dfe8e99f5438ed9694,displacement_mean_euclidean_error,evaluable,,180,0,0,True,MOCK DATA / NOT A SCIENTIFIC RESULT,displacement-report-draft-v1
MOCK_S17,MOCK_G09,2,non_speaking,left_brow,self,0.006313629005000481,0.00631362900500048,MOCK_S17_non_speaking_left_brow,3,900,1541e534f610a9c1797236fced447c2db651ca9a75be89dfe8e99f5438ed9694,displacement_mean_euclidean_error,evaluable,,180,0,0,True,MOCK DATA / NOT A SCIENTIFIC RESULT,displacement-report-draft-v1
MOCK_S17,MOCK_G09,2,non_speaking,left_brow,full,0.005606734901899798,0.005606734901899798,MOCK_S17_non_speaking_left_brow,3,900,1541e534f610a9c1797236fced447c2db651ca9a75be89dfe8e99f5438ed9694,displacement_mean_euclidean_error,evaluable,,180,105,780,True,MOCK DATA / NOT A SCIENTIFIC RESULT,displacement-report-draft-v1
MOCK_S17,MOCK_G09,2,non_speaking,left_brow,pcmci,0.0050891682823985054,0.0050891682823985054,MOCK_S17_non_speaking_left_brow,3,900,1541e534f610a9c1797236fced447c2db651ca9a75be89dfe8e99f5438ed9694,displacement_mean_euclidean_error,evaluable,,180,3,20,True,MOCK DATA / NOT A SCIENTIFIC RESULT,displacement-report-draft-v1
MOCK_S17,MOCK_G09,2,non_speaking,right_brow,persistence,0.006498719746260232,,MOCK_S17_non_speaking_right_brow,3,900,1541e534f610a9c1797236fced447c2db651ca9a75be89dfe8e99f5438ed9694,displacement_mean_euclidean_error,evaluable,,180,0,0,True,MOCK DATA / NOT A SCIENTIFIC RESULT,displacement-report-draft-v1
MOCK_S17,MOCK_G09,2,non_speaking,right_brow,self,0.00661362900500048,0.00661362900500048,MOCK_S17_non_speaking_right_brow,3,900,1541e534f610a9c1797236fced447c2db651ca9a75be89dfe8e99f5438ed9694,displacement_mean_euclidean_error,evaluable,,180,0,0,True,MOCK DATA / NOT A SCIENTIFIC RESULT,displacement-report-draft-v1
MOCK_S17,MOCK_G09,2,non_speaking,right_brow,full,0.005233131125548954,0.005233131125548954,MOCK_S17_non_speaking_right_brow,3,900,1541e534f610a9c1797236fced447c2db651ca9a75be89dfe8e99f5438ed9694,displacement_mean_euclidean_error,evaluable,,180,105,780,True,MOCK DATA / NOT A SCIENTIFIC RESULT,displacement-report-draft-v1
MOCK_S17,MOCK_G09,2,non_speaking,right_brow,pcmci,0.0054504182052854955,0.0054504182052854955,MOCK_S17_non_speaking_right_brow,3,900,1541e534f610a9c1797236fced447c2db651ca9a75be89dfe8e99f5438ed9694,displacement_mean_euclidean_error,evaluable,,180,3,20,True,MOCK DATA / NOT A SCIENTIFIC RESULT,displacement-report-draft-v1
MOCK_S17,MOCK_G09,2,non_speaking,left_eyelid,persistence,0.006544694325944011,,MOCK_S17_non_speaking_left_eyelid,4,900,1541e534f610a9c1797236fced447c2db651ca9a75be89dfe8e99f5438ed9694,displacement_mean_euclidean_error,evaluable,,240,0,0,True,MOCK DATA / NOT A SCIENTIFIC RESULT,displacement-report-draft-v1
MOCK_S17,MOCK_G09,2,non_speaking,left_eyelid,self,0.006913629005000479,0.00691362900500048,MOCK_S17_non_speaking_left_eyelid,4,900,1541e534f610a9c1797236fced447c2db651ca9a75be89dfe8e99f5438ed9694,displacement_mean_euclidean_error,evaluable,,240,0,0,True,MOCK DATA / NOT A SCIENTIFIC RESULT,displacement-report-draft-v1
MOCK_S17,MOCK_G09,2,non_speaking,left_eyelid,full,0.005623083269528641,0.005623083269528642,MOCK_S17_non_speaking_left_eyelid,4,900,1541e534f610a9c1797236fced447c2db651ca9a75be89dfe8e99f5438ed9694,displacement_mean_euclidean_error,evaluable,,240,105,750,True,MOCK DATA / NOT A SCIENTIFIC RESULT,displacement-report-draft-v1
MOCK_S17,MOCK_G09,2,non_speaking,left_eyelid,pcmci,0.0064673908482903225,0.006467390848290323,MOCK_S17_non_speaking_left_eyelid,4,900,1541e534f610a9c1797236fced447c2db651ca9a75be89dfe8e99f5438ed9694,displacement_mean_euclidean_error,evaluable,,240,3,20,True,MOCK DATA / NOT A SCIENTIFIC RESULT,displacement-report-draft-v1
MOCK_S17,MOCK_G09,2,non_speaking,right_eyelid,persistence,0.00647700669935218,,MOCK_S17_non_speaking_right_eyelid,4,900,1541e534f610a9c1797236fced447c2db651ca9a75be89dfe8e99f5438ed9694,displacement_mean_euclidean_error,evaluable,,240,0,0,True,MOCK DATA / NOT A SCIENTIFIC RESULT,displacement-report-draft-v1
MOCK_S17,MOCK_G09,2,non_speaking,right_eyelid,self,0.007213629005000482,0.00721362900500048,MOCK_S17_non_speaking_right_eyelid,4,900,1541e534f610a9c1797236fced447c2db651ca9a75be89dfe8e99f5438ed9694,displacement_mean_euclidean_error,evaluable,,240,0,0,True,MOCK DATA / NOT A SCIENTIFIC RESULT,displacement-report-draft-v1
MOCK_S17,MOCK_G09,2,non_speaking,right_eyelid,full,0.006693889747499504,0.006693889747499503,MOCK_S17_non_speaking_right_eyelid,4,900,1541e534f610a9c1797236fced447c2db651ca9a75be89dfe8e99f5438ed9694,displacement_mean_euclidean_error,evaluable,,240,105,750,True,MOCK DATA / NOT A SCIENTIFIC RESULT,displacement-report-draft-v1
MOCK_S17,MOCK_G09,2,non_speaking,right_eyelid,pcmci,0.0074809048699231,0.007480904869923099,MOCK_S17_non_speaking_right_eyelid,4,900,1541e534f610a9c1797236fced447c2db651ca9a75be89dfe8e99f5438ed9694,displacement_mean_euclidean_error,evaluable,,240,3,24,True,MOCK DATA / NOT A SCIENTIFIC RESULT,displacement-report-draft-v1
MOCK_S17,MOCK_G09,2,non_speaking,left_cheek,persistence,0.006708329693403058,,MOCK_S17_non_speaking_left_cheek,2,900,1541e534f610a9c1797236fced447c2db651ca9a75be89dfe8e99f5438ed9694,displacement_mean_euclidean_error,evaluable,,120,0,0,True,MOCK DATA / NOT A SCIENTIFIC RESULT,displacement-report-draft-v1
MOCK_S17,MOCK_G09,2,non_speaking,left_cheek,self,0.00751362900500048,0.00751362900500048,MOCK_S17_non_speaking_left_cheek,2,900,1541e534f610a9c1797236fced447c2db651ca9a75be89dfe8e99f5438ed9694,displacement_mean_euclidean_error,evaluable,,120,0,0,True,MOCK DATA / NOT A SCIENTIFIC RESULT,displacement-report-draft-v1
MOCK_S17,MOCK_G09,2,non_speaking,left_cheek,full,0.007736874638371326,0.007736874638371326,MOCK_S17_non_speaking_left_cheek,2,900,1541e534f610a9c1797236fced447c2db651ca9a75be89dfe8e99f5438ed9694,displacement_mean_euclidean_error,evaluable,,120,105,810,True,MOCK DATA / NOT A SCIENTIFIC RESULT,displacement-report-draft-v1
MOCK_S17,MOCK_G09,2,non_speaking,left_cheek,pcmci,0.007834958769233147,0.007834958769233147,MOCK_S17_non_speaking_left_cheek,2,900,1541e534f610a9c1797236fced447c2db651ca9a75be89dfe8e99f5438ed9694,displacement_mean_euclidean_error,evaluable,,120,3,14,True,MOCK DATA / NOT A SCIENTIFIC RESULT,displacement-report-draft-v1
MOCK_S17,MOCK_G09,2,non_speaking,right_cheek,persistence,0.0066294524102696525,,MOCK_S17_non_speaking_right_cheek,2,900,1541e534f610a9c1797236fced447c2db651ca9a75be89dfe8e99f5438ed9694,displacement_mean_euclidean_error,evaluable,,120,0,0,True,MOCK DATA / NOT A SCIENTIFIC RESULT,displacement-report-draft-v1
MOCK_S17,MOCK_G09,2,non_speaking,right_cheek,self,0.007813629005000482,0.00781362900500048,MOCK_S17_non_speaking_right_cheek,2,900,1541e534f610a9c1797236fced447c2db651ca9a75be89dfe8e99f5438ed9694,displacement_mean_euclidean_error,evaluable,,120,0,0,True,MOCK DATA / NOT A SCIENTIFIC RESULT,displacement-report-draft-v1
MOCK_S17,MOCK_G09,2,non_speaking,right_cheek,full,0.008068941059926933,0.008068941059926933,MOCK_S17_non_speaking_right_cheek,2,900,1541e534f610a9c1797236fced447c2db651ca9a75be89dfe8e99f5438ed9694,displacement_mean_euclidean_error,evaluable,,120,105,810,True,MOCK DATA / NOT A SCIENTIFIC RESULT,displacement-report-draft-v1
MOCK_S17,MOCK_G09,2,non_speaking,right_cheek,pcmci,0.007479855640477139,0.007479855640477139,MOCK_S17_non_speaking_right_cheek,2,900,1541e534f610a9c1797236fced447c2db651ca9a75be89dfe8e99f5438ed9694,displacement_mean_euclidean_error,evaluable,,120,3,38,True,MOCK DATA / NOT A SCIENTIFIC RESULT,displacement-report-draft-v1
MOCK_S17,MOCK_G09,2,non_speaking,mouth,persistence,0.006757636626796546,,MOCK_S17_non_speaking_mouth,8,900,1541e534f610a9c1797236fced447c2db651ca9a75be89dfe8e99f5438ed9694,displacement_mean_euclidean_error,evaluable,,480,0,0,True,MOCK DATA / NOT A SCIENTIFIC RESULT,displacement-report-draft-v1
MOCK_S17,MOCK_G09,2,non_speaking,mouth,self,0.008113629005000482,0.00811362900500048,MOCK_S17_non_speaking_mouth,8,900,1541e534f610a9c1797236fced447c2db651ca9a75be89dfe8e99f5438ed9694,displacement_mean_euclidean_error,evaluable,,480,0,0,True,MOCK DATA / NOT A SCIENTIFIC RESULT,displacement-report-draft-v1
MOCK_S17,MOCK_G09,2,non_speaking,mouth,full,0.00766060729206998,0.007660607292069979,MOCK_S17_non_speaking_mouth,8,900,1541e534f610a9c1797236fced447c2db651ca9a75be89dfe8e99f5438ed9694,displacement_mean_euclidean_error,evaluable,,480,105,630,True,MOCK DATA / NOT A SCIENTIFIC RESULT,displacement-report-draft-v1
MOCK_S17,MOCK_G09,2,non_speaking,mouth,pcmci,0.007017894279070483,0.007017894279070482,MOCK_S17_non_speaking_mouth,8,900,1541e534f610a9c1797236fced447c2db651ca9a75be89dfe8e99f5438ed9694,displacement_mean_euclidean_error,evaluable,,480,3,18,True,MOCK DATA / NOT A SCIENTIFIC RESULT,displacement-report-draft-v1
MOCK_S17,MOCK_G09,2,non_speaking,jaw,persistence,0.00673666982902707,,MOCK_S17_non_speaking_jaw,3,900,1541e534f610a9c1797236fced447c2db651ca9a75be89dfe8e99f5438ed9694,displacement_mean_euclidean_error,evaluable,,180,0,0,True,MOCK DATA / NOT A SCIENTIFIC RESULT,displacement-report-draft-v1
MOCK_S17,MOCK_G09,2,non_speaking,jaw,self,0.00841362900500048,0.00841362900500048,MOCK_S17_non_speaking_jaw,3,900,1541e534f610a9c1797236fced447c2db651ca9a75be89dfe8e99f5438ed9694,displacement_mean_euclidean_error,evaluable,,180,0,0,True,MOCK DATA / NOT A SCIENTIFIC RESULT,displacement-report-draft-v1
MOCK_S17,MOCK_G09,2,non_speaking,jaw,full,0.00716311213431961,0.007163112134319611,MOCK_S17_non_speaking_jaw,3,900,1541e534f610a9c1797236fced447c2db651ca9a75be89dfe8e99f5438ed9694,displacement_mean_euclidean_error,evaluable,,180,105,780,True,MOCK DATA / NOT A SCIENTIFIC RESULT,displacement-report-draft-v1
MOCK_S17,MOCK_G09,2,non_speaking,jaw,pcmci,0.007149618446725602,0.007149618446725602,MOCK_S17_non_speaking_jaw,3,900,1541e534f610a9c1797236fced447c2db651ca9a75be89dfe8e99f5438ed9694,displacement_mean_euclidean_error,evaluable,,180,3,20,True,MOCK DATA / NOT A SCIENTIFIC RESULT,displacement-report-draft-v1
MOCK_S18,MOCK_G09,2,speaking,left_brow,persistence,0.006486369244553592,,MOCK_S18_speaking_left_brow,3,900,ba2559ff07a74a0d650cbf8792829b4c5e2335355146a969e8a780fd5e50e4da,displacement_mean_euclidean_error,evaluable,,180,0,0,True,MOCK DATA / NOT A SCIENTIFIC RESULT,displacement-report-draft-v1
MOCK_S18,MOCK_G09,2,speaking,left_brow,self,0.0057115807524361325,0.005711580752436133,MOCK_S18_speaking_left_brow,3,900,ba2559ff07a74a0d650cbf8792829b4c5e2335355146a969e8a780fd5e50e4da,displacement_mean_euclidean_error,evaluable,,180,0,0,True,MOCK DATA / NOT A SCIENTIFIC RESULT,displacement-report-draft-v1
MOCK_S18,MOCK_G09,2,speaking,left_brow,full,0.0045316935336019454,0.0045316935336019454,MOCK_S18_speaking_left_brow,3,900,ba2559ff07a74a0d650cbf8792829b4c5e2335355146a969e8a780fd5e50e4da,displacement_mean_euclidean_error,evaluable,,180,105,780,True,MOCK DATA / NOT A SCIENTIFIC RESULT,displacement-report-draft-v1
MOCK_S18,MOCK_G09,2,speaking,left_brow,pcmci,0.004749870635154033,0.004749870635154033,MOCK_S18_speaking_left_brow,3,900,ba2559ff07a74a0d650cbf8792829b4c5e2335355146a969e8a780fd5e50e4da,displacement_mean_euclidean_error,evaluable,,180,3,20,True,MOCK DATA / NOT A SCIENTIFIC RESULT,displacement-report-draft-v1
MOCK_S18,MOCK_G09,2,speaking,right_brow,persistence,0.006456190513904683,,MOCK_S18_speaking_right_brow,3,900,ba2559ff07a74a0d650cbf8792829b4c5e2335355146a969e8a780fd5e50e4da,displacement_mean_euclidean_error,evaluable,,180,0,0,True,MOCK DATA / NOT A SCIENTIFIC RESULT,displacement-report-draft-v1
MOCK_S18,MOCK_G09,2,speaking,right_brow,self,0.006011580752436133,0.006011580752436133,MOCK_S18_speaking_right_brow,3,900,ba2559ff07a74a0d650cbf8792829b4c5e2335355146a969e8a780fd5e50e4da,displacement_mean_euclidean_error,evaluable,,180,0,0,True,MOCK DATA / NOT A SCIENTIFIC RESULT,displacement-report-draft-v1
MOCK_S18,MOCK_G09,2,speaking,right_brow,full,0.004580320796199948,0.004580320796199948,MOCK_S18_speaking_right_brow,3,900,ba2559ff07a74a0d650cbf8792829b4c5e2335355146a969e8a780fd5e50e4da,displacement_mean_euclidean_error,evaluable,,180,105,780,True,MOCK DATA / NOT A SCIENTIFIC RESULT,displacement-report-draft-v1
MOCK_S18,MOCK_G09,2,speaking,right_brow,pcmci,0.004713984419669212,0.004713984419669212,MOCK_S18_speaking_right_brow,3,900,ba2559ff07a74a0d650cbf8792829b4c5e2335355146a969e8a780fd5e50e4da,displacement_mean_euclidean_error,evaluable,,180,3,20,True,MOCK DATA / NOT A SCIENTIFIC RESULT,displacement-report-draft-v1
MOCK_S18,MOCK_G09,2,speaking,left_eyelid,persistence,0.006491448389122085,,MOCK_S18_speaking_left_eyelid,4,900,ba2559ff07a74a0d650cbf8792829b4c5e2335355146a969e8a780fd5e50e4da,displacement_mean_euclidean_error,evaluable,,240,0,0,True,MOCK DATA / NOT A SCIENTIFIC RESULT,displacement-report-draft-v1
MOCK_S18,MOCK_G09,2,speaking,left_eyelid,self,0.006311580752436134,0.006311580752436133,MOCK_S18_speaking_left_eyelid,4,900,ba2559ff07a74a0d650cbf8792829b4c5e2335355146a969e8a780fd5e50e4da,displacement_mean_euclidean_error,evaluable,,240,0,0,True,MOCK DATA / NOT A SCIENTIFIC RESULT,displacement-report-draft-v1
MOCK_S18,MOCK_G09,2,speaking,left_eyelid,full,0.005439174398422989,0.005439174398422987,MOCK_S18_speaking_left_eyelid,4,900,ba2559ff07a74a0d650cbf8792829b4c5e2335355146a969e8a780fd5e50e4da,displacement_mean_euclidean_error,evaluable,,240,105,750,True,MOCK DATA / NOT A SCIENTIFIC RESULT,displacement-report-draft-v1
MOCK_S18,MOCK_G09,2,speaking,left_eyelid,pcmci,0.00545737436363954,0.0054573743636395396,MOCK_S18_speaking_left_eyelid,4,900,ba2559ff07a74a0d650cbf8792829b4c5e2335355146a969e8a780fd5e50e4da,displacement_mean_euclidean_error,evaluable,,240,3,20,True,MOCK DATA / NOT A SCIENTIFIC RESULT,displacement-report-draft-v1
MOCK_S18,MOCK_G09,2,speaking,right_eyelid,persistence,0.006510696182239087,,MOCK_S18_speaking_right_eyelid,4,900,ba2559ff07a74a0d650cbf8792829b4c5e2335355146a969e8a780fd5e50e4da,displacement_mean_euclidean_error,evaluable,,240,0,0,True,MOCK DATA / NOT A SCIENTIFIC RESULT,displacement-report-draft-v1
MOCK_S18,MOCK_G09,2,speaking,right_eyelid,self,0.006611580752436134,0.006611580752436133,MOCK_S18_speaking_right_eyelid,4,900,ba2559ff07a74a0d650cbf8792829b4c5e2335355146a969e8a780fd5e50e4da,displacement_mean_euclidean_error,evaluable,,240,0,0,True,MOCK DATA / NOT A SCIENTIFIC RESULT,displacement-report-draft-v1
MOCK_S18,MOCK_G09,2,speaking,right_eyelid,full,0.006594446915672635,0.0065944469156726335,MOCK_S18_speaking_right_eyelid,4,900,ba2559ff07a74a0d650cbf8792829b4c5e2335355146a969e8a780fd5e50e4da,displacement_mean_euclidean_error,evaluable,,240,105,750,True,MOCK DATA / NOT A SCIENTIFIC RESULT,displacement-report-draft-v1
MOCK_S18,MOCK_G09,2,speaking,right_eyelid,pcmci,0.00657238979737619,0.006572389797376188,MOCK_S18_speaking_right_eyelid,4,900,ba2559ff07a74a0d650cbf8792829b4c5e2335355146a969e8a780fd5e50e4da,displacement_mean_euclidean_error,evaluable,,240,3,24,True,MOCK DATA / NOT A SCIENTIFIC RESULT,displacement-report-draft-v1
MOCK_S18,MOCK_G09,2,speaking,left_cheek,persistence,0.006688206046257075,,MOCK_S18_speaking_left_cheek,2,900,ba2559ff07a74a0d650cbf8792829b4c5e2335355146a969e8a780fd5e50e4da,displacement_mean_euclidean_error,evaluable,,120,0,0,True,MOCK DATA / NOT A SCIENTIFIC RESULT,displacement-report-draft-v1
MOCK_S18,MOCK_G09,2,speaking,left_cheek,self,0.006911580752436134,0.006911580752436133,MOCK_S18_speaking_left_cheek,2,900,ba2559ff07a74a0d650cbf8792829b4c5e2335355146a969e8a780fd5e50e4da,displacement_mean_euclidean_error,evaluable,,120,0,0,True,MOCK DATA / NOT A SCIENTIFIC RESULT,displacement-report-draft-v1
MOCK_S18,MOCK_G09,2,speaking,left_cheek,full,0.00725980473988086,0.007259804739880859,MOCK_S18_speaking_left_cheek,2,900,ba2559ff07a74a0d650cbf8792829b4c5e2335355146a969e8a780fd5e50e4da,displacement_mean_euclidean_error,evaluable,,120,105,810,True,MOCK DATA / NOT A SCIENTIFIC RESULT,displacement-report-draft-v1
MOCK_S18,MOCK_G09,2,speaking,left_cheek,pcmci,0.007309709289737927,0.0073097092897379265,MOCK_S18_speaking_left_cheek,2,900,ba2559ff07a74a0d650cbf8792829b4c5e2335355146a969e8a780fd5e50e4da,displacement_mean_euclidean_error,evaluable,,120,3,14,True,MOCK DATA / NOT A SCIENTIFIC RESULT,displacement-report-draft-v1
MOCK_S18,MOCK_G09,2,speaking,right_cheek,persistence,0.00667756979706135,,MOCK_S18_speaking_right_cheek,2,900,ba2559ff07a74a0d650cbf8792829b4c5e2335355146a969e8a780fd5e50e4da,displacement_mean_euclidean_error,evaluable,,120,0,0,True,MOCK DATA / NOT A SCIENTIFIC RESULT,displacement-report-draft-v1
MOCK_S18,MOCK_G09,2,speaking,right_cheek,self,0.007211580752436132,0.007211580752436133,MOCK_S18_speaking_right_cheek,2,900,ba2559ff07a74a0d650cbf8792829b4c5e2335355146a969e8a780fd5e50e4da,displacement_mean_euclidean_error,evaluable,,120,0,0,True,MOCK DATA / NOT A SCIENTIFIC RESULT,displacement-report-draft-v1
MOCK_S18,MOCK_G09,2,speaking,right_cheek,full,0.0070993395724045505,0.007099339572404552,MOCK_S18_speaking_right_cheek,2,900,ba2559ff07a74a0d650cbf8792829b4c5e2335355146a969e8a780fd5e50e4da,displacement_mean_euclidean_error,evaluable,,120,105,810,True,MOCK DATA / NOT A SCIENTIFIC RESULT,displacement-report-draft-v1
MOCK_S18,MOCK_G09,2,speaking,right_cheek,pcmci,0.00726726331624954,0.007267263316249542,MOCK_S18_speaking_right_cheek,2,900,ba2559ff07a74a0d650cbf8792829b4c5e2335355146a969e8a780fd5e50e4da,displacement_mean_euclidean_error,evaluable,,120,3,38,True,MOCK DATA / NOT A SCIENTIFIC RESULT,displacement-report-draft-v1
MOCK_S18,MOCK_G09,2,speaking,mouth,persistence,0.00673974446780159,,MOCK_S18_speaking_mouth,8,900,ba2559ff07a74a0d650cbf8792829b4c5e2335355146a969e8a780fd5e50e4da,displacement_mean_euclidean_error,evaluable,,480,0,0,True,MOCK DATA / NOT A SCIENTIFIC RESULT,displacement-report-draft-v1
MOCK_S18,MOCK_G09,2,speaking,mouth,self,0.007511580752436132,0.007511580752436133,MOCK_S18_speaking_mouth,8,900,ba2559ff07a74a0d650cbf8792829b4c5e2335355146a969e8a780fd5e50e4da,displacement_mean_euclidean_error,evaluable,,480,0,0,True,MOCK DATA / NOT A SCIENTIFIC RESULT,displacement-report-draft-v1
MOCK_S18,MOCK_G09,2,speaking,mouth,full,0.006536400964677513,0.006536400964677513,MOCK_S18_speaking_mouth,8,900,ba2559ff07a74a0d650cbf8792829b4c5e2335355146a969e8a780fd5e50e4da,displacement_mean_euclidean_error,evaluable,,480,105,630,True,MOCK DATA / NOT A SCIENTIFIC RESULT,displacement-report-draft-v1
MOCK_S18,MOCK_G09,2,speaking,mouth,pcmci,0.006759895125665733,0.006759895125665734,MOCK_S18_speaking_mouth,8,900,ba2559ff07a74a0d650cbf8792829b4c5e2335355146a969e8a780fd5e50e4da,displacement_mean_euclidean_error,evaluable,,480,3,18,True,MOCK DATA / NOT A SCIENTIFIC RESULT,displacement-report-draft-v1
MOCK_S18,MOCK_G09,2,speaking,jaw,persistence,0.0067036809726482545,,MOCK_S18_speaking_jaw,3,900,ba2559ff07a74a0d650cbf8792829b4c5e2335355146a969e8a780fd5e50e4da,displacement_mean_euclidean_error,evaluable,,180,0,0,True,MOCK DATA / NOT A SCIENTIFIC RESULT,displacement-report-draft-v1
MOCK_S18,MOCK_G09,2,speaking,jaw,self,0.007811580752436133,0.007811580752436133,MOCK_S18_speaking_jaw,3,900,ba2559ff07a74a0d650cbf8792829b4c5e2335355146a969e8a780fd5e50e4da,displacement_mean_euclidean_error,evaluable,,180,0,0,True,MOCK DATA / NOT A SCIENTIFIC RESULT,displacement-report-draft-v1
MOCK_S18,MOCK_G09,2,speaking,jaw,full,0.006364370692998696,0.006364370692998696,MOCK_S18_speaking_jaw,3,900,ba2559ff07a74a0d650cbf8792829b4c5e2335355146a969e8a780fd5e50e4da,displacement_mean_euclidean_error,evaluable,,180,105,780,True,MOCK DATA / NOT A SCIENTIFIC RESULT,displacement-report-draft-v1
MOCK_S18,MOCK_G09,2,speaking,jaw,pcmci,0.006529895309040081,0.006529895309040082,MOCK_S18_speaking_jaw,3,900,ba2559ff07a74a0d650cbf8792829b4c5e2335355146a969e8a780fd5e50e4da,displacement_mean_euclidean_error,evaluable,,180,3,20,True,MOCK DATA / NOT A SCIENTIFIC RESULT,displacement-report-draft-v1
MOCK_S18,MOCK_G09,2,non_speaking,left_brow,persistence,0.006613161215896131,,MOCK_S18_non_speaking_left_brow,3,900,bef0056348a659045f3b27890aae489c6110533ff031f08ad59bb6368a42f543,displacement_mean_euclidean_error,evaluable,,180,0,0,True,MOCK DATA / NOT A SCIENTIFIC RESULT,displacement-report-draft-v1
MOCK_S18,MOCK_G09,2,non_speaking,left_brow,self,0.0061115807524361335,0.0061115807524361335,MOCK_S18_non_speaking_left_brow,3,900,bef0056348a659045f3b27890aae489c6110533ff031f08ad59bb6368a42f543,displacement_mean_euclidean_error,evaluable,,180,0,0,True,MOCK DATA / NOT A SCIENTIFIC RESULT,displacement-report-draft-v1
MOCK_S18,MOCK_G09,2,non_speaking,left_brow,full,0.004931693533601946,0.004931693533601946,MOCK_S18_non_speaking_left_brow,3,900,bef0056348a659045f3b27890aae489c6110533ff031f08ad59bb6368a42f543,displacement_mean_euclidean_error,evaluable,,180,105,780,True,MOCK DATA / NOT A SCIENTIFIC RESULT,displacement-report-draft-v1
MOCK_S18,MOCK_G09,2,non_speaking,left_brow,pcmci,0.004813984419669212,0.004813984419669212,MOCK_S18_non_speaking_left_brow,3,900,bef0056348a659045f3b27890aae489c6110533ff031f08ad59bb6368a42f543,displacement_mean_euclidean_error,evaluable,,180,3,20,True,MOCK DATA / NOT A SCIENTIFIC RESULT,displacement-report-draft-v1
MOCK_S18,MOCK_G09,2,non_speaking,right_brow,persistence,0.006446203246753692,,MOCK_S18_non_speaking_right_brow,3,900,bef0056348a659045f3b27890aae489c6110533ff031f08ad59bb6368a42f543,displacement_mean_euclidean_error,evaluable,,180,0,0,True,MOCK DATA / NOT A SCIENTIFIC RESULT,displacement-report-draft-v1
MOCK_S18,MOCK_G09,2,non_speaking,right_brow,self,0.006411580752436134,0.006411580752436133,MOCK_S18_non_speaking_right_brow,3,900,bef0056348a659045f3b27890aae489c6110533ff031f08ad59bb6368a42f543,displacement_mean_euclidean_error,evaluable,,180,0,0,True,MOCK DATA / NOT A SCIENTIFIC RESULT,displacement-report-draft-v1
MOCK_S18,MOCK_G09,2,non_speaking,right_brow,full,0.004980320796199948,0.004980320796199948,MOCK_S18_non_speaking_right_brow,3,900,bef0056348a659045f3b27890aae489c6110533ff031f08ad59bb6368a42f543,displacement_mean_euclidean_error,evaluable,,180,105,780,True,MOCK DATA / NOT A SCIENTIFIC RESULT,displacement-report-draft-v1
MOCK_S18,MOCK_G09,2,non_speaking,right_brow,pcmci,0.00555737436363954,0.00555737436363954,MOCK_S18_non_speaking_right_brow,3,900,bef0056348a659045f3b27890aae489c6110533ff031f08ad59bb6368a42f543,displacement_mean_euclidean_error,evaluable,,180,3,20,True,MOCK DATA / NOT A SCIENTIFIC RESULT,displacement-report-draft-v1
MOCK_S18,MOCK_G09,2,non_speaking,left_eyelid,persistence,0.006549944913612311,,MOCK_S18_non_speaking_left_eyelid,4,900,bef0056348a659045f3b27890aae489c6110533ff031f08ad59bb6368a42f543,displacement_mean_euclidean_error,evaluable,,240,0,0,True,MOCK DATA / NOT A SCIENTIFIC RESULT,displacement-report-draft-v1
MOCK_S18,MOCK_G09,2,non_speaking,left_eyelid,self,0.0067115807524361325,0.006711580752436133,MOCK_S18_non_speaking_left_eyelid,4,900,bef0056348a659045f3b27890aae489c6110533ff031f08ad59bb6368a42f543,displacement_mean_euclidean_error,evaluable,,240,0,0,True,MOCK DATA / NOT A SCIENTIFIC RESULT,displacement-report-draft-v1
MOCK_S18,MOCK_G09,2,non_speaking,left_eyelid,full,0.005839174398422986,0.005839174398422987,MOCK_S18_non_speaking_left_eyelid,4,900,bef0056348a659045f3b27890aae489c6110533ff031f08ad59bb6368a42f543,displacement_mean_euclidean_error,evaluable,,240,105,750,True,MOCK DATA / NOT A SCIENTIFIC RESULT,displacement-report-draft-v1
MOCK_S18,MOCK_G09,2,non_speaking,left_eyelid,pcmci,0.006672389797376188,0.0066723897973761884,MOCK_S18_non_speaking_left_eyelid,4,900,bef0056348a659045f3b27890aae489c6110533ff031f08ad59bb6368a42f543,displacement_mean_euclidean_error,evaluable,,240,3,20,True,MOCK DATA / NOT A SCIENTIFIC RESULT,displacement-report-draft-v1
MOCK_S18,MOCK_G09,2,non_speaking,right_eyelid,persistence,0.006552847754257357,,MOCK_S18_non_speaking_right_eyelid,4,900,bef0056348a659045f3b27890aae489c6110533ff031f08ad59bb6368a42f543,displacement_mean_euclidean_error,evaluable,,240,0,0,True,MOCK DATA / NOT A SCIENTIFIC RESULT,displacement-report-draft-v1
MOCK_S18,MOCK_G09,2,non_speaking,right_eyelid,self,0.007011580752436132,0.007011580752436133,MOCK_S18_non_speaking_right_eyelid,4,900,bef0056348a659045f3b27890aae489c6110533ff031f08ad59bb6368a42f543,displacement_mean_euclidean_error,evaluable,,240,0,0,True,MOCK DATA / NOT A SCIENTIFIC RESULT,displacement-report-draft-v1
MOCK_S18,MOCK_G09,2,non_speaking,right_eyelid,full,0.006994446915672632,0.006994446915672634,MOCK_S18_non_speaking_right_eyelid,4,900,bef0056348a659045f3b27890aae489c6110533ff031f08ad59bb6368a42f543,displacement_mean_euclidean_error,evaluable,,240,105,750,True,MOCK DATA / NOT A SCIENTIFIC RESULT,displacement-report-draft-v1
MOCK_S18,MOCK_G09,2,non_speaking,right_eyelid,pcmci,0.007409709289737925,0.007409709289737927,MOCK_S18_non_speaking_right_eyelid,4,900,bef0056348a659045f3b27890aae489c6110533ff031f08ad59bb6368a42f543,displacement_mean_euclidean_error,evaluable,,240,3,24,True,MOCK DATA / NOT A SCIENTIFIC RESULT,displacement-report-draft-v1
MOCK_S18,MOCK_G09,2,non_speaking,left_cheek,persistence,0.006503859786905365,,MOCK_S18_non_speaking_left_cheek,2,900,bef0056348a659045f3b27890aae489c6110533ff031f08ad59bb6368a42f543,displacement_mean_euclidean_error,evaluable,,120,0,0,True,MOCK DATA / NOT A SCIENTIFIC RESULT,displacement-report-draft-v1
MOCK_S18,MOCK_G09,2,non_speaking,left_cheek,self,0.007311580752436134,0.007311580752436133,MOCK_S18_non_speaking_left_cheek,2,900,bef0056348a659045f3b27890aae489c6110533ff031f08ad59bb6368a42f543,displacement_mean_euclidean_error,evaluable,,120,0,0,True,MOCK DATA / NOT A SCIENTIFIC RESULT,displacement-report-draft-v1
MOCK_S18,MOCK_G09,2,non_speaking,left_cheek,full,0.007659804739880859,0.007659804739880859,MOCK_S18_non_speaking_left_cheek,2,900,bef0056348a659045f3b27890aae489c6110533ff031f08ad59bb6368a42f543,displacement_mean_euclidean_error,evaluable,,120,105,810,True,MOCK DATA / NOT A SCIENTIFIC RESULT,displacement-report-draft-v1
MOCK_S18,MOCK_G09,2,non_speaking,left_cheek,pcmci,0.007367263316249542,0.007367263316249541,MOCK_S18_non_speaking_left_cheek,2,900,bef0056348a659045f3b27890aae489c6110533ff031f08ad59bb6368a42f543,displacement_mean_euclidean_error,evaluable,,120,3,14,True,MOCK DATA / NOT A SCIENTIFIC RESULT,displacement-report-draft-v1
MOCK_S18,MOCK_G09,2,non_speaking,right_cheek,persistence,0.006694427165372699,,MOCK_S18_non_speaking_right_cheek,2,900,bef0056348a659045f3b27890aae489c6110533ff031f08ad59bb6368a42f543,displacement_mean_euclidean_error,evaluable,,120,0,0,True,MOCK DATA / NOT A SCIENTIFIC RESULT,displacement-report-draft-v1
MOCK_S18,MOCK_G09,2,non_speaking,right_cheek,self,0.007611580752436132,0.007611580752436132,MOCK_S18_non_speaking_right_cheek,2,900,bef0056348a659045f3b27890aae489c6110533ff031f08ad59bb6368a42f543,displacement_mean_euclidean_error,evaluable,,120,0,0,True,MOCK DATA / NOT A SCIENTIFIC RESULT,displacement-report-draft-v1
MOCK_S18,MOCK_G09,2,non_speaking,right_cheek,full,0.007499339572404552,0.0074993395724045515,MOCK_S18_non_speaking_right_cheek,2,900,bef0056348a659045f3b27890aae489c6110533ff031f08ad59bb6368a42f543,displacement_mean_euclidean_error,evaluable,,120,105,810,True,MOCK DATA / NOT A SCIENTIFIC RESULT,displacement-report-draft-v1
MOCK_S18,MOCK_G09,2,non_speaking,right_cheek,pcmci,0.006859895125665733,0.006859895125665733,MOCK_S18_non_speaking_right_cheek,2,900,bef0056348a659045f3b27890aae489c6110533ff031f08ad59bb6368a42f543,displacement_mean_euclidean_error,evaluable,,120,3,38,True,MOCK DATA / NOT A SCIENTIFIC RESULT,displacement-report-draft-v1
MOCK_S18,MOCK_G09,2,non_speaking,mouth,persistence,0.006732591404716746,,MOCK_S18_non_speaking_mouth,8,900,bef0056348a659045f3b27890aae489c6110533ff031f08ad59bb6368a42f543,displacement_mean_euclidean_error,evaluable,,480,0,0,True,MOCK DATA / NOT A SCIENTIFIC RESULT,displacement-report-draft-v1
MOCK_S18,MOCK_G09,2,non_speaking,mouth,self,0.007911580752436132,0.007911580752436132,MOCK_S18_non_speaking_mouth,8,900,bef0056348a659045f3b27890aae489c6110533ff031f08ad59bb6368a42f543,displacement_mean_euclidean_error,evaluable,,480,0,0,True,MOCK DATA / NOT A SCIENTIFIC RESULT,displacement-report-draft-v1
MOCK_S18,MOCK_G09,2,non_speaking,mouth,full,0.006936400964677512,0.006936400964677512,MOCK_S18_non_speaking_mouth,8,900,bef0056348a659045f3b27890aae489c6110533ff031f08ad59bb6368a42f543,displacement_mean_euclidean_error,evaluable,,480,105,630,True,MOCK DATA / NOT A SCIENTIFIC RESULT,displacement-report-draft-v1
MOCK_S18,MOCK_G09,2,non_speaking,mouth,pcmci,0.006629895309040081,0.006629895309040081,MOCK_S18_non_speaking_mouth,8,900,bef0056348a659045f3b27890aae489c6110533ff031f08ad59bb6368a42f543,displacement_mean_euclidean_error,evaluable,,480,3,18,True,MOCK DATA / NOT A SCIENTIFIC RESULT,displacement-report-draft-v1
MOCK_S18,MOCK_G09,2,non_speaking,jaw,persistence,0.006705146265819857,,MOCK_S18_non_speaking_jaw,3,900,bef0056348a659045f3b27890aae489c6110533ff031f08ad59bb6368a42f543,displacement_mean_euclidean_error,evaluable,,180,0,0,True,MOCK DATA / NOT A SCIENTIFIC RESULT,displacement-report-draft-v1
MOCK_S18,MOCK_G09,2,non_speaking,jaw,self,0.008211580752436132,0.008211580752436132,MOCK_S18_non_speaking_jaw,3,900,bef0056348a659045f3b27890aae489c6110533ff031f08ad59bb6368a42f543,displacement_mean_euclidean_error,evaluable,,180,0,0,True,MOCK DATA / NOT A SCIENTIFIC RESULT,displacement-report-draft-v1
MOCK_S18,MOCK_G09,2,non_speaking,jaw,full,0.006764370692998695,0.006764370692998695,MOCK_S18_non_speaking_jaw,3,900,bef0056348a659045f3b27890aae489c6110533ff031f08ad59bb6368a42f543,displacement_mean_euclidean_error,evaluable,,180,105,780,True,MOCK DATA / NOT A SCIENTIFIC RESULT,displacement-report-draft-v1
MOCK_S18,MOCK_G09,2,non_speaking,jaw,pcmci,0.007164543253558825,0.007164543253558826,MOCK_S18_non_speaking_jaw,3,900,bef0056348a659045f3b27890aae489c6110533ff031f08ad59bb6368a42f543,displacement_mean_euclidean_error,evaluable,,180,3,20,True,MOCK DATA / NOT A SCIENTIFIC RESULT,displacement-report-draft-v1
MOCK_S19,MOCK_G10,3,speaking,left_brow,persistence,0.006379092718840448,,MOCK_S19_speaking_left_brow,3,900,690522af6e84e39cee1f1a5ab448fa1f609ede3ce8262b6250eac9e6b3ac7915,displacement_mean_euclidean_error,evaluable,,180,0,0,True,MOCK DATA / NOT A SCIENTIFIC RESULT,displacement-report-draft-v1
MOCK_S19,MOCK_G10,3,speaking,left_brow,self,0.005774703825968498,0.0057747038259684975,MOCK_S19_speaking_left_brow,3,900,690522af6e84e39cee1f1a5ab448fa1f609ede3ce8262b6250eac9e6b3ac7915,displacement_mean_euclidean_error,evaluable,,180,0,0,True,MOCK DATA / NOT A SCIENTIFIC RESULT,displacement-report-draft-v1
MOCK_S19,MOCK_G10,3,speaking,left_brow,full,0.004341861218908657,0.004341861218908656,MOCK_S19_speaking_left_brow,3,900,690522af6e84e39cee1f1a5ab448fa1f609ede3ce8262b6250eac9e6b3ac7915,displacement_mean_euclidean_error,evaluable,,180,105,780,True,MOCK DATA / NOT A SCIENTIFIC RESULT,displacement-report-draft-v1
MOCK_S19,MOCK_G10,3,speaking,left_brow,pcmci,0.0045502431033665235,0.004550243103366523,MOCK_S19_speaking_left_brow,3,900,690522af6e84e39cee1f1a5ab448fa1f609ede3ce8262b6250eac9e6b3ac7915,displacement_mean_euclidean_error,evaluable,,180,3,20,True,MOCK DATA / NOT A SCIENTIFIC RESULT,displacement-report-draft-v1
MOCK_S19,MOCK_G10,3,speaking,right_brow,persistence,0.006417427326330326,,MOCK_S19_speaking_right_brow,3,900,690522af6e84e39cee1f1a5ab448fa1f609ede3ce8262b6250eac9e6b3ac7915,displacement_mean_euclidean_error,evaluable,,180,0,0,True,MOCK DATA / NOT A SCIENTIFIC RESULT,displacement-report-draft-v1
MOCK_S19,MOCK_G10,3,speaking,right_brow,self,0.006074703825968497,0.0060747038259684975,MOCK_S19_speaking_right_brow,3,900,690522af6e84e39cee1f1a5ab448fa1f609ede3ce8262b6250eac9e6b3ac7915,displacement_mean_euclidean_error,evaluable,,180,0,0,True,MOCK DATA / NOT A SCIENTIFIC RESULT,displacement-report-draft-v1
MOCK_S19,MOCK_G10,3,speaking,right_brow,full,0.004900531249669086,0.004900531249669086,MOCK_S19_speaking_right_brow,3,900,690522af6e84e39cee1f1a5ab448fa1f609ede3ce8262b6250eac9e6b3ac7915,displacement_mean_euclidean_error,evaluable,,180,105,780,True,MOCK DATA / NOT A SCIENTIFIC RESULT,displacement-report-draft-v1
MOCK_S19,MOCK_G10,3,speaking,right_brow,pcmci,0.004911493026253513,0.004911493026253513,MOCK_S19_speaking_right_brow,3,900,690522af6e84e39cee1f1a5ab448fa1f609ede3ce8262b6250eac9e6b3ac7915,displacement_mean_euclidean_error,evaluable,,180,3,20,True,MOCK DATA / NOT A SCIENTIFIC RESULT,displacement-report-draft-v1
MOCK_S19,MOCK_G10,3,speaking,left_eyelid,persistence,0.0064508835359358705,,MOCK_S19_speaking_left_eyelid,4,900,690522af6e84e39cee1f1a5ab448fa1f609ede3ce8262b6250eac9e6b3ac7915,displacement_mean_euclidean_error,evaluable,,240,0,0,True,MOCK DATA / NOT A SCIENTIFIC RESULT,displacement-report-draft-v1
MOCK_S19,MOCK_G10,3,speaking,left_eyelid,self,0.0063747038259684965,0.006374703825968497,MOCK_S19_speaking_left_eyelid,4,900,690522af6e84e39cee1f1a5ab448fa1f609ede3ce8262b6250eac9e6b3ac7915,displacement_mean_euclidean_error,evaluable,,240,0,0,True,MOCK DATA / NOT A SCIENTIFIC RESULT,displacement-report-draft-v1
MOCK_S19,MOCK_G10,3,speaking,left_eyelid,full,0.006033062668559881,0.006033062668559881,MOCK_S19_speaking_left_eyelid,4,900,690522af6e84e39cee1f1a5ab448fa1f609ede3ce8262b6250eac9e6b3ac7915,displacement_mean_euclidean_error,evaluable,,240,105,750,True,MOCK DATA / NOT A SCIENTIFIC RESULT,displacement-report-draft-v1
MOCK_S19,MOCK_G10,3,speaking,left_eyelid,pcmci,0.0059284656692583405,0.0059284656692583405,MOCK_S19_speaking_left_eyelid,4,900,690522af6e84e39cee1f1a5ab448fa1f609ede3ce8262b6250eac9e6b3ac7915,displacement_mean_euclidean_error,evaluable,,240,3,20,True,MOCK DATA / NOT A SCIENTIFIC RESULT,displacement-report-draft-v1
MOCK_S19,MOCK_G10,3,speaking,right_eyelid,persistence,0.006672754704076777,,MOCK_S19_speaking_right_eyelid,4,900,690522af6e84e39cee1f1a5ab448fa1f609ede3ce8262b6250eac9e6b3ac7915,displacement_mean_euclidean_error,evaluable,,240,0,0,True,MOCK DATA / NOT A SCIENTIFIC RESULT,displacement-report-draft-v1
MOCK_S19,MOCK_G10,3,speaking,right_eyelid,self,0.006674703825968496,0.006674703825968497,MOCK_S19_speaking_right_eyelid,4,900,690522af6e84e39cee1f1a5ab448fa1f609ede3ce8262b6250eac9e6b3ac7915,displacement_mean_euclidean_error,evaluable,,240,0,0,True,MOCK DATA / NOT A SCIENTIFIC RESULT,displacement-report-draft-v1
MOCK_S19,MOCK_G10,3,speaking,right_eyelid,full,0.006974029928468189,0.006974029928468191,MOCK_S19_speaking_right_eyelid,4,900,690522af6e84e39cee1f1a5ab448fa1f609ede3ce8262b6250eac9e6b3ac7915,displacement_mean_euclidean_error,evaluable,,240,105,750,True,MOCK DATA / NOT A SCIENTIFIC RESULT,displacement-report-draft-v1
MOCK_S19,MOCK_G10,3,speaking,right_eyelid,pcmci,0.006941979690891114,0.006941979690891116,MOCK_S19_speaking_right_eyelid,4,900,690522af6e84e39cee1f1a5ab448fa1f609ede3ce8262b6250eac9e6b3ac7915,displacement_mean_euclidean_error,evaluable,,240,3,24,True,MOCK DATA / NOT A SCIENTIFIC RESULT,displacement-report-draft-v1
MOCK_S19,MOCK_G10,3,speaking,left_cheek,persistence,0.006671060429885165,,MOCK_S19_speaking_left_cheek,2,900,690522af6e84e39cee1f1a5ab448fa1f609ede3ce8262b6250eac9e6b3ac7915,displacement_mean_euclidean_error,evaluable,,120,0,0,True,MOCK DATA / NOT A SCIENTIFIC RESULT,displacement-report-draft-v1
MOCK_S19,MOCK_G10,3,speaking,left_cheek,self,0.006974703825968497,0.006974703825968497,MOCK_S19_speaking_left_cheek,2,900,690522af6e84e39cee1f1a5ab448fa1f609ede3ce8262b6250eac9e6b3ac7915,displacement_mean_euclidean_error,evaluable,,120,0,0,True,MOCK DATA / NOT A SCIENTIFIC RESULT,displacement-report-draft-v1
MOCK_S19,MOCK_G10,3,speaking,left_cheek,full,0.007134130686606284,0.007134130686606283,MOCK_S19_speaking_left_cheek,2,900,690522af6e84e39cee1f1a5ab448fa1f609ede3ce8262b6250eac9e6b3ac7915,displacement_mean_euclidean_error,evaluable,,120,105,810,True,MOCK DATA / NOT A SCIENTIFIC RESULT,displacement-report-draft-v1
MOCK_S19,MOCK_G10,3,speaking,left_cheek,pcmci,0.007296033590201164,0.007296033590201164,MOCK_S19_speaking_left_cheek,2,900,690522af6e84e39cee1f1a5ab448fa1f609ede3ce8262b6250eac9e6b3ac7915,displacement_mean_euclidean_error,evaluable,,120,3,14,True,MOCK DATA / NOT A SCIENTIFIC RESULT,displacement-report-draft-v1
MOCK_S19,MOCK_G10,3,speaking,right_cheek,persistence,0.006719887035013843,,MOCK_S19_speaking_right_cheek,2,900,690522af6e84e39cee1f1a5ab448fa1f609ede3ce8262b6250eac9e6b3ac7915,displacement_mean_euclidean_error,evaluable,,120,0,0,True,MOCK DATA / NOT A SCIENTIFIC RESULT,displacement-report-draft-v1
MOCK_S19,MOCK_G10,3,speaking,right_cheek,self,0.007274703825968497,0.007274703825968497,MOCK_S19_speaking_right_cheek,2,900,690522af6e84e39cee1f1a5ab448fa1f609ede3ce8262b6250eac9e6b3ac7915,displacement_mean_euclidean_error,evaluable,,120,0,0,True,MOCK DATA / NOT A SCIENTIFIC RESULT,displacement-report-draft-v1
MOCK_S19,MOCK_G10,3,speaking,right_cheek,full,0.006641987660763586,0.006641987660763585,MOCK_S19_speaking_right_cheek,2,900,690522af6e84e39cee1f1a5ab448fa1f609ede3ce8262b6250eac9e6b3ac7915,displacement_mean_euclidean_error,evaluable,,120,105,810,True,MOCK DATA / NOT A SCIENTIFIC RESULT,displacement-report-draft-v1
MOCK_S19,MOCK_G10,3,speaking,right_cheek,pcmci,0.006940930461445157,0.006940930461445156,MOCK_S19_speaking_right_cheek,2,900,690522af6e84e39cee1f1a5ab448fa1f609ede3ce8262b6250eac9e6b3ac7915,displacement_mean_euclidean_error,evaluable,,120,3,38,True,MOCK DATA / NOT A SCIENTIFIC RESULT,displacement-report-draft-v1
MOCK_S19,MOCK_G10,3,speaking,mouth,persistence,0.006692060958756684,,MOCK_S19_speaking_mouth,8,900,690522af6e84e39cee1f1a5ab448fa1f609ede3ce8262b6250eac9e6b3ac7915,displacement_mean_euclidean_error,evaluable,,480,0,0,True,MOCK DATA / NOT A SCIENTIFIC RESULT,displacement-report-draft-v1
MOCK_S19,MOCK_G10,3,speaking,mouth,self,0.007574703825968499,0.007574703825968497,MOCK_S19_speaking_mouth,8,900,690522af6e84e39cee1f1a5ab448fa1f609ede3ce8262b6250eac9e6b3ac7915,displacement_mean_euclidean_error,evaluable,,480,0,0,True,MOCK DATA / NOT A SCIENTIFIC RESULT,displacement-report-draft-v1
MOCK_S19,MOCK_G10,3,speaking,mouth,full,0.006225893495745144,0.006225893495745144,MOCK_S19_speaking_mouth,8,900,690522af6e84e39cee1f1a5ab448fa1f609ede3ce8262b6250eac9e6b3ac7915,displacement_mean_euclidean_error,evaluable,,480,105,630,True,MOCK DATA / NOT A SCIENTIFIC RESULT,displacement-report-draft-v1
MOCK_S19,MOCK_G10,3,speaking,mouth,pcmci,0.0064789691000385,0.006478969100038499,MOCK_S19_speaking_mouth,8,900,690522af6e84e39cee1f1a5ab448fa1f609ede3ce8262b6250eac9e6b3ac7915,displacement_mean_euclidean_error,evaluable,,480,3,18,True,MOCK DATA / NOT A SCIENTIFIC RESULT,displacement-report-draft-v1
MOCK_S19,MOCK_G10,3,speaking,jaw,persistence,0.00673766131571261,,MOCK_S19_speaking_jaw,3,900,690522af6e84e39cee1f1a5ab448fa1f609ede3ce8262b6250eac9e6b3ac7915,displacement_mean_euclidean_error,evaluable,,180,0,0,True,MOCK DATA / NOT A SCIENTIFIC RESULT,displacement-report-draft-v1
MOCK_S19,MOCK_G10,3,speaking,jaw,self,0.007874703825968497,0.007874703825968497,MOCK_S19_speaking_jaw,3,900,690522af6e84e39cee1f1a5ab448fa1f609ede3ce8262b6250eac9e6b3ac7915,displacement_mean_euclidean_error,evaluable,,180,0,0,True,MOCK DATA / NOT A SCIENTIFIC RESULT,displacement-report-draft-v1
MOCK_S19,MOCK_G10,3,speaking,jaw,full,0.006544221864431471,0.006544221864431472,MOCK_S19_speaking_jaw,3,900,690522af6e84e39cee1f1a5ab448fa1f609ede3ce8262b6250eac9e6b3ac7915,displacement_mean_euclidean_error,evaluable,,180,105,780,True,MOCK DATA / NOT A SCIENTIFIC RESULT,displacement-report-draft-v1
MOCK_S19,MOCK_G10,3,speaking,jaw,pcmci,0.006610693267693619,0.00661069326769362,MOCK_S19_speaking_jaw,3,900,690522af6e84e39cee1f1a5ab448fa1f609ede3ce8262b6250eac9e6b3ac7915,displacement_mean_euclidean_error,evaluable,,180,3,20,True,MOCK DATA / NOT A SCIENTIFIC RESULT,displacement-report-draft-v1
MOCK_S19,MOCK_G10,3,non_speaking,left_brow,persistence,0.006401901883014814,,MOCK_S19_non_speaking_left_brow,3,900,17b7fde941a187894929cf6055e13239bb1b8d39909f4bc0729d8ca83b8e48ad,displacement_mean_euclidean_error,evaluable,,180,0,0,True,MOCK DATA / NOT A SCIENTIFIC RESULT,displacement-report-draft-v1
MOCK_S19,MOCK_G10,3,non_speaking,left_brow,self,0.006174703825968498,0.006174703825968498,MOCK_S19_non_speaking_left_brow,3,900,17b7fde941a187894929cf6055e13239bb1b8d39909f4bc0729d8ca83b8e48ad,displacement_mean_euclidean_error,evaluable,,180,0,0,True,MOCK DATA / NOT A SCIENTIFIC RESULT,displacement-report-draft-v1
MOCK_S19,MOCK_G10,3,non_speaking,left_brow,full,0.004741861218908656,0.004741861218908655,MOCK_S19_non_speaking_left_brow,3,900,17b7fde941a187894929cf6055e13239bb1b8d39909f4bc0729d8ca83b8e48ad,displacement_mean_euclidean_error,evaluable,,180,105,780,True,MOCK DATA / NOT A SCIENTIFIC RESULT,displacement-report-draft-v1
MOCK_S19,MOCK_G10,3,non_speaking,left_brow,pcmci,0.005011493026253515,0.005011493026253514,MOCK_S19_non_speaking_left_brow,3,900,17b7fde941a187894929cf6055e13239bb1b8d39909f4bc0729d8ca83b8e48ad,displacement_mean_euclidean_error,evaluable,,180,3,20,True,MOCK DATA / NOT A SCIENTIFIC RESULT,displacement-report-draft-v1
MOCK_S19,MOCK_G10,3,non_speaking,right_brow,persistence,0.006321131131161679,,MOCK_S19_non_speaking_right_brow,3,900,17b7fde941a187894929cf6055e13239bb1b8d39909f4bc0729d8ca83b8e48ad,displacement_mean_euclidean_error,evaluable,,180,0,0,True,MOCK DATA / NOT A SCIENTIFIC RESULT,displacement-report-draft-v1
MOCK_S19,MOCK_G10,3,non_speaking,right_brow,self,0.006474703825968498,0.006474703825968498,MOCK_S19_non_speaking_right_brow,3,900,17b7fde941a187894929cf6055e13239bb1b8d39909f4bc0729d8ca83b8e48ad,displacement_mean_euclidean_error,evaluable,,180,0,0,True,MOCK DATA / NOT A SCIENTIFIC RESULT,displacement-report-draft-v1
MOCK_S19,MOCK_G10,3,non_speaking,right_brow,full,0.0053005312496690864,0.0053005312496690864,MOCK_S19_non_speaking_right_brow,3,900,17b7fde941a187894929cf6055e13239bb1b8d39909f4bc0729d8ca83b8e48ad,displacement_mean_euclidean_error,evaluable,,180,105,780,True,MOCK DATA / NOT A SCIENTIFIC RESULT,displacement-report-draft-v1
MOCK_S19,MOCK_G10,3,non_speaking,right_brow,pcmci,0.006028465669258341,0.006028465669258341,MOCK_S19_non_speaking_right_brow,3,900,17b7fde941a187894929cf6055e13239bb1b8d39909f4bc0729d8ca83b8e48ad,displacement_mean_euclidean_error,evaluable,,180,3,20,True,MOCK DATA / NOT A SCIENTIFIC RESULT,displacement-report-draft-v1
MOCK_S19,MOCK_G10,3,non_speaking,left_eyelid,persistence,0.006496716494456339,,MOCK_S19_non_speaking_left_eyelid,4,900,17b7fde941a187894929cf6055e13239bb1b8d39909f4bc0729d8ca83b8e48ad,displacement_mean_euclidean_error,evaluable,,240,0,0,True,MOCK DATA / NOT A SCIENTIFIC RESULT,displacement-report-draft-v1
MOCK_S19,MOCK_G10,3,non_speaking,left_eyelid,self,0.006774703825968497,0.0067747038259684976,MOCK_S19_non_speaking_left_eyelid,4,900,17b7fde941a187894929cf6055e13239bb1b8d39909f4bc0729d8ca83b8e48ad,displacement_mean_euclidean_error,evaluable,,240,0,0,True,MOCK DATA / NOT A SCIENTIFIC RESULT,displacement-report-draft-v1
MOCK_S19,MOCK_G10,3,non_speaking,left_eyelid,full,0.00643306266855988,0.006433062668559881,MOCK_S19_non_speaking_left_eyelid,4,900,17b7fde941a187894929cf6055e13239bb1b8d39909f4bc0729d8ca83b8e48ad,displacement_mean_euclidean_error,evaluable,,240,105,750,True,MOCK DATA / NOT A SCIENTIFIC RESULT,displacement-report-draft-v1
MOCK_S19,MOCK_G10,3,non_speaking,left_eyelid,pcmci,0.0070419796908911154,0.007041979690891116,MOCK_S19_non_speaking_left_eyelid,4,900,17b7fde941a187894929cf6055e13239bb1b8d39909f4bc0729d8ca83b8e48ad,displacement_mean_euclidean_error,evaluable,,240,3,20,True,MOCK DATA / NOT A SCIENTIFIC RESULT,displacement-report-draft-v1
MOCK_S19,MOCK_G10,3,non_speaking,right_eyelid,persistence,0.006509941322684079,,MOCK_S19_non_speaking_right_eyelid,4,900,17b7fde941a187894929cf6055e13239bb1b8d39909f4bc0729d8ca83b8e48ad,displacement_mean_euclidean_error,evaluable,,240,0,0,True,MOCK DATA / NOT A SCIENTIFIC RESULT,displacement-report-draft-v1
MOCK_S19,MOCK_G10,3,non_speaking,right_eyelid,self,0.0070747038259684975,0.0070747038259684975,MOCK_S19_non_speaking_right_eyelid,4,900,17b7fde941a187894929cf6055e13239bb1b8d39909f4bc0729d8ca83b8e48ad,displacement_mean_euclidean_error,evaluable,,240,0,0,True,MOCK DATA / NOT A SCIENTIFIC RESULT,displacement-report-draft-v1
MOCK_S19,MOCK_G10,3,non_speaking,right_eyelid,full,0.007374029928468191,0.007374029928468191,MOCK_S19_non_speaking_right_eyelid,4,900,17b7fde941a187894929cf6055e13239bb1b8d39909f4bc0729d8ca83b8e48ad,displacement_mean_euclidean_error,evaluable,,240,105,750,True,MOCK DATA / NOT A SCIENTIFIC RESULT,displacement-report-draft-v1
MOCK_S19,MOCK_G10,3,non_speaking,right_eyelid,pcmci,0.007396033590201165,0.007396033590201165,MOCK_S19_non_speaking_right_eyelid,4,900,17b7fde941a187894929cf6055e13239bb1b8d39909f4bc0729d8ca83b8e48ad,displacement_mean_euclidean_error,evaluable,,240,3,24,True,MOCK DATA / NOT A SCIENTIFIC RESULT,displacement-report-draft-v1
MOCK_S19,MOCK_G10,3,non_speaking,left_cheek,persistence,0.006662622686870729,,MOCK_S19_non_speaking_left_cheek,2,900,17b7fde941a187894929cf6055e13239bb1b8d39909f4bc0729d8ca83b8e48ad,displacement_mean_euclidean_error,evaluable,,120,0,0,True,MOCK DATA / NOT A SCIENTIFIC RESULT,displacement-report-draft-v1
MOCK_S19,MOCK_G10,3,non_speaking,left_cheek,self,0.007374703825968499,0.007374703825968497,MOCK_S19_non_speaking_left_cheek,2,900,17b7fde941a187894929cf6055e13239bb1b8d39909f4bc0729d8ca83b8e48ad,displacement_mean_euclidean_error,evaluable,,120,0,0,True,MOCK DATA / NOT A SCIENTIFIC RESULT,displacement-report-draft-v1
MOCK_S19,MOCK_G10,3,non_speaking,left_cheek,full,0.007534130686606285,0.007534130686606283,MOCK_S19_non_speaking_left_cheek,2,900,17b7fde941a187894929cf6055e13239bb1b8d39909f4bc0729d8ca83b8e48ad,displacement_mean_euclidean_error,evaluable,,120,105,810,True,MOCK DATA / NOT A SCIENTIFIC RESULT,displacement-report-draft-v1
MOCK_S19,MOCK_G10,3,non_speaking,left_cheek,pcmci,0.007040930461445158,0.007040930461445156,MOCK_S19_non_speaking_left_cheek,2,900,17b7fde941a187894929cf6055e13239bb1b8d39909f4bc0729d8ca83b8e48ad,displacement_mean_euclidean_error,evaluable,,120,3,14,True,MOCK DATA / NOT A SCIENTIFIC RESULT,displacement-report-draft-v1
MOCK_S19,MOCK_G10,3,non_speaking,right_cheek,persistence,0.006721442994271947,,MOCK_S19_non_speaking_right_cheek,2,900,17b7fde941a187894929cf6055e13239bb1b8d39909f4bc0729d8ca83b8e48ad,displacement_mean_euclidean_error,evaluable,,120,0,0,True,MOCK DATA / NOT A SCIENTIFIC RESULT,displacement-report-draft-v1
MOCK_S19,MOCK_G10,3,non_speaking,right_cheek,self,0.0076747038259684965,0.0076747038259684965,MOCK_S19_non_speaking_right_cheek,2,900,17b7fde941a187894929cf6055e13239bb1b8d39909f4bc0729d8ca83b8e48ad,displacement_mean_euclidean_error,evaluable,,120,0,0,True,MOCK DATA / NOT A SCIENTIFIC RESULT,displacement-report-draft-v1
MOCK_S19,MOCK_G10,3,non_speaking,right_cheek,full,0.007041987660763584,0.007041987660763584,MOCK_S19_non_speaking_right_cheek,2,900,17b7fde941a187894929cf6055e13239bb1b8d39909f4bc0729d8ca83b8e48ad,displacement_mean_euclidean_error,evaluable,,120,105,810,True,MOCK DATA / NOT A SCIENTIFIC RESULT,displacement-report-draft-v1
MOCK_S19,MOCK_G10,3,non_speaking,right_cheek,pcmci,0.006578969100038499,0.006578969100038499,MOCK_S19_non_speaking_right_cheek,2,900,17b7fde941a187894929cf6055e13239bb1b8d39909f4bc0729d8ca83b8e48ad,displacement_mean_euclidean_error,evaluable,,120,3,38,True,MOCK DATA / NOT A SCIENTIFIC RESULT,displacement-report-draft-v1
MOCK_S19,MOCK_G10,3,non_speaking,mouth,persistence,0.006683009235314796,,MOCK_S19_non_speaking_mouth,8,900,17b7fde941a187894929cf6055e13239bb1b8d39909f4bc0729d8ca83b8e48ad,displacement_mean_euclidean_error,evaluable,,480,0,0,True,MOCK DATA / NOT A SCIENTIFIC RESULT,displacement-report-draft-v1
MOCK_S19,MOCK_G10,3,non_speaking,mouth,self,0.007974703825968496,0.007974703825968496,MOCK_S19_non_speaking_mouth,8,900,17b7fde941a187894929cf6055e13239bb1b8d39909f4bc0729d8ca83b8e48ad,displacement_mean_euclidean_error,evaluable,,480,0,0,True,MOCK DATA / NOT A SCIENTIFIC RESULT,displacement-report-draft-v1
MOCK_S19,MOCK_G10,3,non_speaking,mouth,full,0.006625893495745144,0.006625893495745144,MOCK_S19_non_speaking_mouth,8,900,17b7fde941a187894929cf6055e13239bb1b8d39909f4bc0729d8ca83b8e48ad,displacement_mean_euclidean_error,evaluable,,480,105,630,True,MOCK DATA / NOT A SCIENTIFIC RESULT,displacement-report-draft-v1
MOCK_S19,MOCK_G10,3,non_speaking,mouth,pcmci,0.006710693267693619,0.006710693267693619,MOCK_S19_non_speaking_mouth,8,900,17b7fde941a187894929cf6055e13239bb1b8d39909f4bc0729d8ca83b8e48ad,displacement_mean_euclidean_error,evaluable,,480,3,18,True,MOCK DATA / NOT A SCIENTIFIC RESULT,displacement-report-draft-v1
MOCK_S19,MOCK_G10,3,non_speaking,jaw,persistence,0.006754676217990435,,MOCK_S19_non_speaking_jaw,3,900,17b7fde941a187894929cf6055e13239bb1b8d39909f4bc0729d8ca83b8e48ad,displacement_mean_euclidean_error,evaluable,,180,0,0,True,MOCK DATA / NOT A SCIENTIFIC RESULT,displacement-report-draft-v1
MOCK_S19,MOCK_G10,3,non_speaking,jaw,self,0.008274703825968496,0.008274703825968496,MOCK_S19_non_speaking_jaw,3,900,17b7fde941a187894929cf6055e13239bb1b8d39909f4bc0729d8ca83b8e48ad,displacement_mean_euclidean_error,evaluable,,180,0,0,True,MOCK DATA / NOT A SCIENTIFIC RESULT,displacement-report-draft-v1
MOCK_S19,MOCK_G10,3,non_speaking,jaw,full,0.00694422186443147,0.006944221864431471,MOCK_S19_non_speaking_jaw,3,900,17b7fde941a187894929cf6055e13239bb1b8d39909f4bc0729d8ca83b8e48ad,displacement_mean_euclidean_error,evaluable,,180,105,780,True,MOCK DATA / NOT A SCIENTIFIC RESULT,displacement-report-draft-v1
MOCK_S19,MOCK_G10,3,non_speaking,jaw,pcmci,0.007590814988624638,0.007590814988624638,MOCK_S19_non_speaking_jaw,3,900,17b7fde941a187894929cf6055e13239bb1b8d39909f4bc0729d8ca83b8e48ad,displacement_mean_euclidean_error,evaluable,,180,3,20,True,MOCK DATA / NOT A SCIENTIFIC RESULT,displacement-report-draft-v1
MOCK_S20,MOCK_G10,3,speaking,left_brow,persistence,0.006439961903487903,,MOCK_S20_speaking_left_brow,3,900,6af70a20c5aaa26e5b17b65fa7bf1ab7672a4069781f51cc3f010308b6266c11,displacement_mean_euclidean_error,evaluable,,180,0,0,True,MOCK DATA / NOT A SCIENTIFIC RESULT,displacement-report-draft-v1
MOCK_S20,MOCK_G10,3,speaking,left_brow,self,0.006044963162898885,0.006044963162898886,MOCK_S20_speaking_left_brow,3,900,6af70a20c5aaa26e5b17b65fa7bf1ab7672a4069781f51cc3f010308b6266c11,displacement_mean_euclidean_error,evaluable,,180,0,0,True,MOCK DATA / NOT A SCIENTIFIC RESULT,displacement-report-draft-v1
MOCK_S20,MOCK_G10,3,speaking,left_brow,full,0.004667567489800677,0.0046675674898006775,MOCK_S20_speaking_left_brow,3,900,6af70a20c5aaa26e5b17b65fa7bf1ab7672a4069781f51cc3f010308b6266c11,displacement_mean_euclidean_error,evaluable,,180,105,780,True,MOCK DATA / NOT A SCIENTIFIC RESULT,displacement-report-draft-v1
MOCK_S20,MOCK_G10,3,speaking,left_brow,pcmci,0.004747366830131963,0.004747366830131964,MOCK_S20_speaking_left_brow,3,900,6af70a20c5aaa26e5b17b65fa7bf1ab7672a4069781f51cc3f010308b6266c11,displacement_mean_euclidean_error,evaluable,,180,3,20,True,MOCK DATA / NOT A SCIENTIFIC RESULT,displacement-report-draft-v1
MOCK_S20,MOCK_G10,3,speaking,right_brow,persistence,0.0064139291848732604,,MOCK_S20_speaking_right_brow,3,900,6af70a20c5aaa26e5b17b65fa7bf1ab7672a4069781f51cc3f010308b6266c11,displacement_mean_euclidean_error,evaluable,,180,0,0,True,MOCK DATA / NOT A SCIENTIFIC RESULT,displacement-report-draft-v1
MOCK_S20,MOCK_G10,3,speaking,right_brow,self,0.006344963162898886,0.006344963162898886,MOCK_S20_speaking_right_brow,3,900,6af70a20c5aaa26e5b17b65fa7bf1ab7672a4069781f51cc3f010308b6266c11,displacement_mean_euclidean_error,evaluable,,180,0,0,True,MOCK DATA / NOT A SCIENTIFIC RESULT,displacement-report-draft-v1
MOCK_S20,MOCK_G10,3,speaking,right_brow,full,0.005645919404995406,0.005645919404995407,MOCK_S20_speaking_right_brow,3,900,6af70a20c5aaa26e5b17b65fa7bf1ab7672a4069781f51cc3f010308b6266c11,displacement_mean_euclidean_error,evaluable,,180,105,780,True,MOCK DATA / NOT A SCIENTIFIC RESULT,displacement-report-draft-v1
MOCK_S20,MOCK_G10,3,speaking,right_brow,pcmci,0.005490756774102292,0.005490756774102292,MOCK_S20_speaking_right_brow,3,900,6af70a20c5aaa26e5b17b65fa7bf1ab7672a4069781f51cc3f010308b6266c11,displacement_mean_euclidean_error,evaluable,,180,3,20,True,MOCK DATA / NOT A SCIENTIFIC RESULT,displacement-report-draft-v1
MOCK_S20,MOCK_G10,3,speaking,left_eyelid,persistence,0.006565057084504173,,MOCK_S20_speaking_left_eyelid,4,900,6af70a20c5aaa26e5b17b65fa7bf1ab7672a4069781f51cc3f010308b6266c11,displacement_mean_euclidean_error,evaluable,,240,0,0,True,MOCK DATA / NOT A SCIENTIFIC RESULT,displacement-report-draft-v1
MOCK_S20,MOCK_G10,3,speaking,left_eyelid,self,0.006644963162898885,0.006644963162898886,MOCK_S20_speaking_left_eyelid,4,900,6af70a20c5aaa26e5b17b65fa7bf1ab7672a4069781f51cc3f010308b6266c11,displacement_mean_euclidean_error,evaluable,,240,0,0,True,MOCK DATA / NOT A SCIENTIFIC RESULT,displacement-report-draft-v1
MOCK_S20,MOCK_G10,3,speaking,left_eyelid,full,0.006761301463856089,0.006761301463856089,MOCK_S20_speaking_left_eyelid,4,900,6af70a20c5aaa26e5b17b65fa7bf1ab7672a4069781f51cc3f010308b6266c11,displacement_mean_euclidean_error,evaluable,,240,105,750,True,MOCK DATA / NOT A SCIENTIFIC RESULT,displacement-report-draft-v1
MOCK_S20,MOCK_G10,3,speaking,left_eyelid,pcmci,0.006605772207838941,0.006605772207838941,MOCK_S20_speaking_left_eyelid,4,900,6af70a20c5aaa26e5b17b65fa7bf1ab7672a4069781f51cc3f010308b6266c11,displacement_mean_euclidean_error,evaluable,,240,3,20,True,MOCK DATA / NOT A SCIENTIFIC RESULT,displacement-report-draft-v1
MOCK_S20,MOCK_G10,3,speaking,right_eyelid,persistence,0.006635314005146194,,MOCK_S20_speaking_right_eyelid,4,900,6af70a20c5aaa26e5b17b65fa7bf1ab7672a4069781f51cc3f010308b6266c11,displacement_mean_euclidean_error,evaluable,,240,0,0,True,MOCK DATA / NOT A SCIENTIFIC RESULT,displacement-report-draft-v1
MOCK_S20,MOCK_G10,3,speaking,right_eyelid,self,0.006944963162898886,0.0069449631628988855,MOCK_S20_speaking_right_eyelid,4,900,6af70a20c5aaa26e5b17b65fa7bf1ab7672a4069781f51cc3f010308b6266c11,displacement_mean_euclidean_error,evaluable,,240,0,0,True,MOCK DATA / NOT A SCIENTIFIC RESULT,displacement-report-draft-v1
MOCK_S20,MOCK_G10,3,speaking,right_eyelid,full,0.007264055161793236,0.007264055161793235,MOCK_S20_speaking_right_eyelid,4,900,6af70a20c5aaa26e5b17b65fa7bf1ab7672a4069781f51cc3f010308b6266c11,displacement_mean_euclidean_error,evaluable,,240,105,750,True,MOCK DATA / NOT A SCIENTIFIC RESULT,displacement-report-draft-v1
MOCK_S20,MOCK_G10,3,speaking,right_eyelid,pcmci,0.007343091700200679,0.007343091700200679,MOCK_S20_speaking_right_eyelid,4,900,6af70a20c5aaa26e5b17b65fa7bf1ab7672a4069781f51cc3f010308b6266c11,displacement_mean_euclidean_error,evaluable,,240,3,24,True,MOCK DATA / NOT A SCIENTIFIC RESULT,displacement-report-draft-v1
MOCK_S20,MOCK_G10,3,speaking,left_cheek,persistence,0.0065051664186263625,,MOCK_S20_speaking_left_cheek,2,900,6af70a20c5aaa26e5b17b65fa7bf1ab7672a4069781f51cc3f010308b6266c11,displacement_mean_euclidean_error,evaluable,,120,0,0,True,MOCK DATA / NOT A SCIENTIFIC RESULT,displacement-report-draft-v1
MOCK_S20,MOCK_G10,3,speaking,left_cheek,self,0.0072449631628988855,0.0072449631628988855,MOCK_S20_speaking_left_cheek,2,900,6af70a20c5aaa26e5b17b65fa7bf1ab7672a4069781f51cc3f010308b6266c11,displacement_mean_euclidean_error,evaluable,,120,0,0,True,MOCK DATA / NOT A SCIENTIFIC RESULT,displacement-report-draft-v1
MOCK_S20,MOCK_G10,3,speaking,left_cheek,full,0.006967769683970017,0.006967769683970017,MOCK_S20_speaking_left_cheek,2,900,6af70a20c5aaa26e5b17b65fa7bf1ab7672a4069781f51cc3f010308b6266c11,displacement_mean_euclidean_error,evaluable,,120,105,810,True,MOCK DATA / NOT A SCIENTIFIC RESULT,displacement-report-draft-v1
MOCK_S20,MOCK_G10,3,speaking,left_cheek,pcmci,0.007300645726712294,0.007300645726712294,MOCK_S20_speaking_left_cheek,2,900,6af70a20c5aaa26e5b17b65fa7bf1ab7672a4069781f51cc3f010308b6266c11,displacement_mean_euclidean_error,evaluable,,120,3,14,True,MOCK DATA / NOT A SCIENTIFIC RESULT,displacement-report-draft-v1
MOCK_S20,MOCK_G10,3,speaking,right_cheek,persistence,0.006759865875409123,,MOCK_S20_speaking_right_cheek,2,900,6af70a20c5aaa26e5b17b65fa7bf1ab7672a4069781f51cc3f010308b6266c11,displacement_mean_euclidean_error,evaluable,,120,0,0,True,MOCK DATA / NOT A SCIENTIFIC RESULT,displacement-report-draft-v1
MOCK_S20,MOCK_G10,3,speaking,right_cheek,self,0.007544963162898885,0.007544963162898885,MOCK_S20_speaking_right_cheek,2,900,6af70a20c5aaa26e5b17b65fa7bf1ab7672a4069781f51cc3f010308b6266c11,displacement_mean_euclidean_error,evaluable,,120,0,0,True,MOCK DATA / NOT A SCIENTIFIC RESULT,displacement-report-draft-v1
MOCK_S20,MOCK_G10,3,speaking,right_cheek,full,0.006420667148785732,0.0064206671487857326,MOCK_S20_speaking_right_cheek,2,900,6af70a20c5aaa26e5b17b65fa7bf1ab7672a4069781f51cc3f010308b6266c11,displacement_mean_euclidean_error,evaluable,,120,105,810,True,MOCK DATA / NOT A SCIENTIFIC RESULT,displacement-report-draft-v1
MOCK_S20,MOCK_G10,3,speaking,right_cheek,pcmci,0.006793277536128487,0.006793277536128487,MOCK_S20_speaking_right_cheek,2,900,6af70a20c5aaa26e5b17b65fa7bf1ab7672a4069781f51cc3f010308b6266c11,displacement_mean_euclidean_error,evaluable,,120,3,38,True,MOCK DATA / NOT A SCIENTIFIC RESULT,displacement-report-draft-v1
MOCK_S20,MOCK_G10,3,speaking,mouth,persistence,0.006675420704034848,,MOCK_S20_speaking_mouth,8,900,6af70a20c5aaa26e5b17b65fa7bf1ab7672a4069781f51cc3f010308b6266c11,displacement_mean_euclidean_error,evaluable,,480,0,0,True,MOCK DATA / NOT A SCIENTIFIC RESULT,displacement-report-draft-v1
MOCK_S20,MOCK_G10,3,speaking,mouth,self,0.007844963162898885,0.007844963162898885,MOCK_S20_speaking_mouth,8,900,6af70a20c5aaa26e5b17b65fa7bf1ab7672a4069781f51cc3f010308b6266c11,displacement_mean_euclidean_error,evaluable,,480,0,0,True,MOCK DATA / NOT A SCIENTIFIC RESULT,displacement-report-draft-v1
MOCK_S20,MOCK_G10,3,speaking,mouth,full,0.006401569720475314,0.006401569720475315,MOCK_S20_speaking_mouth,8,900,6af70a20c5aaa26e5b17b65fa7bf1ab7672a4069781f51cc3f010308b6266c11,displacement_mean_euclidean_error,evaluable,,480,105,630,True,MOCK DATA / NOT A SCIENTIFIC RESULT,displacement-report-draft-v1
MOCK_S20,MOCK_G10,3,speaking,mouth,pcmci,0.006563277719502834,0.006563277719502834,MOCK_S20_speaking_mouth,8,900,6af70a20c5aaa26e5b17b65fa7bf1ab7672a4069781f51cc3f010308b6266c11,displacement_mean_euclidean_error,evaluable,,480,3,18,True,MOCK DATA / NOT A SCIENTIFIC RESULT,displacement-report-draft-v1
MOCK_S20,MOCK_G10,3,speaking,jaw,persistence,0.0066605184496635415,,MOCK_S20_speaking_jaw,3,900,6af70a20c5aaa26e5b17b65fa7bf1ab7672a4069781f51cc3f010308b6266c11,displacement_mean_euclidean_error,evaluable,,180,0,0,True,MOCK DATA / NOT A SCIENTIFIC RESULT,displacement-report-draft-v1
MOCK_S20,MOCK_G10,3,speaking,jaw,self,0.008144963162898885,0.008144963162898885,MOCK_S20_speaking_jaw,3,900,6af70a20c5aaa26e5b17b65fa7bf1ab7672a4069781f51cc3f010308b6266c11,displacement_mean_euclidean_error,evaluable,,180,0,0,True,MOCK DATA / NOT A SCIENTIFIC RESULT,displacement-report-draft-v1
MOCK_S20,MOCK_G10,3,speaking,jaw,full,0.0072038541030341775,0.007203854103034178,MOCK_S20_speaking_jaw,3,900,6af70a20c5aaa26e5b17b65fa7bf1ab7672a4069781f51cc3f010308b6266c11,displacement_mean_euclidean_error,evaluable,,180,105,780,True,MOCK DATA / NOT A SCIENTIFIC RESULT,displacement-report-draft-v1
MOCK_S20,MOCK_G10,3,speaking,jaw,pcmci,0.007097925664021578,0.007097925664021579,MOCK_S20_speaking_jaw,3,900,6af70a20c5aaa26e5b17b65fa7bf1ab7672a4069781f51cc3f010308b6266c11,displacement_mean_euclidean_error,evaluable,,180,3,20,True,MOCK DATA / NOT A SCIENTIFIC RESULT,displacement-report-draft-v1
MOCK_S20,MOCK_G10,3,non_speaking,left_brow,persistence,0.0064559382976221045,,MOCK_S20_non_speaking_left_brow,3,900,3f19258e56b0bf6793b69116c5b4989e274d13bcd586930340f8c8dc27c494f1,displacement_mean_euclidean_error,evaluable,,180,0,0,True,MOCK DATA / NOT A SCIENTIFIC RESULT,displacement-report-draft-v1
MOCK_S20,MOCK_G10,3,non_speaking,left_brow,self,0.006444963162898887,0.006444963162898886,MOCK_S20_non_speaking_left_brow,3,900,3f19258e56b0bf6793b69116c5b4989e274d13bcd586930340f8c8dc27c494f1,displacement_mean_euclidean_error,evaluable,,180,0,0,True,MOCK DATA / NOT A SCIENTIFIC RESULT,displacement-report-draft-v1
MOCK_S20,MOCK_G10,3,non_speaking,left_brow,full,0.005067567489800677,0.005067567489800678,MOCK_S20_non_speaking_left_brow,3,900,3f19258e56b0bf6793b69116c5b4989e274d13bcd586930340f8c8dc27c494f1,displacement_mean_euclidean_error,evaluable,,180,105,780,True,MOCK DATA / NOT A SCIENTIFIC RESULT,displacement-report-draft-v1
MOCK_S20,MOCK_G10,3,non_speaking,left_brow,pcmci,0.0055907567741022915,0.005590756774102292,MOCK_S20_non_speaking_left_brow,3,900,3f19258e56b0bf6793b69116c5b4989e274d13bcd586930340f8c8dc27c494f1,displacement_mean_euclidean_error,evaluable,,180,3,20,True,MOCK DATA / NOT A SCIENTIFIC RESULT,displacement-report-draft-v1
MOCK_S20,MOCK_G10,3,non_speaking,right_brow,persistence,0.006328807055245978,,MOCK_S20_non_speaking_right_brow,3,900,3f19258e56b0bf6793b69116c5b4989e274d13bcd586930340f8c8dc27c494f1,displacement_mean_euclidean_error,evaluable,,180,0,0,True,MOCK DATA / NOT A SCIENTIFIC RESULT,displacement-report-draft-v1
MOCK_S20,MOCK_G10,3,non_speaking,right_brow,self,0.006744963162898887,0.006744963162898886,MOCK_S20_non_speaking_right_brow,3,900,3f19258e56b0bf6793b69116c5b4989e274d13bcd586930340f8c8dc27c494f1,displacement_mean_euclidean_error,evaluable,,180,0,0,True,MOCK DATA / NOT A SCIENTIFIC RESULT,displacement-report-draft-v1
MOCK_S20,MOCK_G10,3,non_speaking,right_brow,full,0.006045919404995407,0.006045919404995407,MOCK_S20_non_speaking_right_brow,3,900,3f19258e56b0bf6793b69116c5b4989e274d13bcd586930340f8c8dc27c494f1,displacement_mean_euclidean_error,evaluable,,180,105,780,True,MOCK DATA / NOT A SCIENTIFIC RESULT,displacement-report-draft-v1
MOCK_S20,MOCK_G10,3,non_speaking,right_brow,pcmci,0.006705772207838942,0.006705772207838941,MOCK_S20_non_speaking_right_brow,3,900,3f19258e56b0bf6793b69116c5b4989e274d13bcd586930340f8c8dc27c494f1,displacement_mean_euclidean_error,evaluable,,180,3,20,True,MOCK DATA / NOT A SCIENTIFIC RESULT,displacement-report-draft-v1
MOCK_S20,MOCK_G10,3,non_speaking,left_eyelid,persistence,0.0064717450026032484,,MOCK_S20_non_speaking_left_eyelid,4,900,3f19258e56b0bf6793b69116c5b4989e274d13bcd586930340f8c8dc27c494f1,displacement_mean_euclidean_error,evaluable,,240,0,0,True,MOCK DATA / NOT A SCIENTIFIC RESULT,displacement-report-draft-v1
MOCK_S20,MOCK_G10,3,non_speaking,left_eyelid,self,0.007044963162898887,0.007044963162898886,MOCK_S20_non_speaking_left_eyelid,4,900,3f19258e56b0bf6793b69116c5b4989e274d13bcd586930340f8c8dc27c494f1,displacement_mean_euclidean_error,evaluable,,240,0,0,True,MOCK DATA / NOT A SCIENTIFIC RESULT,displacement-report-draft-v1
MOCK_S20,MOCK_G10,3,non_speaking,left_eyelid,full,0.00716130146385609,0.007161301463856089,MOCK_S20_non_speaking_left_eyelid,4,900,3f19258e56b0bf6793b69116c5b4989e274d13bcd586930340f8c8dc27c494f1,displacement_mean_euclidean_error,evaluable,,240,105,750,True,MOCK DATA / NOT A SCIENTIFIC RESULT,displacement-report-draft-v1
MOCK_S20,MOCK_G10,3,non_speaking,left_eyelid,pcmci,0.00744309170020068,0.007443091700200679,MOCK_S20_non_speaking_left_eyelid,4,900,3f19258e56b0bf6793b69116c5b4989e274d13bcd586930340f8c8dc27c494f1,displacement_mean_euclidean_error,evaluable,,240,3,20,True,MOCK DATA / NOT A SCIENTIFIC RESULT,displacement-report-draft-v1
MOCK_S20,MOCK_G10,3,non_speaking,right_eyelid,persistence,0.0065203204773165175,,MOCK_S20_non_speaking_right_eyelid,4,900,3f19258e56b0bf6793b69116c5b4989e274d13bcd586930340f8c8dc27c494f1,displacement_mean_euclidean_error,evaluable,,240,0,0,True,MOCK DATA / NOT A SCIENTIFIC RESULT,displacement-report-draft-v1
MOCK_S20,MOCK_G10,3,non_speaking,right_eyelid,self,0.007344963162898887,0.007344963162898886,MOCK_S20_non_speaking_right_eyelid,4,900,3f19258e56b0bf6793b69116c5b4989e274d13bcd586930340f8c8dc27c494f1,displacement_mean_euclidean_error,evaluable,,240,0,0,True,MOCK DATA / NOT A SCIENTIFIC RESULT,displacement-report-draft-v1
MOCK_S20,MOCK_G10,3,non_speaking,right_eyelid,full,0.007664055161793235,0.007664055161793235,MOCK_S20_non_speaking_right_eyelid,4,900,3f19258e56b0bf6793b69116c5b4989e274d13bcd586930340f8c8dc27c494f1,displacement_mean_euclidean_error,evaluable,,240,105,750,True,MOCK DATA / NOT A SCIENTIFIC RESULT,displacement-report-draft-v1
MOCK_S20,MOCK_G10,3,non_speaking,right_eyelid,pcmci,0.007400645726712294,0.007400645726712294,MOCK_S20_non_speaking_right_eyelid,4,900,3f19258e56b0bf6793b69116c5b4989e274d13bcd586930340f8c8dc27c494f1,displacement_mean_euclidean_error,evaluable,,240,3,24,True,MOCK DATA / NOT A SCIENTIFIC RESULT,displacement-report-draft-v1
MOCK_S20,MOCK_G10,3,non_speaking,left_cheek,persistence,0.006413038427799397,,MOCK_S20_non_speaking_left_cheek,2,900,3f19258e56b0bf6793b69116c5b4989e274d13bcd586930340f8c8dc27c494f1,displacement_mean_euclidean_error,evaluable,,120,0,0,True,MOCK DATA / NOT A SCIENTIFIC RESULT,displacement-report-draft-v1
MOCK_S20,MOCK_G10,3,non_speaking,left_cheek,self,0.0076449631628988865,0.007644963162898886,MOCK_S20_non_speaking_left_cheek,2,900,3f19258e56b0bf6793b69116c5b4989e274d13bcd586930340f8c8dc27c494f1,displacement_mean_euclidean_error,evaluable,,120,0,0,True,MOCK DATA / NOT A SCIENTIFIC RESULT,displacement-report-draft-v1
MOCK_S20,MOCK_G10,3,non_speaking,left_cheek,full,0.007367769683970018,0.0073677696839700175,MOCK_S20_non_speaking_left_cheek,2,900,3f19258e56b0bf6793b69116c5b4989e274d13bcd586930340f8c8dc27c494f1,displacement_mean_euclidean_error,evaluable,,120,105,810,True,MOCK DATA / NOT A SCIENTIFIC RESULT,displacement-report-draft-v1
MOCK_S20,MOCK_G10,3,non_speaking,left_cheek,pcmci,0.0068932775361284886,0.006893277536128487,MOCK_S20_non_speaking_left_cheek,2,900,3f19258e56b0bf6793b69116c5b4989e274d13bcd586930340f8c8dc27c494f1,displacement_mean_euclidean_error,evaluable,,120,3,14,True,MOCK DATA / NOT A SCIENTIFIC RESULT,displacement-report-draft-v1
MOCK_S20,MOCK_G10,3,non_speaking,right_cheek,persistence,0.0066588986813883606,,MOCK_S20_non_speaking_right_cheek,2,900,3f19258e56b0bf6793b69116c5b4989e274d13bcd586930340f8c8dc27c494f1,displacement_mean_euclidean_error,evaluable,,120,0,0,True,MOCK DATA / NOT A SCIENTIFIC RESULT,displacement-report-draft-v1
MOCK_S20,MOCK_G10,3,non_speaking,right_cheek,self,0.007944963162898885,0.007944963162898885,MOCK_S20_non_speaking_right_cheek,2,900,3f19258e56b0bf6793b69116c5b4989e274d13bcd586930340f8c8dc27c494f1,displacement_mean_euclidean_error,evaluable,,120,0,0,True,MOCK DATA / NOT A SCIENTIFIC RESULT,displacement-report-draft-v1
MOCK_S20,MOCK_G10,3,non_speaking,right_cheek,full,0.006820667148785732,0.006820667148785732,MOCK_S20_non_speaking_right_cheek,2,900,3f19258e56b0bf6793b69116c5b4989e274d13bcd586930340f8c8dc27c494f1,displacement_mean_euclidean_error,evaluable,,120,105,810,True,MOCK DATA / NOT A SCIENTIFIC RESULT,displacement-report-draft-v1
MOCK_S20,MOCK_G10,3,non_speaking,right_cheek,pcmci,0.006663277719502834,0.006663277719502834,MOCK_S20_non_speaking_right_cheek,2,900,3f19258e56b0bf6793b69116c5b4989e274d13bcd586930340f8c8dc27c494f1,displacement_mean_euclidean_error,evaluable,,120,3,38,True,MOCK DATA / NOT A SCIENTIFIC RESULT,displacement-report-draft-v1
MOCK_S20,MOCK_G10,3,non_speaking,mouth,persistence,0.0067058028782846,,MOCK_S20_non_speaking_mouth,8,900,3f19258e56b0bf6793b69116c5b4989e274d13bcd586930340f8c8dc27c494f1,displacement_mean_euclidean_error,evaluable,,480,0,0,True,MOCK DATA / NOT A SCIENTIFIC RESULT,displacement-report-draft-v1
MOCK_S20,MOCK_G10,3,non_speaking,mouth,self,0.008244963162898885,0.008244963162898885,MOCK_S20_non_speaking_mouth,8,900,3f19258e56b0bf6793b69116c5b4989e274d13bcd586930340f8c8dc27c494f1,displacement_mean_euclidean_error,evaluable,,480,0,0,True,MOCK DATA / NOT A SCIENTIFIC RESULT,displacement-report-draft-v1
MOCK_S20,MOCK_G10,3,non_speaking,mouth,full,0.006801569720475314,0.006801569720475314,MOCK_S20_non_speaking_mouth,8,900,3f19258e56b0bf6793b69116c5b4989e274d13bcd586930340f8c8dc27c494f1,displacement_mean_euclidean_error,evaluable,,480,105,630,True,MOCK DATA / NOT A SCIENTIFIC RESULT,displacement-report-draft-v1
MOCK_S20,MOCK_G10,3,non_speaking,mouth,pcmci,0.00719792566402158,0.007197925664021578,MOCK_S20_non_speaking_mouth,8,900,3f19258e56b0bf6793b69116c5b4989e274d13bcd586930340f8c8dc27c494f1,displacement_mean_euclidean_error,evaluable,,480,3,18,True,MOCK DATA / NOT A SCIENTIFIC RESULT,displacement-report-draft-v1
MOCK_S20,MOCK_G10,3,non_speaking,jaw,persistence,0.0068820145144988945,,MOCK_S20_non_speaking_jaw,3,900,3f19258e56b0bf6793b69116c5b4989e274d13bcd586930340f8c8dc27c494f1,displacement_mean_euclidean_error,evaluable,,180,0,0,True,MOCK DATA / NOT A SCIENTIFIC RESULT,displacement-report-draft-v1
MOCK_S20,MOCK_G10,3,non_speaking,jaw,self,0.008544963162898885,0.008544963162898885,MOCK_S20_non_speaking_jaw,3,900,3f19258e56b0bf6793b69116c5b4989e274d13bcd586930340f8c8dc27c494f1,displacement_mean_euclidean_error,evaluable,,180,0,0,True,MOCK DATA / NOT A SCIENTIFIC RESULT,displacement-report-draft-v1
MOCK_S20,MOCK_G10,3,non_speaking,jaw,full,0.007603854103034177,0.007603854103034178,MOCK_S20_non_speaking_jaw,3,900,3f19258e56b0bf6793b69116c5b4989e274d13bcd586930340f8c8dc27c494f1,displacement_mean_euclidean_error,evaluable,,180,105,780,True,MOCK DATA / NOT A SCIENTIFIC RESULT,displacement-report-draft-v1
MOCK_S20,MOCK_G10,3,non_speaking,jaw,pcmci,0.008281487131628625,0.008281487131628624,MOCK_S20_non_speaking_jaw,3,900,3f19258e56b0bf6793b69116c5b4989e274d13bcd586930340f8c8dc27c494f1,displacement_mean_euclidean_error,evaluable,,180,3,20,True,MOCK DATA / NOT A SCIENTIFIC RESULT,displacement-report-draft-v1
MOCK_S21,MOCK_G11,3,speaking,left_brow,persistence,0.006292560874167435,,MOCK_S21_speaking_left_brow,3,900,922b1618d5ca09d906a83539316f8b137ae3cefb343053b6248c5862c4620846,displacement_mean_euclidean_error,evaluable,,180,0,0,True,MOCK DATA / NOT A SCIENTIFIC RESULT,displacement-report-draft-v1
MOCK_S21,MOCK_G11,3,speaking,left_brow,self,0.006273883575218288,0.006273883575218288,MOCK_S21_speaking_left_brow,3,900,922b1618d5ca09d906a83539316f8b137ae3cefb343053b6248c5862c4620846,displacement_mean_euclidean_error,evaluable,,180,0,0,True,MOCK DATA / NOT A SCIENTIFIC RESULT,displacement-report-draft-v1
MOCK_S21,MOCK_G11,3,speaking,left_brow,full,0.005240967949017896,0.005240967949017896,MOCK_S21_speaking_left_brow,3,900,922b1618d5ca09d906a83539316f8b137ae3cefb343053b6248c5862c4620846,displacement_mean_euclidean_error,evaluable,,180,105,780,True,MOCK DATA / NOT A SCIENTIFIC RESULT,displacement-report-draft-v1
MOCK_S21,MOCK_G11,3,speaking,left_brow,pcmci,0.005110672775503305,0.005110672775503304,MOCK_S21_speaking_left_brow,3,900,922b1618d5ca09d906a83539316f8b137ae3cefb343053b6248c5862c4620846,displacement_mean_euclidean_error,evaluable,,180,3,20,True,MOCK DATA / NOT A SCIENTIFIC RESULT,displacement-report-draft-v1
MOCK_S21,MOCK_G11,3,speaking,right_brow,persistence,0.00645066943496259,,MOCK_S21_speaking_right_brow,3,900,922b1618d5ca09d906a83539316f8b137ae3cefb343053b6248c5862c4620846,displacement_mean_euclidean_error,evaluable,,180,0,0,True,MOCK DATA / NOT A SCIENTIFIC RESULT,displacement-report-draft-v1
MOCK_S21,MOCK_G11,3,speaking,right_brow,self,0.006573883575218288,0.006573883575218288,MOCK_S21_speaking_right_brow,3,900,922b1618d5ca09d906a83539316f8b137ae3cefb343053b6248c5862c4620846,displacement_mean_euclidean_error,evaluable,,180,0,0,True,MOCK DATA / NOT A SCIENTIFIC RESULT,displacement-report-draft-v1
MOCK_S21,MOCK_G11,3,speaking,right_brow,full,0.0064020339083622636,0.006402033908362264,MOCK_S21_speaking_right_brow,3,900,922b1618d5ca09d906a83539316f8b137ae3cefb343053b6248c5862c4620846,displacement_mean_euclidean_error,evaluable,,180,105,780,True,MOCK DATA / NOT A SCIENTIFIC RESULT,displacement-report-draft-v1
MOCK_S21,MOCK_G11,3,speaking,right_brow,pcmci,0.006127645418508131,0.006127645418508131,MOCK_S21_speaking_right_brow,3,900,922b1618d5ca09d906a83539316f8b137ae3cefb343053b6248c5862c4620846,displacement_mean_euclidean_error,evaluable,,180,3,20,True,MOCK DATA / NOT A SCIENTIFIC RESULT,displacement-report-draft-v1
MOCK_S21,MOCK_G11,3,speaking,left_eyelid,persistence,0.006528479483062034,,MOCK_S21_speaking_left_eyelid,4,900,922b1618d5ca09d906a83539316f8b137ae3cefb343053b6248c5862c4620846,displacement_mean_euclidean_error,evaluable,,240,0,0,True,MOCK DATA / NOT A SCIENTIFIC RESULT,displacement-report-draft-v1
MOCK_S21,MOCK_G11,3,speaking,left_eyelid,self,0.006873883575218288,0.006873883575218288,MOCK_S21_speaking_left_eyelid,4,900,922b1618d5ca09d906a83539316f8b137ae3cefb343053b6248c5862c4620846,displacement_mean_euclidean_error,evaluable,,240,0,0,True,MOCK DATA / NOT A SCIENTIFIC RESULT,displacement-report-draft-v1
MOCK_S21,MOCK_G11,3,speaking,left_eyelid,full,0.007215430195343671,0.007215430195343671,MOCK_S21_speaking_left_eyelid,4,900,922b1618d5ca09d906a83539316f8b137ae3cefb343053b6248c5862c4620846,displacement_mean_euclidean_error,evaluable,,240,105,750,True,MOCK DATA / NOT A SCIENTIFIC RESULT,displacement-report-draft-v1
MOCK_S21,MOCK_G11,3,speaking,left_eyelid,pcmci,0.007141159440140906,0.007141159440140907,MOCK_S21_speaking_left_eyelid,4,900,922b1618d5ca09d906a83539316f8b137ae3cefb343053b6248c5862c4620846,displacement_mean_euclidean_error,evaluable,,240,3,20,True,MOCK DATA / NOT A SCIENTIFIC RESULT,displacement-report-draft-v1
MOCK_S21,MOCK_G11,3,speaking,right_eyelid,persistence,0.006521765574544663,,MOCK_S21_speaking_right_eyelid,4,900,922b1618d5ca09d906a83539316f8b137ae3cefb343053b6248c5862c4620846,displacement_mean_euclidean_error,evaluable,,240,0,0,True,MOCK DATA / NOT A SCIENTIFIC RESULT,displacement-report-draft-v1
MOCK_S21,MOCK_G11,3,speaking,right_eyelid,self,0.007173883575218287,0.007173883575218288,MOCK_S21_speaking_right_eyelid,4,900,922b1618d5ca09d906a83539316f8b137ae3cefb343053b6248c5862c4620846,displacement_mean_euclidean_error,evaluable,,240,0,0,True,MOCK DATA / NOT A SCIENTIFIC RESULT,displacement-report-draft-v1
MOCK_S21,MOCK_G11,3,speaking,right_eyelid,full,0.007209142631359692,0.007209142631359693,MOCK_S21_speaking_right_eyelid,4,900,922b1618d5ca09d906a83539316f8b137ae3cefb343053b6248c5862c4620846,displacement_mean_euclidean_error,evaluable,,240,105,750,True,MOCK DATA / NOT A SCIENTIFIC RESULT,displacement-report-draft-v1
MOCK_S21,MOCK_G11,3,speaking,right_eyelid,pcmci,0.007495213339450954,0.007495213339450955,MOCK_S21_speaking_right_eyelid,4,900,922b1618d5ca09d906a83539316f8b137ae3cefb343053b6248c5862c4620846,displacement_mean_euclidean_error,evaluable,,240,3,24,True,MOCK DATA / NOT A SCIENTIFIC RESULT,displacement-report-draft-v1
MOCK_S21,MOCK_G11,3,speaking,left_cheek,persistence,0.006380238062210276,,MOCK_S21_speaking_left_cheek,2,900,922b1618d5ca09d906a83539316f8b137ae3cefb343053b6248c5862c4620846,displacement_mean_euclidean_error,evaluable,,120,0,0,True,MOCK DATA / NOT A SCIENTIFIC RESULT,displacement-report-draft-v1
MOCK_S21,MOCK_G11,3,speaking,left_cheek,self,0.007473883575218287,0.007473883575218288,MOCK_S21_speaking_left_cheek,2,900,922b1618d5ca09d906a83539316f8b137ae3cefb343053b6248c5862c4620846,displacement_mean_euclidean_error,evaluable,,120,0,0,True,MOCK DATA / NOT A SCIENTIFIC RESULT,displacement-report-draft-v1
MOCK_S21,MOCK_G11,3,speaking,left_cheek,full,0.0066647705902197285,0.0066647705902197285,MOCK_S21_speaking_left_cheek,2,900,922b1618d5ca09d906a83539316f8b137ae3cefb343053b6248c5862c4620846,displacement_mean_euclidean_error,evaluable,,120,105,810,True,MOCK DATA / NOT A SCIENTIFIC RESULT,displacement-report-draft-v1
MOCK_S21,MOCK_G11,3,speaking,left_cheek,pcmci,0.007140110210694947,0.007140110210694947,MOCK_S21_speaking_left_cheek,2,900,922b1618d5ca09d906a83539316f8b137ae3cefb343053b6248c5862c4620846,displacement_mean_euclidean_error,evaluable,,120,3,14,True,MOCK DATA / NOT A SCIENTIFIC RESULT,displacement-report-draft-v1
MOCK_S21,MOCK_G11,3,speaking,right_cheek,persistence,0.006505239367890021,,MOCK_S21_speaking_right_cheek,2,900,922b1618d5ca09d906a83539316f8b137ae3cefb343053b6248c5862c4620846,displacement_mean_euclidean_error,evaluable,,120,0,0,True,MOCK DATA / NOT A SCIENTIFIC RESULT,displacement-report-draft-v1
MOCK_S21,MOCK_G11,3,speaking,right_cheek,self,0.0077738835752182885,0.007773883575218288,MOCK_S21_speaking_right_cheek,2,900,922b1618d5ca09d906a83539316f8b137ae3cefb343053b6248c5862c4620846,displacement_mean_euclidean_error,evaluable,,120,0,0,True,MOCK DATA / NOT A SCIENTIFIC RESULT,displacement-report-draft-v1
MOCK_S21,MOCK_G11,3,speaking,right_cheek,full,0.006358625832526688,0.006358625832526686,MOCK_S21_speaking_right_cheek,2,900,922b1618d5ca09d906a83539316f8b137ae3cefb343053b6248c5862c4620846,displacement_mean_euclidean_error,evaluable,,120,105,810,True,MOCK DATA / NOT A SCIENTIFIC RESULT,displacement-report-draft-v1
MOCK_S21,MOCK_G11,3,speaking,right_cheek,pcmci,0.006678148849288291,0.00667814884928829,MOCK_S21_speaking_right_cheek,2,900,922b1618d5ca09d906a83539316f8b137ae3cefb343053b6248c5862c4620846,displacement_mean_euclidean_error,evaluable,,120,3,38,True,MOCK DATA / NOT A SCIENTIFIC RESULT,displacement-report-draft-v1
MOCK_S21,MOCK_G11,3,speaking,mouth,persistence,0.006658418280870538,,MOCK_S21_speaking_mouth,8,900,922b1618d5ca09d906a83539316f8b137ae3cefb343053b6248c5862c4620846,displacement_mean_euclidean_error,evaluable,,480,0,0,True,MOCK DATA / NOT A SCIENTIFIC RESULT,displacement-report-draft-v1
MOCK_S21,MOCK_G11,3,speaking,mouth,self,0.008073883575218288,0.008073883575218288,MOCK_S21_speaking_mouth,8,900,922b1618d5ca09d906a83539316f8b137ae3cefb343053b6248c5862c4620846,displacement_mean_euclidean_error,evaluable,,480,0,0,True,MOCK DATA / NOT A SCIENTIFIC RESULT,displacement-report-draft-v1
MOCK_S21,MOCK_G11,3,speaking,mouth,full,0.00684799505312378,0.00684799505312378,MOCK_S21_speaking_mouth,8,900,922b1618d5ca09d906a83539316f8b137ae3cefb343053b6248c5862c4620846,displacement_mean_euclidean_error,evaluable,,480,105,630,True,MOCK DATA / NOT A SCIENTIFIC RESULT,displacement-report-draft-v1
MOCK_S21,MOCK_G11,3,speaking,mouth,pcmci,0.00680987301694341,0.006809873016943411,MOCK_S21_speaking_mouth,8,900,922b1618d5ca09d906a83539316f8b137ae3cefb343053b6248c5862c4620846,displacement_mean_euclidean_error,evaluable,,480,3,18,True,MOCK DATA / NOT A SCIENTIFIC RESULT,displacement-report-draft-v1
MOCK_S21,MOCK_G11,3,speaking,jaw,persistence,0.006671143242208067,,MOCK_S21_speaking_jaw,3,900,922b1618d5ca09d906a83539316f8b137ae3cefb343053b6248c5862c4620846,displacement_mean_euclidean_error,evaluable,,180,0,0,True,MOCK DATA / NOT A SCIENTIFIC RESULT,displacement-report-draft-v1
MOCK_S21,MOCK_G11,3,speaking,jaw,self,0.008373883575218288,0.008373883575218288,MOCK_S21_speaking_jaw,3,900,922b1618d5ca09d906a83539316f8b137ae3cefb343053b6248c5862c4620846,displacement_mean_euclidean_error,evaluable,,180,0,0,True,MOCK DATA / NOT A SCIENTIFIC RESULT,displacement-report-draft-v1
MOCK_S21,MOCK_G11,3,speaking,jaw,full,0.007958773063914945,0.007958773063914945,MOCK_S21_speaking_jaw,3,900,922b1618d5ca09d906a83539316f8b137ae3cefb343053b6248c5862c4620846,displacement_mean_euclidean_error,evaluable,,180,105,780,True,MOCK DATA / NOT A SCIENTIFIC RESULT,displacement-report-draft-v1
MOCK_S21,MOCK_G11,3,speaking,jaw,pcmci,0.007689994737874431,0.00768999473787443,MOCK_S21_speaking_jaw,3,900,922b1618d5ca09d906a83539316f8b137ae3cefb343053b6248c5862c4620846,displacement_mean_euclidean_error,evaluable,,180,3,20,True,MOCK DATA / NOT A SCIENTIFIC RESULT,displacement-report-draft-v1
MOCK_S21,MOCK_G11,3,non_speaking,left_brow,persistence,0.006273486640954181,,MOCK_S21_non_speaking_left_brow,3,900,1d28adc742fbd20ca3a3e95a1ece79bf6e95ccec49c70313608575fa0b9c4766,displacement_mean_euclidean_error,evaluable,,180,0,0,True,MOCK DATA / NOT A SCIENTIFIC RESULT,displacement-report-draft-v1
MOCK_S21,MOCK_G11,3,non_speaking,left_brow,self,0.006673883575218289,0.006673883575218288,MOCK_S21_non_speaking_left_brow,3,900,1d28adc742fbd20ca3a3e95a1ece79bf6e95ccec49c70313608575fa0b9c4766,displacement_mean_euclidean_error,evaluable,,180,0,0,True,MOCK DATA / NOT A SCIENTIFIC RESULT,displacement-report-draft-v1
MOCK_S21,MOCK_G11,3,non_speaking,left_brow,full,0.0056409679490178975,0.005640967949017897,MOCK_S21_non_speaking_left_brow,3,900,1d28adc742fbd20ca3a3e95a1ece79bf6e95ccec49c70313608575fa0b9c4766,displacement_mean_euclidean_error,evaluable,,180,105,780,True,MOCK DATA / NOT A SCIENTIFIC RESULT,displacement-report-draft-v1
MOCK_S21,MOCK_G11,3,non_speaking,left_brow,pcmci,0.006227645418508132,0.006227645418508131,MOCK_S21_non_speaking_left_brow,3,900,1d28adc742fbd20ca3a3e95a1ece79bf6e95ccec49c70313608575fa0b9c4766,displacement_mean_euclidean_error,evaluable,,180,3,20,True,MOCK DATA / NOT A SCIENTIFIC RESULT,displacement-report-draft-v1
MOCK_S21,MOCK_G11,3,non_speaking,right_brow,persistence,0.006505469829967214,,MOCK_S21_non_speaking_right_brow,3,900,1d28adc742fbd20ca3a3e95a1ece79bf6e95ccec49c70313608575fa0b9c4766,displacement_mean_euclidean_error,evaluable,,180,0,0,True,MOCK DATA / NOT A SCIENTIFIC RESULT,displacement-report-draft-v1
MOCK_S21,MOCK_G11,3,non_speaking,right_brow,self,0.006973883575218288,0.006973883575218288,MOCK_S21_non_speaking_right_brow,3,900,1d28adc742fbd20ca3a3e95a1ece79bf6e95ccec49c70313608575fa0b9c4766,displacement_mean_euclidean_error,evaluable,,180,0,0,True,MOCK DATA / NOT A SCIENTIFIC RESULT,displacement-report-draft-v1
MOCK_S21,MOCK_G11,3,non_speaking,right_brow,full,0.006802033908362265,0.006802033908362265,MOCK_S21_non_speaking_right_brow,3,900,1d28adc742fbd20ca3a3e95a1ece79bf6e95ccec49c70313608575fa0b9c4766,displacement_mean_euclidean_error,evaluable,,180,105,780,True,MOCK DATA / NOT A SCIENTIFIC RESULT,displacement-report-draft-v1
MOCK_S21,MOCK_G11,3,non_speaking,right_brow,pcmci,0.007241159440140908,0.007241159440140907,MOCK_S21_non_speaking_right_brow,3,900,1d28adc742fbd20ca3a3e95a1ece79bf6e95ccec49c70313608575fa0b9c4766,displacement_mean_euclidean_error,evaluable,,180,3,20,True,MOCK DATA / NOT A SCIENTIFIC RESULT,displacement-report-draft-v1
MOCK_S21,MOCK_G11,3,non_speaking,left_eyelid,persistence,0.006380593998674164,,MOCK_S21_non_speaking_left_eyelid,4,900,1d28adc742fbd20ca3a3e95a1ece79bf6e95ccec49c70313608575fa0b9c4766,displacement_mean_euclidean_error,evaluable,,240,0,0,True,MOCK DATA / NOT A SCIENTIFIC RESULT,displacement-report-draft-v1
MOCK_S21,MOCK_G11,3,non_speaking,left_eyelid,self,0.007273883575218289,0.007273883575218288,MOCK_S21_non_speaking_left_eyelid,4,900,1d28adc742fbd20ca3a3e95a1ece79bf6e95ccec49c70313608575fa0b9c4766,displacement_mean_euclidean_error,evaluable,,240,0,0,True,MOCK DATA / NOT A SCIENTIFIC RESULT,displacement-report-draft-v1
MOCK_S21,MOCK_G11,3,non_speaking,left_eyelid,full,0.007615430195343671,0.007615430195343671,MOCK_S21_non_speaking_left_eyelid,4,900,1d28adc742fbd20ca3a3e95a1ece79bf6e95ccec49c70313608575fa0b9c4766,displacement_mean_euclidean_error,evaluable,,240,105,750,True,MOCK DATA / NOT A SCIENTIFIC RESULT,displacement-report-draft-v1
MOCK_S21,MOCK_G11,3,non_speaking,left_eyelid,pcmci,0.007595213339450955,0.007595213339450955,MOCK_S21_non_speaking_left_eyelid,4,900,1d28adc742fbd20ca3a3e95a1ece79bf6e95ccec49c70313608575fa0b9c4766,displacement_mean_euclidean_error,evaluable,,240,3,20,True,MOCK DATA / NOT A SCIENTIFIC RESULT,displacement-report-draft-v1
MOCK_S21,MOCK_G11,3,non_speaking,right_eyelid,persistence,0.0066467671226370225,,MOCK_S21_non_speaking_right_eyelid,4,900,1d28adc742fbd20ca3a3e95a1ece79bf6e95ccec49c70313608575fa0b9c4766,displacement_mean_euclidean_error,evaluable,,240,0,0,True,MOCK DATA / NOT A SCIENTIFIC RESULT,displacement-report-draft-v1
MOCK_S21,MOCK_G11,3,non_speaking,right_eyelid,self,0.007573883575218286,0.007573883575218288,MOCK_S21_non_speaking_right_eyelid,4,900,1d28adc742fbd20ca3a3e95a1ece79bf6e95ccec49c70313608575fa0b9c4766,displacement_mean_euclidean_error,evaluable,,240,0,0,True,MOCK DATA / NOT A SCIENTIFIC RESULT,displacement-report-draft-v1
MOCK_S21,MOCK_G11,3,non_speaking,right_eyelid,full,0.007609142631359692,0.007609142631359693,MOCK_S21_non_speaking_right_eyelid,4,900,1d28adc742fbd20ca3a3e95a1ece79bf6e95ccec49c70313608575fa0b9c4766,displacement_mean_euclidean_error,evaluable,,240,105,750,True,MOCK DATA / NOT A SCIENTIFIC RESULT,displacement-report-draft-v1
MOCK_S21,MOCK_G11,3,non_speaking,right_eyelid,pcmci,0.007240110210694947,0.007240110210694947,MOCK_S21_non_speaking_right_eyelid,4,900,1d28adc742fbd20ca3a3e95a1ece79bf6e95ccec49c70313608575fa0b9c4766,displacement_mean_euclidean_error,evaluable,,240,3,24,True,MOCK DATA / NOT A SCIENTIFIC RESULT,displacement-report-draft-v1
MOCK_S21,MOCK_G11,3,non_speaking,left_cheek,persistence,0.006652683018955928,,MOCK_S21_non_speaking_left_cheek,2,900,1d28adc742fbd20ca3a3e95a1ece79bf6e95ccec49c70313608575fa0b9c4766,displacement_mean_euclidean_error,evaluable,,120,0,0,True,MOCK DATA / NOT A SCIENTIFIC RESULT,displacement-report-draft-v1
MOCK_S21,MOCK_G11,3,non_speaking,left_cheek,self,0.007873883575218288,0.007873883575218288,MOCK_S21_non_speaking_left_cheek,2,900,1d28adc742fbd20ca3a3e95a1ece79bf6e95ccec49c70313608575fa0b9c4766,displacement_mean_euclidean_error,evaluable,,120,0,0,True,MOCK DATA / NOT A SCIENTIFIC RESULT,displacement-report-draft-v1
MOCK_S21,MOCK_G11,3,non_speaking,left_cheek,full,0.007064770590219729,0.007064770590219729,MOCK_S21_non_speaking_left_cheek,2,900,1d28adc742fbd20ca3a3e95a1ece79bf6e95ccec49c70313608575fa0b9c4766,displacement_mean_euclidean_error,evaluable,,120,105,810,True,MOCK DATA / NOT A SCIENTIFIC RESULT,displacement-report-draft-v1
MOCK_S21,MOCK_G11,3,non_speaking,left_cheek,pcmci,0.006778148849288289,0.00677814884928829,MOCK_S21_non_speaking_left_cheek,2,900,1d28adc742fbd20ca3a3e95a1ece79bf6e95ccec49c70313608575fa0b9c4766,displacement_mean_euclidean_error,evaluable,,120,3,14,True,MOCK DATA / NOT A SCIENTIFIC RESULT,displacement-report-draft-v1
MOCK_S21,MOCK_G11,3,non_speaking,right_cheek,persistence,0.006518279017765097,,MOCK_S21_non_speaking_right_cheek,2,900,1d28adc742fbd20ca3a3e95a1ece79bf6e95ccec49c70313608575fa0b9c4766,displacement_mean_euclidean_error,evaluable,,120,0,0,True,MOCK DATA / NOT A SCIENTIFIC RESULT,displacement-report-draft-v1
MOCK_S21,MOCK_G11,3,non_speaking,right_cheek,self,0.008173883575218288,0.008173883575218288,MOCK_S21_non_speaking_right_cheek,2,900,1d28adc742fbd20ca3a3e95a1ece79bf6e95ccec49c70313608575fa0b9c4766,displacement_mean_euclidean_error,evaluable,,120,0,0,True,MOCK DATA / NOT A SCIENTIFIC RESULT,displacement-report-draft-v1
MOCK_S21,MOCK_G11,3,non_speaking,right_cheek,full,0.006758625832526686,0.006758625832526686,MOCK_S21_non_speaking_right_cheek,2,900,1d28adc742fbd20ca3a3e95a1ece79bf6e95ccec49c70313608575fa0b9c4766,displacement_mean_euclidean_error,evaluable,,120,105,810,True,MOCK DATA / NOT A SCIENTIFIC RESULT,displacement-report-draft-v1
MOCK_S21,MOCK_G11,3,non_speaking,right_cheek,pcmci,0.0069098730169434115,0.006909873016943411,MOCK_S21_non_speaking_right_cheek,2,900,1d28adc742fbd20ca3a3e95a1ece79bf6e95ccec49c70313608575fa0b9c4766,displacement_mean_euclidean_error,evaluable,,120,3,38,True,MOCK DATA / NOT A SCIENTIFIC RESULT,displacement-report-draft-v1
MOCK_S21,MOCK_G11,3,non_speaking,mouth,persistence,0.006774012417964627,,MOCK_S21_non_speaking_mouth,8,900,1d28adc742fbd20ca3a3e95a1ece79bf6e95ccec49c70313608575fa0b9c4766,displacement_mean_euclidean_error,evaluable,,480,0,0,True,MOCK DATA / NOT A SCIENTIFIC RESULT,displacement-report-draft-v1
MOCK_S21,MOCK_G11,3,non_speaking,mouth,self,0.008473883575218288,0.008473883575218288,MOCK_S21_non_speaking_mouth,8,900,1d28adc742fbd20ca3a3e95a1ece79bf6e95ccec49c70313608575fa0b9c4766,displacement_mean_euclidean_error,evaluable,,480,0,0,True,MOCK DATA / NOT A SCIENTIFIC RESULT,displacement-report-draft-v1
MOCK_S21,MOCK_G11,3,non_speaking,mouth,full,0.007247995053123779,0.007247995053123779,MOCK_S21_non_speaking_mouth,8,900,1d28adc742fbd20ca3a3e95a1ece79bf6e95ccec49c70313608575fa0b9c4766,displacement_mean_euclidean_error,evaluable,,480,105,630,True,MOCK DATA / NOT A SCIENTIFIC RESULT,displacement-report-draft-v1
MOCK_S21,MOCK_G11,3,non_speaking,mouth,pcmci,0.00778999473787443,0.00778999473787443,MOCK_S21_non_speaking_mouth,8,900,1d28adc742fbd20ca3a3e95a1ece79bf6e95ccec49c70313608575fa0b9c4766,displacement_mean_euclidean_error,evaluable,,480,3,18,True,MOCK DATA / NOT A SCIENTIFIC RESULT,displacement-report-draft-v1
MOCK_S21,MOCK_G11,3,non_speaking,jaw,persistence,0.006702793167129646,,MOCK_S21_non_speaking_jaw,3,900,1d28adc742fbd20ca3a3e95a1ece79bf6e95ccec49c70313608575fa0b9c4766,displacement_mean_euclidean_error,evaluable,,180,0,0,True,MOCK DATA / NOT A SCIENTIFIC RESULT,displacement-report-draft-v1
MOCK_S21,MOCK_G11,3,non_speaking,jaw,self,0.008773883575218288,0.008773883575218288,MOCK_S21_non_speaking_jaw,3,900,1d28adc742fbd20ca3a3e95a1ece79bf6e95ccec49c70313608575fa0b9c4766,displacement_mean_euclidean_error,evaluable,,180,0,0,True,MOCK DATA / NOT A SCIENTIFIC RESULT,displacement-report-draft-v1
MOCK_S21,MOCK_G11,3,non_speaking,jaw,full,0.008358773063914944,0.008358773063914944,MOCK_S21_non_speaking_jaw,3,900,1d28adc742fbd20ca3a3e95a1ece79bf6e95ccec49c70313608575fa0b9c4766,displacement_mean_euclidean_error,evaluable,,180,105,780,True,MOCK DATA / NOT A SCIENTIFIC RESULT,displacement-report-draft-v1
MOCK_S21,MOCK_G11,3,non_speaking,jaw,pcmci,0.008885152777225756,0.008885152777225755,MOCK_S21_non_speaking_jaw,3,900,1d28adc742fbd20ca3a3e95a1ece79bf6e95ccec49c70313608575fa0b9c4766,displacement_mean_euclidean_error,evaluable,,180,3,20,True,MOCK DATA / NOT A SCIENTIFIC RESULT,displacement-report-draft-v1
MOCK_S22,MOCK_G11,3,speaking,left_brow,persistence,0.006417107250759794,,MOCK_S22_speaking_left_brow,3,900,032975897a8bc864cd9cfa301513b48e8d1486ee200a3a698c2210f3858acf80,displacement_mean_euclidean_error,evaluable,,180,0,0,True,MOCK DATA / NOT A SCIENTIFIC RESULT,displacement-report-draft-v1
MOCK_S22,MOCK_G11,3,speaking,left_brow,self,0.006250996691560818,0.006250996691560817,MOCK_S22_speaking_left_brow,3,900,032975897a8bc864cd9cfa301513b48e8d1486ee200a3a698c2210f3858acf80,displacement_mean_euclidean_error,evaluable,,180,0,0,True,MOCK DATA / NOT A SCIENTIFIC RESULT,displacement-report-draft-v1
MOCK_S22,MOCK_G11,3,speaking,left_brow,full,0.00573125743405984,0.00573125743405984,MOCK_S22_speaking_left_brow,3,900,032975897a8bc864cd9cfa301513b48e8d1486ee200a3a698c2210f3858acf80,displacement_mean_euclidean_error,evaluable,,180,105,780,True,MOCK DATA / NOT A SCIENTIFIC RESULT,displacement-report-draft-v1
MOCK_S22,MOCK_G11,3,speaking,left_brow,pcmci,0.005396790302764224,0.005396790302764224,MOCK_S22_speaking_left_brow,3,900,032975897a8bc864cd9cfa301513b48e8d1486ee200a3a698c2210f3858acf80,displacement_mean_euclidean_error,evaluable,,180,3,20,True,MOCK DATA / NOT A SCIENTIFIC RESULT,displacement-report-draft-v1
MOCK_S22,MOCK_G11,3,speaking,right_brow,persistence,0.006540447537109698,,MOCK_S22_speaking_right_brow,3,900,032975897a8bc864cd9cfa301513b48e8d1486ee200a3a698c2210f3858acf80,displacement_mean_euclidean_error,evaluable,,180,0,0,True,MOCK DATA / NOT A SCIENTIFIC RESULT,displacement-report-draft-v1
MOCK_S22,MOCK_G11,3,speaking,right_brow,self,0.006550996691560817,0.006550996691560817,MOCK_S22_speaking_right_brow,3,900,032975897a8bc864cd9cfa301513b48e8d1486ee200a3a698c2210f3858acf80,displacement_mean_euclidean_error,evaluable,,180,0,0,True,MOCK DATA / NOT A SCIENTIFIC RESULT,displacement-report-draft-v1
MOCK_S22,MOCK_G11,3,speaking,right_brow,full,0.006774242324931663,0.006774242324931663,MOCK_S22_speaking_right_brow,3,900,032975897a8bc864cd9cfa301513b48e8d1486ee200a3a698c2210f3858acf80,displacement_mean_euclidean_error,evaluable,,180,105,780,True,MOCK DATA / NOT A SCIENTIFIC RESULT,displacement-report-draft-v1
MOCK_S22,MOCK_G11,3,speaking,right_brow,pcmci,0.006511805736500872,0.006511805736500872,MOCK_S22_speaking_right_brow,3,900,032975897a8bc864cd9cfa301513b48e8d1486ee200a3a698c2210f3858acf80,displacement_mean_euclidean_error,evaluable,,180,3,20,True,MOCK DATA / NOT A SCIENTIFIC RESULT,displacement-report-draft-v1
MOCK_S22,MOCK_G11,3,speaking,left_eyelid,persistence,0.006618667034309573,,MOCK_S22_speaking_left_eyelid,4,900,032975897a8bc864cd9cfa301513b48e8d1486ee200a3a698c2210f3858acf80,displacement_mean_euclidean_error,evaluable,,240,0,0,True,MOCK DATA / NOT A SCIENTIFIC RESULT,displacement-report-draft-v1
MOCK_S22,MOCK_G11,3,speaking,left_eyelid,self,0.006850996691560817,0.006850996691560817,MOCK_S22_speaking_left_eyelid,4,900,032975897a8bc864cd9cfa301513b48e8d1486ee200a3a698c2210f3858acf80,displacement_mean_euclidean_error,evaluable,,240,0,0,True,MOCK DATA / NOT A SCIENTIFIC RESULT,displacement-report-draft-v1
MOCK_S22,MOCK_G11,3,speaking,left_eyelid,full,0.007106308746487273,0.007106308746487271,MOCK_S22_speaking_left_eyelid,4,900,032975897a8bc864cd9cfa301513b48e8d1486ee200a3a698c2210f3858acf80,displacement_mean_euclidean_error,evaluable,,240,105,750,True,MOCK DATA / NOT A SCIENTIFIC RESULT,displacement-report-draft-v1
MOCK_S22,MOCK_G11,3,speaking,left_eyelid,pcmci,0.0072491252288626115,0.007249125228862611,MOCK_S22_speaking_left_eyelid,4,900,032975897a8bc864cd9cfa301513b48e8d1486ee200a3a698c2210f3858acf80,displacement_mean_euclidean_error,evaluable,,240,3,20,True,MOCK DATA / NOT A SCIENTIFIC RESULT,displacement-report-draft-v1
MOCK_S22,MOCK_G11,3,speaking,right_eyelid,persistence,0.006636024658636125,,MOCK_S22_speaking_right_eyelid,4,900,032975897a8bc864cd9cfa301513b48e8d1486ee200a3a698c2210f3858acf80,displacement_mean_euclidean_error,evaluable,,240,0,0,True,MOCK DATA / NOT A SCIENTIFIC RESULT,displacement-report-draft-v1
MOCK_S22,MOCK_G11,3,speaking,right_eyelid,self,0.007150996691560817,0.007150996691560817,MOCK_S22_speaking_right_eyelid,4,900,032975897a8bc864cd9cfa301513b48e8d1486ee200a3a698c2210f3858acf80,displacement_mean_euclidean_error,evaluable,,240,0,0,True,MOCK DATA / NOT A SCIENTIFIC RESULT,displacement-report-draft-v1
MOCK_S22,MOCK_G11,3,speaking,right_eyelid,full,0.006697974978630316,0.006697974978630316,MOCK_S22_speaking_right_eyelid,4,900,032975897a8bc864cd9cfa301513b48e8d1486ee200a3a698c2210f3858acf80,displacement_mean_euclidean_error,evaluable,,240,105,750,True,MOCK DATA / NOT A SCIENTIFIC RESULT,displacement-report-draft-v1
MOCK_S22,MOCK_G11,3,speaking,right_eyelid,pcmci,0.007206679255374227,0.007206679255374226,MOCK_S22_speaking_right_eyelid,4,900,032975897a8bc864cd9cfa301513b48e8d1486ee200a3a698c2210f3858acf80,displacement_mean_euclidean_error,evaluable,,240,3,24,True,MOCK DATA / NOT A SCIENTIFIC RESULT,displacement-report-draft-v1
MOCK_S22,MOCK_G11,3,speaking,left_cheek,persistence,0.006584966167046689,,MOCK_S22_speaking_left_cheek,2,900,032975897a8bc864cd9cfa301513b48e8d1486ee200a3a698c2210f3858acf80,displacement_mean_euclidean_error,evaluable,,120,0,0,True,MOCK DATA / NOT A SCIENTIFIC RESULT,displacement-report-draft-v1
MOCK_S22,MOCK_G11,3,speaking,left_cheek,self,0.007450996691560817,0.007450996691560817,MOCK_S22_speaking_left_cheek,2,900,032975897a8bc864cd9cfa301513b48e8d1486ee200a3a698c2210f3858acf80,displacement_mean_euclidean_error,evaluable,,120,0,0,True,MOCK DATA / NOT A SCIENTIFIC RESULT,displacement-report-draft-v1
MOCK_S22,MOCK_G11,3,speaking,left_cheek,full,0.006200479820879948,0.006200479820879948,MOCK_S22_speaking_left_cheek,2,900,032975897a8bc864cd9cfa301513b48e8d1486ee200a3a698c2210f3858acf80,displacement_mean_euclidean_error,evaluable,,120,105,810,True,MOCK DATA / NOT A SCIENTIFIC RESULT,displacement-report-draft-v1
MOCK_S22,MOCK_G11,3,speaking,left_cheek,pcmci,0.006699311064790418,0.006699311064790418,MOCK_S22_speaking_left_cheek,2,900,032975897a8bc864cd9cfa301513b48e8d1486ee200a3a698c2210f3858acf80,displacement_mean_euclidean_error,evaluable,,120,3,14,True,MOCK DATA / NOT A SCIENTIFIC RESULT,displacement-report-draft-v1
MOCK_S22,MOCK_G11,3,speaking,right_cheek,persistence,0.006334575527229247,,MOCK_S22_speaking_right_cheek,2,900,032975897a8bc864cd9cfa301513b48e8d1486ee200a3a698c2210f3858acf80,displacement_mean_euclidean_error,evaluable,,120,0,0,True,MOCK DATA / NOT A SCIENTIFIC RESULT,displacement-report-draft-v1
MOCK_S22,MOCK_G11,3,speaking,right_cheek,self,0.007750996691560818,0.007750996691560817,MOCK_S22_speaking_right_cheek,2,900,032975897a8bc864cd9cfa301513b48e8d1486ee200a3a698c2210f3858acf80,displacement_mean_euclidean_error,evaluable,,120,0,0,True,MOCK DATA / NOT A SCIENTIFIC RESULT,displacement-report-draft-v1
MOCK_S22,MOCK_G11,3,speaking,right_cheek,full,0.006347036643434506,0.006347036643434505,MOCK_S22_speaking_right_cheek,2,900,032975897a8bc864cd9cfa301513b48e8d1486ee200a3a698c2210f3858acf80,displacement_mean_euclidean_error,evaluable,,120,105,810,True,MOCK DATA / NOT A SCIENTIFIC RESULT,displacement-report-draft-v1
MOCK_S22,MOCK_G11,3,speaking,right_cheek,pcmci,0.0064693112481647675,0.006469311248164766,MOCK_S22_speaking_right_cheek,2,900,032975897a8bc864cd9cfa301513b48e8d1486ee200a3a698c2210f3858acf80,displacement_mean_euclidean_error,evaluable,,120,3,38,True,MOCK DATA / NOT A SCIENTIFIC RESULT,displacement-report-draft-v1
MOCK_S22,MOCK_G11,3,speaking,mouth,persistence,0.006670095155141321,,MOCK_S22_speaking_mouth,8,900,032975897a8bc864cd9cfa301513b48e8d1486ee200a3a698c2210f3858acf80,displacement_mean_euclidean_error,evaluable,,480,0,0,True,MOCK DATA / NOT A SCIENTIFIC RESULT,displacement-report-draft-v1
MOCK_S22,MOCK_G11,3,speaking,mouth,self,0.008050996691560815,0.008050996691560817,MOCK_S22_speaking_mouth,8,900,032975897a8bc864cd9cfa301513b48e8d1486ee200a3a698c2210f3858acf80,displacement_mean_euclidean_error,evaluable,,480,0,0,True,MOCK DATA / NOT A SCIENTIFIC RESULT,displacement-report-draft-v1
MOCK_S22,MOCK_G11,3,speaking,mouth,full,0.007278720395997858,0.007278720395997858,MOCK_S22_speaking_mouth,8,900,032975897a8bc864cd9cfa301513b48e8d1486ee200a3a698c2210f3858acf80,displacement_mean_euclidean_error,evaluable,,480,105,630,True,MOCK DATA / NOT A SCIENTIFIC RESULT,displacement-report-draft-v1
MOCK_S22,MOCK_G11,3,speaking,mouth,pcmci,0.00700395919268351,0.00700395919268351,MOCK_S22_speaking_mouth,8,900,032975897a8bc864cd9cfa301513b48e8d1486ee200a3a698c2210f3858acf80,displacement_mean_euclidean_error,evaluable,,480,3,18,True,MOCK DATA / NOT A SCIENTIFIC RESULT,displacement-report-draft-v1
MOCK_S22,MOCK_G11,3,speaking,jaw,persistence,0.006739663508132707,,MOCK_S22_speaking_jaw,3,900,032975897a8bc864cd9cfa301513b48e8d1486ee200a3a698c2210f3858acf80,displacement_mean_euclidean_error,evaluable,,180,0,0,True,MOCK DATA / NOT A SCIENTIFIC RESULT,displacement-report-draft-v1
MOCK_S22,MOCK_G11,3,speaking,jaw,self,0.008350996691560815,0.008350996691560817,MOCK_S22_speaking_jaw,3,900,032975897a8bc864cd9cfa301513b48e8d1486ee200a3a698c2210f3858acf80,displacement_mean_euclidean_error,evaluable,,180,0,0,True,MOCK DATA / NOT A SCIENTIFIC RESULT,displacement-report-draft-v1
MOCK_S22,MOCK_G11,3,speaking,jaw,full,0.008414763949622138,0.008414763949622138,MOCK_S22_speaking_jaw,3,900,032975897a8bc864cd9cfa301513b48e8d1486ee200a3a698c2210f3858acf80,displacement_mean_euclidean_error,evaluable,,180,105,780,True,MOCK DATA / NOT A SCIENTIFIC RESULT,displacement-report-draft-v1
MOCK_S22,MOCK_G11,3,speaking,jaw,pcmci,0.008087520660290556,0.008087520660290556,MOCK_S22_speaking_jaw,3,900,032975897a8bc864cd9cfa301513b48e8d1486ee200a3a698c2210f3858acf80,displacement_mean_euclidean_error,evaluable,,180,3,20,True,MOCK DATA / NOT A SCIENTIFIC RESULT,displacement-report-draft-v1
MOCK_S22,MOCK_G11,3,non_speaking,left_brow,persistence,0.006435759977346067,,MOCK_S22_non_speaking_left_brow,3,900,beda15da9d5f5003be7e0d8eb5f0fb180b960344bef001ca78e6c930c927636c,displacement_mean_euclidean_error,evaluable,,180,0,0,True,MOCK DATA / NOT A SCIENTIFIC RESULT,displacement-report-draft-v1
MOCK_S22,MOCK_G11,3,non_speaking,left_brow,self,0.0066509966915608175,0.0066509966915608175,MOCK_S22_non_speaking_left_brow,3,900,beda15da9d5f5003be7e0d8eb5f0fb180b960344bef001ca78e6c930c927636c,displacement_mean_euclidean_error,evaluable,,180,0,0,True,MOCK DATA / NOT A SCIENTIFIC RESULT,displacement-report-draft-v1
MOCK_S22,MOCK_G11,3,non_speaking,left_brow,full,0.00613125743405984,0.00613125743405984,MOCK_S22_non_speaking_left_brow,3,900,beda15da9d5f5003be7e0d8eb5f0fb180b960344bef001ca78e6c930c927636c,displacement_mean_euclidean_error,evaluable,,180,105,780,True,MOCK DATA / NOT A SCIENTIFIC RESULT,displacement-report-draft-v1
MOCK_S22,MOCK_G11,3,non_speaking,left_brow,pcmci,0.0066118057365008726,0.0066118057365008726,MOCK_S22_non_speaking_left_brow,3,900,beda15da9d5f5003be7e0d8eb5f0fb180b960344bef001ca78e6c930c927636c,displacement_mean_euclidean_error,evaluable,,180,3,20,True,MOCK DATA / NOT A SCIENTIFIC RESULT,displacement-report-draft-v1
MOCK_S22,MOCK_G11,3,non_speaking,right_brow,persistence,0.006515134003035041,,MOCK_S22_non_speaking_right_brow,3,900,beda15da9d5f5003be7e0d8eb5f0fb180b960344bef001ca78e6c930c927636c,displacement_mean_euclidean_error,evaluable,,180,0,0,True,MOCK DATA / NOT A SCIENTIFIC RESULT,displacement-report-draft-v1
MOCK_S22,MOCK_G11,3,non_speaking,right_brow,self,0.006950996691560818,0.006950996691560817,MOCK_S22_non_speaking_right_brow,3,900,beda15da9d5f5003be7e0d8eb5f0fb180b960344bef001ca78e6c930c927636c,displacement_mean_euclidean_error,evaluable,,180,0,0,True,MOCK DATA / NOT A SCIENTIFIC RESULT,displacement-report-draft-v1
MOCK_S22,MOCK_G11,3,non_speaking,right_brow,full,0.007174242324931662,0.007174242324931663,MOCK_S22_non_speaking_right_brow,3,900,beda15da9d5f5003be7e0d8eb5f0fb180b960344bef001ca78e6c930c927636c,displacement_mean_euclidean_error,evaluable,,180,105,780,True,MOCK DATA / NOT A SCIENTIFIC RESULT,displacement-report-draft-v1
MOCK_S22,MOCK_G11,3,non_speaking,right_brow,pcmci,0.007349125228862611,0.007349125228862611,MOCK_S22_non_speaking_right_brow,3,900,beda15da9d5f5003be7e0d8eb5f0fb180b960344bef001ca78e6c930c927636c,displacement_mean_euclidean_error,evaluable,,180,3,20,True,MOCK DATA / NOT A SCIENTIFIC RESULT,displacement-report-draft-v1
MOCK_S22,MOCK_G11,3,non_speaking,left_eyelid,persistence,0.006393628381589915,,MOCK_S22_non_speaking_left_eyelid,4,900,beda15da9d5f5003be7e0d8eb5f0fb180b960344bef001ca78e6c930c927636c,displacement_mean_euclidean_error,evaluable,,240,0,0,True,MOCK DATA / NOT A SCIENTIFIC RESULT,displacement-report-draft-v1
MOCK_S22,MOCK_G11,3,non_speaking,left_eyelid,self,0.007250996691560818,0.007250996691560817,MOCK_S22_non_speaking_left_eyelid,4,900,beda15da9d5f5003be7e0d8eb5f0fb180b960344bef001ca78e6c930c927636c,displacement_mean_euclidean_error,evaluable,,240,0,0,True,MOCK DATA / NOT A SCIENTIFIC RESULT,displacement-report-draft-v1
MOCK_S22,MOCK_G11,3,non_speaking,left_eyelid,full,0.00750630874648727,0.007506308746487271,MOCK_S22_non_speaking_left_eyelid,4,900,beda15da9d5f5003be7e0d8eb5f0fb180b960344bef001ca78e6c930c927636c,displacement_mean_euclidean_error,evaluable,,240,105,750,True,MOCK DATA / NOT A SCIENTIFIC RESULT,displacement-report-draft-v1
MOCK_S22,MOCK_G11,3,non_speaking,left_eyelid,pcmci,0.007306679255374225,0.007306679255374225,MOCK_S22_non_speaking_left_eyelid,4,900,beda15da9d5f5003be7e0d8eb5f0fb180b960344bef001ca78e6c930c927636c,displacement_mean_euclidean_error,evaluable,,240,3,20,True,MOCK DATA / NOT A SCIENTIFIC RESULT,displacement-report-draft-v1
MOCK_S22,MOCK_G11,3,non_speaking,right_eyelid,persistence,0.006544180166090007,,MOCK_S22_non_speaking_right_eyelid,4,900,beda15da9d5f5003be7e0d8eb5f0fb180b960344bef001ca78e6c930c927636c,displacement_mean_euclidean_error,evaluable,,240,0,0,True,MOCK DATA / NOT A SCIENTIFIC RESULT,displacement-report-draft-v1
MOCK_S22,MOCK_G11,3,non_speaking,right_eyelid,self,0.007550996691560814,0.007550996691560817,MOCK_S22_non_speaking_right_eyelid,4,900,beda15da9d5f5003be7e0d8eb5f0fb180b960344bef001ca78e6c930c927636c,displacement_mean_euclidean_error,evaluable,,240,0,0,True,MOCK DATA / NOT A SCIENTIFIC RESULT,displacement-report-draft-v1
MOCK_S22,MOCK_G11,3,non_speaking,right_eyelid,full,0.007097974978630314,0.0070979749786303165,MOCK_S22_non_speaking_right_eyelid,4,900,beda15da9d5f5003be7e0d8eb5f0fb180b960344bef001ca78e6c930c927636c,displacement_mean_euclidean_error,evaluable,,240,105,750,True,MOCK DATA / NOT A SCIENTIFIC RESULT,displacement-report-draft-v1
MOCK_S22,MOCK_G11,3,non_speaking,right_eyelid,pcmci,0.006799311064790415,0.006799311064790418,MOCK_S22_non_speaking_right_eyelid,4,900,beda15da9d5f5003be7e0d8eb5f0fb180b960344bef001ca78e6c930c927636c,displacement_mean_euclidean_error,evaluable,,240,3,24,True,MOCK DATA / NOT A SCIENTIFIC RESULT,displacement-report-draft-v1
MOCK_S22,MOCK_G11,3,non_speaking,left_cheek,persistence,0.006663531699900771,,MOCK_S22_non_speaking_left_cheek,2,900,beda15da9d5f5003be7e0d8eb5f0fb180b960344bef001ca78e6c930c927636c,displacement_mean_euclidean_error,evaluable,,120,0,0,True,MOCK DATA / NOT A SCIENTIFIC RESULT,displacement-report-draft-v1
MOCK_S22,MOCK_G11,3,non_speaking,left_cheek,self,0.007850996691560818,0.007850996691560816,MOCK_S22_non_speaking_left_cheek,2,900,beda15da9d5f5003be7e0d8eb5f0fb180b960344bef001ca78e6c930c927636c,displacement_mean_euclidean_error,evaluable,,120,0,0,True,MOCK DATA / NOT A SCIENTIFIC RESULT,displacement-report-draft-v1
MOCK_S22,MOCK_G11,3,non_speaking,left_cheek,full,0.0066004798208799485,0.006600479820879948,MOCK_S22_non_speaking_left_cheek,2,900,beda15da9d5f5003be7e0d8eb5f0fb180b960344bef001ca78e6c930c927636c,displacement_mean_euclidean_error,evaluable,,120,105,810,True,MOCK DATA / NOT A SCIENTIFIC RESULT,displacement-report-draft-v1
MOCK_S22,MOCK_G11,3,non_speaking,left_cheek,pcmci,0.006569311248164765,0.006569311248164765,MOCK_S22_non_speaking_left_cheek,2,900,beda15da9d5f5003be7e0d8eb5f0fb180b960344bef001ca78e6c930c927636c,displacement_mean_euclidean_error,evaluable,,120,3,14,True,MOCK DATA / NOT A SCIENTIFIC RESULT,displacement-report-draft-v1
MOCK_S22,MOCK_G11,3,non_speaking,right_cheek,persistence,0.006630986229622023,,MOCK_S22_non_speaking_right_cheek,2,900,beda15da9d5f5003be7e0d8eb5f0fb180b960344bef001ca78e6c930c927636c,displacement_mean_euclidean_error,evaluable,,120,0,0,True,MOCK DATA / NOT A SCIENTIFIC RESULT,displacement-report-draft-v1
MOCK_S22,MOCK_G11,3,non_speaking,right_cheek,self,0.008150996691560816,0.008150996691560816,MOCK_S22_non_speaking_right_cheek,2,900,beda15da9d5f5003be7e0d8eb5f0fb180b960344bef001ca78e6c930c927636c,displacement_mean_euclidean_error,evaluable,,120,0,0,True,MOCK DATA / NOT A SCIENTIFIC RESULT,displacement-report-draft-v1
MOCK_S22,MOCK_G11,3,non_speaking,right_cheek,full,0.006747036643434505,0.006747036643434504,MOCK_S22_non_speaking_right_cheek,2,900,beda15da9d5f5003be7e0d8eb5f0fb180b960344bef001ca78e6c930c927636c,displacement_mean_euclidean_error,evaluable,,120,105,810,True,MOCK DATA / NOT A SCIENTIFIC RESULT,displacement-report-draft-v1
MOCK_S22,MOCK_G11,3,non_speaking,right_cheek,pcmci,0.007103959192683511,0.00710395919268351,MOCK_S22_non_speaking_right_cheek,2,900,beda15da9d5f5003be7e0d8eb5f0fb180b960344bef001ca78e6c930c927636c,displacement_mean_euclidean_error,evaluable,,120,3,38,True,MOCK DATA / NOT A SCIENTIFIC RESULT,displacement-report-draft-v1
MOCK_S22,MOCK_G11,3,non_speaking,mouth,persistence,0.006699514006380615,,MOCK_S22_non_speaking_mouth,8,900,beda15da9d5f5003be7e0d8eb5f0fb180b960344bef001ca78e6c930c927636c,displacement_mean_euclidean_error,evaluable,,480,0,0,True,MOCK DATA / NOT A SCIENTIFIC RESULT,displacement-report-draft-v1
MOCK_S22,MOCK_G11,3,non_speaking,mouth,self,0.008450996691560816,0.008450996691560816,MOCK_S22_non_speaking_mouth,8,900,beda15da9d5f5003be7e0d8eb5f0fb180b960344bef001ca78e6c930c927636c,displacement_mean_euclidean_error,evaluable,,480,0,0,True,MOCK DATA / NOT A SCIENTIFIC RESULT,displacement-report-draft-v1
MOCK_S22,MOCK_G11,3,non_speaking,mouth,full,0.007678720395997855,0.007678720395997857,MOCK_S22_non_speaking_mouth,8,900,beda15da9d5f5003be7e0d8eb5f0fb180b960344bef001ca78e6c930c927636c,displacement_mean_euclidean_error,evaluable,,480,105,630,True,MOCK DATA / NOT A SCIENTIFIC RESULT,displacement-report-draft-v1
MOCK_S22,MOCK_G11,3,non_speaking,mouth,pcmci,0.008187520660290555,0.008187520660290555,MOCK_S22_non_speaking_mouth,8,900,beda15da9d5f5003be7e0d8eb5f0fb180b960344bef001ca78e6c930c927636c,displacement_mean_euclidean_error,evaluable,,480,3,18,True,MOCK DATA / NOT A SCIENTIFIC RESULT,displacement-report-draft-v1
MOCK_S22,MOCK_G11,3,non_speaking,jaw,persistence,0.006821885515656556,,MOCK_S22_non_speaking_jaw,3,900,beda15da9d5f5003be7e0d8eb5f0fb180b960344bef001ca78e6c930c927636c,displacement_mean_euclidean_error,evaluable,,180,0,0,True,MOCK DATA / NOT A SCIENTIFIC RESULT,displacement-report-draft-v1
MOCK_S22,MOCK_G11,3,non_speaking,jaw,self,0.008750996691560816,0.008750996691560816,MOCK_S22_non_speaking_jaw,3,900,beda15da9d5f5003be7e0d8eb5f0fb180b960344bef001ca78e6c930c927636c,displacement_mean_euclidean_error,evaluable,,180,0,0,True,MOCK DATA / NOT A SCIENTIFIC RESULT,displacement-report-draft-v1
MOCK_S22,MOCK_G11,3,non_speaking,jaw,full,0.008814763949622138,0.008814763949622138,MOCK_S22_non_speaking_jaw,3,900,beda15da9d5f5003be7e0d8eb5f0fb180b960344bef001ca78e6c930c927636c,displacement_mean_euclidean_error,evaluable,,180,105,780,True,MOCK DATA / NOT A SCIENTIFIC RESULT,displacement-report-draft-v1
MOCK_S22,MOCK_G11,3,non_speaking,jaw,pcmci,0.009099592851246834,0.009099592851246834,MOCK_S22_non_speaking_jaw,3,900,beda15da9d5f5003be7e0d8eb5f0fb180b960344bef001ca78e6c930c927636c,displacement_mean_euclidean_error,evaluable,,180,3,20,True,MOCK DATA / NOT A SCIENTIFIC RESULT,displacement-report-draft-v1
MOCK_S23,MOCK_G12,3,speaking,left_brow,persistence,0.006390424079885077,,MOCK_S23_speaking_left_brow,3,900,6e0cab22633ac0c8853ef3385872f2f9eb39191b18981c56c827fc8b7acc98e7,displacement_mean_euclidean_error,evaluable,,180,0,0,True,MOCK DATA / NOT A SCIENTIFIC RESULT,displacement-report-draft-v1
MOCK_S23,MOCK_G12,3,speaking,left_brow,self,0.005997344607212879,0.005997344607212879,MOCK_S23_speaking_left_brow,3,900,6e0cab22633ac0c8853ef3385872f2f9eb39191b18981c56c827fc8b7acc98e7,displacement_mean_euclidean_error,evaluable,,180,0,0,True,MOCK DATA / NOT A SCIENTIFIC RESULT,displacement-report-draft-v1
MOCK_S23,MOCK_G12,3,speaking,left_brow,full,0.0059802107704493785,0.005980210770449379,MOCK_S23_speaking_left_brow,3,900,6e0cab22633ac0c8853ef3385872f2f9eb39191b18981c56c827fc8b7acc98e7,displacement_mean_euclidean_error,evaluable,,180,105,780,True,MOCK DATA / NOT A SCIENTIFIC RESULT,displacement-report-draft-v1
MOCK_S23,MOCK_G12,3,speaking,left_brow,pcmci,0.005551106450502722,0.005551106450502722,MOCK_S23_speaking_left_brow,3,900,6e0cab22633ac0c8853ef3385872f2f9eb39191b18981c56c827fc8b7acc98e7,displacement_mean_euclidean_error,evaluable,,180,3,20,True,MOCK DATA / NOT A SCIENTIFIC RESULT,displacement-report-draft-v1
MOCK_S23,MOCK_G12,3,speaking,right_brow,persistence,0.006498723721042552,,MOCK_S23_speaking_right_brow,3,900,6e0cab22633ac0c8853ef3385872f2f9eb39191b18981c56c827fc8b7acc98e7,displacement_mean_euclidean_error,evaluable,,180,0,0,True,MOCK DATA / NOT A SCIENTIFIC RESULT,displacement-report-draft-v1
MOCK_S23,MOCK_G12,3,speaking,right_brow,self,0.006297344607212878,0.006297344607212879,MOCK_S23_speaking_right_brow,3,900,6e0cab22633ac0c8853ef3385872f2f9eb39191b18981c56c827fc8b7acc98e7,displacement_mean_euclidean_error,evaluable,,180,0,0,True,MOCK DATA / NOT A SCIENTIFIC RESULT,displacement-report-draft-v1
MOCK_S23,MOCK_G12,3,speaking,right_brow,full,0.006645568594657604,0.0066455685946576045,MOCK_S23_speaking_right_brow,3,900,6e0cab22633ac0c8853ef3385872f2f9eb39191b18981c56c827fc8b7acc98e7,displacement_mean_euclidean_error,evaluable,,180,105,780,True,MOCK DATA / NOT A SCIENTIFIC RESULT,displacement-report-draft-v1
MOCK_S23,MOCK_G12,3,speaking,right_brow,pcmci,0.0065646204721354975,0.0065646204721354975,MOCK_S23_speaking_right_brow,3,900,6e0cab22633ac0c8853ef3385872f2f9eb39191b18981c56c827fc8b7acc98e7,displacement_mean_euclidean_error,evaluable,,180,3,20,True,MOCK DATA / NOT A SCIENTIFIC RESULT,displacement-report-draft-v1
MOCK_S23,MOCK_G12,3,speaking,left_eyelid,persistence,0.006469423422450386,,MOCK_S23_speaking_left_eyelid,4,900,6e0cab22633ac0c8853ef3385872f2f9eb39191b18981c56c827fc8b7acc98e7,displacement_mean_euclidean_error,evaluable,,240,0,0,True,MOCK DATA / NOT A SCIENTIFIC RESULT,displacement-report-draft-v1
MOCK_S23,MOCK_G12,3,speaking,left_eyelid,self,0.00659734460721288,0.006597344607212879,MOCK_S23_speaking_left_eyelid,4,900,6e0cab22633ac0c8853ef3385872f2f9eb39191b18981c56c827fc8b7acc98e7,displacement_mean_euclidean_error,evaluable,,240,0,0,True,MOCK DATA / NOT A SCIENTIFIC RESULT,displacement-report-draft-v1
MOCK_S23,MOCK_G12,3,speaking,left_eyelid,full,0.0064851034271813,0.006485103427181298,MOCK_S23_speaking_left_eyelid,4,900,6e0cab22633ac0c8853ef3385872f2f9eb39191b18981c56c827fc8b7acc98e7,displacement_mean_euclidean_error,evaluable,,240,105,750,True,MOCK DATA / NOT A SCIENTIFIC RESULT,displacement-report-draft-v1
MOCK_S23,MOCK_G12,3,speaking,left_eyelid,pcmci,0.006918674371445547,0.006918674371445546,MOCK_S23_speaking_left_eyelid,4,900,6e0cab22633ac0c8853ef3385872f2f9eb39191b18981c56c827fc8b7acc98e7,displacement_mean_euclidean_error,evaluable,,240,3,20,True,MOCK DATA / NOT A SCIENTIFIC RESULT,displacement-report-draft-v1
MOCK_S23,MOCK_G12,3,speaking,right_eyelid,persistence,0.006606757506083994,,MOCK_S23_speaking_right_eyelid,4,900,6e0cab22633ac0c8853ef3385872f2f9eb39191b18981c56c827fc8b7acc98e7,displacement_mean_euclidean_error,evaluable,,240,0,0,True,MOCK DATA / NOT A SCIENTIFIC RESULT,displacement-report-draft-v1
MOCK_S23,MOCK_G12,3,speaking,right_eyelid,self,0.006897344607212878,0.006897344607212879,MOCK_S23_speaking_right_eyelid,4,900,6e0cab22633ac0c8853ef3385872f2f9eb39191b18981c56c827fc8b7acc98e7,displacement_mean_euclidean_error,evaluable,,240,0,0,True,MOCK DATA / NOT A SCIENTIFIC RESULT,displacement-report-draft-v1
MOCK_S23,MOCK_G12,3,speaking,right_eyelid,full,0.0059221648194542585,0.0059221648194542585,MOCK_S23_speaking_right_eyelid,4,900,6e0cab22633ac0c8853ef3385872f2f9eb39191b18981c56c827fc8b7acc98e7,displacement_mean_euclidean_error,evaluable,,240,105,750,True,MOCK DATA / NOT A SCIENTIFIC RESULT,displacement-report-draft-v1
MOCK_S23,MOCK_G12,3,speaking,right_eyelid,pcmci,0.006563571242689537,0.0065635712426895376,MOCK_S23_speaking_right_eyelid,4,900,6e0cab22633ac0c8853ef3385872f2f9eb39191b18981c56c827fc8b7acc98e7,displacement_mean_euclidean_error,evaluable,,240,3,24,True,MOCK DATA / NOT A SCIENTIFIC RESULT,displacement-report-draft-v1
MOCK_S23,MOCK_G12,3,speaking,left_cheek,persistence,0.006553477453362183,,MOCK_S23_speaking_left_cheek,2,900,6e0cab22633ac0c8853ef3385872f2f9eb39191b18981c56c827fc8b7acc98e7,displacement_mean_euclidean_error,evaluable,,120,0,0,True,MOCK DATA / NOT A SCIENTIFIC RESULT,displacement-report-draft-v1
MOCK_S23,MOCK_G12,3,speaking,left_cheek,self,0.0071973446072128786,0.0071973446072128786,MOCK_S23_speaking_left_cheek,2,900,6e0cab22633ac0c8853ef3385872f2f9eb39191b18981c56c827fc8b7acc98e7,displacement_mean_euclidean_error,evaluable,,120,0,0,True,MOCK DATA / NOT A SCIENTIFIC RESULT,displacement-report-draft-v1
MOCK_S23,MOCK_G12,3,speaking,left_cheek,full,0.005750134547775443,0.005750134547775442,MOCK_S23_speaking_left_cheek,2,900,6e0cab22633ac0c8853ef3385872f2f9eb39191b18981c56c827fc8b7acc98e7,displacement_mean_euclidean_error,evaluable,,120,105,810,True,MOCK DATA / NOT A SCIENTIFIC RESULT,displacement-report-draft-v1
MOCK_S23,MOCK_G12,3,speaking,left_cheek,pcmci,0.006101609881282882,0.006101609881282881,MOCK_S23_speaking_left_cheek,2,900,6e0cab22633ac0c8853ef3385872f2f9eb39191b18981c56c827fc8b7acc98e7,displacement_mean_euclidean_error,evaluable,,120,3,14,True,MOCK DATA / NOT A SCIENTIFIC RESULT,displacement-report-draft-v1
MOCK_S23,MOCK_G12,3,speaking,right_cheek,persistence,0.006657668176642197,,MOCK_S23_speaking_right_cheek,2,900,6e0cab22633ac0c8853ef3385872f2f9eb39191b18981c56c827fc8b7acc98e7,displacement_mean_euclidean_error,evaluable,,120,0,0,True,MOCK DATA / NOT A SCIENTIFIC RESULT,displacement-report-draft-v1
MOCK_S23,MOCK_G12,3,speaking,right_cheek,self,0.0074973446072128785,0.0074973446072128785,MOCK_S23_speaking_right_cheek,2,900,6e0cab22633ac0c8853ef3385872f2f9eb39191b18981c56c827fc8b7acc98e7,displacement_mean_euclidean_error,evaluable,,120,0,0,True,MOCK DATA / NOT A SCIENTIFIC RESULT,displacement-report-draft-v1
MOCK_S23,MOCK_G12,3,speaking,right_cheek,full,0.006402995067047223,0.006402995067047223,MOCK_S23_speaking_right_cheek,2,900,6e0cab22633ac0c8853ef3385872f2f9eb39191b18981c56c827fc8b7acc98e7,displacement_mean_euclidean_error,evaluable,,120,105,810,True,MOCK DATA / NOT A SCIENTIFIC RESULT,displacement-report-draft-v1
MOCK_S23,MOCK_G12,3,speaking,right_cheek,pcmci,0.0062333340489380005,0.006233334048938001,MOCK_S23_speaking_right_cheek,2,900,6e0cab22633ac0c8853ef3385872f2f9eb39191b18981c56c827fc8b7acc98e7,displacement_mean_euclidean_error,evaluable,,120,3,38,True,MOCK DATA / NOT A SCIENTIFIC RESULT,displacement-report-draft-v1
MOCK_S23,MOCK_G12,3,speaking,mouth,persistence,0.0066819900575903,,MOCK_S23_speaking_mouth,8,900,6e0cab22633ac0c8853ef3385872f2f9eb39191b18981c56c827fc8b7acc98e7,displacement_mean_euclidean_error,evaluable,,480,0,0,True,MOCK DATA / NOT A SCIENTIFIC RESULT,displacement-report-draft-v1
MOCK_S23,MOCK_G12,3,speaking,mouth,self,0.007797344607212879,0.007797344607212878,MOCK_S23_speaking_mouth,8,900,6e0cab22633ac0c8853ef3385872f2f9eb39191b18981c56c827fc8b7acc98e7,displacement_mean_euclidean_error,evaluable,,480,0,0,True,MOCK DATA / NOT A SCIENTIFIC RESULT,displacement-report-draft-v1
MOCK_S23,MOCK_G12,3,speaking,mouth,full,0.007556328043150786,0.007556328043150784,MOCK_S23_speaking_mouth,8,900,6e0cab22633ac0c8853ef3385872f2f9eb39191b18981c56c827fc8b7acc98e7,displacement_mean_euclidean_error,evaluable,,480,105,630,True,MOCK DATA / NOT A SCIENTIFIC RESULT,displacement-report-draft-v1
MOCK_S23,MOCK_G12,3,speaking,mouth,pcmci,0.007113455769869022,0.007113455769869021,MOCK_S23_speaking_mouth,8,900,6e0cab22633ac0c8853ef3385872f2f9eb39191b18981c56c827fc8b7acc98e7,displacement_mean_euclidean_error,evaluable,,480,3,18,True,MOCK DATA / NOT A SCIENTIFIC RESULT,displacement-report-draft-v1
MOCK_S23,MOCK_G12,3,speaking,jaw,persistence,0.006621467016887177,,MOCK_S23_speaking_jaw,3,900,6e0cab22633ac0c8853ef3385872f2f9eb39191b18981c56c827fc8b7acc98e7,displacement_mean_euclidean_error,evaluable,,180,0,0,True,MOCK DATA / NOT A SCIENTIFIC RESULT,displacement-report-draft-v1
MOCK_S23,MOCK_G12,3,speaking,jaw,self,0.008097344607212878,0.008097344607212878,MOCK_S23_speaking_jaw,3,900,6e0cab22633ac0c8853ef3385872f2f9eb39191b18981c56c827fc8b7acc98e7,displacement_mean_euclidean_error,evaluable,,180,0,0,True,MOCK DATA / NOT A SCIENTIFIC RESULT,displacement-report-draft-v1
MOCK_S23,MOCK_G12,3,speaking,jaw,full,0.008425583073203157,0.008425583073203156,MOCK_S23_speaking_jaw,3,900,6e0cab22633ac0c8853ef3385872f2f9eb39191b18981c56c827fc8b7acc98e7,displacement_mean_euclidean_error,evaluable,,180,105,780,True,MOCK DATA / NOT A SCIENTIFIC RESULT,displacement-report-draft-v1
MOCK_S23,MOCK_G12,3,speaking,jaw,pcmci,0.008208613809220349,0.008208613809220347,MOCK_S23_speaking_jaw,3,900,6e0cab22633ac0c8853ef3385872f2f9eb39191b18981c56c827fc8b7acc98e7,displacement_mean_euclidean_error,evaluable,,180,3,20,True,MOCK DATA / NOT A SCIENTIFIC RESULT,displacement-report-draft-v1
MOCK_S23,MOCK_G12,3,non_speaking,left_brow,persistence,0.006466226604697314,,MOCK_S23_non_speaking_left_brow,3,900,0d769a7819ac8cdea57cd27d30da4e73493ecdc6a82363f9bfadb1180492e360,displacement_mean_euclidean_error,evaluable,,180,0,0,True,MOCK DATA / NOT A SCIENTIFIC RESULT,displacement-report-draft-v1
MOCK_S23,MOCK_G12,3,non_speaking,left_brow,self,0.006397344607212879,0.006397344607212879,MOCK_S23_non_speaking_left_brow,3,900,0d769a7819ac8cdea57cd27d30da4e73493ecdc6a82363f9bfadb1180492e360,displacement_mean_euclidean_error,evaluable,,180,0,0,True,MOCK DATA / NOT A SCIENTIFIC RESULT,displacement-report-draft-v1
MOCK_S23,MOCK_G12,3,non_speaking,left_brow,full,0.00638021077044938,0.0063802107704493795,MOCK_S23_non_speaking_left_brow,3,900,0d769a7819ac8cdea57cd27d30da4e73493ecdc6a82363f9bfadb1180492e360,displacement_mean_euclidean_error,evaluable,,180,105,780,True,MOCK DATA / NOT A SCIENTIFIC RESULT,displacement-report-draft-v1
MOCK_S23,MOCK_G12,3,non_speaking,left_brow,pcmci,0.006664620472135498,0.006664620472135498,MOCK_S23_non_speaking_left_brow,3,900,0d769a7819ac8cdea57cd27d30da4e73493ecdc6a82363f9bfadb1180492e360,displacement_mean_euclidean_error,evaluable,,180,3,20,True,MOCK DATA / NOT A SCIENTIFIC RESULT,displacement-report-draft-v1
MOCK_S23,MOCK_G12,3,non_speaking,right_brow,persistence,0.006410651930426011,,MOCK_S23_non_speaking_right_brow,3,900,0d769a7819ac8cdea57cd27d30da4e73493ecdc6a82363f9bfadb1180492e360,displacement_mean_euclidean_error,evaluable,,180,0,0,True,MOCK DATA / NOT A SCIENTIFIC RESULT,displacement-report-draft-v1
MOCK_S23,MOCK_G12,3,non_speaking,right_brow,self,0.006697344607212879,0.006697344607212879,MOCK_S23_non_speaking_right_brow,3,900,0d769a7819ac8cdea57cd27d30da4e73493ecdc6a82363f9bfadb1180492e360,displacement_mean_euclidean_error,evaluable,,180,0,0,True,MOCK DATA / NOT A SCIENTIFIC RESULT,displacement-report-draft-v1
MOCK_S23,MOCK_G12,3,non_speaking,right_brow,full,0.007045568594657605,0.007045568594657605,MOCK_S23_non_speaking_right_brow,3,900,0d769a7819ac8cdea57cd27d30da4e73493ecdc6a82363f9bfadb1180492e360,displacement_mean_euclidean_error,evaluable,,180,105,780,True,MOCK DATA / NOT A SCIENTIFIC RESULT,displacement-report-draft-v1
MOCK_S23,MOCK_G12,3,non_speaking,right_brow,pcmci,0.007018674371445546,0.007018674371445546,MOCK_S23_non_speaking_right_brow,3,900,0d769a7819ac8cdea57cd27d30da4e73493ecdc6a82363f9bfadb1180492e360,displacement_mean_euclidean_error,evaluable,,180,3,20,True,MOCK DATA / NOT A SCIENTIFIC RESULT,displacement-report-draft-v1
MOCK_S23,MOCK_G12,3,non_speaking,left_eyelid,persistence,0.0065261398702817905,,MOCK_S23_non_speaking_left_eyelid,4,900,0d769a7819ac8cdea57cd27d30da4e73493ecdc6a82363f9bfadb1180492e360,displacement_mean_euclidean_error,evaluable,,240,0,0,True,MOCK DATA / NOT A SCIENTIFIC RESULT,displacement-report-draft-v1
MOCK_S23,MOCK_G12,3,non_speaking,left_eyelid,self,0.006997344607212879,0.006997344607212879,MOCK_S23_non_speaking_left_eyelid,4,900,0d769a7819ac8cdea57cd27d30da4e73493ecdc6a82363f9bfadb1180492e360,displacement_mean_euclidean_error,evaluable,,240,0,0,True,MOCK DATA / NOT A SCIENTIFIC RESULT,displacement-report-draft-v1
MOCK_S23,MOCK_G12,3,non_speaking,left_eyelid,full,0.006885103427181299,0.006885103427181298,MOCK_S23_non_speaking_left_eyelid,4,900,0d769a7819ac8cdea57cd27d30da4e73493ecdc6a82363f9bfadb1180492e360,displacement_mean_euclidean_error,evaluable,,240,105,750,True,MOCK DATA / NOT A SCIENTIFIC RESULT,displacement-report-draft-v1
MOCK_S23,MOCK_G12,3,non_speaking,left_eyelid,pcmci,0.006663571242689538,0.006663571242689538,MOCK_S23_non_speaking_left_eyelid,4,900,0d769a7819ac8cdea57cd27d30da4e73493ecdc6a82363f9bfadb1180492e360,displacement_mean_euclidean_error,evaluable,,240,3,20,True,MOCK DATA / NOT A SCIENTIFIC RESULT,displacement-report-draft-v1
MOCK_S23,MOCK_G12,3,non_speaking,right_eyelid,persistence,0.006522264433055392,,MOCK_S23_non_speaking_right_eyelid,4,900,0d769a7819ac8cdea57cd27d30da4e73493ecdc6a82363f9bfadb1180492e360,displacement_mean_euclidean_error,evaluable,,240,0,0,True,MOCK DATA / NOT A SCIENTIFIC RESULT,displacement-report-draft-v1
MOCK_S23,MOCK_G12,3,non_speaking,right_eyelid,self,0.007297344607212879,0.007297344607212879,MOCK_S23_non_speaking_right_eyelid,4,900,0d769a7819ac8cdea57cd27d30da4e73493ecdc6a82363f9bfadb1180492e360,displacement_mean_euclidean_error,evaluable,,240,0,0,True,MOCK DATA / NOT A SCIENTIFIC RESULT,displacement-report-draft-v1
MOCK_S23,MOCK_G12,3,non_speaking,right_eyelid,full,0.006322164819454259,0.0063221648194542596,MOCK_S23_non_speaking_right_eyelid,4,900,0d769a7819ac8cdea57cd27d30da4e73493ecdc6a82363f9bfadb1180492e360,displacement_mean_euclidean_error,evaluable,,240,105,750,True,MOCK DATA / NOT A SCIENTIFIC RESULT,displacement-report-draft-v1
MOCK_S23,MOCK_G12,3,non_speaking,right_eyelid,pcmci,0.00620160988128288,0.006201609881282881,MOCK_S23_non_speaking_right_eyelid,4,900,0d769a7819ac8cdea57cd27d30da4e73493ecdc6a82363f9bfadb1180492e360,displacement_mean_euclidean_error,evaluable,,240,3,24,True,MOCK DATA / NOT A SCIENTIFIC RESULT,displacement-report-draft-v1
MOCK_S23,MOCK_G12,3,non_speaking,left_cheek,persistence,0.006546336388560684,,MOCK_S23_non_speaking_left_cheek,2,900,0d769a7819ac8cdea57cd27d30da4e73493ecdc6a82363f9bfadb1180492e360,displacement_mean_euclidean_error,evaluable,,120,0,0,True,MOCK DATA / NOT A SCIENTIFIC RESULT,displacement-report-draft-v1
MOCK_S23,MOCK_G12,3,non_speaking,left_cheek,self,0.007597344607212878,0.007597344607212879,MOCK_S23_non_speaking_left_cheek,2,900,0d769a7819ac8cdea57cd27d30da4e73493ecdc6a82363f9bfadb1180492e360,displacement_mean_euclidean_error,evaluable,,120,0,0,True,MOCK DATA / NOT A SCIENTIFIC RESULT,displacement-report-draft-v1
MOCK_S23,MOCK_G12,3,non_speaking,left_cheek,full,0.006150134547775442,0.006150134547775442,MOCK_S23_non_speaking_left_cheek,2,900,0d769a7819ac8cdea57cd27d30da4e73493ecdc6a82363f9bfadb1180492e360,displacement_mean_euclidean_error,evaluable,,120,105,810,True,MOCK DATA / NOT A SCIENTIFIC RESULT,displacement-report-draft-v1
MOCK_S23,MOCK_G12,3,non_speaking,left_cheek,pcmci,0.006333334048938001,0.006333334048938002,MOCK_S23_non_speaking_left_cheek,2,900,0d769a7819ac8cdea57cd27d30da4e73493ecdc6a82363f9bfadb1180492e360,displacement_mean_euclidean_error,evaluable,,120,3,14,True,MOCK DATA / NOT A SCIENTIFIC RESULT,displacement-report-draft-v1
MOCK_S23,MOCK_G12,3,non_speaking,right_cheek,persistence,0.006628931258057921,,MOCK_S23_non_speaking_right_cheek,2,900,0d769a7819ac8cdea57cd27d30da4e73493ecdc6a82363f9bfadb1180492e360,displacement_mean_euclidean_error,evaluable,,120,0,0,True,MOCK DATA / NOT A SCIENTIFIC RESULT,displacement-report-draft-v1
MOCK_S23,MOCK_G12,3,non_speaking,right_cheek,self,0.007897344607212878,0.007897344607212878,MOCK_S23_non_speaking_right_cheek,2,900,0d769a7819ac8cdea57cd27d30da4e73493ecdc6a82363f9bfadb1180492e360,displacement_mean_euclidean_error,evaluable,,120,0,0,True,MOCK DATA / NOT A SCIENTIFIC RESULT,displacement-report-draft-v1
MOCK_S23,MOCK_G12,3,non_speaking,right_cheek,full,0.006802995067047221,0.006802995067047222,MOCK_S23_non_speaking_right_cheek,2,900,0d769a7819ac8cdea57cd27d30da4e73493ecdc6a82363f9bfadb1180492e360,displacement_mean_euclidean_error,evaluable,,120,105,810,True,MOCK DATA / NOT A SCIENTIFIC RESULT,displacement-report-draft-v1
MOCK_S23,MOCK_G12,3,non_speaking,right_cheek,pcmci,0.00721345576986902,0.007213455769869021,MOCK_S23_non_speaking_right_cheek,2,900,0d769a7819ac8cdea57cd27d30da4e73493ecdc6a82363f9bfadb1180492e360,displacement_mean_euclidean_error,evaluable,,120,3,38,True,MOCK DATA / NOT A SCIENTIFIC RESULT,displacement-report-draft-v1
MOCK_S23,MOCK_G12,3,non_speaking,mouth,persistence,0.006629193461228873,,MOCK_S23_non_speaking_mouth,8,900,0d769a7819ac8cdea57cd27d30da4e73493ecdc6a82363f9bfadb1180492e360,displacement_mean_euclidean_error,evaluable,,480,0,0,True,MOCK DATA / NOT A SCIENTIFIC RESULT,displacement-report-draft-v1
MOCK_S23,MOCK_G12,3,non_speaking,mouth,self,0.008197344607212878,0.008197344607212878,MOCK_S23_non_speaking_mouth,8,900,0d769a7819ac8cdea57cd27d30da4e73493ecdc6a82363f9bfadb1180492e360,displacement_mean_euclidean_error,evaluable,,480,0,0,True,MOCK DATA / NOT A SCIENTIFIC RESULT,displacement-report-draft-v1
MOCK_S23,MOCK_G12,3,non_speaking,mouth,full,0.007956328043150784,0.007956328043150784,MOCK_S23_non_speaking_mouth,8,900,0d769a7819ac8cdea57cd27d30da4e73493ecdc6a82363f9bfadb1180492e360,displacement_mean_euclidean_error,evaluable,,480,105,630,True,MOCK DATA / NOT A SCIENTIFIC RESULT,displacement-report-draft-v1
MOCK_S23,MOCK_G12,3,non_speaking,mouth,pcmci,0.008308613809220346,0.008308613809220346,MOCK_S23_non_speaking_mouth,8,900,0d769a7819ac8cdea57cd27d30da4e73493ecdc6a82363f9bfadb1180492e360,displacement_mean_euclidean_error,evaluable,,480,3,18,True,MOCK DATA / NOT A SCIENTIFIC RESULT,displacement-report-draft-v1
MOCK_S23,MOCK_G12,3,non_speaking,jaw,persistence,0.0067944260909018,,MOCK_S23_non_speaking_jaw,3,900,0d769a7819ac8cdea57cd27d30da4e73493ecdc6a82363f9bfadb1180492e360,displacement_mean_euclidean_error,evaluable,,180,0,0,True,MOCK DATA / NOT A SCIENTIFIC RESULT,displacement-report-draft-v1
MOCK_S23,MOCK_G12,3,non_speaking,jaw,self,0.008497344607212878,0.008497344607212878,MOCK_S23_non_speaking_jaw,3,900,0d769a7819ac8cdea57cd27d30da4e73493ecdc6a82363f9bfadb1180492e360,displacement_mean_euclidean_error,evaluable,,180,0,0,True,MOCK DATA / NOT A SCIENTIFIC RESULT,displacement-report-draft-v1
MOCK_S23,MOCK_G12,3,non_speaking,jaw,full,0.008825583073203155,0.008825583073203155,MOCK_S23_non_speaking_jaw,3,900,0d769a7819ac8cdea57cd27d30da4e73493ecdc6a82363f9bfadb1180492e360,displacement_mean_euclidean_error,evaluable,,180,105,780,True,MOCK DATA / NOT A SCIENTIFIC RESULT,displacement-report-draft-v1
MOCK_S23,MOCK_G12,3,non_speaking,jaw,pcmci,0.008887743532671546,0.008887743532671546,MOCK_S23_non_speaking_jaw,3,900,0d769a7819ac8cdea57cd27d30da4e73493ecdc6a82363f9bfadb1180492e360,displacement_mean_euclidean_error,evaluable,,180,3,20,True,MOCK DATA / NOT A SCIENTIFIC RESULT,displacement-report-draft-v1
MOCK_S24,MOCK_G12,3,speaking,left_brow,persistence,0.006379155584880331,,MOCK_S24_speaking_left_brow,3,900,521206c2d299cc41b9fba1491a3320ff08e390bbbf3d1a079cbe0f011d8e1564,displacement_mean_euclidean_error,evaluable,,180,0,0,True,MOCK DATA / NOT A SCIENTIFIC RESULT,displacement-report-draft-v1
MOCK_S24,MOCK_G12,3,speaking,left_brow,self,0.0057461338787474486,0.0057461338787474486,MOCK_S24_speaking_left_brow,3,900,521206c2d299cc41b9fba1491a3320ff08e390bbbf3d1a079cbe0f011d8e1564,displacement_mean_euclidean_error,evaluable,,180,0,0,True,MOCK DATA / NOT A SCIENTIFIC RESULT,displacement-report-draft-v1
MOCK_S24,MOCK_G12,3,speaking,left_brow,full,0.006045459981247142,0.006045459981247142,MOCK_S24_speaking_left_brow,3,900,521206c2d299cc41b9fba1491a3320ff08e390bbbf3d1a079cbe0f011d8e1564,displacement_mean_euclidean_error,evaluable,,180,105,780,True,MOCK DATA / NOT A SCIENTIFIC RESULT,displacement-report-draft-v1
MOCK_S24,MOCK_G12,3,speaking,left_brow,pcmci,0.005706942923687503,0.005706942923687504,MOCK_S24_speaking_left_brow,3,900,521206c2d299cc41b9fba1491a3320ff08e390bbbf3d1a079cbe0f011d8e1564,displacement_mean_euclidean_error,evaluable,,180,3,20,True,MOCK DATA / NOT A SCIENTIFIC RESULT,displacement-report-draft-v1
MOCK_S24,MOCK_G12,3,speaking,right_brow,persistence,0.006423022724566189,,MOCK_S24_speaking_right_brow,3,900,521206c2d299cc41b9fba1491a3320ff08e390bbbf3d1a079cbe0f011d8e1564,displacement_mean_euclidean_error,evaluable,,180,0,0,True,MOCK DATA / NOT A SCIENTIFIC RESULT,displacement-report-draft-v1
MOCK_S24,MOCK_G12,3,speaking,right_brow,self,0.006046133878747448,0.0060461338787474485,MOCK_S24_speaking_right_brow,3,900,521206c2d299cc41b9fba1491a3320ff08e390bbbf3d1a079cbe0f011d8e1564,displacement_mean_euclidean_error,evaluable,,180,0,0,True,MOCK DATA / NOT A SCIENTIFIC RESULT,displacement-report-draft-v1
MOCK_S24,MOCK_G12,3,speaking,right_brow,full,0.006205560739385234,0.006205560739385234,MOCK_S24_speaking_right_brow,3,900,521206c2d299cc41b9fba1491a3320ff08e390bbbf3d1a079cbe0f011d8e1564,displacement_mean_euclidean_error,evaluable,,180,105,780,True,MOCK DATA / NOT A SCIENTIFIC RESULT,displacement-report-draft-v1
MOCK_S24,MOCK_G12,3,speaking,right_brow,pcmci,0.006444262416049243,0.006444262416049242,MOCK_S24_speaking_right_brow,3,900,521206c2d299cc41b9fba1491a3320ff08e390bbbf3d1a079cbe0f011d8e1564,displacement_mean_euclidean_error,evaluable,,180,3,20,True,MOCK DATA / NOT A SCIENTIFIC RESULT,displacement-report-draft-v1
MOCK_S24,MOCK_G12,3,speaking,left_eyelid,persistence,0.006529063616672982,,MOCK_S24_speaking_left_eyelid,4,900,521206c2d299cc41b9fba1491a3320ff08e390bbbf3d1a079cbe0f011d8e1564,displacement_mean_euclidean_error,evaluable,,240,0,0,True,MOCK DATA / NOT A SCIENTIFIC RESULT,displacement-report-draft-v1
MOCK_S24,MOCK_G12,3,speaking,left_eyelid,self,0.0063461338787474475,0.006346133878747448,MOCK_S24_speaking_left_eyelid,4,900,521206c2d299cc41b9fba1491a3320ff08e390bbbf3d1a079cbe0f011d8e1564,displacement_mean_euclidean_error,evaluable,,240,0,0,True,MOCK DATA / NOT A SCIENTIFIC RESULT,displacement-report-draft-v1
MOCK_S24,MOCK_G12,3,speaking,left_eyelid,full,0.005713417713542535,0.005713417713542536,MOCK_S24_speaking_left_eyelid,4,900,521206c2d299cc41b9fba1491a3320ff08e390bbbf3d1a079cbe0f011d8e1564,displacement_mean_euclidean_error,evaluable,,240,105,750,True,MOCK DATA / NOT A SCIENTIFIC RESULT,displacement-report-draft-v1
MOCK_S24,MOCK_G12,3,speaking,left_eyelid,pcmci,0.006401816442560856,0.006401816442560857,MOCK_S24_speaking_left_eyelid,4,900,521206c2d299cc41b9fba1491a3320ff08e390bbbf3d1a079cbe0f011d8e1564,displacement_mean_euclidean_error,evaluable,,240,3,20,True,MOCK DATA / NOT A SCIENTIFIC RESULT,displacement-report-draft-v1
MOCK_S24,MOCK_G12,3,speaking,right_eyelid,persistence,0.00661036119501845,,MOCK_S24_speaking_right_eyelid,4,900,521206c2d299cc41b9fba1491a3320ff08e390bbbf3d1a079cbe0f011d8e1564,displacement_mean_euclidean_error,evaluable,,240,0,0,True,MOCK DATA / NOT A SCIENTIFIC RESULT,displacement-report-draft-v1
MOCK_S24,MOCK_G12,3,speaking,right_eyelid,self,0.006646133878747449,0.006646133878747448,MOCK_S24_speaking_right_eyelid,4,900,521206c2d299cc41b9fba1491a3320ff08e390bbbf3d1a079cbe0f011d8e1564,displacement_mean_euclidean_error,evaluable,,240,0,0,True,MOCK DATA / NOT A SCIENTIFIC RESULT,displacement-report-draft-v1
MOCK_S24,MOCK_G12,3,speaking,right_eyelid,full,0.0052973235485240956,0.0052973235485240956,MOCK_S24_speaking_right_eyelid,4,900,521206c2d299cc41b9fba1491a3320ff08e390bbbf3d1a079cbe0f011d8e1564,displacement_mean_euclidean_error,evaluable,,240,105,750,True,MOCK DATA / NOT A SCIENTIFIC RESULT,displacement-report-draft-v1
MOCK_S24,MOCK_G12,3,speaking,right_eyelid,pcmci,0.00589444825197705,0.0058944482519770495,MOCK_S24_speaking_right_eyelid,4,900,521206c2d299cc41b9fba1491a3320ff08e390bbbf3d1a079cbe0f011d8e1564,displacement_mean_euclidean_error,evaluable,,240,3,24,True,MOCK DATA / NOT A SCIENTIFIC RESULT,displacement-report-draft-v1
MOCK_S24,MOCK_G12,3,speaking,left_cheek,persistence,0.006645726934163386,,MOCK_S24_speaking_left_cheek,2,900,521206c2d299cc41b9fba1491a3320ff08e390bbbf3d1a079cbe0f011d8e1564,displacement_mean_euclidean_error,evaluable,,120,0,0,True,MOCK DATA / NOT A SCIENTIFIC RESULT,displacement-report-draft-v1
MOCK_S24,MOCK_G12,3,speaking,left_cheek,self,0.006946133878747448,0.006946133878747448,MOCK_S24_speaking_left_cheek,2,900,521206c2d299cc41b9fba1491a3320ff08e390bbbf3d1a079cbe0f011d8e1564,displacement_mean_euclidean_error,evaluable,,120,0,0,True,MOCK DATA / NOT A SCIENTIFIC RESULT,displacement-report-draft-v1
MOCK_S24,MOCK_G12,3,speaking,left_cheek,full,0.005615651917210424,0.005615651917210423,MOCK_S24_speaking_left_cheek,2,900,521206c2d299cc41b9fba1491a3320ff08e390bbbf3d1a079cbe0f011d8e1564,displacement_mean_euclidean_error,evaluable,,120,105,810,True,MOCK DATA / NOT A SCIENTIFIC RESULT,displacement-report-draft-v1
MOCK_S24,MOCK_G12,3,speaking,left_cheek,pcmci,0.005664448435351397,0.005664448435351397,MOCK_S24_speaking_left_cheek,2,900,521206c2d299cc41b9fba1491a3320ff08e390bbbf3d1a079cbe0f011d8e1564,displacement_mean_euclidean_error,evaluable,,120,3,14,True,MOCK DATA / NOT A SCIENTIFIC RESULT,displacement-report-draft-v1
MOCK_S24,MOCK_G12,3,speaking,right_cheek,persistence,0.00682066897625354,,MOCK_S24_speaking_right_cheek,2,900,521206c2d299cc41b9fba1491a3320ff08e390bbbf3d1a079cbe0f011d8e1564,displacement_mean_euclidean_error,evaluable,,120,0,0,True,MOCK DATA / NOT A SCIENTIFIC RESULT,displacement-report-draft-v1
MOCK_S24,MOCK_G12,3,speaking,right_cheek,self,0.007246133878747448,0.007246133878747448,MOCK_S24_speaking_right_cheek,2,900,521206c2d299cc41b9fba1491a3320ff08e390bbbf3d1a079cbe0f011d8e1564,displacement_mean_euclidean_error,evaluable,,120,0,0,True,MOCK DATA / NOT A SCIENTIFIC RESULT,displacement-report-draft-v1
MOCK_S24,MOCK_G12,3,speaking,right_cheek,full,0.006651551801956914,0.006651551801956914,MOCK_S24_speaking_right_cheek,2,900,521206c2d299cc41b9fba1491a3320ff08e390bbbf3d1a079cbe0f011d8e1564,displacement_mean_euclidean_error,evaluable,,120,105,810,True,MOCK DATA / NOT A SCIENTIFIC RESULT,displacement-report-draft-v1
MOCK_S24,MOCK_G12,3,speaking,right_cheek,pcmci,0.006199096379870142,0.006199096379870142,MOCK_S24_speaking_right_cheek,2,900,521206c2d299cc41b9fba1491a3320ff08e390bbbf3d1a079cbe0f011d8e1564,displacement_mean_euclidean_error,evaluable,,120,3,38,True,MOCK DATA / NOT A SCIENTIFIC RESULT,displacement-report-draft-v1
MOCK_S24,MOCK_G12,3,speaking,mouth,persistence,0.006655165379383906,,MOCK_S24_speaking_mouth,8,900,521206c2d299cc41b9fba1491a3320ff08e390bbbf3d1a079cbe0f011d8e1564,displacement_mean_euclidean_error,evaluable,,480,0,0,True,MOCK DATA / NOT A SCIENTIFIC RESULT,displacement-report-draft-v1
MOCK_S24,MOCK_G12,3,speaking,mouth,self,0.00754613387874745,0.007546133878747448,MOCK_S24_speaking_mouth,8,900,521206c2d299cc41b9fba1491a3320ff08e390bbbf3d1a079cbe0f011d8e1564,displacement_mean_euclidean_error,evaluable,,480,0,0,True,MOCK DATA / NOT A SCIENTIFIC RESULT,displacement-report-draft-v1
MOCK_S24,MOCK_G12,3,speaking,mouth,full,0.007728440242503842,0.007728440242503841,MOCK_S24_speaking_mouth,8,900,521206c2d299cc41b9fba1491a3320ff08e390bbbf3d1a079cbe0f011d8e1564,displacement_mean_euclidean_error,evaluable,,480,105,630,True,MOCK DATA / NOT A SCIENTIFIC RESULT,displacement-report-draft-v1
MOCK_S24,MOCK_G12,3,speaking,mouth,pcmci,0.00728265784747719,0.007282657847477189,MOCK_S24_speaking_mouth,8,900,521206c2d299cc41b9fba1491a3320ff08e390bbbf3d1a079cbe0f011d8e1564,displacement_mean_euclidean_error,evaluable,,480,3,18,True,MOCK DATA / NOT A SCIENTIFIC RESULT,displacement-report-draft-v1
MOCK_S24,MOCK_G12,3,speaking,jaw,persistence,0.006754945475890818,,MOCK_S24_speaking_jaw,3,900,521206c2d299cc41b9fba1491a3320ff08e390bbbf3d1a079cbe0f011d8e1564,displacement_mean_euclidean_error,evaluable,,180,0,0,True,MOCK DATA / NOT A SCIENTIFIC RESULT,displacement-report-draft-v1
MOCK_S24,MOCK_G12,3,speaking,jaw,self,0.007846133878747446,0.007846133878747448,MOCK_S24_speaking_jaw,3,900,521206c2d299cc41b9fba1491a3320ff08e390bbbf3d1a079cbe0f011d8e1564,displacement_mean_euclidean_error,evaluable,,180,0,0,True,MOCK DATA / NOT A SCIENTIFIC RESULT,displacement-report-draft-v1
MOCK_S24,MOCK_G12,3,speaking,jaw,full,0.008132049589416965,0.008132049589416965,MOCK_S24_speaking_jaw,3,900,521206c2d299cc41b9fba1491a3320ff08e390bbbf3d1a079cbe0f011d8e1564,displacement_mean_euclidean_error,evaluable,,180,105,780,True,MOCK DATA / NOT A SCIENTIFIC RESULT,displacement-report-draft-v1
MOCK_S24,MOCK_G12,3,speaking,jaw,pcmci,0.008194730038433464,0.008194730038433466,MOCK_S24_speaking_jaw,3,900,521206c2d299cc41b9fba1491a3320ff08e390bbbf3d1a079cbe0f011d8e1564,displacement_mean_euclidean_error,evaluable,,180,3,20,True,MOCK DATA / NOT A SCIENTIFIC RESULT,displacement-report-draft-v1
MOCK_S24,MOCK_G12,3,non_speaking,left_brow,persistence,0.006477872751374714,,MOCK_S24_non_speaking_left_brow,3,900,2f4ead7effcfb338823a4d894369ee055516e0014a04cf16ff0d6ce75ce14469,displacement_mean_euclidean_error,evaluable,,180,0,0,True,MOCK DATA / NOT A SCIENTIFIC RESULT,displacement-report-draft-v1
MOCK_S24,MOCK_G12,3,non_speaking,left_brow,self,0.006146133878747449,0.006146133878747449,MOCK_S24_non_speaking_left_brow,3,900,2f4ead7effcfb338823a4d894369ee055516e0014a04cf16ff0d6ce75ce14469,displacement_mean_euclidean_error,evaluable,,180,0,0,True,MOCK DATA / NOT A SCIENTIFIC RESULT,displacement-report-draft-v1
MOCK_S24,MOCK_G12,3,non_speaking,left_brow,full,0.0064454599812471414,0.006445459981247142,MOCK_S24_non_speaking_left_brow,3,900,2f4ead7effcfb338823a4d894369ee055516e0014a04cf16ff0d6ce75ce14469,displacement_mean_euclidean_error,evaluable,,180,105,780,True,MOCK DATA / NOT A SCIENTIFIC RESULT,displacement-report-draft-v1
MOCK_S24,MOCK_G12,3,non_speaking,left_brow,pcmci,0.006544262416049241,0.006544262416049242,MOCK_S24_non_speaking_left_brow,3,900,2f4ead7effcfb338823a4d894369ee055516e0014a04cf16ff0d6ce75ce14469,displacement_mean_euclidean_error,evaluable,,180,3,20,True,MOCK DATA / NOT A SCIENTIFIC RESULT,displacement-report-draft-v1
MOCK_S24,MOCK_G12,3,non_speaking,right_brow,persistence,0.006479261915340607,,MOCK_S24_non_speaking_right_brow,3,900,2f4ead7effcfb338823a4d894369ee055516e0014a04cf16ff0d6ce75ce14469,displacement_mean_euclidean_error,evaluable,,180,0,0,True,MOCK DATA / NOT A SCIENTIFIC RESULT,displacement-report-draft-v1
MOCK_S24,MOCK_G12,3,non_speaking,right_brow,self,0.006446133878747448,0.006446133878747449,MOCK_S24_non_speaking_right_brow,3,900,2f4ead7effcfb338823a4d894369ee055516e0014a04cf16ff0d6ce75ce14469,displacement_mean_euclidean_error,evaluable,,180,0,0,True,MOCK DATA / NOT A SCIENTIFIC RESULT,displacement-report-draft-v1
MOCK_S24,MOCK_G12,3,non_speaking,right_brow,full,0.0066055607393852335,0.006605560739385234,MOCK_S24_non_speaking_right_brow,3,900,2f4ead7effcfb338823a4d894369ee055516e0014a04cf16ff0d6ce75ce14469,displacement_mean_euclidean_error,evaluable,,180,105,780,True,MOCK DATA / NOT A SCIENTIFIC RESULT,displacement-report-draft-v1
MOCK_S24,MOCK_G12,3,non_speaking,right_brow,pcmci,0.0065018164425608566,0.0065018164425608566,MOCK_S24_non_speaking_right_brow,3,900,2f4ead7effcfb338823a4d894369ee055516e0014a04cf16ff0d6ce75ce14469,displacement_mean_euclidean_error,evaluable,,180,3,20,True,MOCK DATA / NOT A SCIENTIFIC RESULT,displacement-report-draft-v1
MOCK_S24,MOCK_G12,3,non_speaking,left_eyelid,persistence,0.006554396828060604,,MOCK_S24_non_speaking_left_eyelid,4,900,2f4ead7effcfb338823a4d894369ee055516e0014a04cf16ff0d6ce75ce14469,displacement_mean_euclidean_error,evaluable,,240,0,0,True,MOCK DATA / NOT A SCIENTIFIC RESULT,displacement-report-draft-v1
MOCK_S24,MOCK_G12,3,non_speaking,left_eyelid,self,0.006746133878747449,0.006746133878747449,MOCK_S24_non_speaking_left_eyelid,4,900,2f4ead7effcfb338823a4d894369ee055516e0014a04cf16ff0d6ce75ce14469,displacement_mean_euclidean_error,evaluable,,240,0,0,True,MOCK DATA / NOT A SCIENTIFIC RESULT,displacement-report-draft-v1
MOCK_S24,MOCK_G12,3,non_speaking,left_eyelid,full,0.006113417713542536,0.006113417713542536,MOCK_S24_non_speaking_left_eyelid,4,900,2f4ead7effcfb338823a4d894369ee055516e0014a04cf16ff0d6ce75ce14469,displacement_mean_euclidean_error,evaluable,,240,105,750,True,MOCK DATA / NOT A SCIENTIFIC RESULT,displacement-report-draft-v1
MOCK_S24,MOCK_G12,3,non_speaking,left_eyelid,pcmci,0.00599444825197705,0.00599444825197705,MOCK_S24_non_speaking_left_eyelid,4,900,2f4ead7effcfb338823a4d894369ee055516e0014a04cf16ff0d6ce75ce14469,displacement_mean_euclidean_error,evaluable,,240,3,20,True,MOCK DATA / NOT A SCIENTIFIC RESULT,displacement-report-draft-v1
MOCK_S24,MOCK_G12,3,non_speaking,right_eyelid,persistence,0.0066170922290841715,,MOCK_S24_non_speaking_right_eyelid,4,900,2f4ead7effcfb338823a4d894369ee055516e0014a04cf16ff0d6ce75ce14469,displacement_mean_euclidean_error,evaluable,,240,0,0,True,MOCK DATA / NOT A SCIENTIFIC RESULT,displacement-report-draft-v1
MOCK_S24,MOCK_G12,3,non_speaking,right_eyelid,self,0.0070461338787474485,0.0070461338787474485,MOCK_S24_non_speaking_right_eyelid,4,900,2f4ead7effcfb338823a4d894369ee055516e0014a04cf16ff0d6ce75ce14469,displacement_mean_euclidean_error,evaluable,,240,0,0,True,MOCK DATA / NOT A SCIENTIFIC RESULT,displacement-report-draft-v1
MOCK_S24,MOCK_G12,3,non_speaking,right_eyelid,full,0.0056973235485240975,0.005697323548524096,MOCK_S24_non_speaking_right_eyelid,4,900,2f4ead7effcfb338823a4d894369ee055516e0014a04cf16ff0d6ce75ce14469,displacement_mean_euclidean_error,evaluable,,240,105,750,True,MOCK DATA / NOT A SCIENTIFIC RESULT,displacement-report-draft-v1
MOCK_S24,MOCK_G12,3,non_speaking,right_eyelid,pcmci,0.005764448435351398,0.0057644484353513974,MOCK_S24_non_speaking_right_eyelid,4,900,2f4ead7effcfb338823a4d894369ee055516e0014a04cf16ff0d6ce75ce14469,displacement_mean_euclidean_error,evaluable,,240,3,24,True,MOCK DATA / NOT A SCIENTIFIC RESULT,displacement-report-draft-v1
MOCK_S24,MOCK_G12,3,non_speaking,left_cheek,persistence,0.006597066836424236,,MOCK_S24_non_speaking_left_cheek,2,900,2f4ead7effcfb338823a4d894369ee055516e0014a04cf16ff0d6ce75ce14469,displacement_mean_euclidean_error,evaluable,,120,0,0,True,MOCK DATA / NOT A SCIENTIFIC RESULT,displacement-report-draft-v1
MOCK_S24,MOCK_G12,3,non_speaking,left_cheek,self,0.0073461338787474476,0.007346133878747448,MOCK_S24_non_speaking_left_cheek,2,900,2f4ead7effcfb338823a4d894369ee055516e0014a04cf16ff0d6ce75ce14469,displacement_mean_euclidean_error,evaluable,,120,0,0,True,MOCK DATA / NOT A SCIENTIFIC RESULT,displacement-report-draft-v1
MOCK_S24,MOCK_G12,3,non_speaking,left_cheek,full,0.006015651917210423,0.006015651917210423,MOCK_S24_non_speaking_left_cheek,2,900,2f4ead7effcfb338823a4d894369ee055516e0014a04cf16ff0d6ce75ce14469,displacement_mean_euclidean_error,evaluable,,120,105,810,True,MOCK DATA / NOT A SCIENTIFIC RESULT,displacement-report-draft-v1
MOCK_S24,MOCK_G12,3,non_speaking,left_cheek,pcmci,0.006299096379870141,0.006299096379870142,MOCK_S24_non_speaking_left_cheek,2,900,2f4ead7effcfb338823a4d894369ee055516e0014a04cf16ff0d6ce75ce14469,displacement_mean_euclidean_error,evaluable,,120,3,14,True,MOCK DATA / NOT A SCIENTIFIC RESULT,displacement-report-draft-v1
MOCK_S24,MOCK_G12,3,non_speaking,right_cheek,persistence,0.0066676107003237825,,MOCK_S24_non_speaking_right_cheek,2,900,2f4ead7effcfb338823a4d894369ee055516e0014a04cf16ff0d6ce75ce14469,displacement_mean_euclidean_error,evaluable,,120,0,0,True,MOCK DATA / NOT A SCIENTIFIC RESULT,displacement-report-draft-v1
MOCK_S24,MOCK_G12,3,non_speaking,right_cheek,self,0.007646133878747449,0.0076461338787474475,MOCK_S24_non_speaking_right_cheek,2,900,2f4ead7effcfb338823a4d894369ee055516e0014a04cf16ff0d6ce75ce14469,displacement_mean_euclidean_error,evaluable,,120,0,0,True,MOCK DATA / NOT A SCIENTIFIC RESULT,displacement-report-draft-v1
MOCK_S24,MOCK_G12,3,non_speaking,right_cheek,full,0.007051551801956915,0.007051551801956914,MOCK_S24_non_speaking_right_cheek,2,900,2f4ead7effcfb338823a4d894369ee055516e0014a04cf16ff0d6ce75ce14469,displacement_mean_euclidean_error,evaluable,,120,105,810,True,MOCK DATA / NOT A SCIENTIFIC RESULT,displacement-report-draft-v1
MOCK_S24,MOCK_G12,3,non_speaking,right_cheek,pcmci,0.007382657847477188,0.007382657847477188,MOCK_S24_non_speaking_right_cheek,2,900,2f4ead7effcfb338823a4d894369ee055516e0014a04cf16ff0d6ce75ce14469,displacement_mean_euclidean_error,evaluable,,120,3,38,True,MOCK DATA / NOT A SCIENTIFIC RESULT,displacement-report-draft-v1
MOCK_S24,MOCK_G12,3,non_speaking,mouth,persistence,0.006644137657012554,,MOCK_S24_non_speaking_mouth,8,900,2f4ead7effcfb338823a4d894369ee055516e0014a04cf16ff0d6ce75ce14469,displacement_mean_euclidean_error,evaluable,,480,0,0,True,MOCK DATA / NOT A SCIENTIFIC RESULT,displacement-report-draft-v1
MOCK_S24,MOCK_G12,3,non_speaking,mouth,self,0.007946133878747449,0.007946133878747447,MOCK_S24_non_speaking_mouth,8,900,2f4ead7effcfb338823a4d894369ee055516e0014a04cf16ff0d6ce75ce14469,displacement_mean_euclidean_error,evaluable,,480,0,0,True,MOCK DATA / NOT A SCIENTIFIC RESULT,displacement-report-draft-v1
MOCK_S24,MOCK_G12,3,non_speaking,mouth,full,0.00812844024250384,0.00812844024250384,MOCK_S24_non_speaking_mouth,8,900,2f4ead7effcfb338823a4d894369ee055516e0014a04cf16ff0d6ce75ce14469,displacement_mean_euclidean_error,evaluable,,480,105,630,True,MOCK DATA / NOT A SCIENTIFIC RESULT,displacement-report-draft-v1
MOCK_S24,MOCK_G12,3,non_speaking,mouth,pcmci,0.008294730038433465,0.008294730038433465,MOCK_S24_non_speaking_mouth,8,900,2f4ead7effcfb338823a4d894369ee055516e0014a04cf16ff0d6ce75ce14469,displacement_mean_euclidean_error,evaluable,,480,3,18,True,MOCK DATA / NOT A SCIENTIFIC RESULT,displacement-report-draft-v1
MOCK_S24,MOCK_G12,3,non_speaking,jaw,persistence,0.006675868666828433,,MOCK_S24_non_speaking_jaw,3,900,2f4ead7effcfb338823a4d894369ee055516e0014a04cf16ff0d6ce75ce14469,displacement_mean_euclidean_error,evaluable,,180,0,0,True,MOCK DATA / NOT A SCIENTIFIC RESULT,displacement-report-draft-v1
MOCK_S24,MOCK_G12,3,non_speaking,jaw,self,0.008246133878747446,0.008246133878747447,MOCK_S24_non_speaking_jaw,3,900,2f4ead7effcfb338823a4d894369ee055516e0014a04cf16ff0d6ce75ce14469,displacement_mean_euclidean_error,evaluable,,180,0,0,True,MOCK DATA / NOT A SCIENTIFIC RESULT,displacement-report-draft-v1
MOCK_S24,MOCK_G12,3,non_speaking,jaw,full,0.008532049589416963,0.008532049589416965,MOCK_S24_non_speaking_jaw,3,900,2f4ead7effcfb338823a4d894369ee055516e0014a04cf16ff0d6ce75ce14469,displacement_mean_euclidean_error,evaluable,,180,105,780,True,MOCK DATA / NOT A SCIENTIFIC RESULT,displacement-report-draft-v1
MOCK_S24,MOCK_G12,3,non_speaking,jaw,pcmci,0.008472576603089298,0.0084725766030893,MOCK_S24_non_speaking_jaw,3,900,2f4ead7effcfb338823a4d894369ee055516e0014a04cf16ff0d6ce75ce14469,displacement_mean_euclidean_error,evaluable,,180,3,20,True,MOCK DATA / NOT A SCIENTIFIC RESULT,displacement-report-draft-v1
MOCK_S25,MOCK_G13,4,speaking,left_brow,persistence,0.0064940620236611235,,MOCK_S25_speaking_left_brow,3,900,8966ac2d059abccbb64c68311d51d1137e876b72993e40e09cd073adc7aae8cf,displacement_mean_euclidean_error,evaluable,,180,0,0,True,MOCK DATA / NOT A SCIENTIFIC RESULT,displacement-report-draft-v1
MOCK_S25,MOCK_G13,4,speaking,left_brow,self,0.005728326491398012,0.005728326491398013,MOCK_S25_speaking_left_brow,3,900,8966ac2d059abccbb64c68311d51d1137e876b72993e40e09cd073adc7aae8cf,displacement_mean_euclidean_error,evaluable,,180,0,0,True,MOCK DATA / NOT A SCIENTIFIC RESULT,displacement-report-draft-v1
MOCK_S25,MOCK_G13,4,speaking,left_brow,full,0.006047418490292362,0.006047418490292363,MOCK_S25_speaking_left_brow,3,900,8966ac2d059abccbb64c68311d51d1137e876b72993e40e09cd073adc7aae8cf,displacement_mean_euclidean_error,evaluable,,180,90,720,True,MOCK DATA / NOT A SCIENTIFIC RESULT,displacement-report-draft-v1
MOCK_S25,MOCK_G13,4,speaking,left_brow,pcmci,0.00599560235632063,0.005995602356320632,MOCK_S25_speaking_left_brow,3,900,8966ac2d059abccbb64c68311d51d1137e876b72993e40e09cd073adc7aae8cf,displacement_mean_euclidean_error,evaluable,,180,3,20,True,MOCK DATA / NOT A SCIENTIFIC RESULT,displacement-report-draft-v1
MOCK_S25,MOCK_G13,4,speaking,right_brow,persistence,0.006494843323465389,,MOCK_S25_speaking_right_brow,3,900,8966ac2d059abccbb64c68311d51d1137e876b72993e40e09cd073adc7aae8cf,displacement_mean_euclidean_error,evaluable,,180,0,0,True,MOCK DATA / NOT A SCIENTIFIC RESULT,displacement-report-draft-v1
MOCK_S25,MOCK_G13,4,speaking,right_brow,self,0.006028326491398014,0.006028326491398013,MOCK_S25_speaking_right_brow,3,900,8966ac2d059abccbb64c68311d51d1137e876b72993e40e09cd073adc7aae8cf,displacement_mean_euclidean_error,evaluable,,180,0,0,True,MOCK DATA / NOT A SCIENTIFIC RESULT,displacement-report-draft-v1
MOCK_S25,MOCK_G13,4,speaking,right_brow,full,0.005751133012469147,0.005751133012469147,MOCK_S25_speaking_right_brow,3,900,8966ac2d059abccbb64c68311d51d1137e876b72993e40e09cd073adc7aae8cf,displacement_mean_euclidean_error,evaluable,,180,90,720,True,MOCK DATA / NOT A SCIENTIFIC RESULT,displacement-report-draft-v1
MOCK_S25,MOCK_G13,4,speaking,right_brow,pcmci,0.006349656255630681,0.00634965625563068,MOCK_S25_speaking_right_brow,3,900,8966ac2d059abccbb64c68311d51d1137e876b72993e40e09cd073adc7aae8cf,displacement_mean_euclidean_error,evaluable,,180,3,20,True,MOCK DATA / NOT A SCIENTIFIC RESULT,displacement-report-draft-v1
MOCK_S25,MOCK_G13,4,speaking,left_eyelid,persistence,0.006446913000087728,,MOCK_S25_speaking_left_eyelid,4,900,8966ac2d059abccbb64c68311d51d1137e876b72993e40e09cd073adc7aae8cf,displacement_mean_euclidean_error,evaluable,,240,0,0,True,MOCK DATA / NOT A SCIENTIFIC RESULT,displacement-report-draft-v1
MOCK_S25,MOCK_G13,4,speaking,left_eyelid,self,0.006328326491398013,0.006328326491398013,MOCK_S25_speaking_left_eyelid,4,900,8966ac2d059abccbb64c68311d51d1137e876b72993e40e09cd073adc7aae8cf,displacement_mean_euclidean_error,evaluable,,240,0,0,True,MOCK DATA / NOT A SCIENTIFIC RESULT,displacement-report-draft-v1
MOCK_S25,MOCK_G13,4,speaking,left_eyelid,full,0.00520403047728486,0.00520403047728486,MOCK_S25_speaking_left_eyelid,4,900,8966ac2d059abccbb64c68311d51d1137e876b72993e40e09cd073adc7aae8cf,displacement_mean_euclidean_error,evaluable,,240,90,690,True,MOCK DATA / NOT A SCIENTIFIC RESULT,displacement-report-draft-v1
MOCK_S25,MOCK_G13,4,speaking,left_eyelid,pcmci,0.005994553126874672,0.005994553126874672,MOCK_S25_speaking_left_eyelid,4,900,8966ac2d059abccbb64c68311d51d1137e876b72993e40e09cd073adc7aae8cf,displacement_mean_euclidean_error,evaluable,,240,2,16,True,MOCK DATA / NOT A SCIENTIFIC RESULT,displacement-report-draft-v1
MOCK_S25,MOCK_G13,4,speaking,right_eyelid,persistence,0.006420510633331431,,MOCK_S25_speaking_right_eyelid,4,900,8966ac2d059abccbb64c68311d51d1137e876b72993e40e09cd073adc7aae8cf,displacement_mean_euclidean_error,evaluable,,240,0,0,True,MOCK DATA / NOT A SCIENTIFIC RESULT,displacement-report-draft-v1
MOCK_S25,MOCK_G13,4,speaking,right_eyelid,self,0.006628326491398013,0.006628326491398013,MOCK_S25_speaking_right_eyelid,4,900,8966ac2d059abccbb64c68311d51d1137e876b72993e40e09cd073adc7aae8cf,displacement_mean_euclidean_error,evaluable,,240,0,0,True,MOCK DATA / NOT A SCIENTIFIC RESULT,displacement-report-draft-v1
MOCK_S25,MOCK_G13,4,speaking,right_eyelid,full,0.005184933048974442,0.005184933048974443,MOCK_S25_speaking_right_eyelid,4,900,8966ac2d059abccbb64c68311d51d1137e876b72993e40e09cd073adc7aae8cf,displacement_mean_euclidean_error,evaluable,,240,90,690,True,MOCK DATA / NOT A SCIENTIFIC RESULT,displacement-report-draft-v1
MOCK_S25,MOCK_G13,4,speaking,right_eyelid,pcmci,0.005532591765468015,0.005532591765468015,MOCK_S25_speaking_right_eyelid,4,900,8966ac2d059abccbb64c68311d51d1137e876b72993e40e09cd073adc7aae8cf,displacement_mean_euclidean_error,evaluable,,240,3,24,True,MOCK DATA / NOT A SCIENTIFIC RESULT,displacement-report-draft-v1
MOCK_S25,MOCK_G13,4,speaking,left_cheek,persistence,0.006519183615030629,,MOCK_S25_speaking_left_cheek,2,900,8966ac2d059abccbb64c68311d51d1137e876b72993e40e09cd073adc7aae8cf,displacement_mean_euclidean_error,evaluable,,120,0,0,True,MOCK DATA / NOT A SCIENTIFIC RESULT,displacement-report-draft-v1
MOCK_S25,MOCK_G13,4,speaking,left_cheek,self,0.006928326491398011,0.006928326491398013,MOCK_S25_speaking_left_cheek,2,900,8966ac2d059abccbb64c68311d51d1137e876b72993e40e09cd073adc7aae8cf,displacement_mean_euclidean_error,evaluable,,120,0,0,True,MOCK DATA / NOT A SCIENTIFIC RESULT,displacement-report-draft-v1
MOCK_S25,MOCK_G13,4,speaking,left_cheek,full,0.005987217431533306,0.005987217431533306,MOCK_S25_speaking_left_cheek,2,900,8966ac2d059abccbb64c68311d51d1137e876b72993e40e09cd073adc7aae8cf,displacement_mean_euclidean_error,evaluable,,120,90,750,True,MOCK DATA / NOT A SCIENTIFIC RESULT,displacement-report-draft-v1
MOCK_S25,MOCK_G13,4,speaking,left_cheek,pcmci,0.005664315933123136,0.005664315933123136,MOCK_S25_speaking_left_cheek,2,900,8966ac2d059abccbb64c68311d51d1137e876b72993e40e09cd073adc7aae8cf,displacement_mean_euclidean_error,evaluable,,120,1,6,True,MOCK DATA / NOT A SCIENTIFIC RESULT,displacement-report-draft-v1
MOCK_S25,MOCK_G13,4,speaking,right_cheek,persistence,,,MOCK_S25_speaking_right_cheek,2,0,8966ac2d059abccbb64c68311d51d1137e876b72993e40e09cd073adc7aae8cf,displacement_mean_euclidean_error,unevaluable,mock_train_region_unavailable,120,0,0,True,MOCK DATA / NOT A SCIENTIFIC RESULT,displacement-report-draft-v1
MOCK_S25,MOCK_G13,4,speaking,right_cheek,self,,0.007228326491398013,MOCK_S25_speaking_right_cheek,2,0,8966ac2d059abccbb64c68311d51d1137e876b72993e40e09cd073adc7aae8cf,displacement_mean_euclidean_error,unevaluable,mock_train_region_unavailable,120,0,0,True,MOCK DATA / NOT A SCIENTIFIC RESULT,displacement-report-draft-v1
MOCK_S25,MOCK_G13,4,speaking,right_cheek,full,,0.00714908568003994,MOCK_S25_speaking_right_cheek,2,0,8966ac2d059abccbb64c68311d51d1137e876b72993e40e09cd073adc7aae8cf,displacement_mean_euclidean_error,unevaluable,mock_train_region_unavailable,120,0,0,True,MOCK DATA / NOT A SCIENTIFIC RESULT,displacement-report-draft-v1
MOCK_S25,MOCK_G13,4,speaking,right_cheek,pcmci,,0.007228326491398013,MOCK_S25_speaking_right_cheek,2,0,8966ac2d059abccbb64c68311d51d1137e876b72993e40e09cd073adc7aae8cf,displacement_mean_euclidean_error,unevaluable,mock_train_region_unavailable,120,0,0,True,MOCK DATA / NOT A SCIENTIFIC RESULT,displacement-report-draft-v1
MOCK_S25,MOCK_G13,4,speaking,mouth,persistence,0.006743184455536772,,MOCK_S25_speaking_mouth,8,900,8966ac2d059abccbb64c68311d51d1137e876b72993e40e09cd073adc7aae8cf,displacement_mean_euclidean_error,evaluable,,480,0,0,True,MOCK DATA / NOT A SCIENTIFIC RESULT,displacement-report-draft-v1
MOCK_S25,MOCK_G13,4,speaking,mouth,self,0.0075283264913980135,0.007528326491398013,MOCK_S25_speaking_mouth,8,900,8966ac2d059abccbb64c68311d51d1137e876b72993e40e09cd073adc7aae8cf,displacement_mean_euclidean_error,evaluable,,480,0,0,True,MOCK DATA / NOT A SCIENTIFIC RESULT,displacement-report-draft-v1
MOCK_S25,MOCK_G13,4,speaking,mouth,full,0.007878140101526415,0.007878140101526415,MOCK_S25_speaking_mouth,8,900,8966ac2d059abccbb64c68311d51d1137e876b72993e40e09cd073adc7aae8cf,displacement_mean_euclidean_error,evaluable,,480,90,570,True,MOCK DATA / NOT A SCIENTIFIC RESULT,displacement-report-draft-v1
MOCK_S25,MOCK_G13,4,speaking,mouth,pcmci,0.007639595693405481,0.007639595693405481,MOCK_S25_speaking_mouth,8,900,8966ac2d059abccbb64c68311d51d1137e876b72993e40e09cd073adc7aae8cf,displacement_mean_euclidean_error,evaluable,,480,3,18,True,MOCK DATA / NOT A SCIENTIFIC RESULT,displacement-report-draft-v1
MOCK_S25,MOCK_G13,4,speaking,jaw,persistence,0.006729665527786863,,MOCK_S25_speaking_jaw,3,900,8966ac2d059abccbb64c68311d51d1137e876b72993e40e09cd073adc7aae8cf,displacement_mean_euclidean_error,evaluable,,180,0,0,True,MOCK DATA / NOT A SCIENTIFIC RESULT,displacement-report-draft-v1
MOCK_S25,MOCK_G13,4,speaking,jaw,self,0.00782832649139801,0.007828326491398013,MOCK_S25_speaking_jaw,3,900,8966ac2d059abccbb64c68311d51d1137e876b72993e40e09cd073adc7aae8cf,displacement_mean_euclidean_error,evaluable,,180,0,0,True,MOCK DATA / NOT A SCIENTIFIC RESULT,displacement-report-draft-v1
MOCK_S25,MOCK_G13,4,speaking,jaw,full,0.007779910039563907,0.007779910039563908,MOCK_S25_speaking_jaw,3,900,8966ac2d059abccbb64c68311d51d1137e876b72993e40e09cd073adc7aae8cf,displacement_mean_euclidean_error,evaluable,,180,90,720,True,MOCK DATA / NOT A SCIENTIFIC RESULT,displacement-report-draft-v1
MOCK_S25,MOCK_G13,4,speaking,jaw,pcmci,0.008218725416856679,0.00821872541685668,MOCK_S25_speaking_jaw,3,900,8966ac2d059abccbb64c68311d51d1137e876b72993e40e09cd073adc7aae8cf,displacement_mean_euclidean_error,evaluable,,180,3,20,True,MOCK DATA / NOT A SCIENTIFIC RESULT,displacement-report-draft-v1
MOCK_S25,MOCK_G13,4,non_speaking,left_brow,persistence,0.006383114709552098,,MOCK_S25_non_speaking_left_brow,3,900,d6a6e0ba3972a4d65d5e9bb718ff060844f74deba7121cebfa26bef99a12fbb7,displacement_mean_euclidean_error,evaluable,,180,0,0,True,MOCK DATA / NOT A SCIENTIFIC RESULT,displacement-report-draft-v1
MOCK_S25,MOCK_G13,4,non_speaking,left_brow,self,0.0061283264913980125,0.006128326491398013,MOCK_S25_non_speaking_left_brow,3,900,d6a6e0ba3972a4d65d5e9bb718ff060844f74deba7121cebfa26bef99a12fbb7,displacement_mean_euclidean_error,evaluable,,180,0,0,True,MOCK DATA / NOT A SCIENTIFIC RESULT,displacement-report-draft-v1
MOCK_S25,MOCK_G13,4,non_speaking,left_brow,full,0.006447418490292362,0.006447418490292363,MOCK_S25_non_speaking_left_brow,3,900,d6a6e0ba3972a4d65d5e9bb718ff060844f74deba7121cebfa26bef99a12fbb7,displacement_mean_euclidean_error,evaluable,,180,90,720,True,MOCK DATA / NOT A SCIENTIFIC RESULT,displacement-report-draft-v1
MOCK_S25,MOCK_G13,4,non_speaking,left_brow,pcmci,0.00644965625563068,0.0064496562556306805,MOCK_S25_non_speaking_left_brow,3,900,d6a6e0ba3972a4d65d5e9bb718ff060844f74deba7121cebfa26bef99a12fbb7,displacement_mean_euclidean_error,evaluable,,180,3,20,True,MOCK DATA / NOT A SCIENTIFIC RESULT,displacement-report-draft-v1
MOCK_S25,MOCK_G13,4,non_speaking,right_brow,persistence,0.006611812834935037,,MOCK_S25_non_speaking_right_brow,3,900,d6a6e0ba3972a4d65d5e9bb718ff060844f74deba7121cebfa26bef99a12fbb7,displacement_mean_euclidean_error,evaluable,,180,0,0,True,MOCK DATA / NOT A SCIENTIFIC RESULT,displacement-report-draft-v1
MOCK_S25,MOCK_G13,4,non_speaking,right_brow,self,0.006428326491398013,0.006428326491398013,MOCK_S25_non_speaking_right_brow,3,900,d6a6e0ba3972a4d65d5e9bb718ff060844f74deba7121cebfa26bef99a12fbb7,displacement_mean_euclidean_error,evaluable,,180,0,0,True,MOCK DATA / NOT A SCIENTIFIC RESULT,displacement-report-draft-v1
MOCK_S25,MOCK_G13,4,non_speaking,right_brow,full,0.006151133012469147,0.006151133012469147,MOCK_S25_non_speaking_right_brow,3,900,d6a6e0ba3972a4d65d5e9bb718ff060844f74deba7121cebfa26bef99a12fbb7,displacement_mean_euclidean_error,evaluable,,180,90,720,True,MOCK DATA / NOT A SCIENTIFIC RESULT,displacement-report-draft-v1
MOCK_S25,MOCK_G13,4,non_speaking,right_brow,pcmci,0.006094553126874672,0.006094553126874672,MOCK_S25_non_speaking_right_brow,3,900,d6a6e0ba3972a4d65d5e9bb718ff060844f74deba7121cebfa26bef99a12fbb7,displacement_mean_euclidean_error,evaluable,,180,3,20,True,MOCK DATA / NOT A SCIENTIFIC RESULT,displacement-report-draft-v1
MOCK_S25,MOCK_G13,4,non_speaking,left_eyelid,persistence,0.006520055020862267,,MOCK_S25_non_speaking_left_eyelid,4,900,d6a6e0ba3972a4d65d5e9bb718ff060844f74deba7121cebfa26bef99a12fbb7,displacement_mean_euclidean_error,evaluable,,240,0,0,True,MOCK DATA / NOT A SCIENTIFIC RESULT,displacement-report-draft-v1
MOCK_S25,MOCK_G13,4,non_speaking,left_eyelid,self,0.006728326491398013,0.006728326491398013,MOCK_S25_non_speaking_left_eyelid,4,900,d6a6e0ba3972a4d65d5e9bb718ff060844f74deba7121cebfa26bef99a12fbb7,displacement_mean_euclidean_error,evaluable,,240,0,0,True,MOCK DATA / NOT A SCIENTIFIC RESULT,displacement-report-draft-v1
MOCK_S25,MOCK_G13,4,non_speaking,left_eyelid,full,0.00560403047728486,0.00560403047728486,MOCK_S25_non_speaking_left_eyelid,4,900,d6a6e0ba3972a4d65d5e9bb718ff060844f74deba7121cebfa26bef99a12fbb7,displacement_mean_euclidean_error,evaluable,,240,90,690,True,MOCK DATA / NOT A SCIENTIFIC RESULT,displacement-report-draft-v1
MOCK_S25,MOCK_G13,4,non_speaking,left_eyelid,pcmci,0.005632591765468016,0.0056325917654680155,MOCK_S25_non_speaking_left_eyelid,4,900,d6a6e0ba3972a4d65d5e9bb718ff060844f74deba7121cebfa26bef99a12fbb7,displacement_mean_euclidean_error,evaluable,,240,2,16,True,MOCK DATA / NOT A SCIENTIFIC RESULT,displacement-report-draft-v1
MOCK_S25,MOCK_G13,4,non_speaking,right_eyelid,persistence,0.006535815560063536,,MOCK_S25_non_speaking_right_eyelid,4,900,d6a6e0ba3972a4d65d5e9bb718ff060844f74deba7121cebfa26bef99a12fbb7,displacement_mean_euclidean_error,evaluable,,240,0,0,True,MOCK DATA / NOT A SCIENTIFIC RESULT,displacement-report-draft-v1
MOCK_S25,MOCK_G13,4,non_speaking,right_eyelid,self,0.007028326491398014,0.007028326491398013,MOCK_S25_non_speaking_right_eyelid,4,900,d6a6e0ba3972a4d65d5e9bb718ff060844f74deba7121cebfa26bef99a12fbb7,displacement_mean_euclidean_error,evaluable,,240,0,0,True,MOCK DATA / NOT A SCIENTIFIC RESULT,displacement-report-draft-v1
MOCK_S25,MOCK_G13,4,non_speaking,right_eyelid,full,0.005584933048974444,0.005584933048974443,MOCK_S25_non_speaking_right_eyelid,4,900,d6a6e0ba3972a4d65d5e9bb718ff060844f74deba7121cebfa26bef99a12fbb7,displacement_mean_euclidean_error,evaluable,,240,90,690,True,MOCK DATA / NOT A SCIENTIFIC RESULT,displacement-report-draft-v1
MOCK_S25,MOCK_G13,4,non_speaking,right_eyelid,pcmci,0.005764315933123136,0.005764315933123136,MOCK_S25_non_speaking_right_eyelid,4,900,d6a6e0ba3972a4d65d5e9bb718ff060844f74deba7121cebfa26bef99a12fbb7,displacement_mean_euclidean_error,evaluable,,240,3,24,True,MOCK DATA / NOT A SCIENTIFIC RESULT,displacement-report-draft-v1
MOCK_S25,MOCK_G13,4,non_speaking,left_cheek,persistence,0.006651407700275015,,MOCK_S25_non_speaking_left_cheek,2,900,d6a6e0ba3972a4d65d5e9bb718ff060844f74deba7121cebfa26bef99a12fbb7,displacement_mean_euclidean_error,evaluable,,120,0,0,True,MOCK DATA / NOT A SCIENTIFIC RESULT,displacement-report-draft-v1
MOCK_S25,MOCK_G13,4,non_speaking,left_cheek,self,0.007328326491398012,0.007328326491398013,MOCK_S25_non_speaking_left_cheek,2,900,d6a6e0ba3972a4d65d5e9bb718ff060844f74deba7121cebfa26bef99a12fbb7,displacement_mean_euclidean_error,evaluable,,120,0,0,True,MOCK DATA / NOT A SCIENTIFIC RESULT,displacement-report-draft-v1
MOCK_S25,MOCK_G13,4,non_speaking,left_cheek,full,0.006387217431533306,0.006387217431533306,MOCK_S25_non_speaking_left_cheek,2,900,d6a6e0ba3972a4d65d5e9bb718ff060844f74deba7121cebfa26bef99a12fbb7,displacement_mean_euclidean_error,evaluable,,120,90,750,True,MOCK DATA / NOT A SCIENTIFIC RESULT,displacement-report-draft-v1
MOCK_S25,MOCK_G13,4,non_speaking,left_cheek,pcmci,0.006644437654054155,0.006644437654054156,MOCK_S25_non_speaking_left_cheek,2,900,d6a6e0ba3972a4d65d5e9bb718ff060844f74deba7121cebfa26bef99a12fbb7,displacement_mean_euclidean_error,evaluable,,120,1,6,True,MOCK DATA / NOT A SCIENTIFIC RESULT,displacement-report-draft-v1
MOCK_S25,MOCK_G13,4,non_speaking,right_cheek,persistence,,,MOCK_S25_non_speaking_right_cheek,2,0,d6a6e0ba3972a4d65d5e9bb718ff060844f74deba7121cebfa26bef99a12fbb7,displacement_mean_euclidean_error,unevaluable,mock_train_region_unavailable,120,0,0,True,MOCK DATA / NOT A SCIENTIFIC RESULT,displacement-report-draft-v1
MOCK_S25,MOCK_G13,4,non_speaking,right_cheek,self,,0.007628326491398012,MOCK_S25_non_speaking_right_cheek,2,0,d6a6e0ba3972a4d65d5e9bb718ff060844f74deba7121cebfa26bef99a12fbb7,displacement_mean_euclidean_error,unevaluable,mock_train_region_unavailable,120,0,0,True,MOCK DATA / NOT A SCIENTIFIC RESULT,displacement-report-draft-v1
MOCK_S25,MOCK_G13,4,non_speaking,right_cheek,full,,0.007549085680039939,MOCK_S25_non_speaking_right_cheek,2,0,d6a6e0ba3972a4d65d5e9bb718ff060844f74deba7121cebfa26bef99a12fbb7,displacement_mean_euclidean_error,unevaluable,mock_train_region_unavailable,120,0,0,True,MOCK DATA / NOT A SCIENTIFIC RESULT,displacement-report-draft-v1
MOCK_S25,MOCK_G13,4,non_speaking,right_cheek,pcmci,,0.007628326491398012,MOCK_S25_non_speaking_right_cheek,2,0,d6a6e0ba3972a4d65d5e9bb718ff060844f74deba7121cebfa26bef99a12fbb7,displacement_mean_euclidean_error,unevaluable,mock_train_region_unavailable,120,0,0,True,MOCK DATA / NOT A SCIENTIFIC RESULT,displacement-report-draft-v1
MOCK_S25,MOCK_G13,4,non_speaking,mouth,persistence,0.006689888146329002,,MOCK_S25_non_speaking_mouth,8,900,d6a6e0ba3972a4d65d5e9bb718ff060844f74deba7121cebfa26bef99a12fbb7,displacement_mean_euclidean_error,evaluable,,480,0,0,True,MOCK DATA / NOT A SCIENTIFIC RESULT,displacement-report-draft-v1
MOCK_S25,MOCK_G13,4,non_speaking,mouth,self,0.007928326491398012,0.007928326491398012,MOCK_S25_non_speaking_mouth,8,900,d6a6e0ba3972a4d65d5e9bb718ff060844f74deba7121cebfa26bef99a12fbb7,displacement_mean_euclidean_error,evaluable,,480,0,0,True,MOCK DATA / NOT A SCIENTIFIC RESULT,displacement-report-draft-v1
MOCK_S25,MOCK_G13,4,non_speaking,mouth,full,0.008278140101526412,0.008278140101526414,MOCK_S25_non_speaking_mouth,8,900,d6a6e0ba3972a4d65d5e9bb718ff060844f74deba7121cebfa26bef99a12fbb7,displacement_mean_euclidean_error,evaluable,,480,90,570,True,MOCK DATA / NOT A SCIENTIFIC RESULT,displacement-report-draft-v1
MOCK_S25,MOCK_G13,4,non_speaking,mouth,pcmci,0.008318725416856678,0.00831872541685668,MOCK_S25_non_speaking_mouth,8,900,d6a6e0ba3972a4d65d5e9bb718ff060844f74deba7121cebfa26bef99a12fbb7,displacement_mean_euclidean_error,evaluable,,480,3,18,True,MOCK DATA / NOT A SCIENTIFIC RESULT,displacement-report-draft-v1
MOCK_S25,MOCK_G13,4,non_speaking,jaw,persistence,0.006765334036108849,,MOCK_S25_non_speaking_jaw,3,900,d6a6e0ba3972a4d65d5e9bb718ff060844f74deba7121cebfa26bef99a12fbb7,displacement_mean_euclidean_error,evaluable,,180,0,0,True,MOCK DATA / NOT A SCIENTIFIC RESULT,displacement-report-draft-v1
MOCK_S25,MOCK_G13,4,non_speaking,jaw,self,0.008228326491398012,0.008228326491398012,MOCK_S25_non_speaking_jaw,3,900,d6a6e0ba3972a4d65d5e9bb718ff060844f74deba7121cebfa26bef99a12fbb7,displacement_mean_euclidean_error,evaluable,,180,0,0,True,MOCK DATA / NOT A SCIENTIFIC RESULT,displacement-report-draft-v1
MOCK_S25,MOCK_G13,4,non_speaking,jaw,full,0.008179910039563906,0.008179910039563906,MOCK_S25_non_speaking_jaw,3,900,d6a6e0ba3972a4d65d5e9bb718ff060844f74deba7121cebfa26bef99a12fbb7,displacement_mean_euclidean_error,evaluable,,180,90,720,True,MOCK DATA / NOT A SCIENTIFIC RESULT,displacement-report-draft-v1
MOCK_S25,MOCK_G13,4,non_speaking,jaw,pcmci,0.008125196243939396,0.008125196243939396,MOCK_S25_non_speaking_jaw,3,900,d6a6e0ba3972a4d65d5e9bb718ff060844f74deba7121cebfa26bef99a12fbb7,displacement_mean_euclidean_error,evaluable,,180,3,20,True,MOCK DATA / NOT A SCIENTIFIC RESULT,displacement-report-draft-v1
MOCK_S26,MOCK_G13,4,speaking,left_brow,persistence,0.006433245259870009,,MOCK_S26_speaking_left_brow,3,900,d797bc52f6e0c6672087ae05091b3a56028a1fcc66afb28bd0b44adbfcca8f12,displacement_mean_euclidean_error,evaluable,,180,0,0,True,MOCK DATA / NOT A SCIENTIFIC RESULT,displacement-report-draft-v1
MOCK_S26,MOCK_G13,4,speaking,left_brow,self,0.005960294474970667,0.005960294474970668,MOCK_S26_speaking_left_brow,3,900,d797bc52f6e0c6672087ae05091b3a56028a1fcc66afb28bd0b44adbfcca8f12,displacement_mean_euclidean_error,evaluable,,180,0,0,True,MOCK DATA / NOT A SCIENTIFIC RESULT,displacement-report-draft-v1
MOCK_S26,MOCK_G13,4,speaking,left_brow,full,0.0059955535311120725,0.005995553531112073,MOCK_S26_speaking_left_brow,3,900,d797bc52f6e0c6672087ae05091b3a56028a1fcc66afb28bd0b44adbfcca8f12,displacement_mean_euclidean_error,evaluable,,180,90,720,True,MOCK DATA / NOT A SCIENTIFIC RESULT,displacement-report-draft-v1
MOCK_S26,MOCK_G13,4,speaking,left_brow,pcmci,0.006358423012272462,0.006358423012272462,MOCK_S26_speaking_left_brow,3,900,d797bc52f6e0c6672087ae05091b3a56028a1fcc66afb28bd0b44adbfcca8f12,displacement_mean_euclidean_error,evaluable,,180,3,20,True,MOCK DATA / NOT A SCIENTIFIC RESULT,displacement-report-draft-v1
MOCK_S26,MOCK_G13,4,speaking,right_brow,persistence,0.0065568068961794285,,MOCK_S26_speaking_right_brow,3,900,d797bc52f6e0c6672087ae05091b3a56028a1fcc66afb28bd0b44adbfcca8f12,displacement_mean_euclidean_error,evaluable,,180,0,0,True,MOCK DATA / NOT A SCIENTIFIC RESULT,displacement-report-draft-v1
MOCK_S26,MOCK_G13,4,speaking,right_brow,self,0.006260294474970669,0.006260294474970668,MOCK_S26_speaking_right_brow,3,900,d797bc52f6e0c6672087ae05091b3a56028a1fcc66afb28bd0b44adbfcca8f12,displacement_mean_euclidean_error,evaluable,,180,0,0,True,MOCK DATA / NOT A SCIENTIFIC RESULT,displacement-report-draft-v1
MOCK_S26,MOCK_G13,4,speaking,right_brow,full,0.005451181489972109,0.005451181489972109,MOCK_S26_speaking_right_brow,3,900,d797bc52f6e0c6672087ae05091b3a56028a1fcc66afb28bd0b44adbfcca8f12,displacement_mean_euclidean_error,evaluable,,180,90,720,True,MOCK DATA / NOT A SCIENTIFIC RESULT,displacement-report-draft-v1
MOCK_S26,MOCK_G13,4,speaking,right_brow,pcmci,0.006315977038784076,0.006315977038784077,MOCK_S26_speaking_right_brow,3,900,d797bc52f6e0c6672087ae05091b3a56028a1fcc66afb28bd0b44adbfcca8f12,displacement_mean_euclidean_error,evaluable,,180,3,20,True,MOCK DATA / NOT A SCIENTIFIC RESULT,displacement-report-draft-v1
MOCK_S26,MOCK_G13,4,speaking,left_eyelid,persistence,0.0066791239690888364,,MOCK_S26_speaking_left_eyelid,4,900,d797bc52f6e0c6672087ae05091b3a56028a1fcc66afb28bd0b44adbfcca8f12,displacement_mean_euclidean_error,evaluable,,240,0,0,True,MOCK DATA / NOT A SCIENTIFIC RESULT,displacement-report-draft-v1
MOCK_S26,MOCK_G13,4,speaking,left_eyelid,self,0.00656029447497067,0.006560294474970668,MOCK_S26_speaking_left_eyelid,4,900,d797bc52f6e0c6672087ae05091b3a56028a1fcc66afb28bd0b44adbfcca8f12,displacement_mean_euclidean_error,evaluable,,240,0,0,True,MOCK DATA / NOT A SCIENTIFIC RESULT,displacement-report-draft-v1
MOCK_S26,MOCK_G13,4,speaking,left_eyelid,full,0.005145036732279068,0.005145036732279067,MOCK_S26_speaking_left_eyelid,4,900,d797bc52f6e0c6672087ae05091b3a56028a1fcc66afb28bd0b44adbfcca8f12,displacement_mean_euclidean_error,evaluable,,240,90,690,True,MOCK DATA / NOT A SCIENTIFIC RESULT,displacement-report-draft-v1
MOCK_S26,MOCK_G13,4,speaking,left_eyelid,pcmci,0.005808608848200271,0.005808608848200269,MOCK_S26_speaking_left_eyelid,4,900,d797bc52f6e0c6672087ae05091b3a56028a1fcc66afb28bd0b44adbfcca8f12,displacement_mean_euclidean_error,evaluable,,240,2,16,True,MOCK DATA / NOT A SCIENTIFIC RESULT,displacement-report-draft-v1
MOCK_S26,MOCK_G13,4,speaking,right_eyelid,persistence,0.0066372270899425975,,MOCK_S26_speaking_right_eyelid,4,900,d797bc52f6e0c6672087ae05091b3a56028a1fcc66afb28bd0b44adbfcca8f12,displacement_mean_euclidean_error,evaluable,,240,0,0,True,MOCK DATA / NOT A SCIENTIFIC RESULT,displacement-report-draft-v1
MOCK_S26,MOCK_G13,4,speaking,right_eyelid,self,0.006860294474970667,0.006860294474970668,MOCK_S26_speaking_right_eyelid,4,900,d797bc52f6e0c6672087ae05091b3a56028a1fcc66afb28bd0b44adbfcca8f12,displacement_mean_euclidean_error,evaluable,,240,0,0,True,MOCK DATA / NOT A SCIENTIFIC RESULT,displacement-report-draft-v1
MOCK_S26,MOCK_G13,4,speaking,right_eyelid,full,0.0056344059528761585,0.005634405952876159,MOCK_S26_speaking_right_eyelid,4,900,d797bc52f6e0c6672087ae05091b3a56028a1fcc66afb28bd0b44adbfcca8f12,displacement_mean_euclidean_error,evaluable,,240,90,690,True,MOCK DATA / NOT A SCIENTIFIC RESULT,displacement-report-draft-v1
MOCK_S26,MOCK_G13,4,speaking,right_eyelid,pcmci,0.005578609031574616,0.005578609031574617,MOCK_S26_speaking_right_eyelid,4,900,d797bc52f6e0c6672087ae05091b3a56028a1fcc66afb28bd0b44adbfcca8f12,displacement_mean_euclidean_error,evaluable,,240,3,24,True,MOCK DATA / NOT A SCIENTIFIC RESULT,displacement-report-draft-v1
MOCK_S26,MOCK_G13,4,speaking,left_cheek,persistence,0.006595776045791784,,MOCK_S26_speaking_left_cheek,2,900,d797bc52f6e0c6672087ae05091b3a56028a1fcc66afb28bd0b44adbfcca8f12,displacement_mean_euclidean_error,evaluable,,120,0,0,True,MOCK DATA / NOT A SCIENTIFIC RESULT,displacement-report-draft-v1
MOCK_S26,MOCK_G13,4,speaking,left_cheek,self,0.007160294474970666,0.007160294474970668,MOCK_S26_speaking_left_cheek,2,900,d797bc52f6e0c6672087ae05091b3a56028a1fcc66afb28bd0b44adbfcca8f12,displacement_mean_euclidean_error,evaluable,,120,0,0,True,MOCK DATA / NOT A SCIENTIFIC RESULT,displacement-report-draft-v1
MOCK_S26,MOCK_G13,4,speaking,left_cheek,full,0.006745183963667324,0.006745183963667325,MOCK_S26_speaking_left_cheek,2,900,d797bc52f6e0c6672087ae05091b3a56028a1fcc66afb28bd0b44adbfcca8f12,displacement_mean_euclidean_error,evaluable,,120,90,750,True,MOCK DATA / NOT A SCIENTIFIC RESULT,displacement-report-draft-v1
MOCK_S26,MOCK_G13,4,speaking,left_cheek,pcmci,0.006113256976093362,0.006113256976093362,MOCK_S26_speaking_left_cheek,2,900,d797bc52f6e0c6672087ae05091b3a56028a1fcc66afb28bd0b44adbfcca8f12,displacement_mean_euclidean_error,evaluable,,120,1,6,True,MOCK DATA / NOT A SCIENTIFIC RESULT,displacement-report-draft-v1
MOCK_S26,MOCK_G13,4,speaking,right_cheek,persistence,,,MOCK_S26_speaking_right_cheek,2,0,d797bc52f6e0c6672087ae05091b3a56028a1fcc66afb28bd0b44adbfcca8f12,displacement_mean_euclidean_error,unevaluable,mock_train_region_unavailable,120,0,0,True,MOCK DATA / NOT A SCIENTIFIC RESULT,displacement-report-draft-v1
MOCK_S26,MOCK_G13,4,speaking,right_cheek,self,,0.007460294474970668,MOCK_S26_speaking_right_cheek,2,0,d797bc52f6e0c6672087ae05091b3a56028a1fcc66afb28bd0b44adbfcca8f12,displacement_mean_euclidean_error,unevaluable,mock_train_region_unavailable,120,0,0,True,MOCK DATA / NOT A SCIENTIFIC RESULT,displacement-report-draft-v1
MOCK_S26,MOCK_G13,4,speaking,right_cheek,full,,0.007731945200625532,MOCK_S26_speaking_right_cheek,2,0,d797bc52f6e0c6672087ae05091b3a56028a1fcc66afb28bd0b44adbfcca8f12,displacement_mean_euclidean_error,unevaluable,mock_train_region_unavailable,120,0,0,True,MOCK DATA / NOT A SCIENTIFIC RESULT,displacement-report-draft-v1
MOCK_S26,MOCK_G13,4,speaking,right_cheek,pcmci,,0.007460294474970668,MOCK_S26_speaking_right_cheek,2,0,d797bc52f6e0c6672087ae05091b3a56028a1fcc66afb28bd0b44adbfcca8f12,displacement_mean_euclidean_error,unevaluable,mock_train_region_unavailable,120,0,0,True,MOCK DATA / NOT A SCIENTIFIC RESULT,displacement-report-draft-v1
MOCK_S26,MOCK_G13,4,speaking,mouth,persistence,0.006749873891420849,,MOCK_S26_speaking_mouth,8,900,d797bc52f6e0c6672087ae05091b3a56028a1fcc66afb28bd0b44adbfcca8f12,displacement_mean_euclidean_error,evaluable,,480,0,0,True,MOCK DATA / NOT A SCIENTIFIC RESULT,displacement-report-draft-v1
MOCK_S26,MOCK_G13,4,speaking,mouth,self,0.007760294474970668,0.007760294474970668,MOCK_S26_speaking_mouth,8,900,d797bc52f6e0c6672087ae05091b3a56028a1fcc66afb28bd0b44adbfcca8f12,displacement_mean_euclidean_error,evaluable,,480,0,0,True,MOCK DATA / NOT A SCIENTIFIC RESULT,displacement-report-draft-v1
MOCK_S26,MOCK_G13,4,speaking,mouth,full,0.007963284549653117,0.007963284549653117,MOCK_S26_speaking_mouth,8,900,d797bc52f6e0c6672087ae05091b3a56028a1fcc66afb28bd0b44adbfcca8f12,displacement_mean_euclidean_error,evaluable,,480,90,570,True,MOCK DATA / NOT A SCIENTIFIC RESULT,displacement-report-draft-v1
MOCK_S26,MOCK_G13,4,speaking,mouth,pcmci,0.008108890634656685,0.008108890634656685,MOCK_S26_speaking_mouth,8,900,d797bc52f6e0c6672087ae05091b3a56028a1fcc66afb28bd0b44adbfcca8f12,displacement_mean_euclidean_error,evaluable,,480,3,18,True,MOCK DATA / NOT A SCIENTIFIC RESULT,displacement-report-draft-v1
MOCK_S26,MOCK_G13,4,speaking,jaw,persistence,0.006624833306514374,,MOCK_S26_speaking_jaw,3,900,d797bc52f6e0c6672087ae05091b3a56028a1fcc66afb28bd0b44adbfcca8f12,displacement_mean_euclidean_error,evaluable,,180,0,0,True,MOCK DATA / NOT A SCIENTIFIC RESULT,displacement-report-draft-v1
MOCK_S26,MOCK_G13,4,speaking,jaw,self,0.008060294474970668,0.008060294474970668,MOCK_S26_speaking_jaw,3,900,d797bc52f6e0c6672087ae05091b3a56028a1fcc66afb28bd0b44adbfcca8f12,displacement_mean_euclidean_error,evaluable,,180,0,0,True,MOCK DATA / NOT A SCIENTIFIC RESULT,displacement-report-draft-v1
MOCK_S26,MOCK_G13,4,speaking,jaw,full,0.007502328296609304,0.007502328296609304,MOCK_S26_speaking_jaw,3,900,d797bc52f6e0c6672087ae05091b3a56028a1fcc66afb28bd0b44adbfcca8f12,displacement_mean_euclidean_error,evaluable,,180,90,720,True,MOCK DATA / NOT A SCIENTIFIC RESULT,displacement-report-draft-v1
MOCK_S26,MOCK_G13,4,speaking,jaw,pcmci,0.00828673719931252,0.00828673719931252,MOCK_S26_speaking_jaw,3,900,d797bc52f6e0c6672087ae05091b3a56028a1fcc66afb28bd0b44adbfcca8f12,displacement_mean_euclidean_error,evaluable,,180,3,20,True,MOCK DATA / NOT A SCIENTIFIC RESULT,displacement-report-draft-v1
MOCK_S26,MOCK_G13,4,non_speaking,left_brow,persistence,0.00643405454718731,,MOCK_S26_non_speaking_left_brow,3,900,a0b76455a1cde86d04ea40a192f235a65f36487e8ea639bb1c098d833759301e,displacement_mean_euclidean_error,evaluable,,180,0,0,True,MOCK DATA / NOT A SCIENTIFIC RESULT,displacement-report-draft-v1
MOCK_S26,MOCK_G13,4,non_speaking,left_brow,self,0.0063602944749706685,0.0063602944749706685,MOCK_S26_non_speaking_left_brow,3,900,a0b76455a1cde86d04ea40a192f235a65f36487e8ea639bb1c098d833759301e,displacement_mean_euclidean_error,evaluable,,180,0,0,True,MOCK DATA / NOT A SCIENTIFIC RESULT,displacement-report-draft-v1
MOCK_S26,MOCK_G13,4,non_speaking,left_brow,full,0.0063955535311120745,0.006395553531112074,MOCK_S26_non_speaking_left_brow,3,900,a0b76455a1cde86d04ea40a192f235a65f36487e8ea639bb1c098d833759301e,displacement_mean_euclidean_error,evaluable,,180,90,720,True,MOCK DATA / NOT A SCIENTIFIC RESULT,displacement-report-draft-v1
MOCK_S26,MOCK_G13,4,non_speaking,left_brow,pcmci,0.0064159770387840764,0.0064159770387840764,MOCK_S26_non_speaking_left_brow,3,900,a0b76455a1cde86d04ea40a192f235a65f36487e8ea639bb1c098d833759301e,displacement_mean_euclidean_error,evaluable,,180,3,20,True,MOCK DATA / NOT A SCIENTIFIC RESULT,displacement-report-draft-v1
MOCK_S26,MOCK_G13,4,non_speaking,right_brow,persistence,0.00648009233433941,,MOCK_S26_non_speaking_right_brow,3,900,a0b76455a1cde86d04ea40a192f235a65f36487e8ea639bb1c098d833759301e,displacement_mean_euclidean_error,evaluable,,180,0,0,True,MOCK DATA / NOT A SCIENTIFIC RESULT,displacement-report-draft-v1
MOCK_S26,MOCK_G13,4,non_speaking,right_brow,self,0.006660294474970669,0.0066602944749706685,MOCK_S26_non_speaking_right_brow,3,900,a0b76455a1cde86d04ea40a192f235a65f36487e8ea639bb1c098d833759301e,displacement_mean_euclidean_error,evaluable,,180,0,0,True,MOCK DATA / NOT A SCIENTIFIC RESULT,displacement-report-draft-v1
MOCK_S26,MOCK_G13,4,non_speaking,right_brow,full,0.00585118148997211,0.005851181489972109,MOCK_S26_non_speaking_right_brow,3,900,a0b76455a1cde86d04ea40a192f235a65f36487e8ea639bb1c098d833759301e,displacement_mean_euclidean_error,evaluable,,180,90,720,True,MOCK DATA / NOT A SCIENTIFIC RESULT,displacement-report-draft-v1
MOCK_S26,MOCK_G13,4,non_speaking,right_brow,pcmci,0.0059086088482002705,0.00590860884820027,MOCK_S26_non_speaking_right_brow,3,900,a0b76455a1cde86d04ea40a192f235a65f36487e8ea639bb1c098d833759301e,displacement_mean_euclidean_error,evaluable,,180,3,20,True,MOCK DATA / NOT A SCIENTIFIC RESULT,displacement-report-draft-v1
MOCK_S26,MOCK_G13,4,non_speaking,left_eyelid,persistence,0.006508684448475663,,MOCK_S26_non_speaking_left_eyelid,4,900,a0b76455a1cde86d04ea40a192f235a65f36487e8ea639bb1c098d833759301e,displacement_mean_euclidean_error,evaluable,,240,0,0,True,MOCK DATA / NOT A SCIENTIFIC RESULT,displacement-report-draft-v1
MOCK_S26,MOCK_G13,4,non_speaking,left_eyelid,self,0.0069602944749706675,0.006960294474970668,MOCK_S26_non_speaking_left_eyelid,4,900,a0b76455a1cde86d04ea40a192f235a65f36487e8ea639bb1c098d833759301e,displacement_mean_euclidean_error,evaluable,,240,0,0,True,MOCK DATA / NOT A SCIENTIFIC RESULT,displacement-report-draft-v1
MOCK_S26,MOCK_G13,4,non_speaking,left_eyelid,full,0.005545036732279066,0.005545036732279067,MOCK_S26_non_speaking_left_eyelid,4,900,a0b76455a1cde86d04ea40a192f235a65f36487e8ea639bb1c098d833759301e,displacement_mean_euclidean_error,evaluable,,240,90,690,True,MOCK DATA / NOT A SCIENTIFIC RESULT,displacement-report-draft-v1
MOCK_S26,MOCK_G13,4,non_speaking,left_eyelid,pcmci,0.005678609031574617,0.005678609031574617,MOCK_S26_non_speaking_left_eyelid,4,900,a0b76455a1cde86d04ea40a192f235a65f36487e8ea639bb1c098d833759301e,displacement_mean_euclidean_error,evaluable,,240,2,16,True,MOCK DATA / NOT A SCIENTIFIC RESULT,displacement-report-draft-v1
MOCK_S26,MOCK_G13,4,non_speaking,right_eyelid,persistence,0.00659167270572145,,MOCK_S26_non_speaking_right_eyelid,4,900,a0b76455a1cde86d04ea40a192f235a65f36487e8ea639bb1c098d833759301e,displacement_mean_euclidean_error,evaluable,,240,0,0,True,MOCK DATA / NOT A SCIENTIFIC RESULT,displacement-report-draft-v1
MOCK_S26,MOCK_G13,4,non_speaking,right_eyelid,self,0.007260294474970668,0.007260294474970668,MOCK_S26_non_speaking_right_eyelid,4,900,a0b76455a1cde86d04ea40a192f235a65f36487e8ea639bb1c098d833759301e,displacement_mean_euclidean_error,evaluable,,240,0,0,True,MOCK DATA / NOT A SCIENTIFIC RESULT,displacement-report-draft-v1
MOCK_S26,MOCK_G13,4,non_speaking,right_eyelid,full,0.0060344059528761596,0.0060344059528761596,MOCK_S26_non_speaking_right_eyelid,4,900,a0b76455a1cde86d04ea40a192f235a65f36487e8ea639bb1c098d833759301e,displacement_mean_euclidean_error,evaluable,,240,90,690,True,MOCK DATA / NOT A SCIENTIFIC RESULT,displacement-report-draft-v1
MOCK_S26,MOCK_G13,4,non_speaking,right_eyelid,pcmci,0.006213256976093362,0.006213256976093362,MOCK_S26_non_speaking_right_eyelid,4,900,a0b76455a1cde86d04ea40a192f235a65f36487e8ea639bb1c098d833759301e,displacement_mean_euclidean_error,evaluable,,240,3,24,True,MOCK DATA / NOT A SCIENTIFIC RESULT,displacement-report-draft-v1
MOCK_S26,MOCK_G13,4,non_speaking,left_cheek,persistence,0.006528593715661121,,MOCK_S26_non_speaking_left_cheek,2,900,a0b76455a1cde86d04ea40a192f235a65f36487e8ea639bb1c098d833759301e,displacement_mean_euclidean_error,evaluable,,120,0,0,True,MOCK DATA / NOT A SCIENTIFIC RESULT,displacement-report-draft-v1
MOCK_S26,MOCK_G13,4,non_speaking,left_cheek,self,0.007560294474970668,0.007560294474970668,MOCK_S26_non_speaking_left_cheek,2,900,a0b76455a1cde86d04ea40a192f235a65f36487e8ea639bb1c098d833759301e,displacement_mean_euclidean_error,evaluable,,120,0,0,True,MOCK DATA / NOT A SCIENTIFIC RESULT,displacement-report-draft-v1
MOCK_S26,MOCK_G13,4,non_speaking,left_cheek,full,0.007145183963667325,0.007145183963667325,MOCK_S26_non_speaking_left_cheek,2,900,a0b76455a1cde86d04ea40a192f235a65f36487e8ea639bb1c098d833759301e,displacement_mean_euclidean_error,evaluable,,120,90,750,True,MOCK DATA / NOT A SCIENTIFIC RESULT,displacement-report-draft-v1
MOCK_S26,MOCK_G13,4,non_speaking,left_cheek,pcmci,0.007296818443700409,0.007296818443700409,MOCK_S26_non_speaking_left_cheek,2,900,a0b76455a1cde86d04ea40a192f235a65f36487e8ea639bb1c098d833759301e,displacement_mean_euclidean_error,evaluable,,120,1,6,True,MOCK DATA / NOT A SCIENTIFIC RESULT,displacement-report-draft-v1
MOCK_S26,MOCK_G13,4,non_speaking,right_cheek,persistence,,,MOCK_S26_non_speaking_right_cheek,2,0,a0b76455a1cde86d04ea40a192f235a65f36487e8ea639bb1c098d833759301e,displacement_mean_euclidean_error,unevaluable,mock_train_region_unavailable,120,0,0,True,MOCK DATA / NOT A SCIENTIFIC RESULT,displacement-report-draft-v1
MOCK_S26,MOCK_G13,4,non_speaking,right_cheek,self,,0.007860294474970667,MOCK_S26_non_speaking_right_cheek,2,0,a0b76455a1cde86d04ea40a192f235a65f36487e8ea639bb1c098d833759301e,displacement_mean_euclidean_error,unevaluable,mock_train_region_unavailable,120,0,0,True,MOCK DATA / NOT A SCIENTIFIC RESULT,displacement-report-draft-v1
MOCK_S26,MOCK_G13,4,non_speaking,right_cheek,full,,0.008131945200625532,MOCK_S26_non_speaking_right_cheek,2,0,a0b76455a1cde86d04ea40a192f235a65f36487e8ea639bb1c098d833759301e,displacement_mean_euclidean_error,unevaluable,mock_train_region_unavailable,120,0,0,True,MOCK DATA / NOT A SCIENTIFIC RESULT,displacement-report-draft-v1
MOCK_S26,MOCK_G13,4,non_speaking,right_cheek,pcmci,,0.007860294474970667,MOCK_S26_non_speaking_right_cheek,2,0,a0b76455a1cde86d04ea40a192f235a65f36487e8ea639bb1c098d833759301e,displacement_mean_euclidean_error,unevaluable,mock_train_region_unavailable,120,0,0,True,MOCK DATA / NOT A SCIENTIFIC RESULT,displacement-report-draft-v1
MOCK_S26,MOCK_G13,4,non_speaking,mouth,persistence,0.006652397331289128,,MOCK_S26_non_speaking_mouth,8,900,a0b76455a1cde86d04ea40a192f235a65f36487e8ea639bb1c098d833759301e,displacement_mean_euclidean_error,evaluable,,480,0,0,True,MOCK DATA / NOT A SCIENTIFIC RESULT,displacement-report-draft-v1
MOCK_S26,MOCK_G13,4,non_speaking,mouth,self,0.008160294474970667,0.008160294474970667,MOCK_S26_non_speaking_mouth,8,900,a0b76455a1cde86d04ea40a192f235a65f36487e8ea639bb1c098d833759301e,displacement_mean_euclidean_error,evaluable,,480,0,0,True,MOCK DATA / NOT A SCIENTIFIC RESULT,displacement-report-draft-v1
MOCK_S26,MOCK_G13,4,non_speaking,mouth,full,0.008363284549653117,0.008363284549653117,MOCK_S26_non_speaking_mouth,8,900,a0b76455a1cde86d04ea40a192f235a65f36487e8ea639bb1c098d833759301e,displacement_mean_euclidean_error,evaluable,,480,90,570,True,MOCK DATA / NOT A SCIENTIFIC RESULT,displacement-report-draft-v1
MOCK_S26,MOCK_G13,4,non_speaking,mouth,pcmci,0.00838673719931252,0.00838673719931252,MOCK_S26_non_speaking_mouth,8,900,a0b76455a1cde86d04ea40a192f235a65f36487e8ea639bb1c098d833759301e,displacement_mean_euclidean_error,evaluable,,480,3,18,True,MOCK DATA / NOT A SCIENTIFIC RESULT,displacement-report-draft-v1
MOCK_S26,MOCK_G13,4,non_speaking,jaw,persistence,0.006792855547371514,,MOCK_S26_non_speaking_jaw,3,900,a0b76455a1cde86d04ea40a192f235a65f36487e8ea639bb1c098d833759301e,displacement_mean_euclidean_error,evaluable,,180,0,0,True,MOCK DATA / NOT A SCIENTIFIC RESULT,displacement-report-draft-v1
MOCK_S26,MOCK_G13,4,non_speaking,jaw,self,0.008460294474970667,0.008460294474970667,MOCK_S26_non_speaking_jaw,3,900,a0b76455a1cde86d04ea40a192f235a65f36487e8ea639bb1c098d833759301e,displacement_mean_euclidean_error,evaluable,,180,0,0,True,MOCK DATA / NOT A SCIENTIFIC RESULT,displacement-report-draft-v1
MOCK_S26,MOCK_G13,4,non_speaking,jaw,full,0.007902328296609303,0.007902328296609303,MOCK_S26_non_speaking_jaw,3,900,a0b76455a1cde86d04ea40a192f235a65f36487e8ea639bb1c098d833759301e,displacement_mean_euclidean_error,evaluable,,180,90,720,True,MOCK DATA / NOT A SCIENTIFIC RESULT,displacement-report-draft-v1
MOCK_S26,MOCK_G13,4,non_speaking,jaw,pcmci,0.007942665442783908,0.007942665442783907,MOCK_S26_non_speaking_jaw,3,900,a0b76455a1cde86d04ea40a192f235a65f36487e8ea639bb1c098d833759301e,displacement_mean_euclidean_error,evaluable,,180,3,20,True,MOCK DATA / NOT A SCIENTIFIC RESULT,displacement-report-draft-v1
MOCK_S27,MOCK_G14,4,speaking,left_brow,persistence,0.006478251271761277,,MOCK_S27_speaking_left_brow,3,900,e3fd7aea55a272d6fb70615c3fa4b40934b623fc1c8df5b50acf51f7840168b7,displacement_mean_euclidean_error,evaluable,,180,0,0,True,MOCK DATA / NOT A SCIENTIFIC RESULT,displacement-report-draft-v1
MOCK_S27,MOCK_G14,4,speaking,left_brow,self,0.006228767535143881,0.006228767535143881,MOCK_S27_speaking_left_brow,3,900,e3fd7aea55a272d6fb70615c3fa4b40934b623fc1c8df5b50acf51f7840168b7,displacement_mean_euclidean_error,evaluable,,180,0,0,True,MOCK DATA / NOT A SCIENTIFIC RESULT,displacement-report-draft-v1
MOCK_S27,MOCK_G14,4,speaking,left_brow,full,0.00577574582221338,0.00577574582221338,MOCK_S27_speaking_left_brow,3,900,e3fd7aea55a272d6fb70615c3fa4b40934b623fc1c8df5b50acf51f7840168b7,displacement_mean_euclidean_error,evaluable,,180,90,720,True,MOCK DATA / NOT A SCIENTIFIC RESULT,displacement-report-draft-v1
MOCK_S27,MOCK_G14,4,speaking,left_brow,pcmci,0.006550097299376547,0.006550097299376548,MOCK_S27_speaking_left_brow,3,900,e3fd7aea55a272d6fb70615c3fa4b40934b623fc1c8df5b50acf51f7840168b7,displacement_mean_euclidean_error,evaluable,,180,3,20,True,MOCK DATA / NOT A SCIENTIFIC RESULT,displacement-report-draft-v1
MOCK_S27,MOCK_G14,4,speaking,right_brow,persistence,0.0064241640235612385,,MOCK_S27_speaking_right_brow,3,900,e3fd7aea55a272d6fb70615c3fa4b40934b623fc1c8df5b50acf51f7840168b7,displacement_mean_euclidean_error,evaluable,,180,0,0,True,MOCK DATA / NOT A SCIENTIFIC RESULT,displacement-report-draft-v1
MOCK_S27,MOCK_G14,4,speaking,right_brow,self,0.006528767535143882,0.006528767535143881,MOCK_S27_speaking_right_brow,3,900,e3fd7aea55a272d6fb70615c3fa4b40934b623fc1c8df5b50acf51f7840168b7,displacement_mean_euclidean_error,evaluable,,180,0,0,True,MOCK DATA / NOT A SCIENTIFIC RESULT,displacement-report-draft-v1
MOCK_S27,MOCK_G14,4,speaking,right_brow,full,0.005278250664463013,0.005278250664463012,MOCK_S27_speaking_right_brow,3,900,e3fd7aea55a272d6fb70615c3fa4b40934b623fc1c8df5b50acf51f7840168b7,displacement_mean_euclidean_error,evaluable,,180,90,720,True,MOCK DATA / NOT A SCIENTIFIC RESULT,displacement-report-draft-v1
MOCK_S27,MOCK_G14,4,speaking,right_brow,pcmci,0.006194994170620541,0.00619499417062054,MOCK_S27_speaking_right_brow,3,900,e3fd7aea55a272d6fb70615c3fa4b40934b623fc1c8df5b50acf51f7840168b7,displacement_mean_euclidean_error,evaluable,,180,3,20,True,MOCK DATA / NOT A SCIENTIFIC RESULT,displacement-report-draft-v1
MOCK_S27,MOCK_G14,4,speaking,left_eyelid,persistence,0.006438954003578395,,MOCK_S27_speaking_left_eyelid,4,900,e3fd7aea55a272d6fb70615c3fa4b40934b623fc1c8df5b50acf51f7840168b7,displacement_mean_euclidean_error,evaluable,,240,0,0,True,MOCK DATA / NOT A SCIENTIFIC RESULT,displacement-report-draft-v1
MOCK_S27,MOCK_G14,4,speaking,left_eyelid,self,0.006828767535143881,0.006828767535143881,MOCK_S27_speaking_left_eyelid,4,900,e3fd7aea55a272d6fb70615c3fa4b40934b623fc1c8df5b50acf51f7840168b7,displacement_mean_euclidean_error,evaluable,,240,0,0,True,MOCK DATA / NOT A SCIENTIFIC RESULT,displacement-report-draft-v1
MOCK_S27,MOCK_G14,4,speaking,left_eyelid,full,0.005424807487017568,0.005424807487017569,MOCK_S27_speaking_left_eyelid,4,900,e3fd7aea55a272d6fb70615c3fa4b40934b623fc1c8df5b50acf51f7840168b7,displacement_mean_euclidean_error,evaluable,,240,90,690,True,MOCK DATA / NOT A SCIENTIFIC RESULT,displacement-report-draft-v1
MOCK_S27,MOCK_G14,4,speaking,left_eyelid,pcmci,0.005733032809213883,0.005733032809213883,MOCK_S27_speaking_left_eyelid,4,900,e3fd7aea55a272d6fb70615c3fa4b40934b623fc1c8df5b50acf51f7840168b7,displacement_mean_euclidean_error,evaluable,,240,2,16,True,MOCK DATA / NOT A SCIENTIFIC RESULT,displacement-report-draft-v1
MOCK_S27,MOCK_G14,4,speaking,right_eyelid,persistence,0.006591047802967199,,MOCK_S27_speaking_right_eyelid,4,900,e3fd7aea55a272d6fb70615c3fa4b40934b623fc1c8df5b50acf51f7840168b7,displacement_mean_euclidean_error,evaluable,,240,0,0,True,MOCK DATA / NOT A SCIENTIFIC RESULT,displacement-report-draft-v1
MOCK_S27,MOCK_G14,4,speaking,right_eyelid,self,0.007128767535143881,0.007128767535143881,MOCK_S27_speaking_right_eyelid,4,900,e3fd7aea55a272d6fb70615c3fa4b40934b623fc1c8df5b50acf51f7840168b7,displacement_mean_euclidean_error,evaluable,,240,0,0,True,MOCK DATA / NOT A SCIENTIFIC RESULT,displacement-report-draft-v1
MOCK_S27,MOCK_G14,4,speaking,right_eyelid,full,0.006356491239580922,0.006356491239580922,MOCK_S27_speaking_right_eyelid,4,900,e3fd7aea55a272d6fb70615c3fa4b40934b623fc1c8df5b50acf51f7840168b7,displacement_mean_euclidean_error,evaluable,,240,90,690,True,MOCK DATA / NOT A SCIENTIFIC RESULT,displacement-report-draft-v1
MOCK_S27,MOCK_G14,4,speaking,right_eyelid,pcmci,0.005864756976869004,0.005864756976869004,MOCK_S27_speaking_right_eyelid,4,900,e3fd7aea55a272d6fb70615c3fa4b40934b623fc1c8df5b50acf51f7840168b7,displacement_mean_euclidean_error,evaluable,,240,3,24,True,MOCK DATA / NOT A SCIENTIFIC RESULT,displacement-report-draft-v1
MOCK_S27,MOCK_G14,4,speaking,left_cheek,persistence,0.006467092455161123,,MOCK_S27_speaking_left_cheek,2,900,e3fd7aea55a272d6fb70615c3fa4b40934b623fc1c8df5b50acf51f7840168b7,displacement_mean_euclidean_error,evaluable,,120,0,0,True,MOCK DATA / NOT A SCIENTIFIC RESULT,displacement-report-draft-v1
MOCK_S27,MOCK_G14,4,speaking,left_cheek,self,0.007428767535143882,0.007428767535143881,MOCK_S27_speaking_left_cheek,2,900,e3fd7aea55a272d6fb70615c3fa4b40934b623fc1c8df5b50acf51f7840168b7,displacement_mean_euclidean_error,evaluable,,120,0,0,True,MOCK DATA / NOT A SCIENTIFIC RESULT,displacement-report-draft-v1
MOCK_S27,MOCK_G14,4,speaking,left_cheek,full,0.007492534793205203,0.007492534793205202,MOCK_S27_speaking_left_cheek,2,900,e3fd7aea55a272d6fb70615c3fa4b40934b623fc1c8df5b50acf51f7840168b7,displacement_mean_euclidean_error,evaluable,,120,90,750,True,MOCK DATA / NOT A SCIENTIFIC RESULT,displacement-report-draft-v1
MOCK_S27,MOCK_G14,4,speaking,left_cheek,pcmci,0.006744878697800024,0.006744878697800024,MOCK_S27_speaking_left_cheek,2,900,e3fd7aea55a272d6fb70615c3fa4b40934b623fc1c8df5b50acf51f7840168b7,displacement_mean_euclidean_error,evaluable,,120,1,6,True,MOCK DATA / NOT A SCIENTIFIC RESULT,displacement-report-draft-v1
MOCK_S27,MOCK_G14,4,speaking,right_cheek,persistence,,,MOCK_S27_speaking_right_cheek,2,0,e3fd7aea55a272d6fb70615c3fa4b40934b623fc1c8df5b50acf51f7840168b7,displacement_mean_euclidean_error,unevaluable,mock_train_region_unavailable,120,0,0,True,MOCK DATA / NOT A SCIENTIFIC RESULT,displacement-report-draft-v1
MOCK_S27,MOCK_G14,4,speaking,right_cheek,self,,0.007728767535143881,MOCK_S27_speaking_right_cheek,2,0,e3fd7aea55a272d6fb70615c3fa4b40934b623fc1c8df5b50acf51f7840168b7,displacement_mean_euclidean_error,unevaluable,mock_train_region_unavailable,120,0,0,True,MOCK DATA / NOT A SCIENTIFIC RESULT,displacement-report-draft-v1
MOCK_S27,MOCK_G14,4,speaking,right_cheek,full,,0.008064283560300634,MOCK_S27_speaking_right_cheek,2,0,e3fd7aea55a272d6fb70615c3fa4b40934b623fc1c8df5b50acf51f7840168b7,displacement_mean_euclidean_error,unevaluable,mock_train_region_unavailable,120,0,0,True,MOCK DATA / NOT A SCIENTIFIC RESULT,displacement-report-draft-v1
MOCK_S27,MOCK_G14,4,speaking,right_cheek,pcmci,,0.007728767535143881,MOCK_S27_speaking_right_cheek,2,0,e3fd7aea55a272d6fb70615c3fa4b40934b623fc1c8df5b50acf51f7840168b7,displacement_mean_euclidean_error,unevaluable,mock_train_region_unavailable,120,0,0,True,MOCK DATA / NOT A SCIENTIFIC RESULT,displacement-report-draft-v1
MOCK_S27,MOCK_G14,4,speaking,mouth,persistence,0.006726002339058742,,MOCK_S27_speaking_mouth,8,900,e3fd7aea55a272d6fb70615c3fa4b40934b623fc1c8df5b50acf51f7840168b7,displacement_mean_euclidean_error,evaluable,,480,0,0,True,MOCK DATA / NOT A SCIENTIFIC RESULT,displacement-report-draft-v1
MOCK_S27,MOCK_G14,4,speaking,mouth,self,0.00802876753514388,0.00802876753514388,MOCK_S27_speaking_mouth,8,900,e3fd7aea55a272d6fb70615c3fa4b40934b623fc1c8df5b50acf51f7840168b7,displacement_mean_euclidean_error,evaluable,,480,0,0,True,MOCK DATA / NOT A SCIENTIFIC RESULT,displacement-report-draft-v1
MOCK_S27,MOCK_G14,4,speaking,mouth,full,0.007821892977633325,0.007821892977633325,MOCK_S27_speaking_mouth,8,900,e3fd7aea55a272d6fb70615c3fa4b40934b623fc1c8df5b50acf51f7840168b7,displacement_mean_euclidean_error,evaluable,,480,90,570,True,MOCK DATA / NOT A SCIENTIFIC RESULT,displacement-report-draft-v1
MOCK_S27,MOCK_G14,4,speaking,mouth,pcmci,0.008419166460602548,0.008419166460602548,MOCK_S27_speaking_mouth,8,900,e3fd7aea55a272d6fb70615c3fa4b40934b623fc1c8df5b50acf51f7840168b7,displacement_mean_euclidean_error,evaluable,,480,3,18,True,MOCK DATA / NOT A SCIENTIFIC RESULT,displacement-report-draft-v1
MOCK_S27,MOCK_G14,4,speaking,jaw,persistence,0.006604491089180676,,MOCK_S27_speaking_jaw,3,900,e3fd7aea55a272d6fb70615c3fa4b40934b623fc1c8df5b50acf51f7840168b7,displacement_mean_euclidean_error,evaluable,,180,0,0,True,MOCK DATA / NOT A SCIENTIFIC RESULT,displacement-report-draft-v1
MOCK_S27,MOCK_G14,4,speaking,jaw,self,0.00832876753514388,0.00832876753514388,MOCK_S27_speaking_jaw,3,900,e3fd7aea55a272d6fb70615c3fa4b40934b623fc1c8df5b50acf51f7840168b7,displacement_mean_euclidean_error,evaluable,,180,0,0,True,MOCK DATA / NOT A SCIENTIFIC RESULT,displacement-report-draft-v1
MOCK_S27,MOCK_G14,4,speaking,jaw,full,0.0072640344455452725,0.007264034445545272,MOCK_S27_speaking_jaw,3,900,e3fd7aea55a272d6fb70615c3fa4b40934b623fc1c8df5b50acf51f7840168b7,displacement_mean_euclidean_error,evaluable,,180,90,720,True,MOCK DATA / NOT A SCIENTIFIC RESULT,displacement-report-draft-v1
MOCK_S27,MOCK_G14,4,speaking,jaw,pcmci,0.008225637287685262,0.008225637287685262,MOCK_S27_speaking_jaw,3,900,e3fd7aea55a272d6fb70615c3fa4b40934b623fc1c8df5b50acf51f7840168b7,displacement_mean_euclidean_error,evaluable,,180,3,20,True,MOCK DATA / NOT A SCIENTIFIC RESULT,displacement-report-draft-v1
MOCK_S27,MOCK_G14,4,non_speaking,left_brow,persistence,0.0063593587630638776,,MOCK_S27_non_speaking_left_brow,3,900,995d65f39e402a3cc63f49e3d86c3f7c7502b140aeb61316bc6dd824a4bed94b,displacement_mean_euclidean_error,evaluable,,180,0,0,True,MOCK DATA / NOT A SCIENTIFIC RESULT,displacement-report-draft-v1
MOCK_S27,MOCK_G14,4,non_speaking,left_brow,self,0.006628767535143881,0.006628767535143881,MOCK_S27_non_speaking_left_brow,3,900,995d65f39e402a3cc63f49e3d86c3f7c7502b140aeb61316bc6dd824a4bed94b,displacement_mean_euclidean_error,evaluable,,180,0,0,True,MOCK DATA / NOT A SCIENTIFIC RESULT,displacement-report-draft-v1
MOCK_S27,MOCK_G14,4,non_speaking,left_brow,full,0.00617574582221338,0.0061757458222133806,MOCK_S27_non_speaking_left_brow,3,900,995d65f39e402a3cc63f49e3d86c3f7c7502b140aeb61316bc6dd824a4bed94b,displacement_mean_euclidean_error,evaluable,,180,90,720,True,MOCK DATA / NOT A SCIENTIFIC RESULT,displacement-report-draft-v1
MOCK_S27,MOCK_G14,4,non_speaking,left_brow,pcmci,0.00629499417062054,0.00629499417062054,MOCK_S27_non_speaking_left_brow,3,900,995d65f39e402a3cc63f49e3d86c3f7c7502b140aeb61316bc6dd824a4bed94b,displacement_mean_euclidean_error,evaluable,,180,3,20,True,MOCK DATA / NOT A SCIENTIFIC RESULT,displacement-report-draft-v1
MOCK_S27,MOCK_G14,4,non_speaking,right_brow,persistence,0.006459591940227775,,MOCK_S27_non_speaking_right_brow,3,900,995d65f39e402a3cc63f49e3d86c3f7c7502b140aeb61316bc6dd824a4bed94b,displacement_mean_euclidean_error,evaluable,,180,0,0,True,MOCK DATA / NOT A SCIENTIFIC RESULT,displacement-report-draft-v1
MOCK_S27,MOCK_G14,4,non_speaking,right_brow,self,0.006928767535143881,0.006928767535143881,MOCK_S27_non_speaking_right_brow,3,900,995d65f39e402a3cc63f49e3d86c3f7c7502b140aeb61316bc6dd824a4bed94b,displacement_mean_euclidean_error,evaluable,,180,0,0,True,MOCK DATA / NOT A SCIENTIFIC RESULT,displacement-report-draft-v1
MOCK_S27,MOCK_G14,4,non_speaking,right_brow,full,0.0056782506644630125,0.0056782506644630125,MOCK_S27_non_speaking_right_brow,3,900,995d65f39e402a3cc63f49e3d86c3f7c7502b140aeb61316bc6dd824a4bed94b,displacement_mean_euclidean_error,evaluable,,180,90,720,True,MOCK DATA / NOT A SCIENTIFIC RESULT,displacement-report-draft-v1
MOCK_S27,MOCK_G14,4,non_speaking,right_brow,pcmci,0.005833032809213884,0.0058330328092138835,MOCK_S27_non_speaking_right_brow,3,900,995d65f39e402a3cc63f49e3d86c3f7c7502b140aeb61316bc6dd824a4bed94b,displacement_mean_euclidean_error,evaluable,,180,3,20,True,MOCK DATA / NOT A SCIENTIFIC RESULT,displacement-report-draft-v1
MOCK_S27,MOCK_G14,4,non_speaking,left_eyelid,persistence,0.006559101038065936,,MOCK_S27_non_speaking_left_eyelid,4,900,995d65f39e402a3cc63f49e3d86c3f7c7502b140aeb61316bc6dd824a4bed94b,displacement_mean_euclidean_error,evaluable,,240,0,0,True,MOCK DATA / NOT A SCIENTIFIC RESULT,displacement-report-draft-v1
MOCK_S27,MOCK_G14,4,non_speaking,left_eyelid,self,0.007228767535143883,0.007228767535143881,MOCK_S27_non_speaking_left_eyelid,4,900,995d65f39e402a3cc63f49e3d86c3f7c7502b140aeb61316bc6dd824a4bed94b,displacement_mean_euclidean_error,evaluable,,240,0,0,True,MOCK DATA / NOT A SCIENTIFIC RESULT,displacement-report-draft-v1
MOCK_S27,MOCK_G14,4,non_speaking,left_eyelid,full,0.005824807487017569,0.005824807487017569,MOCK_S27_non_speaking_left_eyelid,4,900,995d65f39e402a3cc63f49e3d86c3f7c7502b140aeb61316bc6dd824a4bed94b,displacement_mean_euclidean_error,evaluable,,240,90,690,True,MOCK DATA / NOT A SCIENTIFIC RESULT,displacement-report-draft-v1
MOCK_S27,MOCK_G14,4,non_speaking,left_eyelid,pcmci,0.005964756976869005,0.005964756976869004,MOCK_S27_non_speaking_left_eyelid,4,900,995d65f39e402a3cc63f49e3d86c3f7c7502b140aeb61316bc6dd824a4bed94b,displacement_mean_euclidean_error,evaluable,,240,2,16,True,MOCK DATA / NOT A SCIENTIFIC RESULT,displacement-report-draft-v1
MOCK_S27,MOCK_G14,4,non_speaking,right_eyelid,persistence,0.006546169237066214,,MOCK_S27_non_speaking_right_eyelid,4,900,995d65f39e402a3cc63f49e3d86c3f7c7502b140aeb61316bc6dd824a4bed94b,displacement_mean_euclidean_error,evaluable,,240,0,0,True,MOCK DATA / NOT A SCIENTIFIC RESULT,displacement-report-draft-v1
MOCK_S27,MOCK_G14,4,non_speaking,right_eyelid,self,0.007528767535143882,0.007528767535143881,MOCK_S27_non_speaking_right_eyelid,4,900,995d65f39e402a3cc63f49e3d86c3f7c7502b140aeb61316bc6dd824a4bed94b,displacement_mean_euclidean_error,evaluable,,240,0,0,True,MOCK DATA / NOT A SCIENTIFIC RESULT,displacement-report-draft-v1
MOCK_S27,MOCK_G14,4,non_speaking,right_eyelid,full,0.0067564912395809236,0.006756491239580922,MOCK_S27_non_speaking_right_eyelid,4,900,995d65f39e402a3cc63f49e3d86c3f7c7502b140aeb61316bc6dd824a4bed94b,displacement_mean_euclidean_error,evaluable,,240,90,690,True,MOCK DATA / NOT A SCIENTIFIC RESULT,displacement-report-draft-v1
MOCK_S27,MOCK_G14,4,non_speaking,right_eyelid,pcmci,0.006844878697800025,0.006844878697800024,MOCK_S27_non_speaking_right_eyelid,4,900,995d65f39e402a3cc63f49e3d86c3f7c7502b140aeb61316bc6dd824a4bed94b,displacement_mean_euclidean_error,evaluable,,240,3,24,True,MOCK DATA / NOT A SCIENTIFIC RESULT,displacement-report-draft-v1
MOCK_S27,MOCK_G14,4,non_speaking,left_cheek,persistence,0.006622576164062047,,MOCK_S27_non_speaking_left_cheek,2,900,995d65f39e402a3cc63f49e3d86c3f7c7502b140aeb61316bc6dd824a4bed94b,displacement_mean_euclidean_error,evaluable,,120,0,0,True,MOCK DATA / NOT A SCIENTIFIC RESULT,displacement-report-draft-v1
MOCK_S27,MOCK_G14,4,non_speaking,left_cheek,self,0.00782876753514388,0.007828767535143881,MOCK_S27_non_speaking_left_cheek,2,900,995d65f39e402a3cc63f49e3d86c3f7c7502b140aeb61316bc6dd824a4bed94b,displacement_mean_euclidean_error,evaluable,,120,0,0,True,MOCK DATA / NOT A SCIENTIFIC RESULT,displacement-report-draft-v1
MOCK_S27,MOCK_G14,4,non_speaking,left_cheek,full,0.007892534793205203,0.007892534793205203,MOCK_S27_non_speaking_left_cheek,2,900,995d65f39e402a3cc63f49e3d86c3f7c7502b140aeb61316bc6dd824a4bed94b,displacement_mean_euclidean_error,evaluable,,120,90,750,True,MOCK DATA / NOT A SCIENTIFIC RESULT,displacement-report-draft-v1
MOCK_S27,MOCK_G14,4,non_speaking,left_cheek,pcmci,0.007940036737151348,0.00794003673715135,MOCK_S27_non_speaking_left_cheek,2,900,995d65f39e402a3cc63f49e3d86c3f7c7502b140aeb61316bc6dd824a4bed94b,displacement_mean_euclidean_error,evaluable,,120,1,6,True,MOCK DATA / NOT A SCIENTIFIC RESULT,displacement-report-draft-v1
MOCK_S27,MOCK_G14,4,non_speaking,right_cheek,persistence,,,MOCK_S27_non_speaking_right_cheek,2,0,995d65f39e402a3cc63f49e3d86c3f7c7502b140aeb61316bc6dd824a4bed94b,displacement_mean_euclidean_error,unevaluable,mock_train_region_unavailable,120,0,0,True,MOCK DATA / NOT A SCIENTIFIC RESULT,displacement-report-draft-v1
MOCK_S27,MOCK_G14,4,non_speaking,right_cheek,self,,0.00812876753514388,MOCK_S27_non_speaking_right_cheek,2,0,995d65f39e402a3cc63f49e3d86c3f7c7502b140aeb61316bc6dd824a4bed94b,displacement_mean_euclidean_error,unevaluable,mock_train_region_unavailable,120,0,0,True,MOCK DATA / NOT A SCIENTIFIC RESULT,displacement-report-draft-v1
MOCK_S27,MOCK_G14,4,non_speaking,right_cheek,full,,0.008464283560300634,MOCK_S27_non_speaking_right_cheek,2,0,995d65f39e402a3cc63f49e3d86c3f7c7502b140aeb61316bc6dd824a4bed94b,displacement_mean_euclidean_error,unevaluable,mock_train_region_unavailable,120,0,0,True,MOCK DATA / NOT A SCIENTIFIC RESULT,displacement-report-draft-v1
MOCK_S27,MOCK_G14,4,non_speaking,right_cheek,pcmci,,0.00812876753514388,MOCK_S27_non_speaking_right_cheek,2,0,995d65f39e402a3cc63f49e3d86c3f7c7502b140aeb61316bc6dd824a4bed94b,displacement_mean_euclidean_error,unevaluable,mock_train_region_unavailable,120,0,0,True,MOCK DATA / NOT A SCIENTIFIC RESULT,displacement-report-draft-v1
MOCK_S27,MOCK_G14,4,non_speaking,mouth,persistence,0.006732452648929014,,MOCK_S27_non_speaking_mouth,8,900,995d65f39e402a3cc63f49e3d86c3f7c7502b140aeb61316bc6dd824a4bed94b,displacement_mean_euclidean_error,evaluable,,480,0,0,True,MOCK DATA / NOT A SCIENTIFIC RESULT,displacement-report-draft-v1
MOCK_S27,MOCK_G14,4,non_speaking,mouth,self,0.008428767535143879,0.008428767535143879,MOCK_S27_non_speaking_mouth,8,900,995d65f39e402a3cc63f49e3d86c3f7c7502b140aeb61316bc6dd824a4bed94b,displacement_mean_euclidean_error,evaluable,,480,0,0,True,MOCK DATA / NOT A SCIENTIFIC RESULT,displacement-report-draft-v1
MOCK_S27,MOCK_G14,4,non_speaking,mouth,full,0.008221892977633325,0.008221892977633325,MOCK_S27_non_speaking_mouth,8,900,995d65f39e402a3cc63f49e3d86c3f7c7502b140aeb61316bc6dd824a4bed94b,displacement_mean_euclidean_error,evaluable,,480,90,570,True,MOCK DATA / NOT A SCIENTIFIC RESULT,displacement-report-draft-v1
MOCK_S27,MOCK_G14,4,non_speaking,mouth,pcmci,0.008325637287685261,0.008325637287685261,MOCK_S27_non_speaking_mouth,8,900,995d65f39e402a3cc63f49e3d86c3f7c7502b140aeb61316bc6dd824a4bed94b,displacement_mean_euclidean_error,evaluable,,480,3,18,True,MOCK DATA / NOT A SCIENTIFIC RESULT,displacement-report-draft-v1
MOCK_S27,MOCK_G14,4,non_speaking,jaw,persistence,0.006834712331672532,,MOCK_S27_non_speaking_jaw,3,900,995d65f39e402a3cc63f49e3d86c3f7c7502b140aeb61316bc6dd824a4bed94b,displacement_mean_euclidean_error,evaluable,,180,0,0,True,MOCK DATA / NOT A SCIENTIFIC RESULT,displacement-report-draft-v1
MOCK_S27,MOCK_G14,4,non_speaking,jaw,self,0.008728767535143879,0.008728767535143879,MOCK_S27_non_speaking_jaw,3,900,995d65f39e402a3cc63f49e3d86c3f7c7502b140aeb61316bc6dd824a4bed94b,displacement_mean_euclidean_error,evaluable,,180,0,0,True,MOCK DATA / NOT A SCIENTIFIC RESULT,displacement-report-draft-v1
MOCK_S27,MOCK_G14,4,non_speaking,jaw,full,0.007664034445545269,0.007664034445545271,MOCK_S27_non_speaking_jaw,3,900,995d65f39e402a3cc63f49e3d86c3f7c7502b140aeb61316bc6dd824a4bed94b,displacement_mean_euclidean_error,evaluable,,180,90,720,True,MOCK DATA / NOT A SCIENTIFIC RESULT,displacement-report-draft-v1
MOCK_S27,MOCK_G14,4,non_speaking,jaw,pcmci,0.007813197663953251,0.007813197663953251,MOCK_S27_non_speaking_jaw,3,900,995d65f39e402a3cc63f49e3d86c3f7c7502b140aeb61316bc6dd824a4bed94b,displacement_mean_euclidean_error,evaluable,,180,3,20,True,MOCK DATA / NOT A SCIENTIFIC RESULT,displacement-report-draft-v1
MOCK_S28,MOCK_G14,4,speaking,left_brow,persistence,0.006439217175422105,,MOCK_S28_speaking_left_brow,3,900,6be463bdba3c4d301aa9ac98a62f75a6773debd99d5e6d5cd2a810ec534a832c,displacement_mean_euclidean_error,evaluable,,180,0,0,True,MOCK DATA / NOT A SCIENTIFIC RESULT,displacement-report-draft-v1
MOCK_S28,MOCK_G14,4,speaking,left_brow,self,0.006286912778521351,0.006286912778521351,MOCK_S28_speaking_left_brow,3,900,6be463bdba3c4d301aa9ac98a62f75a6773debd99d5e6d5cd2a810ec534a832c,displacement_mean_euclidean_error,evaluable,,180,0,0,True,MOCK DATA / NOT A SCIENTIFIC RESULT,displacement-report-draft-v1
MOCK_S28,MOCK_G14,4,speaking,left_brow,full,0.005311732990762733,0.005311732990762732,MOCK_S28_speaking_left_brow,3,900,6be463bdba3c4d301aa9ac98a62f75a6773debd99d5e6d5cd2a810ec534a832c,displacement_mean_euclidean_error,evaluable,,180,90,720,True,MOCK DATA / NOT A SCIENTIFIC RESULT,displacement-report-draft-v1
MOCK_S28,MOCK_G14,4,speaking,left_brow,pcmci,0.006342595342334759,0.006342595342334759,MOCK_S28_speaking_left_brow,3,900,6be463bdba3c4d301aa9ac98a62f75a6773debd99d5e6d5cd2a810ec534a832c,displacement_mean_euclidean_error,evaluable,,180,3,20,True,MOCK DATA / NOT A SCIENTIFIC RESULT,displacement-report-draft-v1
MOCK_S28,MOCK_G14,4,speaking,right_brow,persistence,0.006434732331109111,,MOCK_S28_speaking_right_brow,3,900,6be463bdba3c4d301aa9ac98a62f75a6773debd99d5e6d5cd2a810ec534a832c,displacement_mean_euclidean_error,evaluable,,180,0,0,True,MOCK DATA / NOT A SCIENTIFIC RESULT,displacement-report-draft-v1
MOCK_S28,MOCK_G14,4,speaking,right_brow,self,0.006586912778521351,0.006586912778521351,MOCK_S28_speaking_right_brow,3,900,6be463bdba3c4d301aa9ac98a62f75a6773debd99d5e6d5cd2a810ec534a832c,displacement_mean_euclidean_error,evaluable,,180,0,0,True,MOCK DATA / NOT A SCIENTIFIC RESULT,displacement-report-draft-v1
MOCK_S28,MOCK_G14,4,speaking,right_brow,full,0.005139702719083914,0.005139702719083914,MOCK_S28_speaking_right_brow,3,900,6be463bdba3c4d301aa9ac98a62f75a6773debd99d5e6d5cd2a810ec534a832c,displacement_mean_euclidean_error,evaluable,,180,90,720,True,MOCK DATA / NOT A SCIENTIFIC RESULT,displacement-report-draft-v1
MOCK_S28,MOCK_G14,4,speaking,right_brow,pcmci,0.005835227151750952,0.005835227151750952,MOCK_S28_speaking_right_brow,3,900,6be463bdba3c4d301aa9ac98a62f75a6773debd99d5e6d5cd2a810ec534a832c,displacement_mean_euclidean_error,evaluable,,180,3,20,True,MOCK DATA / NOT A SCIENTIFIC RESULT,displacement-report-draft-v1
MOCK_S28,MOCK_G14,4,speaking,left_eyelid,persistence,0.0064650353169548305,,MOCK_S28_speaking_left_eyelid,4,900,6be463bdba3c4d301aa9ac98a62f75a6773debd99d5e6d5cd2a810ec534a832c,displacement_mean_euclidean_error,evaluable,,240,0,0,True,MOCK DATA / NOT A SCIENTIFIC RESULT,displacement-report-draft-v1
MOCK_S28,MOCK_G14,4,speaking,left_eyelid,self,0.00688691277852135,0.006886912778521351,MOCK_S28_speaking_left_eyelid,4,900,6be463bdba3c4d301aa9ac98a62f75a6773debd99d5e6d5cd2a810ec534a832c,displacement_mean_euclidean_error,evaluable,,240,0,0,True,MOCK DATA / NOT A SCIENTIFIC RESULT,displacement-report-draft-v1
MOCK_S28,MOCK_G14,4,speaking,left_eyelid,full,0.005792563238355694,0.005792563238355695,MOCK_S28_speaking_left_eyelid,4,900,6be463bdba3c4d301aa9ac98a62f75a6773debd99d5e6d5cd2a810ec534a832c,displacement_mean_euclidean_error,evaluable,,240,90,690,True,MOCK DATA / NOT A SCIENTIFIC RESULT,displacement-report-draft-v1
MOCK_S28,MOCK_G14,4,speaking,left_eyelid,pcmci,0.005605227335125299,0.0056052273351253,MOCK_S28_speaking_left_eyelid,4,900,6be463bdba3c4d301aa9ac98a62f75a6773debd99d5e6d5cd2a810ec534a832c,displacement_mean_euclidean_error,evaluable,,240,2,16,True,MOCK DATA / NOT A SCIENTIFIC RESULT,displacement-report-draft-v1
MOCK_S28,MOCK_G14,4,speaking,right_eyelid,persistence,0.006622530617938502,,MOCK_S28_speaking_right_eyelid,4,900,6be463bdba3c4d301aa9ac98a62f75a6773debd99d5e6d5cd2a810ec534a832c,displacement_mean_euclidean_error,evaluable,,240,0,0,True,MOCK DATA / NOT A SCIENTIFIC RESULT,displacement-report-draft-v1
MOCK_S28,MOCK_G14,4,speaking,right_eyelid,self,0.007186912778521351,0.007186912778521351,MOCK_S28_speaking_right_eyelid,4,900,6be463bdba3c4d301aa9ac98a62f75a6773debd99d5e6d5cd2a810ec534a832c,displacement_mean_euclidean_error,evaluable,,240,0,0,True,MOCK DATA / NOT A SCIENTIFIC RESULT,displacement-report-draft-v1
MOCK_S28,MOCK_G14,4,speaking,right_eyelid,full,0.006945896214459258,0.006945896214459257,MOCK_S28_speaking_right_eyelid,4,900,6be463bdba3c4d301aa9ac98a62f75a6773debd99d5e6d5cd2a810ec534a832c,displacement_mean_euclidean_error,evaluable,,240,90,690,True,MOCK DATA / NOT A SCIENTIFIC RESULT,displacement-report-draft-v1
MOCK_S28,MOCK_G14,4,speaking,right_eyelid,pcmci,0.006139875279644044,0.006139875279644044,MOCK_S28_speaking_right_eyelid,4,900,6be463bdba3c4d301aa9ac98a62f75a6773debd99d5e6d5cd2a810ec534a832c,displacement_mean_euclidean_error,evaluable,,240,3,24,True,MOCK DATA / NOT A SCIENTIFIC RESULT,displacement-report-draft-v1
MOCK_S28,MOCK_G14,4,speaking,left_cheek,persistence,0.006492430313369572,,MOCK_S28_speaking_left_cheek,2,900,6be463bdba3c4d301aa9ac98a62f75a6773debd99d5e6d5cd2a810ec534a832c,displacement_mean_euclidean_error,evaluable,,120,0,0,True,MOCK DATA / NOT A SCIENTIFIC RESULT,displacement-report-draft-v1
MOCK_S28,MOCK_G14,4,speaking,left_cheek,self,0.007486912778521352,0.007486912778521351,MOCK_S28_speaking_left_cheek,2,900,6be463bdba3c4d301aa9ac98a62f75a6773debd99d5e6d5cd2a810ec534a832c,displacement_mean_euclidean_error,evaluable,,120,0,0,True,MOCK DATA / NOT A SCIENTIFIC RESULT,displacement-report-draft-v1
MOCK_S28,MOCK_G14,4,speaking,left_cheek,full,0.007815151244511629,0.007815151244511629,MOCK_S28_speaking_left_cheek,2,900,6be463bdba3c4d301aa9ac98a62f75a6773debd99d5e6d5cd2a810ec534a832c,displacement_mean_euclidean_error,evaluable,,120,90,750,True,MOCK DATA / NOT A SCIENTIFIC RESULT,displacement-report-draft-v1
MOCK_S28,MOCK_G14,4,speaking,left_cheek,pcmci,0.007223436747251094,0.0072234367472510915,MOCK_S28_speaking_left_cheek,2,900,6be463bdba3c4d301aa9ac98a62f75a6773debd99d5e6d5cd2a810ec534a832c,displacement_mean_euclidean_error,evaluable,,120,1,6,True,MOCK DATA / NOT A SCIENTIFIC RESULT,displacement-report-draft-v1
MOCK_S28,MOCK_G14,4,speaking,right_cheek,persistence,,,MOCK_S28_speaking_right_cheek,2,0,6be463bdba3c4d301aa9ac98a62f75a6773debd99d5e6d5cd2a810ec534a832c,displacement_mean_euclidean_error,unevaluable,mock_train_region_unavailable,120,0,0,True,MOCK DATA / NOT A SCIENTIFIC RESULT,displacement-report-draft-v1
MOCK_S28,MOCK_G14,4,speaking,right_cheek,self,,0.007786912778521351,MOCK_S28_speaking_right_cheek,2,0,6be463bdba3c4d301aa9ac98a62f75a6773debd99d5e6d5cd2a810ec534a832c,displacement_mean_euclidean_error,unevaluable,mock_train_region_unavailable,120,0,0,True,MOCK DATA / NOT A SCIENTIFIC RESULT,displacement-report-draft-v1
MOCK_S28,MOCK_G14,4,speaking,right_cheek,full,,0.007876957879136734,MOCK_S28_speaking_right_cheek,2,0,6be463bdba3c4d301aa9ac98a62f75a6773debd99d5e6d5cd2a810ec534a832c,displacement_mean_euclidean_error,unevaluable,mock_train_region_unavailable,120,0,0,True,MOCK DATA / NOT A SCIENTIFIC RESULT,displacement-report-draft-v1
MOCK_S28,MOCK_G14,4,speaking,right_cheek,pcmci,,0.007786912778521351,MOCK_S28_speaking_right_cheek,2,0,6be463bdba3c4d301aa9ac98a62f75a6773debd99d5e6d5cd2a810ec534a832c,displacement_mean_euclidean_error,unevaluable,mock_train_region_unavailable,120,0,0,True,MOCK DATA / NOT A SCIENTIFIC RESULT,displacement-report-draft-v1
MOCK_S28,MOCK_G14,4,speaking,mouth,persistence,0.00670803884950241,,MOCK_S28_speaking_mouth,8,900,6be463bdba3c4d301aa9ac98a62f75a6773debd99d5e6d5cd2a810ec534a832c,displacement_mean_euclidean_error,evaluable,,480,0,0,True,MOCK DATA / NOT A SCIENTIFIC RESULT,displacement-report-draft-v1
MOCK_S28,MOCK_G14,4,speaking,mouth,self,0.00808691277852135,0.00808691277852135,MOCK_S28_speaking_mouth,8,900,6be463bdba3c4d301aa9ac98a62f75a6773debd99d5e6d5cd2a810ec534a832c,displacement_mean_euclidean_error,evaluable,,480,0,0,True,MOCK DATA / NOT A SCIENTIFIC RESULT,displacement-report-draft-v1
MOCK_S28,MOCK_G14,4,speaking,mouth,full,0.007350309999975266,0.007350309999975267,MOCK_S28_speaking_mouth,8,900,6be463bdba3c4d301aa9ac98a62f75a6773debd99d5e6d5cd2a810ec534a832c,displacement_mean_euclidean_error,evaluable,,480,90,570,True,MOCK DATA / NOT A SCIENTIFIC RESULT,displacement-report-draft-v1
MOCK_S28,MOCK_G14,4,speaking,mouth,pcmci,0.008313355502863202,0.008313355502863202,MOCK_S28_speaking_mouth,8,900,6be463bdba3c4d301aa9ac98a62f75a6773debd99d5e6d5cd2a810ec534a832c,displacement_mean_euclidean_error,evaluable,,480,3,18,True,MOCK DATA / NOT A SCIENTIFIC RESULT,displacement-report-draft-v1
MOCK_S28,MOCK_G14,4,speaking,jaw,persistence,0.006747844776683049,,MOCK_S28_speaking_jaw,3,900,6be463bdba3c4d301aa9ac98a62f75a6773debd99d5e6d5cd2a810ec534a832c,displacement_mean_euclidean_error,evaluable,,180,0,0,True,MOCK DATA / NOT A SCIENTIFIC RESULT,displacement-report-draft-v1
MOCK_S28,MOCK_G14,4,speaking,jaw,self,0.00838691277852135,0.00838691277852135,MOCK_S28_speaking_jaw,3,900,6be463bdba3c4d301aa9ac98a62f75a6773debd99d5e6d5cd2a810ec534a832c,displacement_mean_euclidean_error,evaluable,,180,0,0,True,MOCK DATA / NOT A SCIENTIFIC RESULT,displacement-report-draft-v1
MOCK_S28,MOCK_G14,4,speaking,jaw,full,0.006995223854846265,0.006995223854846265,MOCK_S28_speaking_jaw,3,900,6be463bdba3c4d301aa9ac98a62f75a6773debd99d5e6d5cd2a810ec534a832c,displacement_mean_euclidean_error,evaluable,,180,90,720,True,MOCK DATA / NOT A SCIENTIFIC RESULT,displacement-report-draft-v1
MOCK_S28,MOCK_G14,4,speaking,jaw,pcmci,0.00786928374633459,0.007869283746334589,MOCK_S28_speaking_jaw,3,900,6be463bdba3c4d301aa9ac98a62f75a6773debd99d5e6d5cd2a810ec534a832c,displacement_mean_euclidean_error,evaluable,,180,3,20,True,MOCK DATA / NOT A SCIENTIFIC RESULT,displacement-report-draft-v1
MOCK_S28,MOCK_G14,4,non_speaking,left_brow,persistence,0.006464705298343498,,MOCK_S28_non_speaking_left_brow,3,900,40275c3f3d62d6a686a7d2aa625576335780dca30df32eb69210500f293c5233,displacement_mean_euclidean_error,evaluable,,180,0,0,True,MOCK DATA / NOT A SCIENTIFIC RESULT,displacement-report-draft-v1
MOCK_S28,MOCK_G14,4,non_speaking,left_brow,self,0.006686912778521352,0.006686912778521351,MOCK_S28_non_speaking_left_brow,3,900,40275c3f3d62d6a686a7d2aa625576335780dca30df32eb69210500f293c5233,displacement_mean_euclidean_error,evaluable,,180,0,0,True,MOCK DATA / NOT A SCIENTIFIC RESULT,displacement-report-draft-v1
MOCK_S28,MOCK_G14,4,non_speaking,left_brow,full,0.005711732990762732,0.005711732990762731,MOCK_S28_non_speaking_left_brow,3,900,40275c3f3d62d6a686a7d2aa625576335780dca30df32eb69210500f293c5233,displacement_mean_euclidean_error,evaluable,,180,90,720,True,MOCK DATA / NOT A SCIENTIFIC RESULT,displacement-report-draft-v1
MOCK_S28,MOCK_G14,4,non_speaking,left_brow,pcmci,0.0059352271517509525,0.0059352271517509525,MOCK_S28_non_speaking_left_brow,3,900,40275c3f3d62d6a686a7d2aa625576335780dca30df32eb69210500f293c5233,displacement_mean_euclidean_error,evaluable,,180,3,20,True,MOCK DATA / NOT A SCIENTIFIC RESULT,displacement-report-draft-v1
MOCK_S28,MOCK_G14,4,non_speaking,right_brow,persistence,0.006442988898820435,,MOCK_S28_non_speaking_right_brow,3,900,40275c3f3d62d6a686a7d2aa625576335780dca30df32eb69210500f293c5233,displacement_mean_euclidean_error,evaluable,,180,0,0,True,MOCK DATA / NOT A SCIENTIFIC RESULT,displacement-report-draft-v1
MOCK_S28,MOCK_G14,4,non_speaking,right_brow,self,0.00698691277852135,0.006986912778521351,MOCK_S28_non_speaking_right_brow,3,900,40275c3f3d62d6a686a7d2aa625576335780dca30df32eb69210500f293c5233,displacement_mean_euclidean_error,evaluable,,180,0,0,True,MOCK DATA / NOT A SCIENTIFIC RESULT,displacement-report-draft-v1
MOCK_S28,MOCK_G14,4,non_speaking,right_brow,full,0.005539702719083914,0.0055397027190839145,MOCK_S28_non_speaking_right_brow,3,900,40275c3f3d62d6a686a7d2aa625576335780dca30df32eb69210500f293c5233,displacement_mean_euclidean_error,evaluable,,180,90,720,True,MOCK DATA / NOT A SCIENTIFIC RESULT,displacement-report-draft-v1
MOCK_S28,MOCK_G14,4,non_speaking,right_brow,pcmci,0.005705227335125299,0.0057052273351253,MOCK_S28_non_speaking_right_brow,3,900,40275c3f3d62d6a686a7d2aa625576335780dca30df32eb69210500f293c5233,displacement_mean_euclidean_error,evaluable,,180,3,20,True,MOCK DATA / NOT A SCIENTIFIC RESULT,displacement-report-draft-v1
MOCK_S28,MOCK_G14,4,non_speaking,left_eyelid,persistence,0.00654676640509572,,MOCK_S28_non_speaking_left_eyelid,4,900,40275c3f3d62d6a686a7d2aa625576335780dca30df32eb69210500f293c5233,displacement_mean_euclidean_error,evaluable,,240,0,0,True,MOCK DATA / NOT A SCIENTIFIC RESULT,displacement-report-draft-v1
MOCK_S28,MOCK_G14,4,non_speaking,left_eyelid,self,0.007286912778521351,0.007286912778521351,MOCK_S28_non_speaking_left_eyelid,4,900,40275c3f3d62d6a686a7d2aa625576335780dca30df32eb69210500f293c5233,displacement_mean_euclidean_error,evaluable,,240,0,0,True,MOCK DATA / NOT A SCIENTIFIC RESULT,displacement-report-draft-v1
MOCK_S28,MOCK_G14,4,non_speaking,left_eyelid,full,0.006192563238355695,0.006192563238355695,MOCK_S28_non_speaking_left_eyelid,4,900,40275c3f3d62d6a686a7d2aa625576335780dca30df32eb69210500f293c5233,displacement_mean_euclidean_error,evaluable,,240,90,690,True,MOCK DATA / NOT A SCIENTIFIC RESULT,displacement-report-draft-v1
MOCK_S28,MOCK_G14,4,non_speaking,left_eyelid,pcmci,0.006239875279644045,0.006239875279644045,MOCK_S28_non_speaking_left_eyelid,4,900,40275c3f3d62d6a686a7d2aa625576335780dca30df32eb69210500f293c5233,displacement_mean_euclidean_error,evaluable,,240,2,16,True,MOCK DATA / NOT A SCIENTIFIC RESULT,displacement-report-draft-v1
MOCK_S28,MOCK_G14,4,non_speaking,right_eyelid,persistence,0.006607040426173411,,MOCK_S28_non_speaking_right_eyelid,4,900,40275c3f3d62d6a686a7d2aa625576335780dca30df32eb69210500f293c5233,displacement_mean_euclidean_error,evaluable,,240,0,0,True,MOCK DATA / NOT A SCIENTIFIC RESULT,displacement-report-draft-v1
MOCK_S28,MOCK_G14,4,non_speaking,right_eyelid,self,0.00758691277852135,0.007586912778521351,MOCK_S28_non_speaking_right_eyelid,4,900,40275c3f3d62d6a686a7d2aa625576335780dca30df32eb69210500f293c5233,displacement_mean_euclidean_error,evaluable,,240,0,0,True,MOCK DATA / NOT A SCIENTIFIC RESULT,displacement-report-draft-v1
MOCK_S28,MOCK_G14,4,non_speaking,right_eyelid,full,0.007345896214459258,0.007345896214459257,MOCK_S28_non_speaking_right_eyelid,4,900,40275c3f3d62d6a686a7d2aa625576335780dca30df32eb69210500f293c5233,displacement_mean_euclidean_error,evaluable,,240,90,690,True,MOCK DATA / NOT A SCIENTIFIC RESULT,displacement-report-draft-v1
MOCK_S28,MOCK_G14,4,non_speaking,right_eyelid,pcmci,0.007323436747251092,0.007323436747251092,MOCK_S28_non_speaking_right_eyelid,4,900,40275c3f3d62d6a686a7d2aa625576335780dca30df32eb69210500f293c5233,displacement_mean_euclidean_error,evaluable,,240,3,24,True,MOCK DATA / NOT A SCIENTIFIC RESULT,displacement-report-draft-v1
MOCK_S28,MOCK_G14,4,non_speaking,left_cheek,persistence,0.0067764532450606905,,MOCK_S28_non_speaking_left_cheek,2,900,40275c3f3d62d6a686a7d2aa625576335780dca30df32eb69210500f293c5233,displacement_mean_euclidean_error,evaluable,,120,0,0,True,MOCK DATA / NOT A SCIENTIFIC RESULT,displacement-report-draft-v1
MOCK_S28,MOCK_G14,4,non_speaking,left_cheek,self,0.007886912778521351,0.007886912778521351,MOCK_S28_non_speaking_left_cheek,2,900,40275c3f3d62d6a686a7d2aa625576335780dca30df32eb69210500f293c5233,displacement_mean_euclidean_error,evaluable,,120,0,0,True,MOCK DATA / NOT A SCIENTIFIC RESULT,displacement-report-draft-v1
MOCK_S28,MOCK_G14,4,non_speaking,left_cheek,full,0.008215151244511628,0.008215151244511628,MOCK_S28_non_speaking_left_cheek,2,900,40275c3f3d62d6a686a7d2aa625576335780dca30df32eb69210500f293c5233,displacement_mean_euclidean_error,evaluable,,120,90,750,True,MOCK DATA / NOT A SCIENTIFIC RESULT,displacement-report-draft-v1
MOCK_S28,MOCK_G14,4,non_speaking,left_cheek,pcmci,0.008235508938207368,0.008235508938207368,MOCK_S28_non_speaking_left_cheek,2,900,40275c3f3d62d6a686a7d2aa625576335780dca30df32eb69210500f293c5233,displacement_mean_euclidean_error,evaluable,,120,1,6,True,MOCK DATA / NOT A SCIENTIFIC RESULT,displacement-report-draft-v1
MOCK_S28,MOCK_G14,4,non_speaking,right_cheek,persistence,,,MOCK_S28_non_speaking_right_cheek,2,0,40275c3f3d62d6a686a7d2aa625576335780dca30df32eb69210500f293c5233,displacement_mean_euclidean_error,unevaluable,mock_train_region_unavailable,120,0,0,True,MOCK DATA / NOT A SCIENTIFIC RESULT,displacement-report-draft-v1
MOCK_S28,MOCK_G14,4,non_speaking,right_cheek,self,,0.008186912778521349,MOCK_S28_non_speaking_right_cheek,2,0,40275c3f3d62d6a686a7d2aa625576335780dca30df32eb69210500f293c5233,displacement_mean_euclidean_error,unevaluable,mock_train_region_unavailable,120,0,0,True,MOCK DATA / NOT A SCIENTIFIC RESULT,displacement-report-draft-v1
MOCK_S28,MOCK_G14,4,non_speaking,right_cheek,full,,0.008276957879136734,MOCK_S28_non_speaking_right_cheek,2,0,40275c3f3d62d6a686a7d2aa625576335780dca30df32eb69210500f293c5233,displacement_mean_euclidean_error,unevaluable,mock_train_region_unavailable,120,0,0,True,MOCK DATA / NOT A SCIENTIFIC RESULT,displacement-report-draft-v1
MOCK_S28,MOCK_G14,4,non_speaking,right_cheek,pcmci,,0.008186912778521349,MOCK_S28_non_speaking_right_cheek,2,0,40275c3f3d62d6a686a7d2aa625576335780dca30df32eb69210500f293c5233,displacement_mean_euclidean_error,unevaluable,mock_train_region_unavailable,120,0,0,True,MOCK DATA / NOT A SCIENTIFIC RESULT,displacement-report-draft-v1
MOCK_S28,MOCK_G14,4,non_speaking,mouth,persistence,0.006684527637800078,,MOCK_S28_non_speaking_mouth,8,900,40275c3f3d62d6a686a7d2aa625576335780dca30df32eb69210500f293c5233,displacement_mean_euclidean_error,evaluable,,480,0,0,True,MOCK DATA / NOT A SCIENTIFIC RESULT,displacement-report-draft-v1
MOCK_S28,MOCK_G14,4,non_speaking,mouth,self,0.00848691277852135,0.008486912778521349,MOCK_S28_non_speaking_mouth,8,900,40275c3f3d62d6a686a7d2aa625576335780dca30df32eb69210500f293c5233,displacement_mean_euclidean_error,evaluable,,480,0,0,True,MOCK DATA / NOT A SCIENTIFIC RESULT,displacement-report-draft-v1
MOCK_S28,MOCK_G14,4,non_speaking,mouth,full,0.007750309999975268,0.007750309999975266,MOCK_S28_non_speaking_mouth,8,900,40275c3f3d62d6a686a7d2aa625576335780dca30df32eb69210500f293c5233,displacement_mean_euclidean_error,evaluable,,480,90,570,True,MOCK DATA / NOT A SCIENTIFIC RESULT,displacement-report-draft-v1
MOCK_S28,MOCK_G14,4,non_speaking,mouth,pcmci,0.00796928374633459,0.007969283746334588,MOCK_S28_non_speaking_mouth,8,900,40275c3f3d62d6a686a7d2aa625576335780dca30df32eb69210500f293c5233,displacement_mean_euclidean_error,evaluable,,480,3,18,True,MOCK DATA / NOT A SCIENTIFIC RESULT,displacement-report-draft-v1
MOCK_S28,MOCK_G14,4,non_speaking,jaw,persistence,0.006718252535394967,,MOCK_S28_non_speaking_jaw,3,900,40275c3f3d62d6a686a7d2aa625576335780dca30df32eb69210500f293c5233,displacement_mean_euclidean_error,evaluable,,180,0,0,True,MOCK DATA / NOT A SCIENTIFIC RESULT,displacement-report-draft-v1
MOCK_S28,MOCK_G14,4,non_speaking,jaw,self,0.008786912778521349,0.008786912778521349,MOCK_S28_non_speaking_jaw,3,900,40275c3f3d62d6a686a7d2aa625576335780dca30df32eb69210500f293c5233,displacement_mean_euclidean_error,evaluable,,180,0,0,True,MOCK DATA / NOT A SCIENTIFIC RESULT,displacement-report-draft-v1
MOCK_S28,MOCK_G14,4,non_speaking,jaw,full,0.007395223854846264,0.007395223854846264,MOCK_S28_non_speaking_jaw,3,900,40275c3f3d62d6a686a7d2aa625576335780dca30df32eb69210500f293c5233,displacement_mean_euclidean_error,evaluable,,180,90,720,True,MOCK DATA / NOT A SCIENTIFIC RESULT,displacement-report-draft-v1
MOCK_S28,MOCK_G14,4,non_speaking,jaw,pcmci,0.007587389810111223,0.007587389810111223,MOCK_S28_non_speaking_jaw,3,900,40275c3f3d62d6a686a7d2aa625576335780dca30df32eb69210500f293c5233,displacement_mean_euclidean_error,evaluable,,180,3,20,True,MOCK DATA / NOT A SCIENTIFIC RESULT,displacement-report-draft-v1
MOCK_S29,MOCK_G15,4,speaking,left_brow,persistence,0.006359755671595223,,MOCK_S29_speaking_left_brow,3,900,f744b3d17e46558b5bb91b191466253f8d2139388d4e0be83d3f46786a5400c4,displacement_mean_euclidean_error,evaluable,,180,0,0,True,MOCK DATA / NOT A SCIENTIFIC RESULT,displacement-report-draft-v1
MOCK_S29,MOCK_G15,4,speaking,left_brow,self,0.00608127173649236,0.006081271736492361,MOCK_S29_speaking_left_brow,3,900,f744b3d17e46558b5bb91b191466253f8d2139388d4e0be83d3f46786a5400c4,displacement_mean_euclidean_error,evaluable,,180,0,0,True,MOCK DATA / NOT A SCIENTIFIC RESULT,displacement-report-draft-v1
MOCK_S29,MOCK_G15,4,speaking,left_brow,full,0.004732461406269007,0.004732461406269007,MOCK_S29_speaking_left_brow,3,900,f744b3d17e46558b5bb91b191466253f8d2139388d4e0be83d3f46786a5400c4,displacement_mean_euclidean_error,evaluable,,180,90,720,True,MOCK DATA / NOT A SCIENTIFIC RESULT,displacement-report-draft-v1
MOCK_S29,MOCK_G15,4,speaking,left_brow,pcmci,0.005747498371969021,0.00574749837196902,MOCK_S29_speaking_left_brow,3,900,f744b3d17e46558b5bb91b191466253f8d2139388d4e0be83d3f46786a5400c4,displacement_mean_euclidean_error,evaluable,,180,3,20,True,MOCK DATA / NOT A SCIENTIFIC RESULT,displacement-report-draft-v1
MOCK_S29,MOCK_G15,4,speaking,right_brow,persistence,0.006530306169728622,,MOCK_S29_speaking_right_brow,3,900,f744b3d17e46558b5bb91b191466253f8d2139388d4e0be83d3f46786a5400c4,displacement_mean_euclidean_error,evaluable,,180,0,0,True,MOCK DATA / NOT A SCIENTIFIC RESULT,displacement-report-draft-v1
MOCK_S29,MOCK_G15,4,speaking,right_brow,self,0.00638127173649236,0.006381271736492361,MOCK_S29_speaking_right_brow,3,900,f744b3d17e46558b5bb91b191466253f8d2139388d4e0be83d3f46786a5400c4,displacement_mean_euclidean_error,evaluable,,180,0,0,True,MOCK DATA / NOT A SCIENTIFIC RESULT,displacement-report-draft-v1
MOCK_S29,MOCK_G15,4,speaking,right_brow,full,0.005050789774955337,0.005050789774955338,MOCK_S29_speaking_right_brow,3,900,f744b3d17e46558b5bb91b191466253f8d2139388d4e0be83d3f46786a5400c4,displacement_mean_euclidean_error,evaluable,,180,90,720,True,MOCK DATA / NOT A SCIENTIFIC RESULT,displacement-report-draft-v1
MOCK_S29,MOCK_G15,4,speaking,right_brow,pcmci,0.005285537010562363,0.005285537010562363,MOCK_S29_speaking_right_brow,3,900,f744b3d17e46558b5bb91b191466253f8d2139388d4e0be83d3f46786a5400c4,displacement_mean_euclidean_error,evaluable,,180,3,20,True,MOCK DATA / NOT A SCIENTIFIC RESULT,displacement-report-draft-v1
MOCK_S29,MOCK_G15,4,speaking,left_eyelid,persistence,0.006452727056387547,,MOCK_S29_speaking_left_eyelid,4,900,f744b3d17e46558b5bb91b191466253f8d2139388d4e0be83d3f46786a5400c4,displacement_mean_euclidean_error,evaluable,,240,0,0,True,MOCK DATA / NOT A SCIENTIFIC RESULT,displacement-report-draft-v1
MOCK_S29,MOCK_G15,4,speaking,left_eyelid,self,0.006681271736492362,0.006681271736492361,MOCK_S29_speaking_left_eyelid,4,900,f744b3d17e46558b5bb91b191466253f8d2139388d4e0be83d3f46786a5400c4,displacement_mean_euclidean_error,evaluable,,240,0,0,True,MOCK DATA / NOT A SCIENTIFIC RESULT,displacement-report-draft-v1
MOCK_S29,MOCK_G15,4,speaking,left_eyelid,full,0.00608668965970183,0.00608668965970183,MOCK_S29_speaking_left_eyelid,4,900,f744b3d17e46558b5bb91b191466253f8d2139388d4e0be83d3f46786a5400c4,displacement_mean_euclidean_error,evaluable,,240,90,690,True,MOCK DATA / NOT A SCIENTIFIC RESULT,displacement-report-draft-v1
MOCK_S29,MOCK_G15,4,speaking,left_eyelid,pcmci,0.005417261178217484,0.005417261178217484,MOCK_S29_speaking_left_eyelid,4,900,f744b3d17e46558b5bb91b191466253f8d2139388d4e0be83d3f46786a5400c4,displacement_mean_euclidean_error,evaluable,,240,2,16,True,MOCK DATA / NOT A SCIENTIFIC RESULT,displacement-report-draft-v1
MOCK_S29,MOCK_G15,4,speaking,right_eyelid,persistence,0.0066240583985011,,MOCK_S29_speaking_right_eyelid,4,900,f744b3d17e46558b5bb91b191466253f8d2139388d4e0be83d3f46786a5400c4,displacement_mean_euclidean_error,evaluable,,240,0,0,True,MOCK DATA / NOT A SCIENTIFIC RESULT,displacement-report-draft-v1
MOCK_S29,MOCK_G15,4,speaking,right_eyelid,self,0.006981271736492361,0.006981271736492361,MOCK_S29_speaking_right_eyelid,4,900,f744b3d17e46558b5bb91b191466253f8d2139388d4e0be83d3f46786a5400c4,displacement_mean_euclidean_error,evaluable,,240,0,0,True,MOCK DATA / NOT A SCIENTIFIC RESULT,displacement-report-draft-v1
MOCK_S29,MOCK_G15,4,speaking,right_eyelid,full,0.007163578100248755,0.007163578100248756,MOCK_S29_speaking_right_eyelid,4,900,f744b3d17e46558b5bb91b191466253f8d2139388d4e0be83d3f46786a5400c4,displacement_mean_euclidean_error,evaluable,,240,90,690,True,MOCK DATA / NOT A SCIENTIFIC RESULT,displacement-report-draft-v1
MOCK_S29,MOCK_G15,4,speaking,right_eyelid,pcmci,0.006297382899148504,0.006297382899148504,MOCK_S29_speaking_right_eyelid,4,900,f744b3d17e46558b5bb91b191466253f8d2139388d4e0be83d3f46786a5400c4,displacement_mean_euclidean_error,evaluable,,240,3,24,True,MOCK DATA / NOT A SCIENTIFIC RESULT,displacement-report-draft-v1
MOCK_S29,MOCK_G15,4,speaking,left_cheek,persistence,0.006653879767914856,,MOCK_S29_speaking_left_cheek,2,900,f744b3d17e46558b5bb91b191466253f8d2139388d4e0be83d3f46786a5400c4,displacement_mean_euclidean_error,evaluable,,120,0,0,True,MOCK DATA / NOT A SCIENTIFIC RESULT,displacement-report-draft-v1
MOCK_S29,MOCK_G15,4,speaking,left_cheek,self,0.007281271736492361,0.007281271736492361,MOCK_S29_speaking_left_cheek,2,900,f744b3d17e46558b5bb91b191466253f8d2139388d4e0be83d3f46786a5400c4,displacement_mean_euclidean_error,evaluable,,120,0,0,True,MOCK DATA / NOT A SCIENTIFIC RESULT,displacement-report-draft-v1
MOCK_S29,MOCK_G15,4,speaking,left_cheek,full,0.007567187447161877,0.0075671874471618765,MOCK_S29_speaking_left_cheek,2,900,f744b3d17e46558b5bb91b191466253f8d2139388d4e0be83d3f46786a5400c4,displacement_mean_euclidean_error,evaluable,,120,90,750,True,MOCK DATA / NOT A SCIENTIFIC RESULT,displacement-report-draft-v1
MOCK_S29,MOCK_G15,4,speaking,left_cheek,pcmci,0.00739254093849983,0.0073925409384998295,MOCK_S29_speaking_left_cheek,2,900,f744b3d17e46558b5bb91b191466253f8d2139388d4e0be83d3f46786a5400c4,displacement_mean_euclidean_error,evaluable,,120,1,6,True,MOCK DATA / NOT A SCIENTIFIC RESULT,displacement-report-draft-v1
MOCK_S29,MOCK_G15,4,speaking,right_cheek,persistence,,,MOCK_S29_speaking_right_cheek,2,0,f744b3d17e46558b5bb91b191466253f8d2139388d4e0be83d3f46786a5400c4,displacement_mean_euclidean_error,unevaluable,mock_train_region_unavailable,120,0,0,True,MOCK DATA / NOT A SCIENTIFIC RESULT,displacement-report-draft-v1
MOCK_S29,MOCK_G15,4,speaking,right_cheek,self,,0.007581271736492361,MOCK_S29_speaking_right_cheek,2,0,f744b3d17e46558b5bb91b191466253f8d2139388d4e0be83d3f46786a5400c4,displacement_mean_euclidean_error,unevaluable,mock_train_region_unavailable,120,0,0,True,MOCK DATA / NOT A SCIENTIFIC RESULT,displacement-report-draft-v1
MOCK_S29,MOCK_G15,4,speaking,right_cheek,full,,0.007202259744708254,MOCK_S29_speaking_right_cheek,2,0,f744b3d17e46558b5bb91b191466253f8d2139388d4e0be83d3f46786a5400c4,displacement_mean_euclidean_error,unevaluable,mock_train_region_unavailable,120,0,0,True,MOCK DATA / NOT A SCIENTIFIC RESULT,displacement-report-draft-v1
MOCK_S29,MOCK_G15,4,speaking,right_cheek,pcmci,,0.007581271736492361,MOCK_S29_speaking_right_cheek,2,0,f744b3d17e46558b5bb91b191466253f8d2139388d4e0be83d3f46786a5400c4,displacement_mean_euclidean_error,unevaluable,mock_train_region_unavailable,120,0,0,True,MOCK DATA / NOT A SCIENTIFIC RESULT,displacement-report-draft-v1
MOCK_S29,MOCK_G15,4,speaking,mouth,persistence,0.006648934804961745,,MOCK_S29_speaking_mouth,8,900,f744b3d17e46558b5bb91b191466253f8d2139388d4e0be83d3f46786a5400c4,displacement_mean_euclidean_error,evaluable,,480,0,0,True,MOCK DATA / NOT A SCIENTIFIC RESULT,displacement-report-draft-v1
MOCK_S29,MOCK_G15,4,speaking,mouth,self,0.007881271736492362,0.00788127173649236,MOCK_S29_speaking_mouth,8,900,f744b3d17e46558b5bb91b191466253f8d2139388d4e0be83d3f46786a5400c4,displacement_mean_euclidean_error,evaluable,,480,0,0,True,MOCK DATA / NOT A SCIENTIFIC RESULT,displacement-report-draft-v1
MOCK_S29,MOCK_G15,4,speaking,mouth,full,0.00668012645605254,0.00668012645605254,MOCK_S29_speaking_mouth,8,900,f744b3d17e46558b5bb91b191466253f8d2139388d4e0be83d3f46786a5400c4,displacement_mean_euclidean_error,evaluable,,480,90,570,True,MOCK DATA / NOT A SCIENTIFIC RESULT,displacement-report-draft-v1
MOCK_S29,MOCK_G15,4,speaking,mouth,pcmci,0.007778141489033745,0.007778141489033744,MOCK_S29_speaking_mouth,8,900,f744b3d17e46558b5bb91b191466253f8d2139388d4e0be83d3f46786a5400c4,displacement_mean_euclidean_error,evaluable,,480,3,18,True,MOCK DATA / NOT A SCIENTIFIC RESULT,displacement-report-draft-v1
MOCK_S29,MOCK_G15,4,speaking,jaw,persistence,0.006716945962590045,,MOCK_S29_speaking_jaw,3,900,f744b3d17e46558b5bb91b191466253f8d2139388d4e0be83d3f46786a5400c4,displacement_mean_euclidean_error,evaluable,,180,0,0,True,MOCK DATA / NOT A SCIENTIFIC RESULT,displacement-report-draft-v1
MOCK_S29,MOCK_G15,4,speaking,jaw,self,0.00818127173649236,0.00818127173649236,MOCK_S29_speaking_jaw,3,900,f744b3d17e46558b5bb91b191466253f8d2139388d4e0be83d3f46786a5400c4,displacement_mean_euclidean_error,evaluable,,180,0,0,True,MOCK DATA / NOT A SCIENTIFIC RESULT,displacement-report-draft-v1
MOCK_S29,MOCK_G15,4,speaking,jaw,full,0.0067566531353228845,0.006756653135322884,MOCK_S29_speaking_jaw,3,900,f744b3d17e46558b5bb91b191466253f8d2139388d4e0be83d3f46786a5400c4,displacement_mean_euclidean_error,evaluable,,180,90,720,True,MOCK DATA / NOT A SCIENTIFIC RESULT,displacement-report-draft-v1
MOCK_S29,MOCK_G15,4,speaking,jaw,pcmci,0.007265701865301732,0.0072657018653017325,MOCK_S29_speaking_jaw,3,900,f744b3d17e46558b5bb91b191466253f8d2139388d4e0be83d3f46786a5400c4,displacement_mean_euclidean_error,evaluable,,180,3,20,True,MOCK DATA / NOT A SCIENTIFIC RESULT,displacement-report-draft-v1
MOCK_S29,MOCK_G15,4,non_speaking,left_brow,persistence,0.006423834611476435,,MOCK_S29_non_speaking_left_brow,3,900,d806eb3f7c815c72839cfe1b82056ee8ea4f270cc0b6ba0f733a70223b62c3dc,displacement_mean_euclidean_error,evaluable,,180,0,0,True,MOCK DATA / NOT A SCIENTIFIC RESULT,displacement-report-draft-v1
MOCK_S29,MOCK_G15,4,non_speaking,left_brow,self,0.006481271736492363,0.006481271736492361,MOCK_S29_non_speaking_left_brow,3,900,d806eb3f7c815c72839cfe1b82056ee8ea4f270cc0b6ba0f733a70223b62c3dc,displacement_mean_euclidean_error,evaluable,,180,0,0,True,MOCK DATA / NOT A SCIENTIFIC RESULT,displacement-report-draft-v1
MOCK_S29,MOCK_G15,4,non_speaking,left_brow,full,0.005132461406269008,0.005132461406269007,MOCK_S29_non_speaking_left_brow,3,900,d806eb3f7c815c72839cfe1b82056ee8ea4f270cc0b6ba0f733a70223b62c3dc,displacement_mean_euclidean_error,evaluable,,180,90,720,True,MOCK DATA / NOT A SCIENTIFIC RESULT,displacement-report-draft-v1
MOCK_S29,MOCK_G15,4,non_speaking,left_brow,pcmci,0.0053855370105623645,0.005385537010562364,MOCK_S29_non_speaking_left_brow,3,900,d806eb3f7c815c72839cfe1b82056ee8ea4f270cc0b6ba0f733a70223b62c3dc,displacement_mean_euclidean_error,evaluable,,180,3,20,True,MOCK DATA / NOT A SCIENTIFIC RESULT,displacement-report-draft-v1
MOCK_S29,MOCK_G15,4,non_speaking,right_brow,persistence,0.006400353957922349,,MOCK_S29_non_speaking_right_brow,3,900,d806eb3f7c815c72839cfe1b82056ee8ea4f270cc0b6ba0f733a70223b62c3dc,displacement_mean_euclidean_error,evaluable,,180,0,0,True,MOCK DATA / NOT A SCIENTIFIC RESULT,displacement-report-draft-v1
MOCK_S29,MOCK_G15,4,non_speaking,right_brow,self,0.006781271736492362,0.006781271736492361,MOCK_S29_non_speaking_right_brow,3,900,d806eb3f7c815c72839cfe1b82056ee8ea4f270cc0b6ba0f733a70223b62c3dc,displacement_mean_euclidean_error,evaluable,,180,0,0,True,MOCK DATA / NOT A SCIENTIFIC RESULT,displacement-report-draft-v1
MOCK_S29,MOCK_G15,4,non_speaking,right_brow,full,0.005450789774955339,0.005450789774955338,MOCK_S29_non_speaking_right_brow,3,900,d806eb3f7c815c72839cfe1b82056ee8ea4f270cc0b6ba0f733a70223b62c3dc,displacement_mean_euclidean_error,evaluable,,180,90,720,True,MOCK DATA / NOT A SCIENTIFIC RESULT,displacement-report-draft-v1
MOCK_S29,MOCK_G15,4,non_speaking,right_brow,pcmci,0.005517261178217485,0.005517261178217484,MOCK_S29_non_speaking_right_brow,3,900,d806eb3f7c815c72839cfe1b82056ee8ea4f270cc0b6ba0f733a70223b62c3dc,displacement_mean_euclidean_error,evaluable,,180,3,20,True,MOCK DATA / NOT A SCIENTIFIC RESULT,displacement-report-draft-v1
MOCK_S29,MOCK_G15,4,non_speaking,left_eyelid,persistence,0.0064581740304674685,,MOCK_S29_non_speaking_left_eyelid,4,900,d806eb3f7c815c72839cfe1b82056ee8ea4f270cc0b6ba0f733a70223b62c3dc,displacement_mean_euclidean_error,evaluable,,240,0,0,True,MOCK DATA / NOT A SCIENTIFIC RESULT,displacement-report-draft-v1
MOCK_S29,MOCK_G15,4,non_speaking,left_eyelid,self,0.007081271736492361,0.007081271736492361,MOCK_S29_non_speaking_left_eyelid,4,900,d806eb3f7c815c72839cfe1b82056ee8ea4f270cc0b6ba0f733a70223b62c3dc,displacement_mean_euclidean_error,evaluable,,240,0,0,True,MOCK DATA / NOT A SCIENTIFIC RESULT,displacement-report-draft-v1
MOCK_S29,MOCK_G15,4,non_speaking,left_eyelid,full,0.006486689659701829,0.00648668965970183,MOCK_S29_non_speaking_left_eyelid,4,900,d806eb3f7c815c72839cfe1b82056ee8ea4f270cc0b6ba0f733a70223b62c3dc,displacement_mean_euclidean_error,evaluable,,240,90,690,True,MOCK DATA / NOT A SCIENTIFIC RESULT,displacement-report-draft-v1
MOCK_S29,MOCK_G15,4,non_speaking,left_eyelid,pcmci,0.006397382899148504,0.006397382899148504,MOCK_S29_non_speaking_left_eyelid,4,900,d806eb3f7c815c72839cfe1b82056ee8ea4f270cc0b6ba0f733a70223b62c3dc,displacement_mean_euclidean_error,evaluable,,240,2,16,True,MOCK DATA / NOT A SCIENTIFIC RESULT,displacement-report-draft-v1
MOCK_S29,MOCK_G15,4,non_speaking,right_eyelid,persistence,0.006554930634143445,,MOCK_S29_non_speaking_right_eyelid,4,900,d806eb3f7c815c72839cfe1b82056ee8ea4f270cc0b6ba0f733a70223b62c3dc,displacement_mean_euclidean_error,evaluable,,240,0,0,True,MOCK DATA / NOT A SCIENTIFIC RESULT,displacement-report-draft-v1
MOCK_S29,MOCK_G15,4,non_speaking,right_eyelid,self,0.007381271736492362,0.007381271736492361,MOCK_S29_non_speaking_right_eyelid,4,900,d806eb3f7c815c72839cfe1b82056ee8ea4f270cc0b6ba0f733a70223b62c3dc,displacement_mean_euclidean_error,evaluable,,240,0,0,True,MOCK DATA / NOT A SCIENTIFIC RESULT,displacement-report-draft-v1
MOCK_S29,MOCK_G15,4,non_speaking,right_eyelid,full,0.007563578100248757,0.007563578100248756,MOCK_S29_non_speaking_right_eyelid,4,900,d806eb3f7c815c72839cfe1b82056ee8ea4f270cc0b6ba0f733a70223b62c3dc,displacement_mean_euclidean_error,evaluable,,240,90,690,True,MOCK DATA / NOT A SCIENTIFIC RESULT,displacement-report-draft-v1
MOCK_S29,MOCK_G15,4,non_speaking,right_eyelid,pcmci,0.00749254093849983,0.007492540938499829,MOCK_S29_non_speaking_right_eyelid,4,900,d806eb3f7c815c72839cfe1b82056ee8ea4f270cc0b6ba0f733a70223b62c3dc,displacement_mean_euclidean_error,evaluable,,240,3,24,True,MOCK DATA / NOT A SCIENTIFIC RESULT,displacement-report-draft-v1
MOCK_S29,MOCK_G15,4,non_speaking,left_cheek,persistence,0.006696377149948974,,MOCK_S29_non_speaking_left_cheek,2,900,d806eb3f7c815c72839cfe1b82056ee8ea4f270cc0b6ba0f733a70223b62c3dc,displacement_mean_euclidean_error,evaluable,,120,0,0,True,MOCK DATA / NOT A SCIENTIFIC RESULT,displacement-report-draft-v1
MOCK_S29,MOCK_G15,4,non_speaking,left_cheek,self,0.007681271736492362,0.007681271736492361,MOCK_S29_non_speaking_left_cheek,2,900,d806eb3f7c815c72839cfe1b82056ee8ea4f270cc0b6ba0f733a70223b62c3dc,displacement_mean_euclidean_error,evaluable,,120,0,0,True,MOCK DATA / NOT A SCIENTIFIC RESULT,displacement-report-draft-v1
MOCK_S29,MOCK_G15,4,non_speaking,left_cheek,full,0.007967187447161878,0.007967187447161878,MOCK_S29_non_speaking_left_cheek,2,900,d806eb3f7c815c72839cfe1b82056ee8ea4f270cc0b6ba0f733a70223b62c3dc,displacement_mean_euclidean_error,evaluable,,120,90,750,True,MOCK DATA / NOT A SCIENTIFIC RESULT,displacement-report-draft-v1
MOCK_S29,MOCK_G15,4,non_speaking,left_cheek,pcmci,0.008071670661951032,0.00807167066195103,MOCK_S29_non_speaking_left_cheek,2,900,d806eb3f7c815c72839cfe1b82056ee8ea4f270cc0b6ba0f733a70223b62c3dc,displacement_mean_euclidean_error,evaluable,,120,1,6,True,MOCK DATA / NOT A SCIENTIFIC RESULT,displacement-report-draft-v1
MOCK_S29,MOCK_G15,4,non_speaking,right_cheek,persistence,,,MOCK_S29_non_speaking_right_cheek,2,0,d806eb3f7c815c72839cfe1b82056ee8ea4f270cc0b6ba0f733a70223b62c3dc,displacement_mean_euclidean_error,unevaluable,mock_train_region_unavailable,120,0,0,True,MOCK DATA / NOT A SCIENTIFIC RESULT,displacement-report-draft-v1
MOCK_S29,MOCK_G15,4,non_speaking,right_cheek,self,,0.00798127173649236,MOCK_S29_non_speaking_right_cheek,2,0,d806eb3f7c815c72839cfe1b82056ee8ea4f270cc0b6ba0f733a70223b62c3dc,displacement_mean_euclidean_error,unevaluable,mock_train_region_unavailable,120,0,0,True,MOCK DATA / NOT A SCIENTIFIC RESULT,displacement-report-draft-v1
MOCK_S29,MOCK_G15,4,non_speaking,right_cheek,full,,0.0076022597447082535,MOCK_S29_non_speaking_right_cheek,2,0,d806eb3f7c815c72839cfe1b82056ee8ea4f270cc0b6ba0f733a70223b62c3dc,displacement_mean_euclidean_error,unevaluable,mock_train_region_unavailable,120,0,0,True,MOCK DATA / NOT A SCIENTIFIC RESULT,displacement-report-draft-v1
MOCK_S29,MOCK_G15,4,non_speaking,right_cheek,pcmci,,0.00798127173649236,MOCK_S29_non_speaking_right_cheek,2,0,d806eb3f7c815c72839cfe1b82056ee8ea4f270cc0b6ba0f733a70223b62c3dc,displacement_mean_euclidean_error,unevaluable,mock_train_region_unavailable,120,0,0,True,MOCK DATA / NOT A SCIENTIFIC RESULT,displacement-report-draft-v1
MOCK_S29,MOCK_G15,4,non_speaking,mouth,persistence,0.006638338220526167,,MOCK_S29_non_speaking_mouth,8,900,d806eb3f7c815c72839cfe1b82056ee8ea4f270cc0b6ba0f733a70223b62c3dc,displacement_mean_euclidean_error,evaluable,,480,0,0,True,MOCK DATA / NOT A SCIENTIFIC RESULT,displacement-report-draft-v1
MOCK_S29,MOCK_G15,4,non_speaking,mouth,self,0.008281271736492362,0.00828127173649236,MOCK_S29_non_speaking_mouth,8,900,d806eb3f7c815c72839cfe1b82056ee8ea4f270cc0b6ba0f733a70223b62c3dc,displacement_mean_euclidean_error,evaluable,,480,0,0,True,MOCK DATA / NOT A SCIENTIFIC RESULT,displacement-report-draft-v1
MOCK_S29,MOCK_G15,4,non_speaking,mouth,full,0.007080126456052541,0.0070801264560525394,MOCK_S29_non_speaking_mouth,8,900,d806eb3f7c815c72839cfe1b82056ee8ea4f270cc0b6ba0f733a70223b62c3dc,displacement_mean_euclidean_error,evaluable,,480,90,570,True,MOCK DATA / NOT A SCIENTIFIC RESULT,displacement-report-draft-v1
MOCK_S29,MOCK_G15,4,non_speaking,mouth,pcmci,0.007365701865301733,0.007365701865301731,MOCK_S29_non_speaking_mouth,8,900,d806eb3f7c815c72839cfe1b82056ee8ea4f270cc0b6ba0f733a70223b62c3dc,displacement_mean_euclidean_error,evaluable,,480,3,18,True,MOCK DATA / NOT A SCIENTIFIC RESULT,displacement-report-draft-v1
MOCK_S29,MOCK_G15,4,non_speaking,jaw,persistence,0.006776540242031638,,MOCK_S29_non_speaking_jaw,3,900,d806eb3f7c815c72839cfe1b82056ee8ea4f270cc0b6ba0f733a70223b62c3dc,displacement_mean_euclidean_error,evaluable,,180,0,0,True,MOCK DATA / NOT A SCIENTIFIC RESULT,displacement-report-draft-v1
MOCK_S29,MOCK_G15,4,non_speaking,jaw,self,0.00858127173649236,0.00858127173649236,MOCK_S29_non_speaking_jaw,3,900,d806eb3f7c815c72839cfe1b82056ee8ea4f270cc0b6ba0f733a70223b62c3dc,displacement_mean_euclidean_error,evaluable,,180,0,0,True,MOCK DATA / NOT A SCIENTIFIC RESULT,displacement-report-draft-v1
MOCK_S29,MOCK_G15,4,non_speaking,jaw,full,0.007156653135322884,0.007156653135322883,MOCK_S29_non_speaking_jaw,3,900,d806eb3f7c815c72839cfe1b82056ee8ea4f270cc0b6ba0f733a70223b62c3dc,displacement_mean_euclidean_error,evaluable,,180,90,720,True,MOCK DATA / NOT A SCIENTIFIC RESULT,displacement-report-draft-v1
MOCK_S29,MOCK_G15,4,non_speaking,jaw,pcmci,0.007281305034056918,0.007281305034056918,MOCK_S29_non_speaking_jaw,3,900,d806eb3f7c815c72839cfe1b82056ee8ea4f270cc0b6ba0f733a70223b62c3dc,displacement_mean_euclidean_error,evaluable,,180,3,20,True,MOCK DATA / NOT A SCIENTIFIC RESULT,displacement-report-draft-v1
MOCK_S30,MOCK_G15,4,speaking,left_brow,persistence,0.006311627092061166,,MOCK_S30_speaking_left_brow,3,900,7a754e11af8078c936599e60c1f5473437622c8dba445a22adf9535fbf531f58,displacement_mean_euclidean_error,evaluable,,180,0,0,True,MOCK DATA / NOT A SCIENTIFIC RESULT,displacement-report-draft-v1
MOCK_S30,MOCK_G15,4,speaking,left_brow,self,0.00580090983473611,0.00580090983473611,MOCK_S30_speaking_left_brow,3,900,7a754e11af8078c936599e60c1f5473437622c8dba445a22adf9535fbf531f58,displacement_mean_euclidean_error,evaluable,,180,0,0,True,MOCK DATA / NOT A SCIENTIFIC RESULT,displacement-report-draft-v1
MOCK_S30,MOCK_G15,4,speaking,left_brow,full,0.00435751639231254,0.00435751639231254,MOCK_S30_speaking_left_brow,3,900,7a754e11af8078c936599e60c1f5473437622c8dba445a22adf9535fbf531f58,displacement_mean_euclidean_error,evaluable,,180,90,720,True,MOCK DATA / NOT A SCIENTIFIC RESULT,displacement-report-draft-v1
MOCK_S30,MOCK_G15,4,speaking,left_brow,pcmci,0.005049224207965711,0.005049224207965711,MOCK_S30_speaking_left_brow,3,900,7a754e11af8078c936599e60c1f5473437622c8dba445a22adf9535fbf531f58,displacement_mean_euclidean_error,evaluable,,180,3,20,True,MOCK DATA / NOT A SCIENTIFIC RESULT,displacement-report-draft-v1
MOCK_S30,MOCK_G15,4,speaking,right_brow,persistence,0.006435280005194781,,MOCK_S30_speaking_right_brow,3,900,7a754e11af8078c936599e60c1f5473437622c8dba445a22adf9535fbf531f58,displacement_mean_euclidean_error,evaluable,,180,0,0,True,MOCK DATA / NOT A SCIENTIFIC RESULT,displacement-report-draft-v1
MOCK_S30,MOCK_G15,4,speaking,right_brow,self,0.006100909834736109,0.00610090983473611,MOCK_S30_speaking_right_brow,3,900,7a754e11af8078c936599e60c1f5473437622c8dba445a22adf9535fbf531f58,displacement_mean_euclidean_error,evaluable,,180,0,0,True,MOCK DATA / NOT A SCIENTIFIC RESULT,displacement-report-draft-v1
MOCK_S30,MOCK_G15,4,speaking,right_brow,full,0.005159800774871403,0.005159800774871403,MOCK_S30_speaking_right_brow,3,900,7a754e11af8078c936599e60c1f5473437622c8dba445a22adf9535fbf531f58,displacement_mean_euclidean_error,evaluable,,180,90,720,True,MOCK DATA / NOT A SCIENTIFIC RESULT,displacement-report-draft-v1
MOCK_S30,MOCK_G15,4,speaking,right_brow,pcmci,0.004819224391340059,0.004819224391340059,MOCK_S30_speaking_right_brow,3,900,7a754e11af8078c936599e60c1f5473437622c8dba445a22adf9535fbf531f58,displacement_mean_euclidean_error,evaluable,,180,3,20,True,MOCK DATA / NOT A SCIENTIFIC RESULT,displacement-report-draft-v1
MOCK_S30,MOCK_G15,4,speaking,left_eyelid,persistence,0.006519453660084661,,MOCK_S30_speaking_left_eyelid,4,900,7a754e11af8078c936599e60c1f5473437622c8dba445a22adf9535fbf531f58,displacement_mean_euclidean_error,evaluable,,240,0,0,True,MOCK DATA / NOT A SCIENTIFIC RESULT,displacement-report-draft-v1
MOCK_S30,MOCK_G15,4,speaking,left_eyelid,self,0.00640090983473611,0.00640090983473611,MOCK_S30_speaking_left_eyelid,4,900,7a754e11af8078c936599e60c1f5473437622c8dba445a22adf9535fbf531f58,displacement_mean_euclidean_error,evaluable,,240,0,0,True,MOCK DATA / NOT A SCIENTIFIC RESULT,displacement-report-draft-v1
MOCK_S30,MOCK_G15,4,speaking,left_eyelid,full,0.006321669023378037,0.006321669023378037,MOCK_S30_speaking_left_eyelid,4,900,7a754e11af8078c936599e60c1f5473437622c8dba445a22adf9535fbf531f58,displacement_mean_euclidean_error,evaluable,,240,90,690,True,MOCK DATA / NOT A SCIENTIFIC RESULT,displacement-report-draft-v1
MOCK_S30,MOCK_G15,4,speaking,left_eyelid,pcmci,0.005353872335858803,0.005353872335858803,MOCK_S30_speaking_left_eyelid,4,900,7a754e11af8078c936599e60c1f5473437622c8dba445a22adf9535fbf531f58,displacement_mean_euclidean_error,evaluable,,240,2,16,True,MOCK DATA / NOT A SCIENTIFIC RESULT,displacement-report-draft-v1
MOCK_S30,MOCK_G15,4,speaking,right_eyelid,persistence,0.006501731567823086,,MOCK_S30_speaking_right_eyelid,4,900,7a754e11af8078c936599e60c1f5473437622c8dba445a22adf9535fbf531f58,displacement_mean_euclidean_error,evaluable,,240,0,0,True,MOCK DATA / NOT A SCIENTIFIC RESULT,displacement-report-draft-v1
MOCK_S30,MOCK_G15,4,speaking,right_eyelid,self,0.006700909834736111,0.00670090983473611,MOCK_S30_speaking_right_eyelid,4,900,7a754e11af8078c936599e60c1f5473437622c8dba445a22adf9535fbf531f58,displacement_mean_euclidean_error,evaluable,,240,0,0,True,MOCK DATA / NOT A SCIENTIFIC RESULT,displacement-report-draft-v1
MOCK_S30,MOCK_G15,4,speaking,right_eyelid,full,0.0070507234448645125,0.007050723444864512,MOCK_S30_speaking_right_eyelid,4,900,7a754e11af8078c936599e60c1f5473437622c8dba445a22adf9535fbf531f58,displacement_mean_euclidean_error,evaluable,,240,90,690,True,MOCK DATA / NOT A SCIENTIFIC RESULT,displacement-report-draft-v1
MOCK_S30,MOCK_G15,4,speaking,right_eyelid,pcmci,0.006437433803465851,0.0064374338034658505,MOCK_S30_speaking_right_eyelid,4,900,7a754e11af8078c936599e60c1f5473437622c8dba445a22adf9535fbf531f58,displacement_mean_euclidean_error,evaluable,,240,3,24,True,MOCK DATA / NOT A SCIENTIFIC RESULT,displacement-report-draft-v1
MOCK_S30,MOCK_G15,4,speaking,left_cheek,persistence,0.006564749267853479,,MOCK_S30_speaking_left_cheek,2,900,7a754e11af8078c936599e60c1f5473437622c8dba445a22adf9535fbf531f58,displacement_mean_euclidean_error,evaluable,,120,0,0,True,MOCK DATA / NOT A SCIENTIFIC RESULT,displacement-report-draft-v1
MOCK_S30,MOCK_G15,4,speaking,left_cheek,self,0.007000909834736111,0.00700090983473611,MOCK_S30_speaking_left_cheek,2,900,7a754e11af8078c936599e60c1f5473437622c8dba445a22adf9535fbf531f58,displacement_mean_euclidean_error,evaluable,,120,0,0,True,MOCK DATA / NOT A SCIENTIFIC RESULT,displacement-report-draft-v1
MOCK_S30,MOCK_G15,4,speaking,left_cheek,full,0.006952493382902006,0.006952493382902005,MOCK_S30_speaking_left_cheek,2,900,7a754e11af8078c936599e60c1f5473437622c8dba445a22adf9535fbf531f58,displacement_mean_euclidean_error,evaluable,,120,90,750,True,MOCK DATA / NOT A SCIENTIFIC RESULT,displacement-report-draft-v1
MOCK_S30,MOCK_G15,4,speaking,left_cheek,pcmci,0.007349505994422127,0.007349505994422127,MOCK_S30_speaking_left_cheek,2,900,7a754e11af8078c936599e60c1f5473437622c8dba445a22adf9535fbf531f58,displacement_mean_euclidean_error,evaluable,,120,1,6,True,MOCK DATA / NOT A SCIENTIFIC RESULT,displacement-report-draft-v1
MOCK_S30,MOCK_G15,4,speaking,right_cheek,persistence,,,MOCK_S30_speaking_right_cheek,2,0,7a754e11af8078c936599e60c1f5473437622c8dba445a22adf9535fbf531f58,displacement_mean_euclidean_error,unevaluable,mock_train_region_unavailable,120,0,0,True,MOCK DATA / NOT A SCIENTIFIC RESULT,displacement-report-draft-v1
MOCK_S30,MOCK_G15,4,speaking,right_cheek,self,,0.00730090983473611,MOCK_S30_speaking_right_cheek,2,0,7a754e11af8078c936599e60c1f5473437622c8dba445a22adf9535fbf531f58,displacement_mean_euclidean_error,unevaluable,mock_train_region_unavailable,120,0,0,True,MOCK DATA / NOT A SCIENTIFIC RESULT,displacement-report-draft-v1
MOCK_S30,MOCK_G15,4,speaking,right_cheek,full,,0.00639310971992682,MOCK_S30_speaking_right_cheek,2,0,7a754e11af8078c936599e60c1f5473437622c8dba445a22adf9535fbf531f58,displacement_mean_euclidean_error,unevaluable,mock_train_region_unavailable,120,0,0,True,MOCK DATA / NOT A SCIENTIFIC RESULT,displacement-report-draft-v1
MOCK_S30,MOCK_G15,4,speaking,right_cheek,pcmci,,0.00730090983473611,MOCK_S30_speaking_right_cheek,2,0,7a754e11af8078c936599e60c1f5473437622c8dba445a22adf9535fbf531f58,displacement_mean_euclidean_error,unevaluable,mock_train_region_unavailable,120,0,0,True,MOCK DATA / NOT A SCIENTIFIC RESULT,displacement-report-draft-v1
MOCK_S30,MOCK_G15,4,speaking,mouth,persistence,0.0067379013957997655,,MOCK_S30_speaking_mouth,8,900,7a754e11af8078c936599e60c1f5473437622c8dba445a22adf9535fbf531f58,displacement_mean_euclidean_error,evaluable,,480,0,0,True,MOCK DATA / NOT A SCIENTIFIC RESULT,displacement-report-draft-v1
MOCK_S30,MOCK_G15,4,speaking,mouth,self,0.007600909834736109,0.0076009098347361095,MOCK_S30_speaking_mouth,8,900,7a754e11af8078c936599e60c1f5473437622c8dba445a22adf9535fbf531f58,displacement_mean_euclidean_error,evaluable,,480,0,0,True,MOCK DATA / NOT A SCIENTIFIC RESULT,displacement-report-draft-v1
MOCK_S30,MOCK_G15,4,speaking,mouth,full,0.006162685832427525,0.0061626858324275256,MOCK_S30_speaking_mouth,8,900,7a754e11af8078c936599e60c1f5473437622c8dba445a22adf9535fbf531f58,displacement_mean_euclidean_error,evaluable,,480,90,570,True,MOCK DATA / NOT A SCIENTIFIC RESULT,displacement-report-draft-v1
MOCK_S30,MOCK_G15,4,speaking,mouth,pcmci,0.00708328080254935,0.007083280802549351,MOCK_S30_speaking_mouth,8,900,7a754e11af8078c936599e60c1f5473437622c8dba445a22adf9535fbf531f58,displacement_mean_euclidean_error,evaluable,,480,3,18,True,MOCK DATA / NOT A SCIENTIFIC RESULT,displacement-report-draft-v1
MOCK_S30,MOCK_G15,4,speaking,jaw,persistence,0.006924202462414085,,MOCK_S30_speaking_jaw,3,900,7a754e11af8078c936599e60c1f5473437622c8dba445a22adf9535fbf531f58,displacement_mean_euclidean_error,evaluable,,180,0,0,True,MOCK DATA / NOT A SCIENTIFIC RESULT,displacement-report-draft-v1
MOCK_S30,MOCK_G15,4,speaking,jaw,self,0.00790090983473611,0.00790090983473611,MOCK_S30_speaking_jaw,3,900,7a754e11af8078c936599e60c1f5473437622c8dba445a22adf9535fbf531f58,displacement_mean_euclidean_error,evaluable,,180,0,0,True,MOCK DATA / NOT A SCIENTIFIC RESULT,displacement-report-draft-v1
MOCK_S30,MOCK_G15,4,speaking,jaw,full,0.006748890996395886,0.006748890996395887,MOCK_S30_speaking_jaw,3,900,7a754e11af8078c936599e60c1f5473437622c8dba445a22adf9535fbf531f58,displacement_mean_euclidean_error,evaluable,,180,90,720,True,MOCK DATA / NOT A SCIENTIFIC RESULT,displacement-report-draft-v1
MOCK_S30,MOCK_G15,4,speaking,jaw,pcmci,0.006701386866325983,0.006701386866325984,MOCK_S30_speaking_jaw,3,900,7a754e11af8078c936599e60c1f5473437622c8dba445a22adf9535fbf531f58,displacement_mean_euclidean_error,evaluable,,180,3,20,True,MOCK DATA / NOT A SCIENTIFIC RESULT,displacement-report-draft-v1
MOCK_S30,MOCK_G15,4,non_speaking,left_brow,persistence,0.006296390681656935,,MOCK_S30_non_speaking_left_brow,3,900,41ecfa49b9b5a070787055228827054d259ac9409a6ebb9ee1ec451ea4c60eac,displacement_mean_euclidean_error,evaluable,,180,0,0,True,MOCK DATA / NOT A SCIENTIFIC RESULT,displacement-report-draft-v1
MOCK_S30,MOCK_G15,4,non_speaking,left_brow,self,0.006200909834736109,0.00620090983473611,MOCK_S30_non_speaking_left_brow,3,900,41ecfa49b9b5a070787055228827054d259ac9409a6ebb9ee1ec451ea4c60eac,displacement_mean_euclidean_error,evaluable,,180,0,0,True,MOCK DATA / NOT A SCIENTIFIC RESULT,displacement-report-draft-v1
MOCK_S30,MOCK_G15,4,non_speaking,left_brow,full,0.004757516392312539,0.00475751639231254,MOCK_S30_non_speaking_left_brow,3,900,41ecfa49b9b5a070787055228827054d259ac9409a6ebb9ee1ec451ea4c60eac,displacement_mean_euclidean_error,evaluable,,180,90,720,True,MOCK DATA / NOT A SCIENTIFIC RESULT,displacement-report-draft-v1
MOCK_S30,MOCK_G15,4,non_speaking,left_brow,pcmci,0.004919224391340058,0.004919224391340059,MOCK_S30_non_speaking_left_brow,3,900,41ecfa49b9b5a070787055228827054d259ac9409a6ebb9ee1ec451ea4c60eac,displacement_mean_euclidean_error,evaluable,,180,3,20,True,MOCK DATA / NOT A SCIENTIFIC RESULT,displacement-report-draft-v1
MOCK_S30,MOCK_G15,4,non_speaking,right_brow,persistence,0.00650403706106017,,MOCK_S30_non_speaking_right_brow,3,900,41ecfa49b9b5a070787055228827054d259ac9409a6ebb9ee1ec451ea4c60eac,displacement_mean_euclidean_error,evaluable,,180,0,0,True,MOCK DATA / NOT A SCIENTIFIC RESULT,displacement-report-draft-v1
MOCK_S30,MOCK_G15,4,non_speaking,right_brow,self,0.00650090983473611,0.00650090983473611,MOCK_S30_non_speaking_right_brow,3,900,41ecfa49b9b5a070787055228827054d259ac9409a6ebb9ee1ec451ea4c60eac,displacement_mean_euclidean_error,evaluable,,180,0,0,True,MOCK DATA / NOT A SCIENTIFIC RESULT,displacement-report-draft-v1
MOCK_S30,MOCK_G15,4,non_speaking,right_brow,full,0.005559800774871403,0.005559800774871403,MOCK_S30_non_speaking_right_brow,3,900,41ecfa49b9b5a070787055228827054d259ac9409a6ebb9ee1ec451ea4c60eac,displacement_mean_euclidean_error,evaluable,,180,90,720,True,MOCK DATA / NOT A SCIENTIFIC RESULT,displacement-report-draft-v1
MOCK_S30,MOCK_G15,4,non_speaking,right_brow,pcmci,0.005453872335858804,0.005453872335858804,MOCK_S30_non_speaking_right_brow,3,900,41ecfa49b9b5a070787055228827054d259ac9409a6ebb9ee1ec451ea4c60eac,displacement_mean_euclidean_error,evaluable,,180,3,20,True,MOCK DATA / NOT A SCIENTIFIC RESULT,displacement-report-draft-v1
MOCK_S30,MOCK_G15,4,non_speaking,left_eyelid,persistence,0.006503723302645196,,MOCK_S30_non_speaking_left_eyelid,4,900,41ecfa49b9b5a070787055228827054d259ac9409a6ebb9ee1ec451ea4c60eac,displacement_mean_euclidean_error,evaluable,,240,0,0,True,MOCK DATA / NOT A SCIENTIFIC RESULT,displacement-report-draft-v1
MOCK_S30,MOCK_G15,4,non_speaking,left_eyelid,self,0.006800909834736112,0.00680090983473611,MOCK_S30_non_speaking_left_eyelid,4,900,41ecfa49b9b5a070787055228827054d259ac9409a6ebb9ee1ec451ea4c60eac,displacement_mean_euclidean_error,evaluable,,240,0,0,True,MOCK DATA / NOT A SCIENTIFIC RESULT,displacement-report-draft-v1
MOCK_S30,MOCK_G15,4,non_speaking,left_eyelid,full,0.006721669023378037,0.006721669023378037,MOCK_S30_non_speaking_left_eyelid,4,900,41ecfa49b9b5a070787055228827054d259ac9409a6ebb9ee1ec451ea4c60eac,displacement_mean_euclidean_error,evaluable,,240,90,690,True,MOCK DATA / NOT A SCIENTIFIC RESULT,displacement-report-draft-v1
MOCK_S30,MOCK_G15,4,non_speaking,left_eyelid,pcmci,0.006537433803465852,0.006537433803465851,MOCK_S30_non_speaking_left_eyelid,4,900,41ecfa49b9b5a070787055228827054d259ac9409a6ebb9ee1ec451ea4c60eac,displacement_mean_euclidean_error,evaluable,,240,2,16,True,MOCK DATA / NOT A SCIENTIFIC RESULT,displacement-report-draft-v1
MOCK_S30,MOCK_G15,4,non_speaking,right_eyelid,persistence,0.006621719785604302,,MOCK_S30_non_speaking_right_eyelid,4,900,41ecfa49b9b5a070787055228827054d259ac9409a6ebb9ee1ec451ea4c60eac,displacement_mean_euclidean_error,evaluable,,240,0,0,True,MOCK DATA / NOT A SCIENTIFIC RESULT,displacement-report-draft-v1
MOCK_S30,MOCK_G15,4,non_speaking,right_eyelid,self,0.007100909834736111,0.00710090983473611,MOCK_S30_non_speaking_right_eyelid,4,900,41ecfa49b9b5a070787055228827054d259ac9409a6ebb9ee1ec451ea4c60eac,displacement_mean_euclidean_error,evaluable,,240,0,0,True,MOCK DATA / NOT A SCIENTIFIC RESULT,displacement-report-draft-v1
MOCK_S30,MOCK_G15,4,non_speaking,right_eyelid,full,0.007450723444864513,0.007450723444864512,MOCK_S30_non_speaking_right_eyelid,4,900,41ecfa49b9b5a070787055228827054d259ac9409a6ebb9ee1ec451ea4c60eac,displacement_mean_euclidean_error,evaluable,,240,90,690,True,MOCK DATA / NOT A SCIENTIFIC RESULT,displacement-report-draft-v1
MOCK_S30,MOCK_G15,4,non_speaking,right_eyelid,pcmci,0.0074495059944221275,0.0074495059944221275,MOCK_S30_non_speaking_right_eyelid,4,900,41ecfa49b9b5a070787055228827054d259ac9409a6ebb9ee1ec451ea4c60eac,displacement_mean_euclidean_error,evaluable,,240,3,24,True,MOCK DATA / NOT A SCIENTIFIC RESULT,displacement-report-draft-v1
MOCK_S30,MOCK_G15,4,non_speaking,left_cheek,persistence,0.006582205183129864,,MOCK_S30_non_speaking_left_cheek,2,900,41ecfa49b9b5a070787055228827054d259ac9409a6ebb9ee1ec451ea4c60eac,displacement_mean_euclidean_error,evaluable,,120,0,0,True,MOCK DATA / NOT A SCIENTIFIC RESULT,displacement-report-draft-v1
MOCK_S30,MOCK_G15,4,non_speaking,left_cheek,self,0.007400909834736109,0.00740090983473611,MOCK_S30_non_speaking_left_cheek,2,900,41ecfa49b9b5a070787055228827054d259ac9409a6ebb9ee1ec451ea4c60eac,displacement_mean_euclidean_error,evaluable,,120,0,0,True,MOCK DATA / NOT A SCIENTIFIC RESULT,displacement-report-draft-v1
MOCK_S30,MOCK_G15,4,non_speaking,left_cheek,full,0.007352493382902004,0.007352493382902005,MOCK_S30_non_speaking_left_cheek,2,900,41ecfa49b9b5a070787055228827054d259ac9409a6ebb9ee1ec451ea4c60eac,displacement_mean_euclidean_error,evaluable,,120,90,750,True,MOCK DATA / NOT A SCIENTIFIC RESULT,displacement-report-draft-v1
MOCK_S30,MOCK_G15,4,non_speaking,left_cheek,pcmci,0.007627352559077961,0.007627352559077962,MOCK_S30_non_speaking_left_cheek,2,900,41ecfa49b9b5a070787055228827054d259ac9409a6ebb9ee1ec451ea4c60eac,displacement_mean_euclidean_error,evaluable,,120,1,6,True,MOCK DATA / NOT A SCIENTIFIC RESULT,displacement-report-draft-v1
MOCK_S30,MOCK_G15,4,non_speaking,right_cheek,persistence,,,MOCK_S30_non_speaking_right_cheek,2,0,41ecfa49b9b5a070787055228827054d259ac9409a6ebb9ee1ec451ea4c60eac,displacement_mean_euclidean_error,unevaluable,mock_train_region_unavailable,120,0,0,True,MOCK DATA / NOT A SCIENTIFIC RESULT,displacement-report-draft-v1
MOCK_S30,MOCK_G15,4,non_speaking,right_cheek,self,,0.007700909834736109,MOCK_S30_non_speaking_right_cheek,2,0,41ecfa49b9b5a070787055228827054d259ac9409a6ebb9ee1ec451ea4c60eac,displacement_mean_euclidean_error,unevaluable,mock_train_region_unavailable,120,0,0,True,MOCK DATA / NOT A SCIENTIFIC RESULT,displacement-report-draft-v1
MOCK_S30,MOCK_G15,4,non_speaking,right_cheek,full,,0.006793109719926819,MOCK_S30_non_speaking_right_cheek,2,0,41ecfa49b9b5a070787055228827054d259ac9409a6ebb9ee1ec451ea4c60eac,displacement_mean_euclidean_error,unevaluable,mock_train_region_unavailable,120,0,0,True,MOCK DATA / NOT A SCIENTIFIC RESULT,displacement-report-draft-v1
MOCK_S30,MOCK_G15,4,non_speaking,right_cheek,pcmci,,0.007700909834736109,MOCK_S30_non_speaking_right_cheek,2,0,41ecfa49b9b5a070787055228827054d259ac9409a6ebb9ee1ec451ea4c60eac,displacement_mean_euclidean_error,unevaluable,mock_train_region_unavailable,120,0,0,True,MOCK DATA / NOT A SCIENTIFIC RESULT,displacement-report-draft-v1
MOCK_S30,MOCK_G15,4,non_speaking,mouth,persistence,0.006609463859368463,,MOCK_S30_non_speaking_mouth,8,900,41ecfa49b9b5a070787055228827054d259ac9409a6ebb9ee1ec451ea4c60eac,displacement_mean_euclidean_error,evaluable,,480,0,0,True,MOCK DATA / NOT A SCIENTIFIC RESULT,displacement-report-draft-v1
MOCK_S30,MOCK_G15,4,non_speaking,mouth,self,0.008000909834736109,0.008000909834736109,MOCK_S30_non_speaking_mouth,8,900,41ecfa49b9b5a070787055228827054d259ac9409a6ebb9ee1ec451ea4c60eac,displacement_mean_euclidean_error,evaluable,,480,0,0,True,MOCK DATA / NOT A SCIENTIFIC RESULT,displacement-report-draft-v1
MOCK_S30,MOCK_G15,4,non_speaking,mouth,full,0.006562685832427524,0.006562685832427525,MOCK_S30_non_speaking_mouth,8,900,41ecfa49b9b5a070787055228827054d259ac9409a6ebb9ee1ec451ea4c60eac,displacement_mean_euclidean_error,evaluable,,480,90,570,True,MOCK DATA / NOT A SCIENTIFIC RESULT,displacement-report-draft-v1
MOCK_S30,MOCK_G15,4,non_speaking,mouth,pcmci,0.006801386866325984,0.006801386866325984,MOCK_S30_non_speaking_mouth,8,900,41ecfa49b9b5a070787055228827054d259ac9409a6ebb9ee1ec451ea4c60eac,displacement_mean_euclidean_error,evaluable,,480,3,18,True,MOCK DATA / NOT A SCIENTIFIC RESULT,displacement-report-draft-v1
MOCK_S30,MOCK_G15,4,non_speaking,jaw,persistence,0.006743132328767983,,MOCK_S30_non_speaking_jaw,3,900,41ecfa49b9b5a070787055228827054d259ac9409a6ebb9ee1ec451ea4c60eac,displacement_mean_euclidean_error,evaluable,,180,0,0,True,MOCK DATA / NOT A SCIENTIFIC RESULT,displacement-report-draft-v1
MOCK_S30,MOCK_G15,4,non_speaking,jaw,self,0.008300909834736109,0.008300909834736109,MOCK_S30_non_speaking_jaw,3,900,41ecfa49b9b5a070787055228827054d259ac9409a6ebb9ee1ec451ea4c60eac,displacement_mean_euclidean_error,evaluable,,180,0,0,True,MOCK DATA / NOT A SCIENTIFIC RESULT,displacement-report-draft-v1
MOCK_S30,MOCK_G15,4,non_speaking,jaw,full,0.007148890996395886,0.0071488909963958866,MOCK_S30_non_speaking_jaw,3,900,41ecfa49b9b5a070787055228827054d259ac9409a6ebb9ee1ec451ea4c60eac,displacement_mean_euclidean_error,evaluable,,180,90,720,True,MOCK DATA / NOT A SCIENTIFIC RESULT,displacement-report-draft-v1
MOCK_S30,MOCK_G15,4,non_speaking,jaw,pcmci,0.00710860089065662,0.00710860089065662,MOCK_S30_non_speaking_jaw,3,900,41ecfa49b9b5a070787055228827054d259ac9409a6ebb9ee1ec451ea4c60eac,displacement_mean_euclidean_error,evaluable,,180,3,20,True,MOCK DATA / NOT A SCIENTIFIC RESULT,displacement-report-draft-v1
